0
SECTION
2
HEADER
9
$ACADVER
1
AC1009
9
$DWGCODEPAGE
3
ANSI_1252
0
ENDSEC
0
SECTION
2
TABLES
0
TABLE
2
LTYPE
70
6
0
LTYPE
2
CONTINUOUS
70
0
3
Solid
72
65
73
0
40
0.0
0
LTYPE
2
DASHED
70
0
3
Dashed
72
65
73
2
40
0.75
49
0.5
74
0
49
-0.25
74
0
0
LTYPE
2
DASHED2
70
0
3
Dashed (.5x)
72
65
73
2
40
0.375
49
0.25
74
0
49
-0.125
74
0
0
LTYPE
2
HIDDEN
70
0
3
Hidden
72
65
73
2
40
0.375
49
0.25
74
0
49
-0.125
74
0
0
LTYPE
2
CENTER
70
0
3
Center
72
65
73
4
40
2.0
49
1.25
74
0
49
-0.25
74
0
49
0.25
74
0
49
-0.25
74
0
0
LTYPE
2
PHANTOM
70
0
3
Phantom
72
65
73
6
40
2.5
49
1.25
74
0
49
-0.25
74
0
49
0.25
74
0
49
-0.25
74
0
49
0.25
74
0
49
-0.25
74
0
0
ENDTAB
0
TABLE
2
LAYER
70
7
0
LAYER
2
0
70
0
62
7
6
CONTINUOUS
0
LAYER
2
LOT-BOUNDARY
70
0
62
4
6
CONTINUOUS
0
LAYER
2
LOT-CURVE
70
0
62
6
6
CONTINUOUS
0
LAYER
2
LOT-TEXT
70
0
62
2
6
CONTINUOUS
0
LAYER
2
LOT-DIM
70
0
62
7
6
CONTINUOUS
0
LAYER
2
BLOCK-TITLE
70
0
62
2
6
CONTINUOUS
0
LAYER
2
BLOCK-BORDER
70
0
62
8
6
DASHED
0
ENDTAB
0
TABLE
2
STYLE
70
4
0
STYLE
2
STANDARD
70
0
40
0.0
41
1.0
50
0.0
71
0
42
0.2
3
Arial
4

0
STYLE
2
ARIAL
70
0
40
0.0
41
1.0
50
0.0
71
0
42
0.2
3
Arial
4

0
STYLE
2
ARIAL_TTF
70
0
40
0.0
41
1.0
50
0.0
71
0
42
0.2
3
arial.ttf
4

0
STYLE
2
SIMPLEX
70
0
40
0.0
41
1.0
50
0.0
71
0
42
0.2
3
simplex.shx
4

0
ENDTAB
0
ENDSEC
0
SECTION
2
ENTITIES
0
TEXT
8
BLOCK-TITLE
7
STANDARD
10
0.0000
20
30.0000
30
0.0
40
8.0
1
BLOCK_18 (19 LOTS)
50
0.0
0
LINE
8
BLOCK-BORDER
10
-15.0000
20
-114.9117
30
0.0
11
-15.0000
21
107.8142
31
0.0
0
LINE
8
BLOCK-BORDER
10
-15.0000
20
107.8142
30
0.0
11
1509.7244
21
107.8142
31
0.0
0
LINE
8
BLOCK-BORDER
10
1509.7244
20
107.8142
30
0.0
11
1509.7244
21
-114.9117
31
0.0
0
LINE
8
BLOCK-BORDER
10
1509.7244
20
-114.9117
30
0.0
11
-15.0000
21
-114.9117
31
0.0
0
LINE
8
LOT-BOUNDARY
10
0.0000
20
0.0000
30
0.0
11
103.4086
21
4.3492
31
0.0
0
LINE
8
LOT-BOUNDARY
10
103.4086
20
4.3492
30
0.0
11
107.6107
21
-95.5625
31
0.0
0
LINE
8
LOT-BOUNDARY
10
107.6107
20
-95.5625
30
0.0
11
4.2021
21
-99.9117
31
0.0
0
LINE
8
LOT-BOUNDARY
10
4.2021
20
-99.9117
30
0.0
11
0.0000
21
0.0000
31
0.0
0
TEXT
8
LOT-TEXT
7
STANDARD
10
38.8053
20
-47.7813
30
0.0
40
4.5
1
L1
50
0.0
0
TEXT
8
LOT-TEXT
7
STANDARD
10
38.8053
20
-55.7813
30
0.0
40
3.0
1
10,350sf
50
0.0
0
LINE
8
LOT-BOUNDARY
10
103.4086
20
4.3492
30
0.0
11
178.3423
21
7.5007
31
0.0
0
LINE
8
LOT-BOUNDARY
10
178.3423
20
7.5007
30
0.0
11
182.5444
21
-92.4109
31
0.0
0
LINE
8
LOT-BOUNDARY
10
182.5444
20
-92.4109
30
0.0
11
107.6107
21
-95.5625
31
0.0
0
LINE
8
LOT-BOUNDARY
10
107.6107
20
-95.5625
30
0.0
11
103.4086
21
4.3492
31
0.0
0
TEXT
8
LOT-TEXT
7
STANDARD
10
127.9765
20
-44.0309
30
0.0
40
4.5
1
L2
50
0.0
0
TEXT
8
LOT-TEXT
7
STANDARD
10
127.9765
20
-52.0309
30
0.0
40
3.0
1
7,500sf
50
0.0
0
LINE
8
LOT-BOUNDARY
10
178.3423
20
7.5007
30
0.0
11
253.2761
21
10.6523
31
0.0
0
LINE
8
LOT-BOUNDARY
10
253.2761
20
10.6523
30
0.0
11
257.4782
21
-89.2594
31
0.0
0
LINE
8
LOT-BOUNDARY
10
257.4782
20
-89.2594
30
0.0
11
182.5444
21
-92.4109
31
0.0
0
LINE
8
LOT-BOUNDARY
10
182.5444
20
-92.4109
30
0.0
11
178.3423
21
7.5007
31
0.0
0
TEXT
8
LOT-TEXT
7
STANDARD
10
202.9103
20
-40.8793
30
0.0
40
4.5
1
L3
50
0.0
0
TEXT
8
LOT-TEXT
7
STANDARD
10
202.9103
20
-48.8793
30
0.0
40
3.0
1
7,500sf
50
0.0
0
LINE
8
LOT-BOUNDARY
10
253.2761
20
10.6523
30
0.0
11
328.2098
21
13.8039
31
0.0
0
LINE
8
LOT-BOUNDARY
10
328.2098
20
13.8039
30
0.0
11
332.4119
21
-86.1078
31
0.0
0
LINE
8
LOT-BOUNDARY
10
332.4119
20
-86.1078
30
0.0
11
257.4782
21
-89.2594
31
0.0
0
LINE
8
LOT-BOUNDARY
10
257.4782
20
-89.2594
30
0.0
11
253.2761
21
10.6523
31
0.0
0
TEXT
8
LOT-TEXT
7
STANDARD
10
277.8440
20
-37.7277
30
0.0
40
4.5
1
L4
50
0.0
0
TEXT
8
LOT-TEXT
7
STANDARD
10
277.8440
20
-45.7277
30
0.0
40
3.0
1
7,500sf
50
0.0
0
LINE
8
LOT-BOUNDARY
10
328.2098
20
13.8039
30
0.0
11
403.1436
21
16.9555
31
0.0
0
LINE
8
LOT-BOUNDARY
10
403.1436
20
16.9555
30
0.0
11
407.3457
21
-82.9562
31
0.0
0
LINE
8
LOT-BOUNDARY
10
407.3457
20
-82.9562
30
0.0
11
332.4119
21
-86.1078
31
0.0
0
LINE
8
LOT-BOUNDARY
10
332.4119
20
-86.1078
30
0.0
11
328.2098
21
13.8039
31
0.0
0
TEXT
8
LOT-TEXT
7
STANDARD
10
352.7778
20
-34.5762
30
0.0
40
4.5
1
L5
50
0.0
0
TEXT
8
LOT-TEXT
7
STANDARD
10
352.7778
20
-42.5762
30
0.0
40
3.0
1
7,500sf
50
0.0
0
LINE
8
LOT-BOUNDARY
10
403.1436
20
16.9555
30
0.0
11
478.0774
21
20.1070
31
0.0
0
LINE
8
LOT-BOUNDARY
10
478.0774
20
20.1070
30
0.0
11
482.2795
21
-79.8046
31
0.0
0
LINE
8
LOT-BOUNDARY
10
482.2795
20
-79.8046
30
0.0
11
407.3457
21
-82.9562
31
0.0
0
LINE
8
LOT-BOUNDARY
10
407.3457
20
-82.9562
30
0.0
11
403.1436
21
16.9555
31
0.0
0
TEXT
8
LOT-TEXT
7
STANDARD
10
427.7115
20
-31.4246
30
0.0
40
4.5
1
L6
50
0.0
0
TEXT
8
LOT-TEXT
7
STANDARD
10
427.7115
20
-39.4246
30
0.0
40
3.0
1
7,500sf
50
0.0
0
LINE
8
LOT-BOUNDARY
10
478.0774
20
20.1070
30
0.0
11
553.0111
21
23.2586
31
0.0
0
LINE
8
LOT-BOUNDARY
10
553.0111
20
23.2586
30
0.0
11
557.2132
21
-76.6531
31
0.0
0
LINE
8
LOT-BOUNDARY
10
557.2132
20
-76.6531
30
0.0
11
482.2795
21
-79.8046
31
0.0
0
LINE
8
LOT-BOUNDARY
10
482.2795
20
-79.8046
30
0.0
11
478.0774
21
20.1070
31
0.0
0
TEXT
8
LOT-TEXT
7
STANDARD
10
502.6453
20
-28.2730
30
0.0
40
4.5
1
L7
50
0.0
0
TEXT
8
LOT-TEXT
7
STANDARD
10
502.6453
20
-36.2730
30
0.0
40
3.0
1
7,500sf
50
0.0
0
LINE
8
LOT-BOUNDARY
10
553.0111
20
23.2586
30
0.0
11
627.9449
21
26.4102
31
0.0
0
LINE
8
LOT-BOUNDARY
10
627.9449
20
26.4102
30
0.0
11
632.1470
21
-73.5015
31
0.0
0
LINE
8
LOT-BOUNDARY
10
632.1470
20
-73.5015
30
0.0
11
557.2132
21
-76.6531
31
0.0
0
LINE
8
LOT-BOUNDARY
10
557.2132
20
-76.6531
30
0.0
11
553.0111
21
23.2586
31
0.0
0
TEXT
8
LOT-TEXT
7
STANDARD
10
577.5790
20
-25.1214
30
0.0
40
4.5
1
L8
50
0.0
0
TEXT
8
LOT-TEXT
7
STANDARD
10
577.5790
20
-33.1214
30
0.0
40
3.0
1
7,500sf
50
0.0
0
LINE
8
LOT-BOUNDARY
10
627.9449
20
26.4102
30
0.0
11
702.8786
21
29.5618
31
0.0
0
LINE
8
LOT-BOUNDARY
10
702.8786
20
29.5618
30
0.0
11
707.0807
21
-70.3499
31
0.0
0
LINE
8
LOT-BOUNDARY
10
707.0807
20
-70.3499
30
0.0
11
632.1470
21
-73.5015
31
0.0
0
LINE
8
LOT-BOUNDARY
10
632.1470
20
-73.5015
30
0.0
11
627.9449
21
26.4102
31
0.0
0
TEXT
8
LOT-TEXT
7
STANDARD
10
652.5128
20
-21.9699
30
0.0
40
4.5
1
L9
50
0.0
0
TEXT
8
LOT-TEXT
7
STANDARD
10
652.5128
20
-29.9699
30
0.0
40
3.0
1
7,500sf
50
0.0
0
LINE
8
LOT-BOUNDARY
10
702.8786
20
29.5618
30
0.0
11
777.8124
21
32.7133
31
0.0
0
LINE
8
LOT-BOUNDARY
10
777.8124
20
32.7133
30
0.0
11
782.0145
21
-67.1983
31
0.0
0
LINE
8
LOT-BOUNDARY
10
782.0145
20
-67.1983
30
0.0
11
707.0807
21
-70.3499
31
0.0
0
LINE
8
LOT-BOUNDARY
10
707.0807
20
-70.3499
30
0.0
11
702.8786
21
29.5618
31
0.0
0
TEXT
8
LOT-TEXT
7
STANDARD
10
727.4465
20
-18.8183
30
0.0
40
4.5
1
L10
50
0.0
0
TEXT
8
LOT-TEXT
7
STANDARD
10
727.4465
20
-26.8183
30
0.0
40
3.0
1
7,500sf
50
0.0
0
LINE
8
LOT-BOUNDARY
10
777.8124
20
32.7133
30
0.0
11
852.7461
21
35.8649
31
0.0
0
LINE
8
LOT-BOUNDARY
10
852.7461
20
35.8649
30
0.0
11
856.9482
21
-64.0468
31
0.0
0
LINE
8
LOT-BOUNDARY
10
856.9482
20
-64.0468
30
0.0
11
782.0145
21
-67.1983
31
0.0
0
LINE
8
LOT-BOUNDARY
10
782.0145
20
-67.1983
30
0.0
11
777.8124
21
32.7133
31
0.0
0
TEXT
8
LOT-TEXT
7
STANDARD
10
802.3803
20
-15.6667
30
0.0
40
4.5
1
L11
50
0.0
0
TEXT
8
LOT-TEXT
7
STANDARD
10
802.3803
20
-23.6667
30
0.0
40
3.0
1
7,500sf
50
0.0
0
LINE
8
LOT-BOUNDARY
10
852.7461
20
35.8649
30
0.0
11
927.6799
21
39.0165
31
0.0
0
LINE
8
LOT-BOUNDARY
10
927.6799
20
39.0165
30
0.0
11
931.8820
21
-60.8952
31
0.0
0
LINE
8
LOT-BOUNDARY
10
931.8820
20
-60.8952
30
0.0
11
856.9482
21
-64.0468
31
0.0
0
LINE
8
LOT-BOUNDARY
10
856.9482
20
-64.0468
30
0.0
11
852.7461
21
35.8649
31
0.0
0
TEXT
8
LOT-TEXT
7
STANDARD
10
877.3141
20
-12.5152
30
0.0
40
4.5
1
L12
50
0.0
0
TEXT
8
LOT-TEXT
7
STANDARD
10
877.3141
20
-20.5152
30
0.0
40
3.0
1
7,500sf
50
0.0
0
LINE
8
LOT-BOUNDARY
10
927.6799
20
39.0165
30
0.0
11
1002.6136
21
42.1680
31
0.0
0
LINE
8
LOT-BOUNDARY
10
1002.6136
20
42.1680
30
0.0
11
1006.8157
21
-57.7436
31
0.0
0
LINE
8
LOT-BOUNDARY
10
1006.8157
20
-57.7436
30
0.0
11
931.8820
21
-60.8952
31
0.0
0
LINE
8
LOT-BOUNDARY
10
931.8820
20
-60.8952
30
0.0
11
927.6799
21
39.0165
31
0.0
0
TEXT
8
LOT-TEXT
7
STANDARD
10
952.2478
20
-9.3636
30
0.0
40
4.5
1
L13
50
0.0
0
TEXT
8
LOT-TEXT
7
STANDARD
10
952.2478
20
-17.3636
30
0.0
40
3.0
1
7,500sf
50
0.0
0
LINE
8
LOT-BOUNDARY
10
1002.6136
20
42.1680
30
0.0
11
1077.5474
21
45.3196
31
0.0
0
LINE
8
LOT-BOUNDARY
10
1077.5474
20
45.3196
30
0.0
11
1081.7495
21
-54.5921
31
0.0
0
LINE
8
LOT-BOUNDARY
10
1081.7495
20
-54.5921
30
0.0
11
1006.8157
21
-57.7436
31
0.0
0
LINE
8
LOT-BOUNDARY
10
1006.8157
20
-57.7436
30
0.0
11
1002.6136
21
42.1680
31
0.0
0
TEXT
8
LOT-TEXT
7
STANDARD
10
1027.1816
20
-6.2120
30
0.0
40
4.5
1
L14
50
0.0
0
TEXT
8
LOT-TEXT
7
STANDARD
10
1027.1816
20
-14.2120
30
0.0
40
3.0
1
7,500sf
50
0.0
0
LINE
8
LOT-BOUNDARY
10
1077.5474
20
45.3196
30
0.0
11
1152.4811
21
48.4712
31
0.0
0
LINE
8
LOT-BOUNDARY
10
1152.4811
20
48.4712
30
0.0
11
1156.6832
21
-51.4405
31
0.0
0
LINE
8
LOT-BOUNDARY
10
1156.6832
20
-51.4405
30
0.0
11
1081.7495
21
-54.5921
31
0.0
0
LINE
8
LOT-BOUNDARY
10
1081.7495
20
-54.5921
30
0.0
11
1077.5474
21
45.3196
31
0.0
0
TEXT
8
LOT-TEXT
7
STANDARD
10
1102.1153
20
-3.0604
30
0.0
40
4.5
1
L15
50
0.0
0
TEXT
8
LOT-TEXT
7
STANDARD
10
1102.1153
20
-11.0604
30
0.0
40
3.0
1
7,500sf
50
0.0
0
LINE
8
LOT-BOUNDARY
10
1152.4811
20
48.4712
30
0.0
11
1227.4149
21
51.6228
31
0.0
0
LINE
8
LOT-BOUNDARY
10
1227.4149
20
51.6228
30
0.0
11
1231.6170
21
-48.2889
31
0.0
0
LINE
8
LOT-BOUNDARY
10
1231.6170
20
-48.2889
30
0.0
11
1156.6832
21
-51.4405
31
0.0
0
LINE
8
LOT-BOUNDARY
10
1156.6832
20
-51.4405
30
0.0
11
1152.4811
21
48.4712
31
0.0
0
TEXT
8
LOT-TEXT
7
STANDARD
10
1177.0491
20
0.0911
30
0.0
40
4.5
1
L16
50
0.0
0
TEXT
8
LOT-TEXT
7
STANDARD
10
1177.0491
20
-7.9089
30
0.0
40
3.0
1
7,500sf
50
0.0
0
LINE
8
LOT-BOUNDARY
10
1227.4149
20
51.6228
30
0.0
11
1302.3487
21
54.7743
31
0.0
0
LINE
8
LOT-BOUNDARY
10
1302.3487
20
54.7743
30
0.0
11
1306.5508
21
-45.1373
31
0.0
0
LINE
8
LOT-BOUNDARY
10
1306.5508
20
-45.1373
30
0.0
11
1231.6170
21
-48.2889
31
0.0
0
LINE
8
LOT-BOUNDARY
10
1231.6170
20
-48.2889
30
0.0
11
1227.4149
21
51.6228
31
0.0
0
TEXT
8
LOT-TEXT
7
STANDARD
10
1251.9828
20
3.2427
30
0.0
40
4.5
1
L17
50
0.0
0
TEXT
8
LOT-TEXT
7
STANDARD
10
1251.9828
20
-4.7573
30
0.0
40
3.0
1
7,500sf
50
0.0
0
LINE
8
LOT-BOUNDARY
10
1302.3487
20
54.7743
30
0.0
11
1377.2824
21
57.9259
31
0.0
0
LINE
8
LOT-BOUNDARY
10
1377.2824
20
57.9259
30
0.0
11
1381.4845
21
-41.9858
31
0.0
0
LINE
8
LOT-BOUNDARY
10
1381.4845
20
-41.9858
30
0.0
11
1306.5508
21
-45.1373
31
0.0
0
LINE
8
LOT-BOUNDARY
10
1306.5508
20
-45.1373
30
0.0
11
1302.3487
21
54.7743
31
0.0
0
TEXT
8
LOT-TEXT
7
STANDARD
10
1326.9166
20
6.3943
30
0.0
40
4.5
1
L18
50
0.0
0
TEXT
8
LOT-TEXT
7
STANDARD
10
1326.9166
20
-1.6057
30
0.0
40
3.0
1
7,500sf
50
0.0
0
LINE
8
LOT-BOUNDARY
10
1377.2824
20
57.9259
30
0.0
11
1493.5097
21
62.8142
31
0.0
0
LINE
8
LOT-BOUNDARY
10
1493.5097
20
62.8142
30
0.0
11
1494.4303
21
-12.9618
31
0.0
0
LINE
8
LOT-CURVE
10
1494.4303
20
-12.9618
30
0.0
11
1494.3436
21
-15.3669
31
0.0
0
LINE
8
LOT-CURVE
10
1494.3436
20
-15.3669
30
0.0
11
1494.0261
21
-17.7525
31
0.0
0
LINE
8
LOT-CURVE
10
1494.0261
20
-17.7525
30
0.0
11
1493.4806
21
-20.0966
31
0.0
0
LINE
8
LOT-CURVE
10
1493.4806
20
-20.0966
30
0.0
11
1492.7122
21
-22.3774
31
0.0
0
LINE
8
LOT-CURVE
10
1492.7122
20
-22.3774
30
0.0
11
1491.7281
21
-24.5737
31
0.0
0
LINE
8
LOT-CURVE
10
1491.7281
20
-24.5737
30
0.0
11
1490.5374
21
-26.6652
31
0.0
0
LINE
8
LOT-CURVE
10
1490.5374
20
-26.6652
30
0.0
11
1489.1510
21
-28.6325
31
0.0
0
LINE
8
LOT-CURVE
10
1489.1510
20
-28.6325
30
0.0
11
1487.5820
21
-30.4573
31
0.0
0
LINE
8
LOT-CURVE
10
1487.5820
20
-30.4573
30
0.0
11
1485.8447
21
-32.1229
31
0.0
0
LINE
8
LOT-CURVE
10
1485.8447
20
-32.1229
30
0.0
11
1483.9553
21
-33.6137
31
0.0
0
LINE
8
LOT-CURVE
10
1483.9553
20
-33.6137
30
0.0
11
1481.9313
21
-34.9159
31
0.0
0
LINE
8
LOT-CURVE
10
1481.9313
20
-34.9159
30
0.0
11
1479.7915
21
-36.0174
31
0.0
0
LINE
8
LOT-CURVE
10
1479.7915
20
-36.0174
30
0.0
11
1477.5557
21
-36.9081
31
0.0
0
LINE
8
LOT-CURVE
10
1477.5557
20
-36.9081
30
0.0
11
1475.2446
21
-37.5797
31
0.0
0
LINE
8
LOT-CURVE
10
1475.2446
20
-37.5797
30
0.0
11
1472.8796
21
-38.0259
31
0.0
0
LINE
8
LOT-CURVE
10
1472.8796
20
-38.0259
30
0.0
11
1470.4827
21
-38.2427
31
0.0
0
TEXT
8
LOT-DIM
7
STANDARD
10
1489.0820
20
-28.9573
30
0.0
40
2.2
1
R=25.0' L=38.5' D=88%%d17'10"
50
0.0
0
LINE
8
LOT-BOUNDARY
10
1470.4827
20
-38.2427
30
0.0
11
1381.4845
21
-41.9858
31
0.0
0
LINE
8
LOT-BOUNDARY
10
1381.4845
20
-41.9858
30
0.0
11
1377.2824
21
57.9259
31
0.0
0
TEXT
8
LOT-TEXT
7
STANDARD
10
1428.4379
20
5.5100
30
0.0
40
4.5
1
L19
50
0.0
0
TEXT
8
LOT-TEXT
7
STANDARD
10
1428.4379
20
-2.4900
30
0.0
40
3.0
1
11,358sf
50
0.0
0
TEXT
8
BLOCK-TITLE
7
STANDARD
10
0.0000
20
-370.0000
30
0.0
40
8.0
1
BLOCK_17 (34 LOTS)
50
0.0
0
LINE
8
BLOCK-BORDER
10
-15.0000
20
-614.8233
30
0.0
11
-15.0000
21
-299.1104
31
0.0
0
LINE
8
BLOCK-BORDER
10
-15.0000
20
-299.1104
30
0.0
11
1346.2947
21
-299.1104
31
0.0
0
LINE
8
BLOCK-BORDER
10
1346.2947
20
-299.1104
30
0.0
11
1346.2947
21
-614.8233
31
0.0
0
LINE
8
BLOCK-BORDER
10
1346.2947
20
-614.8233
30
0.0
11
-15.0000
21
-614.8233
31
0.0
0
LINE
8
LOT-CURVE
10
1.0505
20
-424.9779
30
0.0
11
1.0678
21
-422.5246
31
0.0
0
LINE
8
LOT-CURVE
10
1.0678
20
-422.5246
30
0.0
11
1.3255
21
-420.0848
31
0.0
0
LINE
8
LOT-CURVE
10
1.3255
20
-420.0848
30
0.0
11
1.8211
21
-417.6820
31
0.0
0
LINE
8
LOT-CURVE
10
1.8211
20
-417.6820
30
0.0
11
2.5498
21
-415.3393
31
0.0
0
LINE
8
LOT-CURVE
10
2.5498
20
-415.3393
30
0.0
11
3.5047
21
-413.0794
31
0.0
0
LINE
8
LOT-CURVE
10
3.5047
20
-413.0794
30
0.0
11
4.6764
21
-410.9239
31
0.0
0
LINE
8
LOT-CURVE
10
4.6764
20
-410.9239
30
0.0
11
6.0538
21
-408.8936
31
0.0
0
LINE
8
LOT-CURVE
10
6.0538
20
-408.8936
30
0.0
11
7.6236
21
-407.0082
31
0.0
0
LINE
8
LOT-CURVE
10
7.6236
20
-407.0082
30
0.0
11
9.3706
21
-405.2856
31
0.0
0
LINE
8
LOT-CURVE
10
9.3706
20
-405.2856
30
0.0
11
11.2780
21
-403.7427
31
0.0
0
LINE
8
LOT-CURVE
10
11.2780
20
-403.7427
30
0.0
11
13.3275
21
-402.3941
31
0.0
0
LINE
8
LOT-CURVE
10
13.3275
20
-402.3941
30
0.0
11
15.4992
21
-401.2528
31
0.0
0
LINE
8
LOT-CURVE
10
15.4992
20
-401.2528
30
0.0
11
17.7724
21
-400.3300
31
0.0
0
LINE
8
LOT-CURVE
10
17.7724
20
-400.3300
30
0.0
11
20.1252
21
-399.6344
31
0.0
0
LINE
8
LOT-CURVE
10
20.1252
20
-399.6344
30
0.0
11
22.5347
21
-399.1727
31
0.0
0
LINE
8
LOT-CURVE
10
22.5347
20
-399.1727
30
0.0
11
24.9779
21
-398.9495
31
0.0
0
TEXT
8
LOT-DIM
7
STANDARD
10
9.1236
20
-405.5082
30
0.0
40
2.2
1
R=25.0' L=39.3' D=90%%d00'00"
50
0.0
0
LINE
8
LOT-BOUNDARY
10
24.9779
20
-398.9495
30
0.0
11
93.4174
21
-396.0710
31
0.0
0
LINE
8
LOT-BOUNDARY
10
93.4174
20
-396.0710
30
0.0
11
97.6195
21
-495.9827
31
0.0
0
LINE
8
LOT-BOUNDARY
10
97.6195
20
-495.9827
30
0.0
11
4.2021
21
-499.9117
31
0.0
0
LINE
8
LOT-BOUNDARY
10
4.2021
20
-499.9117
30
0.0
11
1.0505
21
-424.9779
31
0.0
0
TEXT
8
LOT-TEXT
7
STANDARD
10
29.2535
20
-443.1786
30
0.0
40
4.5
1
L1
50
0.0
0
TEXT
8
LOT-TEXT
7
STANDARD
10
29.2535
20
-451.1786
30
0.0
40
3.0
1
9,216sf
50
0.0
0
LINE
8
LOT-BOUNDARY
10
93.4174
20
-396.0710
30
0.0
11
168.3512
21
-392.9195
31
0.0
0
LINE
8
LOT-BOUNDARY
10
168.3512
20
-392.9195
30
0.0
11
172.5533
21
-492.8311
31
0.0
0
LINE
8
LOT-BOUNDARY
10
172.5533
20
-492.8311
30
0.0
11
97.6195
21
-495.9827
31
0.0
0
LINE
8
LOT-BOUNDARY
10
97.6195
20
-495.9827
30
0.0
11
93.4174
21
-396.0710
31
0.0
0
TEXT
8
LOT-TEXT
7
STANDARD
10
117.9853
20
-444.4511
30
0.0
40
4.5
1
L2
50
0.0
0
TEXT
8
LOT-TEXT
7
STANDARD
10
117.9853
20
-452.4511
30
0.0
40
3.0
1
7,500sf
50
0.0
0
LINE
8
LOT-BOUNDARY
10
168.3512
20
-392.9195
30
0.0
11
243.2849
21
-389.7679
31
0.0
0
LINE
8
LOT-BOUNDARY
10
243.2849
20
-389.7679
30
0.0
11
247.4870
21
-489.6796
31
0.0
0
LINE
8
LOT-BOUNDARY
10
247.4870
20
-489.6796
30
0.0
11
172.5533
21
-492.8311
31
0.0
0
LINE
8
LOT-BOUNDARY
10
172.5533
20
-492.8311
30
0.0
11
168.3512
21
-392.9195
31
0.0
0
TEXT
8
LOT-TEXT
7
STANDARD
10
192.9191
20
-441.2995
30
0.0
40
4.5
1
L3
50
0.0
0
TEXT
8
LOT-TEXT
7
STANDARD
10
192.9191
20
-449.2995
30
0.0
40
3.0
1
7,500sf
50
0.0
0
LINE
8
LOT-BOUNDARY
10
243.2849
20
-389.7679
30
0.0
11
318.2187
21
-386.6163
31
0.0
0
LINE
8
LOT-BOUNDARY
10
318.2187
20
-386.6163
30
0.0
11
322.4208
21
-486.5280
31
0.0
0
LINE
8
LOT-BOUNDARY
10
322.4208
20
-486.5280
30
0.0
11
247.4870
21
-489.6796
31
0.0
0
LINE
8
LOT-BOUNDARY
10
247.4870
20
-489.6796
30
0.0
11
243.2849
21
-389.7679
31
0.0
0
TEXT
8
LOT-TEXT
7
STANDARD
10
267.8528
20
-438.1479
30
0.0
40
4.5
1
L4
50
0.0
0
TEXT
8
LOT-TEXT
7
STANDARD
10
267.8528
20
-446.1479
30
0.0
40
3.0
1
7,500sf
50
0.0
0
LINE
8
LOT-BOUNDARY
10
318.2187
20
-386.6163
30
0.0
11
393.1524
21
-383.4647
31
0.0
0
LINE
8
LOT-BOUNDARY
10
393.1524
20
-383.4647
30
0.0
11
397.3545
21
-483.3764
31
0.0
0
LINE
8
LOT-BOUNDARY
10
397.3545
20
-483.3764
30
0.0
11
322.4208
21
-486.5280
31
0.0
0
LINE
8
LOT-BOUNDARY
10
322.4208
20
-486.5280
30
0.0
11
318.2187
21
-386.6163
31
0.0
0
TEXT
8
LOT-TEXT
7
STANDARD
10
342.7866
20
-434.9964
30
0.0
40
4.5
1
L5
50
0.0
0
TEXT
8
LOT-TEXT
7
STANDARD
10
342.7866
20
-442.9964
30
0.0
40
3.0
1
7,500sf
50
0.0
0
LINE
8
LOT-BOUNDARY
10
393.1524
20
-383.4647
30
0.0
11
468.0862
21
-380.3132
31
0.0
0
LINE
8
LOT-BOUNDARY
10
468.0862
20
-380.3132
30
0.0
11
472.2883
21
-480.2248
31
0.0
0
LINE
8
LOT-BOUNDARY
10
472.2883
20
-480.2248
30
0.0
11
397.3545
21
-483.3764
31
0.0
0
LINE
8
LOT-BOUNDARY
10
397.3545
20
-483.3764
30
0.0
11
393.1524
21
-383.4647
31
0.0
0
TEXT
8
LOT-TEXT
7
STANDARD
10
417.7204
20
-431.8448
30
0.0
40
4.5
1
L6
50
0.0
0
TEXT
8
LOT-TEXT
7
STANDARD
10
417.7204
20
-439.8448
30
0.0
40
3.0
1
7,500sf
50
0.0
0
LINE
8
LOT-BOUNDARY
10
468.0862
20
-380.3132
30
0.0
11
543.0199
21
-377.1616
31
0.0
0
LINE
8
LOT-BOUNDARY
10
543.0199
20
-377.1616
30
0.0
11
547.2220
21
-477.0733
31
0.0
0
LINE
8
LOT-BOUNDARY
10
547.2220
20
-477.0733
30
0.0
11
472.2883
21
-480.2248
31
0.0
0
LINE
8
LOT-BOUNDARY
10
472.2883
20
-480.2248
30
0.0
11
468.0862
21
-380.3132
31
0.0
0
TEXT
8
LOT-TEXT
7
STANDARD
10
492.6541
20
-428.6932
30
0.0
40
4.5
1
L7
50
0.0
0
TEXT
8
LOT-TEXT
7
STANDARD
10
492.6541
20
-436.6932
30
0.0
40
3.0
1
7,500sf
50
0.0
0
LINE
8
LOT-BOUNDARY
10
543.0199
20
-377.1616
30
0.0
11
617.9537
21
-374.0100
31
0.0
0
LINE
8
LOT-BOUNDARY
10
617.9537
20
-374.0100
30
0.0
11
622.1558
21
-473.9217
31
0.0
0
LINE
8
LOT-BOUNDARY
10
622.1558
20
-473.9217
30
0.0
11
547.2220
21
-477.0733
31
0.0
0
LINE
8
LOT-BOUNDARY
10
547.2220
20
-477.0733
30
0.0
11
543.0199
21
-377.1616
31
0.0
0
TEXT
8
LOT-TEXT
7
STANDARD
10
567.5879
20
-425.5417
30
0.0
40
4.5
1
L8
50
0.0
0
TEXT
8
LOT-TEXT
7
STANDARD
10
567.5879
20
-433.5417
30
0.0
40
3.0
1
7,500sf
50
0.0
0
LINE
8
LOT-BOUNDARY
10
617.9537
20
-374.0100
30
0.0
11
692.8875
21
-370.8585
31
0.0
0
LINE
8
LOT-BOUNDARY
10
692.8875
20
-370.8585
30
0.0
11
697.0895
21
-470.7701
31
0.0
0
LINE
8
LOT-BOUNDARY
10
697.0895
20
-470.7701
30
0.0
11
622.1558
21
-473.9217
31
0.0
0
LINE
8
LOT-BOUNDARY
10
622.1558
20
-473.9217
30
0.0
11
617.9537
21
-374.0100
31
0.0
0
TEXT
8
LOT-TEXT
7
STANDARD
10
642.5216
20
-422.3901
30
0.0
40
4.5
1
L9
50
0.0
0
TEXT
8
LOT-TEXT
7
STANDARD
10
642.5216
20
-430.3901
30
0.0
40
3.0
1
7,500sf
50
0.0
0
LINE
8
LOT-BOUNDARY
10
692.8875
20
-370.8585
30
0.0
11
767.8212
21
-367.7069
31
0.0
0
LINE
8
LOT-BOUNDARY
10
767.8212
20
-367.7069
30
0.0
11
772.0233
21
-467.6186
31
0.0
0
LINE
8
LOT-BOUNDARY
10
772.0233
20
-467.6186
30
0.0
11
697.0895
21
-470.7701
31
0.0
0
LINE
8
LOT-BOUNDARY
10
697.0895
20
-470.7701
30
0.0
11
692.8875
21
-370.8585
31
0.0
0
TEXT
8
LOT-TEXT
7
STANDARD
10
717.4554
20
-419.2385
30
0.0
40
4.5
1
L10
50
0.0
0
TEXT
8
LOT-TEXT
7
STANDARD
10
717.4554
20
-427.2385
30
0.0
40
3.0
1
7,500sf
50
0.0
0
LINE
8
LOT-BOUNDARY
10
767.8212
20
-367.7069
30
0.0
11
842.7550
21
-364.5553
31
0.0
0
LINE
8
LOT-BOUNDARY
10
842.7550
20
-364.5553
30
0.0
11
846.9571
21
-464.4670
31
0.0
0
LINE
8
LOT-BOUNDARY
10
846.9571
20
-464.4670
30
0.0
11
772.0233
21
-467.6186
31
0.0
0
LINE
8
LOT-BOUNDARY
10
772.0233
20
-467.6186
30
0.0
11
767.8212
21
-367.7069
31
0.0
0
TEXT
8
LOT-TEXT
7
STANDARD
10
792.3891
20
-416.0869
30
0.0
40
4.5
1
L11
50
0.0
0
TEXT
8
LOT-TEXT
7
STANDARD
10
792.3891
20
-424.0869
30
0.0
40
3.0
1
7,500sf
50
0.0
0
LINE
8
LOT-BOUNDARY
10
842.7550
20
-364.5553
30
0.0
11
917.6887
21
-361.4037
31
0.0
0
LINE
8
LOT-BOUNDARY
10
917.6887
20
-361.4037
30
0.0
11
921.8908
21
-461.3154
31
0.0
0
LINE
8
LOT-BOUNDARY
10
921.8908
20
-461.3154
30
0.0
11
846.9571
21
-464.4670
31
0.0
0
LINE
8
LOT-BOUNDARY
10
846.9571
20
-464.4670
30
0.0
11
842.7550
21
-364.5553
31
0.0
0
TEXT
8
LOT-TEXT
7
STANDARD
10
867.3229
20
-412.9354
30
0.0
40
4.5
1
L12
50
0.0
0
TEXT
8
LOT-TEXT
7
STANDARD
10
867.3229
20
-420.9354
30
0.0
40
3.0
1
7,500sf
50
0.0
0
LINE
8
LOT-BOUNDARY
10
917.6887
20
-361.4037
30
0.0
11
992.6225
21
-358.2522
31
0.0
0
LINE
8
LOT-BOUNDARY
10
992.6225
20
-358.2522
30
0.0
11
996.8246
21
-458.1638
31
0.0
0
LINE
8
LOT-BOUNDARY
10
996.8246
20
-458.1638
30
0.0
11
921.8908
21
-461.3154
31
0.0
0
LINE
8
LOT-BOUNDARY
10
921.8908
20
-461.3154
30
0.0
11
917.6887
21
-361.4037
31
0.0
0
TEXT
8
LOT-TEXT
7
STANDARD
10
942.2566
20
-409.7838
30
0.0
40
4.5
1
L13
50
0.0
0
TEXT
8
LOT-TEXT
7
STANDARD
10
942.2566
20
-417.7838
30
0.0
40
3.0
1
7,500sf
50
0.0
0
LINE
8
LOT-BOUNDARY
10
992.6225
20
-358.2522
30
0.0
11
1067.5562
21
-355.1006
31
0.0
0
LINE
8
LOT-BOUNDARY
10
1067.5562
20
-355.1006
30
0.0
11
1071.7583
21
-455.0123
31
0.0
0
LINE
8
LOT-BOUNDARY
10
1071.7583
20
-455.0123
30
0.0
11
996.8246
21
-458.1638
31
0.0
0
LINE
8
LOT-BOUNDARY
10
996.8246
20
-458.1638
30
0.0
11
992.6225
21
-358.2522
31
0.0
0
TEXT
8
LOT-TEXT
7
STANDARD
10
1017.1904
20
-406.6322
30
0.0
40
4.5
1
L14
50
0.0
0
TEXT
8
LOT-TEXT
7
STANDARD
10
1017.1904
20
-414.6322
30
0.0
40
3.0
1
7,500sf
50
0.0
0
LINE
8
LOT-BOUNDARY
10
1067.5562
20
-355.1006
30
0.0
11
1142.4900
21
-351.9490
31
0.0
0
LINE
8
LOT-BOUNDARY
10
1142.4900
20
-351.9490
30
0.0
11
1146.6921
21
-451.8607
31
0.0
0
LINE
8
LOT-BOUNDARY
10
1146.6921
20
-451.8607
30
0.0
11
1071.7583
21
-455.0123
31
0.0
0
LINE
8
LOT-BOUNDARY
10
1071.7583
20
-455.0123
30
0.0
11
1067.5562
21
-355.1006
31
0.0
0
TEXT
8
LOT-TEXT
7
STANDARD
10
1092.1242
20
-403.4806
30
0.0
40
4.5
1
L15
50
0.0
0
TEXT
8
LOT-TEXT
7
STANDARD
10
1092.1242
20
-411.4806
30
0.0
40
3.0
1
7,500sf
50
0.0
0
LINE
8
LOT-BOUNDARY
10
1142.4900
20
-351.9490
30
0.0
11
1217.4237
21
-348.7974
31
0.0
0
LINE
8
LOT-BOUNDARY
10
1217.4237
20
-348.7974
30
0.0
11
1221.6258
21
-448.7091
31
0.0
0
LINE
8
LOT-BOUNDARY
10
1221.6258
20
-448.7091
30
0.0
11
1146.6921
21
-451.8607
31
0.0
0
LINE
8
LOT-BOUNDARY
10
1146.6921
20
-451.8607
30
0.0
11
1142.4900
21
-351.9490
31
0.0
0
TEXT
8
LOT-TEXT
7
STANDARD
10
1167.0579
20
-400.3291
30
0.0
40
4.5
1
L16
50
0.0
0
TEXT
8
LOT-TEXT
7
STANDARD
10
1167.0579
20
-408.3291
30
0.0
40
3.0
1
7,500sf
50
0.0
0
LINE
8
LOT-BOUNDARY
10
1217.4237
20
-348.7974
30
0.0
11
1303.1287
21
-345.1929
31
0.0
0
LINE
8
LOT-CURVE
10
1303.1287
20
-345.1929
30
0.0
11
1305.6287
21
-345.2128
31
0.0
0
LINE
8
LOT-CURVE
10
1305.6287
20
-345.2128
30
0.0
11
1308.1142
21
-345.4824
31
0.0
0
LINE
8
LOT-CURVE
10
1308.1142
20
-345.4824
30
0.0
11
1310.5603
21
-345.9989
31
0.0
0
LINE
8
LOT-CURVE
10
1310.5603
20
-345.9989
30
0.0
11
1312.9427
21
-346.7570
31
0.0
0
LINE
8
LOT-CURVE
10
1312.9427
20
-346.7570
30
0.0
11
1315.2374
21
-347.7494
31
0.0
0
LINE
8
LOT-CURVE
10
1315.2374
20
-347.7494
30
0.0
11
1317.4215
21
-348.9660
31
0.0
0
LINE
8
LOT-CURVE
10
1317.4215
20
-348.9660
30
0.0
11
1319.4731
21
-350.3946
31
0.0
0
LINE
8
LOT-CURVE
10
1319.4731
20
-350.3946
30
0.0
11
1321.3718
21
-352.0210
31
0.0
0
LINE
8
LOT-CURVE
10
1321.3718
20
-352.0210
30
0.0
11
1323.0986
21
-353.8289
31
0.0
0
LINE
8
LOT-CURVE
10
1323.0986
20
-353.8289
30
0.0
11
1324.6362
21
-355.8002
31
0.0
0
LINE
8
LOT-CURVE
10
1324.6362
20
-355.8002
30
0.0
11
1325.9692
21
-357.9153
31
0.0
0
LINE
8
LOT-CURVE
10
1325.9692
20
-357.9153
30
0.0
11
1327.0843
21
-360.1529
31
0.0
0
LINE
8
LOT-CURVE
10
1327.0843
20
-360.1529
30
0.0
11
1327.9703
21
-362.4907
31
0.0
0
LINE
8
LOT-CURVE
10
1327.9703
20
-362.4907
30
0.0
11
1328.6185
21
-364.9053
31
0.0
0
LINE
8
LOT-CURVE
10
1328.6185
20
-364.9053
30
0.0
11
1329.0222
21
-367.3725
31
0.0
0
LINE
8
LOT-CURVE
10
1329.0222
20
-367.3725
30
0.0
11
1329.1774
21
-369.8678
31
0.0
0
TEXT
8
LOT-DIM
7
STANDARD
10
1322.8718
20
-350.5210
30
0.0
40
2.2
1
R=25.0' L=40.0' D=91%%d42'50"
50
0.0
0
LINE
8
LOT-BOUNDARY
10
1329.1774
20
-369.8678
30
0.0
11
1330.0800
21
-444.1477
31
0.0
0
LINE
8
LOT-BOUNDARY
10
1330.0800
20
-444.1477
30
0.0
11
1221.6258
21
-448.7091
31
0.0
0
LINE
8
LOT-BOUNDARY
10
1221.6258
20
-448.7091
30
0.0
11
1217.4237
21
-348.7974
31
0.0
0
TEXT
8
LOT-TEXT
7
STANDARD
10
1265.2871
20
-391.3430
30
0.0
40
4.5
1
L17
50
0.0
0
TEXT
8
LOT-TEXT
7
STANDARD
10
1265.2871
20
-399.3430
30
0.0
40
3.0
1
10,861sf
50
0.0
0
LINE
8
LOT-BOUNDARY
10
4.2021
20
-499.9117
30
0.0
11
97.6195
21
-495.9827
31
0.0
0
LINE
8
LOT-BOUNDARY
10
97.6195
20
-495.9827
30
0.0
11
101.8216
21
-595.8944
31
0.0
0
LINE
8
LOT-BOUNDARY
10
101.8216
20
-595.8944
30
0.0
11
33.3821
21
-598.7728
31
0.0
0
LINE
8
LOT-CURVE
10
33.3821
20
-598.7728
30
0.0
11
30.9288
21
-598.7555
31
0.0
0
LINE
8
LOT-CURVE
10
30.9288
20
-598.7555
30
0.0
11
28.4890
21
-598.4978
31
0.0
0
LINE
8
LOT-CURVE
10
28.4890
20
-598.4978
30
0.0
11
26.0862
21
-598.0022
31
0.0
0
LINE
8
LOT-CURVE
10
26.0862
20
-598.0022
30
0.0
11
23.7435
21
-597.2735
31
0.0
0
LINE
8
LOT-CURVE
10
23.7435
20
-597.2735
30
0.0
11
21.4836
21
-596.3187
31
0.0
0
LINE
8
LOT-CURVE
10
21.4836
20
-596.3187
30
0.0
11
19.3281
21
-595.1469
31
0.0
0
LINE
8
LOT-CURVE
10
19.3281
20
-595.1469
30
0.0
11
17.2978
21
-593.7695
31
0.0
0
LINE
8
LOT-CURVE
10
17.2978
20
-593.7695
30
0.0
11
15.4124
21
-592.1998
31
0.0
0
LINE
8
LOT-CURVE
10
15.4124
20
-592.1998
30
0.0
11
13.6898
21
-590.4528
31
0.0
0
LINE
8
LOT-CURVE
10
13.6898
20
-590.4528
30
0.0
11
12.1468
21
-588.5454
31
0.0
0
LINE
8
LOT-CURVE
10
12.1468
20
-588.5454
30
0.0
11
10.7982
21
-586.4959
31
0.0
0
LINE
8
LOT-CURVE
10
10.7982
20
-586.4959
30
0.0
11
9.6570
21
-584.3241
31
0.0
0
LINE
8
LOT-CURVE
10
9.6570
20
-584.3241
30
0.0
11
8.7342
21
-582.0509
31
0.0
0
LINE
8
LOT-CURVE
10
8.7342
20
-582.0509
30
0.0
11
8.0386
21
-579.6982
31
0.0
0
LINE
8
LOT-CURVE
10
8.0386
20
-579.6982
30
0.0
11
7.5769
21
-577.2886
31
0.0
0
LINE
8
LOT-CURVE
10
7.5769
20
-577.2886
30
0.0
11
7.3537
21
-574.8454
31
0.0
0
TEXT
8
LOT-DIM
7
STANDARD
10
16.9124
20
-590.6998
30
0.0
40
2.2
1
R=25.0' L=39.3' D=90%%d00'00"
50
0.0
0
LINE
8
LOT-BOUNDARY
10
7.3537
20
-574.8454
30
0.0
11
4.2021
21
-499.9117
31
0.0
0
TEXT
8
LOT-TEXT
7
STANDARD
10
33.8758
20
-553.0814
30
0.0
40
4.5
1
L34
50
0.0
0
TEXT
8
LOT-TEXT
7
STANDARD
10
33.8758
20
-561.0814
30
0.0
40
3.0
1
9,216sf
50
0.0
0
LINE
8
LOT-BOUNDARY
10
97.6195
20
-495.9827
30
0.0
11
172.5533
21
-492.8311
31
0.0
0
LINE
8
LOT-BOUNDARY
10
172.5533
20
-492.8311
30
0.0
11
176.7554
21
-592.7428
31
0.0
0
LINE
8
LOT-BOUNDARY
10
176.7554
20
-592.7428
30
0.0
11
101.8216
21
-595.8944
31
0.0
0
LINE
8
LOT-BOUNDARY
10
101.8216
20
-595.8944
30
0.0
11
97.6195
21
-495.9827
31
0.0
0
TEXT
8
LOT-TEXT
7
STANDARD
10
122.1874
20
-544.3628
30
0.0
40
4.5
1
L33
50
0.0
0
TEXT
8
LOT-TEXT
7
STANDARD
10
122.1874
20
-552.3628
30
0.0
40
3.0
1
7,500sf
50
0.0
0
LINE
8
LOT-BOUNDARY
10
172.5533
20
-492.8311
30
0.0
11
247.4870
21
-489.6796
31
0.0
0
LINE
8
LOT-BOUNDARY
10
247.4870
20
-489.6796
30
0.0
11
251.6891
21
-589.5912
31
0.0
0
LINE
8
LOT-BOUNDARY
10
251.6891
20
-589.5912
30
0.0
11
176.7554
21
-592.7428
31
0.0
0
LINE
8
LOT-BOUNDARY
10
176.7554
20
-592.7428
30
0.0
11
172.5533
21
-492.8311
31
0.0
0
TEXT
8
LOT-TEXT
7
STANDARD
10
197.1212
20
-541.2112
30
0.0
40
4.5
1
L32
50
0.0
0
TEXT
8
LOT-TEXT
7
STANDARD
10
197.1212
20
-549.2112
30
0.0
40
3.0
1
7,500sf
50
0.0
0
LINE
8
LOT-BOUNDARY
10
247.4870
20
-489.6796
30
0.0
11
322.4208
21
-486.5280
31
0.0
0
LINE
8
LOT-BOUNDARY
10
322.4208
20
-486.5280
30
0.0
11
326.6229
21
-586.4397
31
0.0
0
LINE
8
LOT-BOUNDARY
10
326.6229
20
-586.4397
30
0.0
11
251.6891
21
-589.5912
31
0.0
0
LINE
8
LOT-BOUNDARY
10
251.6891
20
-589.5912
30
0.0
11
247.4870
21
-489.6796
31
0.0
0
TEXT
8
LOT-TEXT
7
STANDARD
10
272.0549
20
-538.0596
30
0.0
40
4.5
1
L31
50
0.0
0
TEXT
8
LOT-TEXT
7
STANDARD
10
272.0549
20
-546.0596
30
0.0
40
3.0
1
7,500sf
50
0.0
0
LINE
8
LOT-BOUNDARY
10
322.4208
20
-486.5280
30
0.0
11
397.3545
21
-483.3764
31
0.0
0
LINE
8
LOT-BOUNDARY
10
397.3545
20
-483.3764
30
0.0
11
401.5566
21
-583.2881
31
0.0
0
LINE
8
LOT-BOUNDARY
10
401.5566
20
-583.2881
30
0.0
11
326.6229
21
-586.4397
31
0.0
0
LINE
8
LOT-BOUNDARY
10
326.6229
20
-586.4397
30
0.0
11
322.4208
21
-486.5280
31
0.0
0
TEXT
8
LOT-TEXT
7
STANDARD
10
346.9887
20
-534.9080
30
0.0
40
4.5
1
L30
50
0.0
0
TEXT
8
LOT-TEXT
7
STANDARD
10
346.9887
20
-542.9080
30
0.0
40
3.0
1
7,500sf
50
0.0
0
LINE
8
LOT-BOUNDARY
10
397.3545
20
-483.3764
30
0.0
11
472.2883
21
-480.2248
31
0.0
0
LINE
8
LOT-BOUNDARY
10
472.2883
20
-480.2248
30
0.0
11
476.4904
21
-580.1365
31
0.0
0
LINE
8
LOT-BOUNDARY
10
476.4904
20
-580.1365
30
0.0
11
401.5566
21
-583.2881
31
0.0
0
LINE
8
LOT-BOUNDARY
10
401.5566
20
-583.2881
30
0.0
11
397.3545
21
-483.3764
31
0.0
0
TEXT
8
LOT-TEXT
7
STANDARD
10
421.9225
20
-531.7565
30
0.0
40
4.5
1
L29
50
0.0
0
TEXT
8
LOT-TEXT
7
STANDARD
10
421.9225
20
-539.7565
30
0.0
40
3.0
1
7,500sf
50
0.0
0
LINE
8
LOT-BOUNDARY
10
472.2883
20
-480.2248
30
0.0
11
547.2220
21
-477.0733
31
0.0
0
LINE
8
LOT-BOUNDARY
10
547.2220
20
-477.0733
30
0.0
11
551.4241
21
-576.9849
31
0.0
0
LINE
8
LOT-BOUNDARY
10
551.4241
20
-576.9849
30
0.0
11
476.4904
21
-580.1365
31
0.0
0
LINE
8
LOT-BOUNDARY
10
476.4904
20
-580.1365
30
0.0
11
472.2883
21
-480.2248
31
0.0
0
TEXT
8
LOT-TEXT
7
STANDARD
10
496.8562
20
-528.6049
30
0.0
40
4.5
1
L28
50
0.0
0
TEXT
8
LOT-TEXT
7
STANDARD
10
496.8562
20
-536.6049
30
0.0
40
3.0
1
7,500sf
50
0.0
0
LINE
8
LOT-BOUNDARY
10
547.2220
20
-477.0733
30
0.0
11
622.1558
21
-473.9217
31
0.0
0
LINE
8
LOT-BOUNDARY
10
622.1558
20
-473.9217
30
0.0
11
626.3579
21
-573.8334
31
0.0
0
LINE
8
LOT-BOUNDARY
10
626.3579
20
-573.8334
30
0.0
11
551.4241
21
-576.9849
31
0.0
0
LINE
8
LOT-BOUNDARY
10
551.4241
20
-576.9849
30
0.0
11
547.2220
21
-477.0733
31
0.0
0
TEXT
8
LOT-TEXT
7
STANDARD
10
571.7900
20
-525.4533
30
0.0
40
4.5
1
L27
50
0.0
0
TEXT
8
LOT-TEXT
7
STANDARD
10
571.7900
20
-533.4533
30
0.0
40
3.0
1
7,500sf
50
0.0
0
LINE
8
LOT-BOUNDARY
10
622.1558
20
-473.9217
30
0.0
11
697.0895
21
-470.7701
31
0.0
0
LINE
8
LOT-BOUNDARY
10
697.0895
20
-470.7701
30
0.0
11
701.2916
21
-570.6818
31
0.0
0
LINE
8
LOT-BOUNDARY
10
701.2916
20
-570.6818
30
0.0
11
626.3579
21
-573.8334
31
0.0
0
LINE
8
LOT-BOUNDARY
10
626.3579
20
-573.8334
30
0.0
11
622.1558
21
-473.9217
31
0.0
0
TEXT
8
LOT-TEXT
7
STANDARD
10
646.7237
20
-522.3018
30
0.0
40
4.5
1
L26
50
0.0
0
TEXT
8
LOT-TEXT
7
STANDARD
10
646.7237
20
-530.3018
30
0.0
40
3.0
1
7,500sf
50
0.0
0
LINE
8
LOT-BOUNDARY
10
697.0895
20
-470.7701
30
0.0
11
772.0233
21
-467.6186
31
0.0
0
LINE
8
LOT-BOUNDARY
10
772.0233
20
-467.6186
30
0.0
11
776.2254
21
-567.5302
31
0.0
0
LINE
8
LOT-BOUNDARY
10
776.2254
20
-567.5302
30
0.0
11
701.2916
21
-570.6818
31
0.0
0
LINE
8
LOT-BOUNDARY
10
701.2916
20
-570.6818
30
0.0
11
697.0895
21
-470.7701
31
0.0
0
TEXT
8
LOT-TEXT
7
STANDARD
10
721.6575
20
-519.1502
30
0.0
40
4.5
1
L25
50
0.0
0
TEXT
8
LOT-TEXT
7
STANDARD
10
721.6575
20
-527.1502
30
0.0
40
3.0
1
7,500sf
50
0.0
0
LINE
8
LOT-BOUNDARY
10
772.0233
20
-467.6186
30
0.0
11
846.9571
21
-464.4670
31
0.0
0
LINE
8
LOT-BOUNDARY
10
846.9571
20
-464.4670
30
0.0
11
851.1592
21
-564.3787
31
0.0
0
LINE
8
LOT-BOUNDARY
10
851.1592
20
-564.3787
30
0.0
11
776.2254
21
-567.5302
31
0.0
0
LINE
8
LOT-BOUNDARY
10
776.2254
20
-567.5302
30
0.0
11
772.0233
21
-467.6186
31
0.0
0
TEXT
8
LOT-TEXT
7
STANDARD
10
796.5912
20
-515.9986
30
0.0
40
4.5
1
L24
50
0.0
0
TEXT
8
LOT-TEXT
7
STANDARD
10
796.5912
20
-523.9986
30
0.0
40
3.0
1
7,500sf
50
0.0
0
LINE
8
LOT-BOUNDARY
10
846.9571
20
-464.4670
30
0.0
11
921.8908
21
-461.3154
31
0.0
0
LINE
8
LOT-BOUNDARY
10
921.8908
20
-461.3154
30
0.0
11
926.0929
21
-561.2271
31
0.0
0
LINE
8
LOT-BOUNDARY
10
926.0929
20
-561.2271
30
0.0
11
851.1592
21
-564.3787
31
0.0
0
LINE
8
LOT-BOUNDARY
10
851.1592
20
-564.3787
30
0.0
11
846.9571
21
-464.4670
31
0.0
0
TEXT
8
LOT-TEXT
7
STANDARD
10
871.5250
20
-512.8470
30
0.0
40
4.5
1
L23
50
0.0
0
TEXT
8
LOT-TEXT
7
STANDARD
10
871.5250
20
-520.8470
30
0.0
40
3.0
1
7,500sf
50
0.0
0
LINE
8
LOT-BOUNDARY
10
921.8908
20
-461.3154
30
0.0
11
996.8246
21
-458.1638
31
0.0
0
LINE
8
LOT-BOUNDARY
10
996.8246
20
-458.1638
30
0.0
11
1001.0267
21
-558.0755
31
0.0
0
LINE
8
LOT-BOUNDARY
10
1001.0267
20
-558.0755
30
0.0
11
926.0929
21
-561.2271
31
0.0
0
LINE
8
LOT-BOUNDARY
10
926.0929
20
-561.2271
30
0.0
11
921.8908
21
-461.3154
31
0.0
0
TEXT
8
LOT-TEXT
7
STANDARD
10
946.4587
20
-509.6955
30
0.0
40
4.5
1
L22
50
0.0
0
TEXT
8
LOT-TEXT
7
STANDARD
10
946.4587
20
-517.6955
30
0.0
40
3.0
1
7,500sf
50
0.0
0
LINE
8
LOT-BOUNDARY
10
996.8246
20
-458.1638
30
0.0
11
1071.7583
21
-455.0123
31
0.0
0
LINE
8
LOT-BOUNDARY
10
1071.7583
20
-455.0123
30
0.0
11
1075.9604
21
-554.9239
31
0.0
0
LINE
8
LOT-BOUNDARY
10
1075.9604
20
-554.9239
30
0.0
11
1001.0267
21
-558.0755
31
0.0
0
LINE
8
LOT-BOUNDARY
10
1001.0267
20
-558.0755
30
0.0
11
996.8246
21
-458.1638
31
0.0
0
TEXT
8
LOT-TEXT
7
STANDARD
10
1021.3925
20
-506.5439
30
0.0
40
4.5
1
L21
50
0.0
0
TEXT
8
LOT-TEXT
7
STANDARD
10
1021.3925
20
-514.5439
30
0.0
40
3.0
1
7,500sf
50
0.0
0
LINE
8
LOT-BOUNDARY
10
1071.7583
20
-455.0123
30
0.0
11
1146.6921
21
-451.8607
31
0.0
0
LINE
8
LOT-BOUNDARY
10
1146.6921
20
-451.8607
30
0.0
11
1150.8942
21
-551.7724
31
0.0
0
LINE
8
LOT-BOUNDARY
10
1150.8942
20
-551.7724
30
0.0
11
1075.9604
21
-554.9239
31
0.0
0
LINE
8
LOT-BOUNDARY
10
1075.9604
20
-554.9239
30
0.0
11
1071.7583
21
-455.0123
31
0.0
0
TEXT
8
LOT-TEXT
7
STANDARD
10
1096.3262
20
-503.3923
30
0.0
40
4.5
1
L20
50
0.0
0
TEXT
8
LOT-TEXT
7
STANDARD
10
1096.3262
20
-511.3923
30
0.0
40
3.0
1
7,500sf
50
0.0
0
LINE
8
LOT-BOUNDARY
10
1146.6921
20
-451.8607
30
0.0
11
1221.6258
21
-448.7091
31
0.0
0
LINE
8
LOT-BOUNDARY
10
1221.6258
20
-448.7091
30
0.0
11
1225.8279
21
-548.6208
31
0.0
0
LINE
8
LOT-BOUNDARY
10
1225.8279
20
-548.6208
30
0.0
11
1150.8942
21
-551.7724
31
0.0
0
LINE
8
LOT-BOUNDARY
10
1150.8942
20
-551.7724
30
0.0
11
1146.6921
21
-451.8607
31
0.0
0
TEXT
8
LOT-TEXT
7
STANDARD
10
1171.2600
20
-500.2407
30
0.0
40
4.5
1
L19
50
0.0
0
TEXT
8
LOT-TEXT
7
STANDARD
10
1171.2600
20
-508.2407
30
0.0
40
3.0
1
7,500sf
50
0.0
0
LINE
8
LOT-BOUNDARY
10
1221.6258
20
-448.7091
30
0.0
11
1330.0800
21
-444.1477
31
0.0
0
LINE
8
LOT-BOUNDARY
10
1330.0800
20
-444.1477
30
0.0
11
1331.0006
21
-519.9237
31
0.0
0
LINE
8
LOT-CURVE
10
1331.0006
20
-519.9237
30
0.0
11
1330.9139
21
-522.3288
31
0.0
0
LINE
8
LOT-CURVE
10
1330.9139
20
-522.3288
30
0.0
11
1330.5964
21
-524.7145
31
0.0
0
LINE
8
LOT-CURVE
10
1330.5964
20
-524.7145
30
0.0
11
1330.0509
21
-527.0586
31
0.0
0
LINE
8
LOT-CURVE
10
1330.0509
20
-527.0586
30
0.0
11
1329.2825
21
-529.3393
31
0.0
0
LINE
8
LOT-CURVE
10
1329.2825
20
-529.3393
30
0.0
11
1328.2984
21
-531.5356
31
0.0
0
LINE
8
LOT-CURVE
10
1328.2984
20
-531.5356
30
0.0
11
1327.1076
21
-533.6271
31
0.0
0
LINE
8
LOT-CURVE
10
1327.1076
20
-533.6271
30
0.0
11
1325.7213
21
-535.5944
31
0.0
0
LINE
8
LOT-CURVE
10
1325.7213
20
-535.5944
30
0.0
11
1324.1522
21
-537.4193
31
0.0
0
LINE
8
LOT-CURVE
10
1324.1522
20
-537.4193
30
0.0
11
1322.4150
21
-539.0848
31
0.0
0
LINE
8
LOT-CURVE
10
1322.4150
20
-539.0848
30
0.0
11
1320.5256
21
-540.5756
31
0.0
0
LINE
8
LOT-CURVE
10
1320.5256
20
-540.5756
30
0.0
11
1318.5016
21
-541.8778
31
0.0
0
LINE
8
LOT-CURVE
10
1318.5016
20
-541.8778
30
0.0
11
1316.3618
21
-542.9794
31
0.0
0
LINE
8
LOT-CURVE
10
1316.3618
20
-542.9794
30
0.0
11
1314.1260
21
-543.8701
31
0.0
0
LINE
8
LOT-CURVE
10
1314.1260
20
-543.8701
30
0.0
11
1311.8149
21
-544.5416
31
0.0
0
LINE
8
LOT-CURVE
10
1311.8149
20
-544.5416
30
0.0
11
1309.4499
21
-544.9879
31
0.0
0
LINE
8
LOT-CURVE
10
1309.4499
20
-544.9879
30
0.0
11
1307.0530
21
-545.2046
31
0.0
0
TEXT
8
LOT-DIM
7
STANDARD
10
1325.6522
20
-535.9193
30
0.0
40
2.2
1
R=25.0' L=38.5' D=88%%d17'10"
50
0.0
0
LINE
8
LOT-BOUNDARY
10
1307.0530
20
-545.2046
30
0.0
11
1225.8279
21
-548.6208
31
0.0
0
LINE
8
LOT-BOUNDARY
10
1225.8279
20
-548.6208
30
0.0
11
1221.6258
21
-448.7091
31
0.0
0
TEXT
8
LOT-TEXT
7
STANDARD
10
1268.1175
20
-501.3212
30
0.0
40
4.5
1
L18
50
0.0
0
TEXT
8
LOT-TEXT
7
STANDARD
10
1268.1175
20
-509.3212
30
0.0
40
3.0
1
10,580sf
50
0.0
0
TEXT
8
BLOCK-TITLE
7
STANDARD
10
0.0000
20
-770.0000
30
0.0
40
8.0
1
BLOCK_16 (33 LOTS)
50
0.0
0
LINE
8
BLOCK-BORDER
10
-19.2021
20
-1296.1371
30
0.0
11
-19.2021
21
-599.5257
31
0.0
0
LINE
8
BLOCK-BORDER
10
-19.2021
20
-599.5257
30
0.0
11
1334.3195
21
-599.5257
31
0.0
0
LINE
8
BLOCK-BORDER
10
1334.3195
20
-599.5257
30
0.0
11
1334.3195
21
-1296.1371
31
0.0
0
LINE
8
BLOCK-BORDER
10
1334.3195
20
-1296.1371
30
0.0
11
-19.2021
21
-1296.1371
31
0.0
0
LINE
8
LOT-BOUNDARY
10
0.0000
20
-800.0000
30
0.0
11
-3.1516
21
-725.0662
31
0.0
0
LINE
8
LOT-CURVE
10
-3.1516
20
-725.0662
30
0.0
11
-3.1343
21
-722.6129
31
0.0
0
LINE
8
LOT-CURVE
10
-3.1343
20
-722.6129
30
0.0
11
-2.8766
21
-720.1731
31
0.0
0
LINE
8
LOT-CURVE
10
-2.8766
20
-720.1731
30
0.0
11
-2.3810
21
-717.7703
31
0.0
0
LINE
8
LOT-CURVE
10
-2.3810
20
-717.7703
30
0.0
11
-1.6523
21
-715.4276
31
0.0
0
LINE
8
LOT-CURVE
10
-1.6523
20
-715.4276
30
0.0
11
-0.6974
21
-713.1677
31
0.0
0
LINE
8
LOT-CURVE
10
-0.6974
20
-713.1677
30
0.0
11
0.4743
21
-711.0122
31
0.0
0
LINE
8
LOT-CURVE
10
0.4743
20
-711.0122
30
0.0
11
1.8517
21
-708.9820
31
0.0
0
LINE
8
LOT-CURVE
10
1.8517
20
-708.9820
30
0.0
11
3.4215
21
-707.0965
31
0.0
0
LINE
8
LOT-CURVE
10
3.4215
20
-707.0965
30
0.0
11
5.1685
21
-705.3740
31
0.0
0
LINE
8
LOT-CURVE
10
5.1685
20
-705.3740
30
0.0
11
7.0759
21
-703.8310
31
0.0
0
LINE
8
LOT-CURVE
10
7.0759
20
-703.8310
30
0.0
11
9.1254
21
-702.4824
31
0.0
0
LINE
8
LOT-CURVE
10
9.1254
20
-702.4824
30
0.0
11
11.2972
21
-701.3412
31
0.0
0
LINE
8
LOT-CURVE
10
11.2972
20
-701.3412
30
0.0
11
13.5703
21
-700.4183
31
0.0
0
LINE
8
LOT-CURVE
10
13.5703
20
-700.4183
30
0.0
11
15.9231
21
-699.7227
31
0.0
0
LINE
8
LOT-CURVE
10
15.9231
20
-699.7227
30
0.0
11
18.3326
21
-699.2610
31
0.0
0
LINE
8
LOT-CURVE
10
18.3326
20
-699.2610
30
0.0
11
20.7758
21
-699.0378
31
0.0
0
TEXT
8
LOT-DIM
7
STANDARD
10
4.9215
20
-705.5965
30
0.0
40
2.2
1
R=25.0' L=39.3' D=90%%d00'00"
50
0.0
0
LINE
8
LOT-BOUNDARY
10
20.7758
20
-699.0378
30
0.0
11
89.2153
21
-696.1594
31
0.0
0
LINE
8
LOT-BOUNDARY
10
89.2153
20
-696.1594
30
0.0
11
93.4174
21
-796.0710
31
0.0
0
LINE
8
LOT-BOUNDARY
10
93.4174
20
-796.0710
30
0.0
11
0.0000
21
-800.0000
31
0.0
0
TEXT
8
LOT-TEXT
7
STANDARD
10
25.0514
20
-743.2669
30
0.0
40
4.5
1
L1
50
0.0
0
TEXT
8
LOT-TEXT
7
STANDARD
10
25.0514
20
-751.2669
30
0.0
40
3.0
1
9,216sf
50
0.0
0
LINE
8
LOT-BOUNDARY
10
93.4174
20
-796.0710
30
0.0
11
89.2153
21
-696.1594
31
0.0
0
LINE
8
LOT-BOUNDARY
10
89.2153
20
-696.1594
30
0.0
11
164.1491
21
-693.0078
31
0.0
0
LINE
8
LOT-BOUNDARY
10
164.1491
20
-693.0078
30
0.0
11
168.3512
21
-792.9195
31
0.0
0
LINE
8
LOT-BOUNDARY
10
168.3512
20
-792.9195
30
0.0
11
93.4174
21
-796.0710
31
0.0
0
TEXT
8
LOT-TEXT
7
STANDARD
10
113.7832
20
-744.5394
30
0.0
40
4.5
1
L2
50
0.0
0
TEXT
8
LOT-TEXT
7
STANDARD
10
113.7832
20
-752.5394
30
0.0
40
3.0
1
7,500sf
50
0.0
0
LINE
8
LOT-BOUNDARY
10
168.3512
20
-792.9195
30
0.0
11
164.1491
21
-693.0078
31
0.0
0
LINE
8
LOT-BOUNDARY
10
164.1491
20
-693.0078
30
0.0
11
239.0828
21
-689.8562
31
0.0
0
LINE
8
LOT-BOUNDARY
10
239.0828
20
-689.8562
30
0.0
11
243.2849
21
-789.7679
31
0.0
0
LINE
8
LOT-BOUNDARY
10
243.2849
20
-789.7679
30
0.0
11
168.3512
21
-792.9195
31
0.0
0
TEXT
8
LOT-TEXT
7
STANDARD
10
188.7170
20
-741.3878
30
0.0
40
4.5
1
L3
50
0.0
0
TEXT
8
LOT-TEXT
7
STANDARD
10
188.7170
20
-749.3878
30
0.0
40
3.0
1
7,500sf
50
0.0
0
LINE
8
LOT-BOUNDARY
10
243.2849
20
-789.7679
30
0.0
11
239.0828
21
-689.8562
31
0.0
0
LINE
8
LOT-BOUNDARY
10
239.0828
20
-689.8562
30
0.0
11
314.0166
21
-686.7046
31
0.0
0
LINE
8
LOT-BOUNDARY
10
314.0166
20
-686.7046
30
0.0
11
318.2187
21
-786.6163
31
0.0
0
LINE
8
LOT-BOUNDARY
10
318.2187
20
-786.6163
30
0.0
11
243.2849
21
-789.7679
31
0.0
0
TEXT
8
LOT-TEXT
7
STANDARD
10
263.6508
20
-738.2363
30
0.0
40
4.5
1
L4
50
0.0
0
TEXT
8
LOT-TEXT
7
STANDARD
10
263.6508
20
-746.2363
30
0.0
40
3.0
1
7,500sf
50
0.0
0
LINE
8
LOT-BOUNDARY
10
318.2187
20
-786.6163
30
0.0
11
314.0166
21
-686.7046
31
0.0
0
LINE
8
LOT-BOUNDARY
10
314.0166
20
-686.7046
30
0.0
11
388.9503
21
-683.5531
31
0.0
0
LINE
8
LOT-BOUNDARY
10
388.9503
20
-683.5531
30
0.0
11
393.1524
21
-783.4647
31
0.0
0
LINE
8
LOT-BOUNDARY
10
393.1524
20
-783.4647
30
0.0
11
318.2187
21
-786.6163
31
0.0
0
TEXT
8
LOT-TEXT
7
STANDARD
10
338.5845
20
-735.0847
30
0.0
40
4.5
1
L5
50
0.0
0
TEXT
8
LOT-TEXT
7
STANDARD
10
338.5845
20
-743.0847
30
0.0
40
3.0
1
7,500sf
50
0.0
0
LINE
8
LOT-BOUNDARY
10
393.1524
20
-783.4647
30
0.0
11
388.9503
21
-683.5531
31
0.0
0
LINE
8
LOT-BOUNDARY
10
388.9503
20
-683.5531
30
0.0
11
463.8841
21
-680.4015
31
0.0
0
LINE
8
LOT-BOUNDARY
10
463.8841
20
-680.4015
30
0.0
11
468.0862
21
-780.3132
31
0.0
0
LINE
8
LOT-BOUNDARY
10
468.0862
20
-780.3132
30
0.0
11
393.1524
21
-783.4647
31
0.0
0
TEXT
8
LOT-TEXT
7
STANDARD
10
413.5183
20
-731.9331
30
0.0
40
4.5
1
L6
50
0.0
0
TEXT
8
LOT-TEXT
7
STANDARD
10
413.5183
20
-739.9331
30
0.0
40
3.0
1
7,500sf
50
0.0
0
LINE
8
LOT-BOUNDARY
10
468.0862
20
-780.3132
30
0.0
11
463.8841
21
-680.4015
31
0.0
0
LINE
8
LOT-BOUNDARY
10
463.8841
20
-680.4015
30
0.0
11
538.8178
21
-677.2499
31
0.0
0
LINE
8
LOT-BOUNDARY
10
538.8178
20
-677.2499
30
0.0
11
543.0199
21
-777.1616
31
0.0
0
LINE
8
LOT-BOUNDARY
10
543.0199
20
-777.1616
30
0.0
11
468.0862
21
-780.3132
31
0.0
0
TEXT
8
LOT-TEXT
7
STANDARD
10
488.4520
20
-728.7816
30
0.0
40
4.5
1
L7
50
0.0
0
TEXT
8
LOT-TEXT
7
STANDARD
10
488.4520
20
-736.7816
30
0.0
40
3.0
1
7,500sf
50
0.0
0
LINE
8
LOT-BOUNDARY
10
543.0199
20
-777.1616
30
0.0
11
538.8178
21
-677.2499
31
0.0
0
LINE
8
LOT-BOUNDARY
10
538.8178
20
-677.2499
30
0.0
11
613.7516
21
-674.0984
31
0.0
0
LINE
8
LOT-BOUNDARY
10
613.7516
20
-674.0984
30
0.0
11
617.9537
21
-774.0100
31
0.0
0
LINE
8
LOT-BOUNDARY
10
617.9537
20
-774.0100
30
0.0
11
543.0199
21
-777.1616
31
0.0
0
TEXT
8
LOT-TEXT
7
STANDARD
10
563.3858
20
-725.6300
30
0.0
40
4.5
1
L8
50
0.0
0
TEXT
8
LOT-TEXT
7
STANDARD
10
563.3858
20
-733.6300
30
0.0
40
3.0
1
7,500sf
50
0.0
0
LINE
8
LOT-BOUNDARY
10
0.0000
20
-800.0000
30
0.0
11
93.4174
21
-796.0710
31
0.0
0
LINE
8
LOT-BOUNDARY
10
93.4174
20
-796.0710
30
0.0
11
97.6195
21
-895.9827
31
0.0
0
LINE
8
LOT-BOUNDARY
10
97.6195
20
-895.9827
30
0.0
11
29.1800
21
-898.8611
31
0.0
0
LINE
8
LOT-CURVE
10
29.1800
20
-898.8611
30
0.0
11
26.7267
21
-898.8438
31
0.0
0
LINE
8
LOT-CURVE
10
26.7267
20
-898.8438
30
0.0
11
24.2869
21
-898.5862
31
0.0
0
LINE
8
LOT-CURVE
10
24.2869
20
-898.5862
30
0.0
11
21.8841
21
-898.0906
31
0.0
0
LINE
8
LOT-CURVE
10
21.8841
20
-898.0906
30
0.0
11
19.5414
21
-897.3618
31
0.0
0
LINE
8
LOT-CURVE
10
19.5414
20
-897.3618
30
0.0
11
17.2815
21
-896.4070
31
0.0
0
LINE
8
LOT-CURVE
10
17.2815
20
-896.4070
30
0.0
11
15.1260
21
-895.2353
31
0.0
0
LINE
8
LOT-CURVE
10
15.1260
20
-895.2353
30
0.0
11
13.0957
21
-893.8579
31
0.0
0
LINE
8
LOT-CURVE
10
13.0957
20
-893.8579
30
0.0
11
11.2103
21
-892.2881
31
0.0
0
LINE
8
LOT-CURVE
10
11.2103
20
-892.2881
30
0.0
11
9.4877
21
-890.5411
31
0.0
0
LINE
8
LOT-CURVE
10
9.4877
20
-890.5411
30
0.0
11
7.9448
21
-888.6337
31
0.0
0
LINE
8
LOT-CURVE
10
7.9448
20
-888.6337
30
0.0
11
6.5961
21
-886.5842
31
0.0
0
LINE
8
LOT-CURVE
10
6.5961
20
-886.5842
30
0.0
11
5.4549
21
-884.4124
31
0.0
0
LINE
8
LOT-CURVE
10
5.4549
20
-884.4124
30
0.0
11
4.5321
21
-882.1392
31
0.0
0
LINE
8
LOT-CURVE
10
4.5321
20
-882.1392
30
0.0
11
3.8365
21
-879.7865
31
0.0
0
LINE
8
LOT-CURVE
10
3.8365
20
-879.7865
30
0.0
11
3.3748
21
-877.3770
31
0.0
0
LINE
8
LOT-CURVE
10
3.3748
20
-877.3770
30
0.0
11
3.1516
21
-874.9338
31
0.0
0
TEXT
8
LOT-DIM
7
STANDARD
10
12.7103
20
-890.7881
30
0.0
40
2.2
1
R=25.0' L=39.3' D=90%%d00'00"
50
0.0
0
LINE
8
LOT-BOUNDARY
10
3.1516
20
-874.9338
30
0.0
11
0.0000
21
-800.0000
31
0.0
0
TEXT
8
LOT-TEXT
7
STANDARD
10
29.6737
20
-853.1697
30
0.0
40
4.5
1
L33
50
0.0
0
TEXT
8
LOT-TEXT
7
STANDARD
10
29.6737
20
-861.1697
30
0.0
40
3.0
1
9,216sf
50
0.0
0
LINE
8
LOT-BOUNDARY
10
97.6195
20
-895.9827
30
0.0
11
187.3002
21
-892.2109
31
0.0
0
LINE
8
LOT-BOUNDARY
10
187.3002
20
-892.2109
30
0.0
11
183.0981
21
-792.2992
31
0.0
0
LINE
8
LOT-BOUNDARY
10
183.0981
20
-792.2992
30
0.0
11
93.4174
21
-796.0710
31
0.0
0
LINE
8
LOT-BOUNDARY
10
93.4174
20
-796.0710
30
0.0
11
97.6195
21
-895.9827
31
0.0
0
TEXT
8
LOT-TEXT
7
STANDARD
10
125.3588
20
-844.1410
30
0.0
40
4.5
1
L32
50
0.0
0
TEXT
8
LOT-TEXT
7
STANDARD
10
125.3588
20
-852.1410
30
0.0
40
3.0
1
8,976sf
50
0.0
0
LINE
8
LOT-CURVE
10
187.3002
20
-892.2109
30
0.0
11
192.6350
21
-892.0232
31
0.0
0
LINE
8
LOT-CURVE
10
192.6350
20
-892.0232
30
0.0
11
197.9719
21
-891.9086
31
0.0
0
LINE
8
LOT-CURVE
10
197.9719
20
-891.9086
30
0.0
11
203.3098
21
-891.8672
31
0.0
0
LINE
8
LOT-CURVE
10
203.3098
20
-891.8672
30
0.0
11
208.6478
21
-891.8991
31
0.0
0
LINE
8
LOT-CURVE
10
208.6478
20
-891.8991
30
0.0
11
213.9848
21
-892.0041
31
0.0
0
LINE
8
LOT-CURVE
10
213.9848
20
-892.0041
30
0.0
11
219.3199
21
-892.1823
31
0.0
0
LINE
8
LOT-CURVE
10
219.3199
20
-892.1823
30
0.0
11
224.6521
21
-892.4336
31
0.0
0
LINE
8
LOT-CURVE
10
224.6521
20
-892.4336
30
0.0
11
229.9803
21
-892.7581
31
0.0
0
LINE
8
LOT-CURVE
10
229.9803
20
-892.7581
30
0.0
11
235.3035
21
-893.1555
31
0.0
0
LINE
8
LOT-CURVE
10
235.3035
20
-893.1555
30
0.0
11
240.6208
21
-893.6260
31
0.0
0
LINE
8
LOT-CURVE
10
240.6208
20
-893.6260
30
0.0
11
245.9312
21
-894.1693
31
0.0
0
LINE
8
LOT-CURVE
10
245.9312
20
-894.1693
30
0.0
11
251.2336
21
-894.7853
31
0.0
0
LINE
8
LOT-CURVE
10
251.2336
20
-894.7853
30
0.0
11
256.5271
21
-895.4741
31
0.0
0
LINE
8
LOT-CURVE
10
256.5271
20
-895.4741
30
0.0
11
261.8106
21
-896.2353
31
0.0
0
LINE
8
LOT-CURVE
10
261.8106
20
-896.2353
30
0.0
11
267.0832
21
-897.0689
31
0.0
0
LINE
8
LOT-CURVE
10
267.0832
20
-897.0689
30
0.0
11
272.3438
21
-897.9748
31
0.0
0
TEXT
8
LOT-DIM
7
STANDARD
10
231.4803
20
-891.2581
30
0.0
40
2.2
1
R=389.3' L=85.4' D=12%%d34'17"
50
0.0
0
LINE
8
LOT-BOUNDARY
10
272.3438
20
-897.9748
30
0.0
11
293.0010
21
-787.6769
31
0.0
0
LINE
8
LOT-BOUNDARY
10
293.0010
20
-787.6769
30
0.0
11
183.0981
21
-792.2992
31
0.0
0
LINE
8
LOT-BOUNDARY
10
183.0981
20
-792.2992
30
0.0
11
187.3002
21
-892.2109
31
0.0
0
TEXT
8
LOT-TEXT
7
STANDARD
10
218.9358
20
-842.5405
30
0.0
40
4.5
1
L31
50
0.0
0
TEXT
8
LOT-TEXT
7
STANDARD
10
218.9358
20
-850.5405
30
0.0
40
3.0
1
10,117sf
50
0.0
0
LINE
8
LOT-CURVE
10
272.3438
20
-897.9748
30
0.0
11
277.5916
21
-898.9527
31
0.0
0
LINE
8
LOT-CURVE
10
277.5916
20
-898.9527
30
0.0
11
282.8254
21
-900.0024
31
0.0
0
LINE
8
LOT-CURVE
10
282.8254
20
-900.0024
30
0.0
11
288.0444
21
-901.1239
31
0.0
0
LINE
8
LOT-CURVE
10
288.0444
20
-901.1239
30
0.0
11
293.2475
21
-902.3168
31
0.0
0
LINE
8
LOT-CURVE
10
293.2475
20
-902.3168
30
0.0
11
298.4337
21
-903.5809
31
0.0
0
LINE
8
LOT-CURVE
10
298.4337
20
-903.5809
30
0.0
11
303.6021
21
-904.9161
31
0.0
0
LINE
8
LOT-CURVE
10
303.6021
20
-904.9161
30
0.0
11
308.7517
21
-906.3219
31
0.0
0
LINE
8
LOT-CURVE
10
308.7517
20
-906.3219
30
0.0
11
313.8816
21
-907.7983
31
0.0
0
LINE
8
LOT-CURVE
10
313.8816
20
-907.7983
30
0.0
11
318.9907
21
-909.3449
31
0.0
0
LINE
8
LOT-CURVE
10
318.9907
20
-909.3449
30
0.0
11
324.0781
21
-910.9614
31
0.0
0
LINE
8
LOT-CURVE
10
324.0781
20
-910.9614
30
0.0
11
329.1429
21
-912.6475
31
0.0
0
LINE
8
LOT-CURVE
10
329.1429
20
-912.6475
30
0.0
11
334.1841
21
-914.4029
31
0.0
0
LINE
8
LOT-CURVE
10
334.1841
20
-914.4029
30
0.0
11
339.2008
21
-916.2272
31
0.0
0
LINE
8
LOT-CURVE
10
339.2008
20
-916.2272
30
0.0
11
344.1920
21
-918.1202
31
0.0
0
LINE
8
LOT-CURVE
10
344.1920
20
-918.1202
30
0.0
11
349.1567
21
-920.0814
31
0.0
0
LINE
8
LOT-CURVE
10
349.1567
20
-920.0814
30
0.0
11
354.0941
21
-922.1106
31
0.0
0
TEXT
8
LOT-DIM
7
STANDARD
10
315.3816
20
-906.2983
30
0.0
40
2.2
1
R=389.3' L=85.4' D=12%%d34'17"
50
0.0
0
LINE
8
LOT-BOUNDARY
10
354.0941
20
-922.1106
30
0.0
11
402.9038
21
-783.0546
31
0.0
0
LINE
8
LOT-BOUNDARY
10
402.9038
20
-783.0546
30
0.0
11
293.0010
21
-787.6769
31
0.0
0
LINE
8
LOT-BOUNDARY
10
293.0010
20
-787.6769
30
0.0
11
272.3438
21
-897.9748
31
0.0
0
TEXT
8
LOT-TEXT
7
STANDARD
10
315.5857
20
-847.7042
30
0.0
40
4.5
1
L30
50
0.0
0
TEXT
8
LOT-TEXT
7
STANDARD
10
315.5857
20
-855.7042
30
0.0
40
3.0
1
12,153sf
50
0.0
0
LINE
8
LOT-CURVE
10
354.0941
20
-922.1106
30
0.0
11
359.0032
21
-924.2072
31
0.0
0
LINE
8
LOT-CURVE
10
359.0032
20
-924.2072
30
0.0
11
363.8830
21
-926.3710
31
0.0
0
LINE
8
LOT-CURVE
10
363.8830
20
-926.3710
30
0.0
11
368.7328
21
-928.6015
31
0.0
0
LINE
8
LOT-CURVE
10
368.7328
20
-928.6015
30
0.0
11
373.5515
21
-930.8982
31
0.0
0
LINE
8
LOT-CURVE
10
373.5515
20
-930.8982
30
0.0
11
378.3382
21
-933.2609
31
0.0
0
LINE
8
LOT-CURVE
10
378.3382
20
-933.2609
30
0.0
11
383.0922
21
-935.6889
31
0.0
0
LINE
8
LOT-CURVE
10
383.0922
20
-935.6889
30
0.0
11
387.8123
21
-938.1819
31
0.0
0
LINE
8
LOT-CURVE
10
387.8123
20
-938.1819
30
0.0
11
392.4979
21
-940.7395
31
0.0
0
LINE
8
LOT-CURVE
10
392.4979
20
-940.7395
30
0.0
11
397.1479
21
-943.3610
31
0.0
0
LINE
8
LOT-CURVE
10
397.1479
20
-943.3610
30
0.0
11
401.7615
21
-946.0460
31
0.0
0
LINE
8
LOT-CURVE
10
401.7615
20
-946.0460
30
0.0
11
406.3379
21
-948.7941
31
0.0
0
LINE
8
LOT-CURVE
10
406.3379
20
-948.7941
30
0.0
11
410.8762
21
-951.6046
31
0.0
0
LINE
8
LOT-CURVE
10
410.8762
20
-951.6046
30
0.0
11
415.3755
21
-954.4771
31
0.0
0
LINE
8
LOT-CURVE
10
415.3755
20
-954.4771
30
0.0
11
419.8350
21
-957.4111
31
0.0
0
LINE
8
LOT-CURVE
10
419.8350
20
-957.4111
30
0.0
11
424.2538
21
-960.4059
31
0.0
0
LINE
8
LOT-CURVE
10
424.2538
20
-960.4059
30
0.0
11
428.6312
21
-963.4610
31
0.0
0
TEXT
8
LOT-DIM
7
STANDARD
10
393.9979
20
-939.2395
30
0.0
40
2.2
1
R=389.3' L=85.4' D=12%%d34'17"
50
0.0
0
LINE
8
LOT-CURVE
10
428.6312
20
-963.4610
30
0.0
11
430.7005
21
-964.7790
31
0.0
0
LINE
8
LOT-CURVE
10
430.7005
20
-964.7790
30
0.0
11
432.8890
21
-965.8877
31
0.0
0
LINE
8
LOT-CURVE
10
432.8890
20
-965.8877
30
0.0
11
435.1757
21
-966.7767
31
0.0
0
LINE
8
LOT-CURVE
10
435.1757
20
-966.7767
30
0.0
11
437.5385
21
-967.4372
31
0.0
0
LINE
8
LOT-CURVE
10
437.5385
20
-967.4372
30
0.0
11
439.9547
21
-967.8629
31
0.0
0
LINE
8
LOT-CURVE
10
439.9547
20
-967.8629
30
0.0
11
442.4009
21
-968.0498
31
0.0
0
LINE
8
LOT-CURVE
10
442.4009
20
-968.0498
30
0.0
11
444.8537
21
-967.9959
31
0.0
0
LINE
8
LOT-CURVE
10
444.8537
20
-967.9959
30
0.0
11
447.2894
21
-967.7020
31
0.0
0
LINE
8
LOT-CURVE
10
447.2894
20
-967.7020
30
0.0
11
449.6846
21
-967.1707
31
0.0
0
LINE
8
LOT-CURVE
10
449.6846
20
-967.1707
30
0.0
11
452.0162
21
-966.4072
31
0.0
0
LINE
8
LOT-CURVE
10
452.0162
20
-966.4072
30
0.0
11
454.2616
21
-965.4188
31
0.0
0
LINE
8
LOT-CURVE
10
454.2616
20
-965.4188
30
0.0
11
456.3994
21
-964.2151
31
0.0
0
LINE
8
LOT-CURVE
10
456.3994
20
-964.2151
30
0.0
11
458.4090
21
-962.8076
31
0.0
0
LINE
8
LOT-CURVE
10
458.4090
20
-962.8076
30
0.0
11
460.2709
21
-961.2100
31
0.0
0
LINE
8
LOT-CURVE
10
460.2709
20
-961.2100
30
0.0
11
461.9672
21
-959.4376
31
0.0
0
LINE
8
LOT-CURVE
10
461.9672
20
-959.4376
30
0.0
11
463.4816
21
-957.5074
31
0.0
0
TEXT
8
LOT-DIM
7
STANDARD
10
448.7894
20
-966.2020
30
0.0
40
2.2
1
R=25.0' L=39.3' D=90%%d00'00"
50
0.0
0
LINE
8
LOT-CURVE
10
463.4816
20
-957.5074
30
0.0
11
465.3754
21
-954.8788
31
0.0
0
LINE
8
LOT-CURVE
10
465.3754
20
-954.8788
30
0.0
11
467.3120
21
-952.2815
31
0.0
0
LINE
8
LOT-CURVE
10
467.3120
20
-952.2815
30
0.0
11
469.2908
21
-949.7163
31
0.0
0
LINE
8
LOT-CURVE
10
469.2908
20
-949.7163
30
0.0
11
471.3113
21
-947.1839
31
0.0
0
LINE
8
LOT-CURVE
10
471.3113
20
-947.1839
30
0.0
11
473.3730
21
-944.6848
31
0.0
0
LINE
8
LOT-CURVE
10
473.3730
20
-944.6848
30
0.0
11
475.4753
21
-942.2198
31
0.0
0
LINE
8
LOT-CURVE
10
475.4753
20
-942.2198
30
0.0
11
477.6177
21
-939.7895
31
0.0
0
LINE
8
LOT-CURVE
10
477.6177
20
-939.7895
30
0.0
11
479.7996
21
-937.3947
31
0.0
0
LINE
8
LOT-CURVE
10
479.7996
20
-937.3947
30
0.0
11
482.0203
21
-935.0358
31
0.0
0
LINE
8
LOT-CURVE
10
482.0203
20
-935.0358
30
0.0
11
484.2794
21
-932.7136
31
0.0
0
LINE
8
LOT-CURVE
10
484.2794
20
-932.7136
30
0.0
11
486.5762
21
-930.4287
31
0.0
0
LINE
8
LOT-CURVE
10
486.5762
20
-930.4287
30
0.0
11
488.9101
21
-928.1817
31
0.0
0
LINE
8
LOT-CURVE
10
488.9101
20
-928.1817
30
0.0
11
491.2804
21
-925.9732
31
0.0
0
LINE
8
LOT-CURVE
10
491.2804
20
-925.9732
30
0.0
11
493.6865
21
-923.8038
31
0.0
0
LINE
8
LOT-CURVE
10
493.6865
20
-923.8038
30
0.0
11
496.1279
21
-921.6740
31
0.0
0
LINE
8
LOT-CURVE
10
496.1279
20
-921.6740
30
0.0
11
498.6037
21
-919.5845
31
0.0
0
TEXT
8
LOT-DIM
7
STANDARD
10
481.2996
20
-935.8947
30
0.0
40
2.2
1
R=197.9' L=51.8' D=15%%d00'14"
50
0.0
0
LINE
8
LOT-BOUNDARY
10
498.6037
20
-919.5845
30
0.0
11
402.9038
21
-783.0546
31
0.0
0
LINE
8
LOT-BOUNDARY
10
402.9038
20
-783.0546
30
0.0
11
354.0941
21
-922.1106
31
0.0
0
TEXT
8
LOT-TEXT
7
STANDARD
10
414.5429
20
-909.1436
30
0.0
40
4.5
1
L29
50
0.0
0
TEXT
8
LOT-TEXT
7
STANDARD
10
414.5429
20
-917.1436
30
0.0
40
3.0
1
13,611sf
50
0.0
0
LINE
8
LOT-CURVE
10
498.6037
20
-919.5845
30
0.0
11
501.9566
21
-916.8621
31
0.0
0
LINE
8
LOT-CURVE
10
501.9566
20
-916.8621
30
0.0
11
505.3680
21
-914.2134
31
0.0
0
LINE
8
LOT-CURVE
10
505.3680
20
-914.2134
30
0.0
11
508.8364
21
-911.6398
31
0.0
0
LINE
8
LOT-CURVE
10
508.8364
20
-911.6398
30
0.0
11
512.3601
21
-909.1425
31
0.0
0
LINE
8
LOT-CURVE
10
512.3601
20
-909.1425
30
0.0
11
515.9375
21
-906.7227
31
0.0
0
LINE
8
LOT-CURVE
10
515.9375
20
-906.7227
30
0.0
11
519.5668
21
-904.3814
31
0.0
0
LINE
8
LOT-CURVE
10
519.5668
20
-904.3814
30
0.0
11
523.2464
21
-902.1200
31
0.0
0
LINE
8
LOT-CURVE
10
523.2464
20
-902.1200
30
0.0
11
526.9744
21
-899.9393
31
0.0
0
LINE
8
LOT-CURVE
10
526.9744
20
-899.9393
30
0.0
11
530.7491
21
-897.8405
31
0.0
0
LINE
8
LOT-CURVE
10
530.7491
20
-897.8405
30
0.0
11
534.5686
21
-895.8245
31
0.0
0
LINE
8
LOT-CURVE
10
534.5686
20
-895.8245
30
0.0
11
538.4313
21
-893.8924
31
0.0
0
LINE
8
LOT-CURVE
10
538.4313
20
-893.8924
30
0.0
11
542.3352
21
-892.0449
31
0.0
0
LINE
8
LOT-CURVE
10
542.3352
20
-892.0449
30
0.0
11
546.2784
21
-890.2831
31
0.0
0
LINE
8
LOT-CURVE
10
546.2784
20
-890.2831
30
0.0
11
550.2592
21
-888.6078
31
0.0
0
LINE
8
LOT-CURVE
10
550.2592
20
-888.6078
30
0.0
11
554.2756
21
-887.0197
31
0.0
0
LINE
8
LOT-CURVE
10
554.2756
20
-887.0197
30
0.0
11
558.3256
21
-885.5195
31
0.0
0
TEXT
8
LOT-DIM
7
STANDARD
10
528.4744
20
-898.4393
30
0.0
40
2.2
1
R=197.9' L=69.1' D=20%%d00'07"
50
0.0
0
LINE
8
LOT-BOUNDARY
10
558.3256
20
-885.5195
30
0.0
11
512.8067
21
-778.4323
31
0.0
0
LINE
8
LOT-BOUNDARY
10
512.8067
20
-778.4323
30
0.0
11
402.9038
21
-783.0546
31
0.0
0
LINE
8
LOT-BOUNDARY
10
402.9038
20
-783.0546
30
0.0
11
498.6037
21
-919.5845
31
0.0
0
TEXT
8
LOT-TEXT
7
STANDARD
10
478.1600
20
-841.6478
30
0.0
40
4.5
1
L28
50
0.0
0
TEXT
8
LOT-TEXT
7
STANDARD
10
478.1600
20
-849.6478
30
0.0
40
3.0
1
11,559sf
50
0.0
0
LINE
8
LOT-BOUNDARY
10
617.9537
20
-774.0100
30
0.0
11
613.7516
21
-674.0984
31
0.0
0
LINE
8
LOT-BOUNDARY
10
613.7516
20
-674.0984
30
0.0
11
688.6854
21
-670.9468
31
0.0
0
LINE
8
LOT-BOUNDARY
10
688.6854
20
-670.9468
30
0.0
11
692.8875
21
-770.8585
31
0.0
0
LINE
8
LOT-BOUNDARY
10
692.8875
20
-770.8585
30
0.0
11
617.9537
21
-774.0100
31
0.0
0
TEXT
8
LOT-TEXT
7
STANDARD
10
638.3195
20
-722.4784
30
0.0
40
4.5
1
L9
50
0.0
0
TEXT
8
LOT-TEXT
7
STANDARD
10
638.3195
20
-730.4784
30
0.0
40
3.0
1
7,500sf
50
0.0
0
LINE
8
LOT-BOUNDARY
10
692.8875
20
-770.8585
30
0.0
11
688.6854
21
-670.9468
31
0.0
0
LINE
8
LOT-BOUNDARY
10
688.6854
20
-670.9468
30
0.0
11
763.6191
21
-667.7952
31
0.0
0
LINE
8
LOT-BOUNDARY
10
763.6191
20
-667.7952
30
0.0
11
767.8212
21
-767.7069
31
0.0
0
LINE
8
LOT-BOUNDARY
10
767.8212
20
-767.7069
30
0.0
11
692.8875
21
-770.8585
31
0.0
0
TEXT
8
LOT-TEXT
7
STANDARD
10
713.2533
20
-719.3268
30
0.0
40
4.5
1
L10
50
0.0
0
TEXT
8
LOT-TEXT
7
STANDARD
10
713.2533
20
-727.3268
30
0.0
40
3.0
1
7,500sf
50
0.0
0
LINE
8
LOT-BOUNDARY
10
767.8212
20
-767.7069
30
0.0
11
763.6191
21
-667.7952
31
0.0
0
LINE
8
LOT-BOUNDARY
10
763.6191
20
-667.7952
30
0.0
11
838.5529
21
-664.6436
31
0.0
0
LINE
8
LOT-BOUNDARY
10
838.5529
20
-664.6436
30
0.0
11
842.7550
21
-764.5553
31
0.0
0
LINE
8
LOT-BOUNDARY
10
842.7550
20
-764.5553
30
0.0
11
767.8212
21
-767.7069
31
0.0
0
TEXT
8
LOT-TEXT
7
STANDARD
10
788.1870
20
-716.1753
30
0.0
40
4.5
1
L11
50
0.0
0
TEXT
8
LOT-TEXT
7
STANDARD
10
788.1870
20
-724.1753
30
0.0
40
3.0
1
7,500sf
50
0.0
0
LINE
8
LOT-BOUNDARY
10
842.7550
20
-764.5553
30
0.0
11
838.5529
21
-664.6436
31
0.0
0
LINE
8
LOT-BOUNDARY
10
838.5529
20
-664.6436
30
0.0
11
913.4866
21
-661.4921
31
0.0
0
LINE
8
LOT-BOUNDARY
10
913.4866
20
-661.4921
30
0.0
11
917.6887
21
-761.4037
31
0.0
0
LINE
8
LOT-BOUNDARY
10
917.6887
20
-761.4037
30
0.0
11
842.7550
21
-764.5553
31
0.0
0
TEXT
8
LOT-TEXT
7
STANDARD
10
863.1208
20
-713.0237
30
0.0
40
4.5
1
L12
50
0.0
0
TEXT
8
LOT-TEXT
7
STANDARD
10
863.1208
20
-721.0237
30
0.0
40
3.0
1
7,500sf
50
0.0
0
LINE
8
LOT-BOUNDARY
10
917.6887
20
-761.4037
30
0.0
11
913.4866
21
-661.4921
31
0.0
0
LINE
8
LOT-BOUNDARY
10
913.4866
20
-661.4921
30
0.0
11
988.4204
21
-658.3405
31
0.0
0
LINE
8
LOT-BOUNDARY
10
988.4204
20
-658.3405
30
0.0
11
992.6225
21
-758.2522
31
0.0
0
LINE
8
LOT-BOUNDARY
10
992.6225
20
-758.2522
30
0.0
11
917.6887
21
-761.4037
31
0.0
0
TEXT
8
LOT-TEXT
7
STANDARD
10
938.0545
20
-709.8721
30
0.0
40
4.5
1
L13
50
0.0
0
TEXT
8
LOT-TEXT
7
STANDARD
10
938.0545
20
-717.8721
30
0.0
40
3.0
1
7,500sf
50
0.0
0
LINE
8
LOT-BOUNDARY
10
992.6225
20
-758.2522
30
0.0
11
988.4204
21
-658.3405
31
0.0
0
LINE
8
LOT-BOUNDARY
10
988.4204
20
-658.3405
30
0.0
11
1063.3541
21
-655.1889
31
0.0
0
LINE
8
LOT-BOUNDARY
10
1063.3541
20
-655.1889
30
0.0
11
1067.5562
21
-755.1006
31
0.0
0
LINE
8
LOT-BOUNDARY
10
1067.5562
20
-755.1006
30
0.0
11
992.6225
21
-758.2522
31
0.0
0
TEXT
8
LOT-TEXT
7
STANDARD
10
1012.9883
20
-706.7205
30
0.0
40
4.5
1
L14
50
0.0
0
TEXT
8
LOT-TEXT
7
STANDARD
10
1012.9883
20
-714.7205
30
0.0
40
3.0
1
7,500sf
50
0.0
0
LINE
8
LOT-BOUNDARY
10
1067.5562
20
-755.1006
30
0.0
11
1063.3541
21
-655.1889
31
0.0
0
LINE
8
LOT-BOUNDARY
10
1063.3541
20
-655.1889
30
0.0
11
1138.2879
21
-652.0373
31
0.0
0
LINE
8
LOT-BOUNDARY
10
1138.2879
20
-652.0373
30
0.0
11
1142.4900
21
-751.9490
31
0.0
0
LINE
8
LOT-BOUNDARY
10
1142.4900
20
-751.9490
30
0.0
11
1067.5562
21
-755.1006
31
0.0
0
TEXT
8
LOT-TEXT
7
STANDARD
10
1087.9221
20
-703.5690
30
0.0
40
4.5
1
L15
50
0.0
0
TEXT
8
LOT-TEXT
7
STANDARD
10
1087.9221
20
-711.5690
30
0.0
40
3.0
1
7,500sf
50
0.0
0
LINE
8
LOT-BOUNDARY
10
1142.4900
20
-751.9490
30
0.0
11
1138.2879
21
-652.0373
31
0.0
0
LINE
8
LOT-BOUNDARY
10
1138.2879
20
-652.0373
30
0.0
11
1213.2216
21
-648.8858
31
0.0
0
LINE
8
LOT-BOUNDARY
10
1213.2216
20
-648.8858
30
0.0
11
1217.4237
21
-748.7974
31
0.0
0
LINE
8
LOT-BOUNDARY
10
1217.4237
20
-748.7974
30
0.0
11
1142.4900
21
-751.9490
31
0.0
0
TEXT
8
LOT-TEXT
7
STANDARD
10
1162.8558
20
-700.4174
30
0.0
40
4.5
1
L16
50
0.0
0
TEXT
8
LOT-TEXT
7
STANDARD
10
1162.8558
20
-708.4174
30
0.0
40
3.0
1
7,500sf
50
0.0
0
LINE
8
LOT-BOUNDARY
10
1217.4237
20
-748.7974
30
0.0
11
1213.2216
21
-648.8858
31
0.0
0
LINE
8
LOT-BOUNDARY
10
1213.2216
20
-648.8858
30
0.0
11
1291.1535
21
-645.6081
31
0.0
0
LINE
8
LOT-CURVE
10
1291.1535
20
-645.6081
30
0.0
11
1293.6535
21
-645.6281
31
0.0
0
LINE
8
LOT-CURVE
10
1293.6535
20
-645.6281
30
0.0
11
1296.1390
21
-645.8976
31
0.0
0
LINE
8
LOT-CURVE
10
1296.1390
20
-645.8976
30
0.0
11
1298.5851
21
-646.4141
31
0.0
0
LINE
8
LOT-CURVE
10
1298.5851
20
-646.4141
30
0.0
11
1300.9674
21
-647.1723
31
0.0
0
LINE
8
LOT-CURVE
10
1300.9674
20
-647.1723
30
0.0
11
1303.2621
21
-648.1646
31
0.0
0
LINE
8
LOT-CURVE
10
1303.2621
20
-648.1646
30
0.0
11
1305.4462
21
-649.3812
31
0.0
0
LINE
8
LOT-CURVE
10
1305.4462
20
-649.3812
30
0.0
11
1307.4979
21
-650.8098
31
0.0
0
LINE
8
LOT-CURVE
10
1307.4979
20
-650.8098
30
0.0
11
1309.3966
21
-652.4362
31
0.0
0
LINE
8
LOT-CURVE
10
1309.3966
20
-652.4362
30
0.0
11
1311.1234
21
-654.2441
31
0.0
0
LINE
8
LOT-CURVE
10
1311.1234
20
-654.2441
30
0.0
11
1312.6610
21
-656.2155
31
0.0
0
LINE
8
LOT-CURVE
10
1312.6610
20
-656.2155
30
0.0
11
1313.9940
21
-658.3305
31
0.0
0
LINE
8
LOT-CURVE
10
1313.9940
20
-658.3305
30
0.0
11
1315.1091
21
-660.5681
31
0.0
0
LINE
8
LOT-CURVE
10
1315.1091
20
-660.5681
30
0.0
11
1315.9951
21
-662.9059
31
0.0
0
LINE
8
LOT-CURVE
10
1315.9951
20
-662.9059
30
0.0
11
1316.6432
21
-665.3205
31
0.0
0
LINE
8
LOT-CURVE
10
1316.6432
20
-665.3205
30
0.0
11
1317.0469
21
-667.7878
31
0.0
0
LINE
8
LOT-CURVE
10
1317.0469
20
-667.7878
30
0.0
11
1317.2022
21
-670.2830
31
0.0
0
TEXT
8
LOT-DIM
7
STANDARD
10
1310.8966
20
-650.9362
30
0.0
40
2.2
1
R=25.0' L=40.0' D=91%%d42'50"
50
0.0
0
LINE
8
LOT-BOUNDARY
10
1317.2022
20
-670.2830
30
0.0
11
1318.1047
21
-744.5630
31
0.0
0
LINE
8
LOT-BOUNDARY
10
1318.1047
20
-744.5630
30
0.0
11
1217.4237
21
-748.7974
31
0.0
0
TEXT
8
LOT-TEXT
7
STANDARD
10
1256.4212
20
-691.6275
30
0.0
40
4.5
1
L17
50
0.0
0
TEXT
8
LOT-TEXT
7
STANDARD
10
1256.4212
20
-699.6275
30
0.0
40
3.0
1
10,083sf
50
0.0
0
LINE
8
LOT-BOUNDARY
10
1217.4237
20
-748.7974
30
0.0
11
1318.1047
21
-744.5630
31
0.0
0
LINE
8
LOT-BOUNDARY
10
1318.1047
20
-744.5630
30
0.0
11
1319.0254
21
-820.3390
31
0.0
0
LINE
8
LOT-CURVE
10
1319.0254
20
-820.3390
30
0.0
11
1318.9387
21
-822.7441
31
0.0
0
LINE
8
LOT-CURVE
10
1318.9387
20
-822.7441
30
0.0
11
1318.6211
21
-825.1297
31
0.0
0
LINE
8
LOT-CURVE
10
1318.6211
20
-825.1297
30
0.0
11
1318.0756
21
-827.4738
31
0.0
0
LINE
8
LOT-CURVE
10
1318.0756
20
-827.4738
30
0.0
11
1317.3073
21
-829.7546
31
0.0
0
LINE
8
LOT-CURVE
10
1317.3073
20
-829.7546
30
0.0
11
1316.3232
21
-831.9509
31
0.0
0
LINE
8
LOT-CURVE
10
1316.3232
20
-831.9509
30
0.0
11
1315.1324
21
-834.0424
31
0.0
0
LINE
8
LOT-CURVE
10
1315.1324
20
-834.0424
30
0.0
11
1313.7461
21
-836.0097
31
0.0
0
LINE
8
LOT-CURVE
10
1313.7461
20
-836.0097
30
0.0
11
1312.1770
21
-837.8345
31
0.0
0
LINE
8
LOT-CURVE
10
1312.1770
20
-837.8345
30
0.0
11
1310.4397
21
-839.5001
31
0.0
0
LINE
8
LOT-CURVE
10
1310.4397
20
-839.5001
30
0.0
11
1308.5504
21
-840.9909
31
0.0
0
LINE
8
LOT-CURVE
10
1308.5504
20
-840.9909
30
0.0
11
1306.5264
21
-842.2931
31
0.0
0
LINE
8
LOT-CURVE
10
1306.5264
20
-842.2931
30
0.0
11
1304.3866
21
-843.3946
31
0.0
0
LINE
8
LOT-CURVE
10
1304.3866
20
-843.3946
30
0.0
11
1302.1507
21
-844.2853
31
0.0
0
LINE
8
LOT-CURVE
10
1302.1507
20
-844.2853
30
0.0
11
1299.8396
21
-844.9569
31
0.0
0
LINE
8
LOT-CURVE
10
1299.8396
20
-844.9569
30
0.0
11
1297.4747
21
-845.4031
31
0.0
0
LINE
8
LOT-CURVE
10
1297.4747
20
-845.4031
30
0.0
11
1295.0778
21
-845.6199
31
0.0
0
TEXT
8
LOT-DIM
7
STANDARD
10
1313.6770
20
-836.3345
30
0.0
40
2.2
1
R=25.0' L=38.5' D=88%%d17'10"
50
0.0
0
LINE
8
LOT-BOUNDARY
10
1295.0778
20
-845.6199
30
0.0
11
1221.6258
21
-848.7091
31
0.0
0
LINE
8
LOT-BOUNDARY
10
1221.6258
20
-848.7091
30
0.0
11
1217.4237
21
-748.7974
31
0.0
0
TEXT
8
LOT-TEXT
7
STANDARD
10
1259.2515
20
-801.6057
30
0.0
40
4.5
1
L18
50
0.0
0
TEXT
8
LOT-TEXT
7
STANDARD
10
1259.2515
20
-809.6057
30
0.0
40
3.0
1
9,802sf
50
0.0
0
LINE
8
LOT-BOUNDARY
10
1142.4900
20
-751.9490
30
0.0
11
1217.4237
21
-748.7974
31
0.0
0
LINE
8
LOT-BOUNDARY
10
1217.4237
20
-748.7974
30
0.0
11
1221.6258
21
-848.7091
31
0.0
0
LINE
8
LOT-BOUNDARY
10
1221.6258
20
-848.7091
30
0.0
11
1146.6921
21
-851.8607
31
0.0
0
LINE
8
LOT-BOUNDARY
10
1146.6921
20
-851.8607
30
0.0
11
1142.4900
21
-751.9490
31
0.0
0
TEXT
8
LOT-TEXT
7
STANDARD
10
1167.0579
20
-800.3291
30
0.0
40
4.5
1
L19
50
0.0
0
TEXT
8
LOT-TEXT
7
STANDARD
10
1167.0579
20
-808.3291
30
0.0
40
3.0
1
7,500sf
50
0.0
0
LINE
8
LOT-BOUNDARY
10
1067.5562
20
-755.1006
30
0.0
11
1142.4900
21
-751.9490
31
0.0
0
LINE
8
LOT-BOUNDARY
10
1142.4900
20
-751.9490
30
0.0
11
1146.6921
21
-851.8607
31
0.0
0
LINE
8
LOT-BOUNDARY
10
1146.6921
20
-851.8607
30
0.0
11
1071.7583
21
-855.0123
31
0.0
0
LINE
8
LOT-BOUNDARY
10
1071.7583
20
-855.0123
30
0.0
11
1067.5562
21
-755.1006
31
0.0
0
TEXT
8
LOT-TEXT
7
STANDARD
10
1092.1242
20
-803.4806
30
0.0
40
4.5
1
L20
50
0.0
0
TEXT
8
LOT-TEXT
7
STANDARD
10
1092.1242
20
-811.4806
30
0.0
40
3.0
1
7,500sf
50
0.0
0
LINE
8
LOT-BOUNDARY
10
992.6225
20
-758.2522
30
0.0
11
1067.5562
21
-755.1006
31
0.0
0
LINE
8
LOT-BOUNDARY
10
1067.5562
20
-755.1006
30
0.0
11
1071.7583
21
-855.0123
31
0.0
0
LINE
8
LOT-BOUNDARY
10
1071.7583
20
-855.0123
30
0.0
11
996.8246
21
-858.1638
31
0.0
0
LINE
8
LOT-BOUNDARY
10
996.8246
20
-858.1638
30
0.0
11
992.6225
21
-758.2522
31
0.0
0
TEXT
8
LOT-TEXT
7
STANDARD
10
1017.1904
20
-806.6322
30
0.0
40
4.5
1
L21
50
0.0
0
TEXT
8
LOT-TEXT
7
STANDARD
10
1017.1904
20
-814.6322
30
0.0
40
3.0
1
7,500sf
50
0.0
0
LINE
8
LOT-BOUNDARY
10
917.6887
20
-761.4037
30
0.0
11
992.6225
21
-758.2522
31
0.0
0
LINE
8
LOT-BOUNDARY
10
992.6225
20
-758.2522
30
0.0
11
996.8246
21
-858.1638
31
0.0
0
LINE
8
LOT-BOUNDARY
10
996.8246
20
-858.1638
30
0.0
11
921.8908
21
-861.3154
31
0.0
0
LINE
8
LOT-BOUNDARY
10
921.8908
20
-861.3154
30
0.0
11
917.6887
21
-761.4037
31
0.0
0
TEXT
8
LOT-TEXT
7
STANDARD
10
942.2566
20
-809.7838
30
0.0
40
4.5
1
L22
50
0.0
0
TEXT
8
LOT-TEXT
7
STANDARD
10
942.2566
20
-817.7838
30
0.0
40
3.0
1
7,500sf
50
0.0
0
LINE
8
LOT-BOUNDARY
10
842.7550
20
-764.5553
30
0.0
11
917.6887
21
-761.4037
31
0.0
0
LINE
8
LOT-BOUNDARY
10
917.6887
20
-761.4037
30
0.0
11
921.8908
21
-861.3154
31
0.0
0
LINE
8
LOT-BOUNDARY
10
921.8908
20
-861.3154
30
0.0
11
846.9571
21
-864.4670
31
0.0
0
LINE
8
LOT-BOUNDARY
10
846.9571
20
-864.4670
30
0.0
11
842.7550
21
-764.5553
31
0.0
0
TEXT
8
LOT-TEXT
7
STANDARD
10
867.3229
20
-812.9354
30
0.0
40
4.5
1
L23
50
0.0
0
TEXT
8
LOT-TEXT
7
STANDARD
10
867.3229
20
-820.9354
30
0.0
40
3.0
1
7,500sf
50
0.0
0
LINE
8
LOT-BOUNDARY
10
767.8212
20
-767.7069
30
0.0
11
842.7550
21
-764.5553
31
0.0
0
LINE
8
LOT-BOUNDARY
10
842.7550
20
-764.5553
30
0.0
11
846.9571
21
-864.4670
31
0.0
0
LINE
8
LOT-BOUNDARY
10
846.9571
20
-864.4670
30
0.0
11
772.0233
21
-867.6186
31
0.0
0
LINE
8
LOT-BOUNDARY
10
772.0233
20
-867.6186
30
0.0
11
767.8212
21
-767.7069
31
0.0
0
TEXT
8
LOT-TEXT
7
STANDARD
10
792.3891
20
-816.0869
30
0.0
40
4.5
1
L24
50
0.0
0
TEXT
8
LOT-TEXT
7
STANDARD
10
792.3891
20
-824.0869
30
0.0
40
3.0
1
7,500sf
50
0.0
0
LINE
8
LOT-BOUNDARY
10
692.8875
20
-770.8585
30
0.0
11
767.8212
21
-767.7069
31
0.0
0
LINE
8
LOT-BOUNDARY
10
767.8212
20
-767.7069
30
0.0
11
772.0233
21
-867.6186
31
0.0
0
LINE
8
LOT-BOUNDARY
10
772.0233
20
-867.6186
30
0.0
11
697.0895
21
-870.7701
31
0.0
0
LINE
8
LOT-BOUNDARY
10
697.0895
20
-870.7701
30
0.0
11
692.8875
21
-770.8585
31
0.0
0
TEXT
8
LOT-TEXT
7
STANDARD
10
717.4554
20
-819.2385
30
0.0
40
4.5
1
L25
50
0.0
0
TEXT
8
LOT-TEXT
7
STANDARD
10
717.4554
20
-827.2385
30
0.0
40
3.0
1
7,500sf
50
0.0
0
LINE
8
LOT-BOUNDARY
10
617.9537
20
-774.0100
30
0.0
11
692.8875
21
-770.8585
31
0.0
0
LINE
8
LOT-BOUNDARY
10
692.8875
20
-770.8585
30
0.0
11
697.0895
21
-870.7701
31
0.0
0
LINE
8
LOT-BOUNDARY
10
697.0895
20
-870.7701
30
0.0
11
622.1558
21
-873.9217
31
0.0
0
LINE
8
LOT-BOUNDARY
10
622.1558
20
-873.9217
30
0.0
11
617.9537
21
-774.0100
31
0.0
0
TEXT
8
LOT-TEXT
7
STANDARD
10
642.5216
20
-822.3901
30
0.0
40
4.5
1
L26
50
0.0
0
TEXT
8
LOT-TEXT
7
STANDARD
10
642.5216
20
-830.3901
30
0.0
40
3.0
1
7,500sf
50
0.0
0
LINE
8
LOT-BOUNDARY
10
512.8067
20
-778.4323
30
0.0
11
617.9537
21
-774.0100
31
0.0
0
LINE
8
LOT-BOUNDARY
10
617.9537
20
-774.0100
30
0.0
11
622.1558
21
-873.9217
31
0.0
0
LINE
8
LOT-BOUNDARY
10
622.1558
20
-873.9217
30
0.0
11
616.7192
21
-874.1343
31
0.0
0
LINE
8
LOT-CURVE
10
616.7192
20
-874.1343
30
0.0
11
612.9917
21
-874.3251
31
0.0
0
LINE
8
LOT-CURVE
10
612.9917
20
-874.3251
30
0.0
11
609.2684
21
-874.5861
31
0.0
0
LINE
8
LOT-CURVE
10
609.2684
20
-874.5861
30
0.0
11
605.5508
21
-874.9173
31
0.0
0
LINE
8
LOT-CURVE
10
605.5508
20
-874.9173
30
0.0
11
601.8400
21
-875.3186
31
0.0
0
LINE
8
LOT-CURVE
10
601.8400
20
-875.3186
30
0.0
11
598.1374
21
-875.7897
31
0.0
0
LINE
8
LOT-CURVE
10
598.1374
20
-875.7897
30
0.0
11
594.4444
21
-876.3306
31
0.0
0
LINE
8
LOT-CURVE
10
594.4444
20
-876.3306
30
0.0
11
590.7622
21
-876.9409
31
0.0
0
LINE
8
LOT-CURVE
10
590.7622
20
-876.9409
30
0.0
11
587.0923
21
-877.6206
31
0.0
0
LINE
8
LOT-CURVE
10
587.0923
20
-877.6206
30
0.0
11
583.4357
21
-878.3694
31
0.0
0
LINE
8
LOT-CURVE
10
583.4357
20
-878.3694
30
0.0
11
579.7940
21
-879.1870
31
0.0
0
LINE
8
LOT-CURVE
10
579.7940
20
-879.1870
30
0.0
11
576.1683
21
-880.0731
31
0.0
0
LINE
8
LOT-CURVE
10
576.1683
20
-880.0731
30
0.0
11
572.5599
21
-881.0274
31
0.0
0
LINE
8
LOT-CURVE
10
572.5599
20
-881.0274
30
0.0
11
568.9702
21
-882.0496
31
0.0
0
LINE
8
LOT-CURVE
10
568.9702
20
-882.0496
30
0.0
11
565.4004
21
-883.1393
31
0.0
0
LINE
8
LOT-CURVE
10
565.4004
20
-883.1393
30
0.0
11
561.8518
21
-884.2961
31
0.0
0
LINE
8
LOT-CURVE
10
561.8518
20
-884.2961
30
0.0
11
558.3256
21
-885.5195
31
0.0
0
TEXT
8
LOT-DIM
7
STANDARD
10
588.5923
20
-876.1206
30
0.0
40
2.2
1
R=197.9' L=59.7' D=17%%d17'08"
50
0.0
0
LINE
8
LOT-BOUNDARY
10
558.3256
20
-885.5195
30
0.0
11
512.8067
21
-778.4323
31
0.0
0
TEXT
8
LOT-TEXT
7
STANDARD
10
570.5922
20
-837.2036
30
0.0
40
4.5
1
L27
50
0.0
0
TEXT
8
LOT-TEXT
7
STANDARD
10
570.5922
20
-845.2036
30
0.0
40
3.0
1
8,830sf
50
0.0
0
TEXT
8
BLOCK-TITLE
7
STANDARD
10
0.0000
20
-1170.0000
30
0.0
40
8.0
1
BLOCK_15 (18 LOTS)
50
0.0
0
LINE
8
BLOCK-BORDER
10
-838.2653
20
-1425.2196
30
0.0
11
-838.2653
21
-1054.9627
31
0.0
0
LINE
8
BLOCK-BORDER
10
-838.2653
20
-1054.9627
30
0.0
11
16.2147
21
-1054.9627
31
0.0
0
LINE
8
BLOCK-BORDER
10
16.2147
20
-1054.9627
30
0.0
11
16.2147
21
-1425.2196
31
0.0
0
LINE
8
BLOCK-BORDER
10
16.2147
20
-1425.2196
30
0.0
11
-838.2653
21
-1425.2196
31
0.0
0
LINE
8
LOT-BOUNDARY
10
-97.1100
20
-1103.9959
30
0.0
11
-26.9512
21
-1101.0451
31
0.0
0
LINE
8
LOT-CURVE
10
-26.9512
20
-1101.0451
30
0.0
11
-24.4512
21
-1101.0651
31
0.0
0
LINE
8
LOT-CURVE
10
-24.4512
20
-1101.0651
30
0.0
11
-21.9657
21
-1101.3346
31
0.0
0
LINE
8
LOT-CURVE
10
-21.9657
20
-1101.3346
30
0.0
11
-19.5196
21
-1101.8511
31
0.0
0
LINE
8
LOT-CURVE
10
-19.5196
20
-1101.8511
30
0.0
11
-17.1373
21
-1102.6093
31
0.0
0
LINE
8
LOT-CURVE
10
-17.1373
20
-1102.6093
30
0.0
11
-14.8426
21
-1103.6016
31
0.0
0
LINE
8
LOT-CURVE
10
-14.8426
20
-1103.6016
30
0.0
11
-12.6585
21
-1104.8182
31
0.0
0
LINE
8
LOT-CURVE
10
-12.6585
20
-1104.8182
30
0.0
11
-10.6068
21
-1106.2468
31
0.0
0
LINE
8
LOT-CURVE
10
-10.6068
20
-1106.2468
30
0.0
11
-8.7081
21
-1107.8732
31
0.0
0
LINE
8
LOT-CURVE
10
-8.7081
20
-1107.8732
30
0.0
11
-6.9813
21
-1109.6812
31
0.0
0
LINE
8
LOT-CURVE
10
-6.9813
20
-1109.6812
30
0.0
11
-5.4437
21
-1111.6525
31
0.0
0
LINE
8
LOT-CURVE
10
-5.4437
20
-1111.6525
30
0.0
11
-4.1107
21
-1113.7675
31
0.0
0
LINE
8
LOT-CURVE
10
-4.1107
20
-1113.7675
30
0.0
11
-2.9956
21
-1116.0051
31
0.0
0
LINE
8
LOT-CURVE
10
-2.9956
20
-1116.0051
30
0.0
11
-2.1096
21
-1118.3429
31
0.0
0
LINE
8
LOT-CURVE
10
-2.1096
20
-1118.3429
30
0.0
11
-1.4615
21
-1120.7575
31
0.0
0
LINE
8
LOT-CURVE
10
-1.4615
20
-1120.7575
30
0.0
11
-1.0578
21
-1123.2248
31
0.0
0
LINE
8
LOT-CURVE
10
-1.0578
20
-1123.2248
30
0.0
11
-0.9025
21
-1125.7200
31
0.0
0
TEXT
8
LOT-DIM
7
STANDARD
10
-7.2081
20
-1106.3732
30
0.0
40
2.2
1
R=25.0' L=40.0' D=91%%d42'50"
50
0.0
0
LINE
8
LOT-BOUNDARY
10
-0.9025
20
-1125.7200
30
0.0
11
0.0000
21
-1200.0000
31
0.0
0
LINE
8
LOT-BOUNDARY
10
0.0000
20
-1200.0000
30
0.0
11
-92.9079
21
-1203.9075
31
0.0
0
LINE
8
LOT-BOUNDARY
10
-92.9079
20
-1203.9075
30
0.0
11
-97.1100
21
-1103.9959
31
0.0
0
TEXT
8
LOT-TEXT
7
STANDARD
10
-58.5743
20
-1146.9337
30
0.0
40
4.5
1
L9
50
0.0
0
TEXT
8
LOT-TEXT
7
STANDARD
10
-58.5743
20
-1154.9337
30
0.0
40
3.0
1
9,305sf
50
0.0
0
LINE
8
LOT-BOUNDARY
10
-172.0437
20
-1107.1474
30
0.0
11
-97.1100
21
-1103.9959
31
0.0
0
LINE
8
LOT-BOUNDARY
10
-97.1100
20
-1103.9959
30
0.0
11
-92.9079
21
-1203.9075
31
0.0
0
LINE
8
LOT-BOUNDARY
10
-92.9079
20
-1203.9075
30
0.0
11
-167.8416
21
-1207.0591
31
0.0
0
LINE
8
LOT-BOUNDARY
10
-167.8416
20
-1207.0591
30
0.0
11
-172.0437
21
-1107.1474
31
0.0
0
TEXT
8
LOT-TEXT
7
STANDARD
10
-147.4758
20
-1155.5275
30
0.0
40
4.5
1
L8
50
0.0
0
TEXT
8
LOT-TEXT
7
STANDARD
10
-147.4758
20
-1163.5275
30
0.0
40
3.0
1
7,500sf
50
0.0
0
LINE
8
LOT-BOUNDARY
10
-246.9775
20
-1110.2990
30
0.0
11
-172.0437
21
-1107.1474
31
0.0
0
LINE
8
LOT-BOUNDARY
10
-172.0437
20
-1107.1474
30
0.0
11
-167.8416
21
-1207.0591
31
0.0
0
LINE
8
LOT-BOUNDARY
10
-167.8416
20
-1207.0591
30
0.0
11
-242.7754
21
-1210.2107
31
0.0
0
LINE
8
LOT-BOUNDARY
10
-242.7754
20
-1210.2107
30
0.0
11
-246.9775
21
-1110.2990
31
0.0
0
TEXT
8
LOT-TEXT
7
STANDARD
10
-222.4095
20
-1158.6791
30
0.0
40
4.5
1
L7
50
0.0
0
TEXT
8
LOT-TEXT
7
STANDARD
10
-222.4095
20
-1166.6791
30
0.0
40
3.0
1
7,500sf
50
0.0
0
LINE
8
LOT-BOUNDARY
10
-321.9112
20
-1113.4506
30
0.0
11
-246.9775
21
-1110.2990
31
0.0
0
LINE
8
LOT-BOUNDARY
10
-246.9775
20
-1110.2990
30
0.0
11
-242.7754
21
-1210.2107
31
0.0
0
LINE
8
LOT-BOUNDARY
10
-242.7754
20
-1210.2107
30
0.0
11
-317.7091
21
-1213.3622
31
0.0
0
LINE
8
LOT-BOUNDARY
10
-317.7091
20
-1213.3622
30
0.0
11
-321.9112
21
-1113.4506
31
0.0
0
TEXT
8
LOT-TEXT
7
STANDARD
10
-297.3433
20
-1161.8306
30
0.0
40
4.5
1
L6
50
0.0
0
TEXT
8
LOT-TEXT
7
STANDARD
10
-297.3433
20
-1169.8306
30
0.0
40
3.0
1
7,500sf
50
0.0
0
LINE
8
LOT-BOUNDARY
10
-410.3131
20
-1117.1686
30
0.0
11
-321.9112
21
-1113.4506
31
0.0
0
LINE
8
LOT-BOUNDARY
10
-321.9112
20
-1113.4506
30
0.0
11
-317.7091
21
-1213.3622
31
0.0
0
LINE
8
LOT-BOUNDARY
10
-317.7091
20
-1213.3622
30
0.0
11
-406.1110
21
-1217.0803
31
0.0
0
LINE
8
LOT-BOUNDARY
10
-406.1110
20
-1217.0803
30
0.0
11
-410.3131
21
-1117.1686
31
0.0
0
TEXT
8
LOT-TEXT
7
STANDARD
10
-379.0111
20
-1165.2654
30
0.0
40
4.5
1
L5
50
0.0
0
TEXT
8
LOT-TEXT
7
STANDARD
10
-379.0111
20
-1173.2654
30
0.0
40
3.0
1
8,848sf
50
0.0
0
LINE
8
LOT-BOUNDARY
10
-498.7149
20
-1120.8866
30
0.0
11
-410.3131
21
-1117.1686
31
0.0
0
LINE
8
LOT-BOUNDARY
10
-410.3131
20
-1117.1686
30
0.0
11
-406.1110
21
-1217.0803
31
0.0
0
LINE
8
LOT-BOUNDARY
10
-406.1110
20
-1217.0803
30
0.0
11
-494.5128
21
-1220.7983
31
0.0
0
LINE
8
LOT-BOUNDARY
10
-494.5128
20
-1220.7983
30
0.0
11
-498.7149
21
-1120.8866
31
0.0
0
TEXT
8
LOT-TEXT
7
STANDARD
10
-467.4129
20
-1168.9834
30
0.0
40
4.5
1
L4
50
0.0
0
TEXT
8
LOT-TEXT
7
STANDARD
10
-467.4129
20
-1176.9834
30
0.0
40
3.0
1
8,848sf
50
0.0
0
LINE
8
LOT-BOUNDARY
10
-587.1368
20
-1124.6055
30
0.0
11
-498.7149
21
-1120.8866
31
0.0
0
LINE
8
LOT-BOUNDARY
10
-498.7149
20
-1120.8866
30
0.0
11
-494.5128
21
-1220.7983
31
0.0
0
LINE
8
LOT-BOUNDARY
10
-494.5128
20
-1220.7983
30
0.0
11
-582.9347
21
-1224.5171
31
0.0
0
LINE
8
LOT-BOUNDARY
10
-582.9347
20
-1224.5171
30
0.0
11
-587.1368
21
-1124.6055
31
0.0
0
TEXT
8
LOT-TEXT
7
STANDARD
10
-555.8248
20
-1172.7019
30
0.0
40
4.5
1
L3
50
0.0
0
TEXT
8
LOT-TEXT
7
STANDARD
10
-555.8248
20
-1180.7019
30
0.0
40
3.0
1
8,850sf
50
0.0
0
LINE
8
LOT-BOUNDARY
10
-687.0484
20
-1128.8076
30
0.0
11
-587.1368
21
-1124.6055
31
0.0
0
LINE
8
LOT-BOUNDARY
10
-587.1368
20
-1124.6055
30
0.0
11
-582.9347
21
-1224.5171
31
0.0
0
LINE
8
LOT-BOUNDARY
10
-582.9347
20
-1224.5171
30
0.0
11
-683.6401
21
-1209.7665
31
0.0
0
LINE
8
LOT-BOUNDARY
10
-683.6401
20
-1209.7665
30
0.0
11
-687.0484
21
-1128.8076
31
0.0
0
TEXT
8
LOT-TEXT
7
STANDARD
10
-650.1900
20
-1171.9242
30
0.0
40
4.5
1
L2
50
0.0
0
TEXT
8
LOT-TEXT
7
STANDARD
10
-650.1900
20
-1179.9242
30
0.0
40
3.0
1
9,051sf
50
0.0
0
LINE
8
LOT-BOUNDARY
10
-729.4159
20
-1274.4044
30
0.0
11
-802.8632
21
-1222.3901
31
0.0
0
LINE
8
LOT-CURVE
10
-802.8632
20
-1222.3901
30
0.0
11
-804.7934
21
-1220.8757
31
0.0
0
LINE
8
LOT-CURVE
10
-804.7934
20
-1220.8757
30
0.0
11
-806.5658
21
-1219.1793
31
0.0
0
LINE
8
LOT-CURVE
10
-806.5658
20
-1219.1793
30
0.0
11
-808.1635
21
-1217.3174
31
0.0
0
LINE
8
LOT-CURVE
10
-808.1635
20
-1217.3174
30
0.0
11
-809.5709
21
-1215.3079
31
0.0
0
LINE
8
LOT-CURVE
10
-809.5709
20
-1215.3079
30
0.0
11
-810.7746
21
-1213.1701
31
0.0
0
LINE
8
LOT-CURVE
10
-810.7746
20
-1213.1701
30
0.0
11
-811.7630
21
-1210.9246
31
0.0
0
LINE
8
LOT-CURVE
10
-811.7630
20
-1210.9246
30
0.0
11
-812.5265
21
-1208.5931
31
0.0
0
LINE
8
LOT-CURVE
10
-812.5265
20
-1208.5931
30
0.0
11
-813.0578
21
-1206.1979
31
0.0
0
LINE
8
LOT-CURVE
10
-813.0578
20
-1206.1979
30
0.0
11
-813.3518
21
-1203.7622
31
0.0
0
LINE
8
LOT-CURVE
10
-813.3518
20
-1203.7622
30
0.0
11
-813.4056
21
-1201.3094
31
0.0
0
LINE
8
LOT-CURVE
10
-813.4056
20
-1201.3094
30
0.0
11
-813.2187
21
-1198.8632
31
0.0
0
LINE
8
LOT-CURVE
10
-813.2187
20
-1198.8632
30
0.0
11
-812.7930
21
-1196.4470
31
0.0
0
LINE
8
LOT-CURVE
10
-812.7930
20
-1196.4470
30
0.0
11
-812.1325
21
-1194.0842
31
0.0
0
LINE
8
LOT-CURVE
10
-812.1325
20
-1194.0842
30
0.0
11
-811.2436
21
-1191.7975
31
0.0
0
LINE
8
LOT-CURVE
10
-811.2436
20
-1191.7975
30
0.0
11
-810.1348
21
-1189.6090
31
0.0
0
LINE
8
LOT-CURVE
10
-810.1348
20
-1189.6090
30
0.0
11
-808.8168
21
-1187.5397
31
0.0
0
TEXT
8
LOT-DIM
7
STANDARD
10
-811.5578
20
-1204.6979
30
0.0
40
2.2
1
R=25.0' L=39.3' D=90%%d00'00"
50
0.0
0
LINE
8
LOT-CURVE
10
-808.8168
20
-1187.5397
30
0.0
11
-804.0890
21
-1181.2518
31
0.0
0
LINE
8
LOT-CURVE
10
-804.0890
20
-1181.2518
30
0.0
11
-799.0105
21
-1175.2437
31
0.0
0
LINE
8
LOT-CURVE
10
-799.0105
20
-1175.2437
30
0.0
11
-793.5977
21
-1169.5349
31
0.0
0
LINE
8
LOT-CURVE
10
-793.5977
20
-1169.5349
30
0.0
11
-787.8683
21
-1164.1439
31
0.0
0
LINE
8
LOT-CURVE
10
-787.8683
20
-1164.1439
30
0.0
11
-781.8408
21
-1159.0883
31
0.0
0
LINE
8
LOT-CURVE
10
-781.8408
20
-1159.0883
30
0.0
11
-775.5350
21
-1154.3845
31
0.0
0
LINE
8
LOT-CURVE
10
-775.5350
20
-1154.3845
30
0.0
11
-768.9714
21
-1150.0478
31
0.0
0
LINE
8
LOT-CURVE
10
-768.9714
20
-1150.0478
30
0.0
11
-762.1711
21
-1146.0923
31
0.0
0
LINE
8
LOT-CURVE
10
-762.1711
20
-1146.0923
30
0.0
11
-755.1565
21
-1142.5309
31
0.0
0
LINE
8
LOT-CURVE
10
-755.1565
20
-1142.5309
30
0.0
11
-747.9502
21
-1139.3751
31
0.0
0
LINE
8
LOT-CURVE
10
-747.9502
20
-1139.3751
30
0.0
11
-740.5758
21
-1136.6353
31
0.0
0
LINE
8
LOT-CURVE
10
-740.5758
20
-1136.6353
30
0.0
11
-733.0572
21
-1134.3203
31
0.0
0
LINE
8
LOT-CURVE
10
-733.0572
20
-1134.3203
30
0.0
11
-725.4188
21
-1132.4376
31
0.0
0
LINE
8
LOT-CURVE
10
-725.4188
20
-1132.4376
30
0.0
11
-717.6856
21
-1130.9934
31
0.0
0
LINE
8
LOT-CURVE
10
-717.6856
20
-1130.9934
30
0.0
11
-709.8826
21
-1129.9924
31
0.0
0
LINE
8
LOT-CURVE
10
-709.8826
20
-1129.9924
30
0.0
11
-702.0352
21
-1129.4379
31
0.0
0
TEXT
8
LOT-DIM
7
STANDARD
10
-760.6711
20
-1144.5923
30
0.0
40
2.2
1
R=137.9' L=125.9' D=52%%d17'10"
50
0.0
0
LINE
8
LOT-BOUNDARY
10
-702.0352
20
-1129.4379
30
0.0
11
-687.0484
21
-1128.8076
31
0.0
0
LINE
8
LOT-BOUNDARY
10
-687.0484
20
-1128.8076
30
0.0
11
-683.6401
21
-1209.7665
31
0.0
0
LINE
8
LOT-BOUNDARY
10
-683.6401
20
-1209.7665
30
0.0
11
-729.4159
21
-1274.4044
31
0.0
0
TEXT
8
LOT-TEXT
7
STANDARD
10
-750.6366
20
-1192.0577
30
0.0
40
4.5
1
L1
50
0.0
0
TEXT
8
LOT-TEXT
7
STANDARD
10
-750.6366
20
-1200.0577
30
0.0
40
3.0
1
12,445sf
50
0.0
0
LINE
8
LOT-BOUNDARY
10
-92.9079
20
-1203.9075
30
0.0
11
0.0000
21
-1200.0000
31
0.0
0
LINE
8
LOT-BOUNDARY
10
0.0000
20
-1200.0000
30
0.0
11
0.9207
21
-1275.7760
31
0.0
0
LINE
8
LOT-CURVE
10
0.9207
20
-1275.7760
30
0.0
11
0.8340
21
-1278.1811
31
0.0
0
LINE
8
LOT-CURVE
10
0.8340
20
-1278.1811
30
0.0
11
0.5164
21
-1280.5668
31
0.0
0
LINE
8
LOT-CURVE
10
0.5164
20
-1280.5668
30
0.0
11
-0.0291
21
-1282.9108
31
0.0
0
LINE
8
LOT-CURVE
10
-0.0291
20
-1282.9108
30
0.0
11
-0.7975
21
-1285.1916
31
0.0
0
LINE
8
LOT-CURVE
10
-0.7975
20
-1285.1916
30
0.0
11
-1.7816
21
-1287.3879
31
0.0
0
LINE
8
LOT-CURVE
10
-1.7816
20
-1287.3879
30
0.0
11
-2.9723
21
-1289.4794
31
0.0
0
LINE
8
LOT-CURVE
10
-2.9723
20
-1289.4794
30
0.0
11
-4.3586
21
-1291.4467
31
0.0
0
LINE
8
LOT-CURVE
10
-4.3586
20
-1291.4467
30
0.0
11
-5.9277
21
-1293.2716
31
0.0
0
LINE
8
LOT-CURVE
10
-5.9277
20
-1293.2716
30
0.0
11
-7.6650
21
-1294.9371
31
0.0
0
LINE
8
LOT-CURVE
10
-7.6650
20
-1294.9371
30
0.0
11
-9.5544
21
-1296.4279
31
0.0
0
LINE
8
LOT-CURVE
10
-9.5544
20
-1296.4279
30
0.0
11
-11.5783
21
-1297.7301
31
0.0
0
LINE
8
LOT-CURVE
10
-11.5783
20
-1297.7301
30
0.0
11
-13.7182
21
-1298.8316
31
0.0
0
LINE
8
LOT-CURVE
10
-13.7182
20
-1298.8316
30
0.0
11
-15.9540
21
-1299.7223
31
0.0
0
LINE
8
LOT-CURVE
10
-15.9540
20
-1299.7223
30
0.0
11
-18.2651
21
-1300.3939
31
0.0
0
LINE
8
LOT-CURVE
10
-18.2651
20
-1300.3939
30
0.0
11
-20.6301
21
-1300.8401
31
0.0
0
LINE
8
LOT-CURVE
10
-20.6301
20
-1300.8401
30
0.0
11
-23.0270
21
-1301.0569
31
0.0
0
TEXT
8
LOT-DIM
7
STANDARD
10
-4.4277
20
-1291.7716
30
0.0
40
2.2
1
R=25.0' L=38.5' D=88%%d17'10"
50
0.0
0
LINE
8
LOT-BOUNDARY
10
-23.0270
20
-1301.0569
30
0.0
11
-88.7058
21
-1303.8192
31
0.0
0
LINE
8
LOT-BOUNDARY
10
-88.7058
20
-1303.8192
30
0.0
11
-92.9079
21
-1203.9075
31
0.0
0
TEXT
8
LOT-TEXT
7
STANDARD
10
-55.7440
20
-1256.9119
30
0.0
40
4.5
1
L10
50
0.0
0
TEXT
8
LOT-TEXT
7
STANDARD
10
-55.7440
20
-1264.9119
30
0.0
40
3.0
1
9,024sf
50
0.0
0
LINE
8
LOT-BOUNDARY
10
-167.8416
20
-1207.0591
30
0.0
11
-92.9079
21
-1203.9075
31
0.0
0
LINE
8
LOT-BOUNDARY
10
-92.9079
20
-1203.9075
30
0.0
11
-88.7058
21
-1303.8192
31
0.0
0
LINE
8
LOT-BOUNDARY
10
-88.7058
20
-1303.8192
30
0.0
11
-163.6395
21
-1306.9708
31
0.0
0
LINE
8
LOT-BOUNDARY
10
-163.6395
20
-1306.9708
30
0.0
11
-167.8416
21
-1207.0591
31
0.0
0
TEXT
8
LOT-TEXT
7
STANDARD
10
-143.2737
20
-1255.4392
30
0.0
40
4.5
1
L11
50
0.0
0
TEXT
8
LOT-TEXT
7
STANDARD
10
-143.2737
20
-1263.4392
30
0.0
40
3.0
1
7,500sf
50
0.0
0
LINE
8
LOT-BOUNDARY
10
-242.7754
20
-1210.2107
30
0.0
11
-167.8416
21
-1207.0591
31
0.0
0
LINE
8
LOT-BOUNDARY
10
-167.8416
20
-1207.0591
30
0.0
11
-163.6395
21
-1306.9708
31
0.0
0
LINE
8
LOT-BOUNDARY
10
-163.6395
20
-1306.9708
30
0.0
11
-238.5733
21
-1310.1223
31
0.0
0
LINE
8
LOT-BOUNDARY
10
-238.5733
20
-1310.1223
30
0.0
11
-242.7754
21
-1210.2107
31
0.0
0
TEXT
8
LOT-TEXT
7
STANDARD
10
-218.2074
20
-1258.5907
30
0.0
40
4.5
1
L12
50
0.0
0
TEXT
8
LOT-TEXT
7
STANDARD
10
-218.2074
20
-1266.5907
30
0.0
40
3.0
1
7,500sf
50
0.0
0
LINE
8
LOT-BOUNDARY
10
-317.7091
20
-1213.3622
30
0.0
11
-242.7754
21
-1210.2107
31
0.0
0
LINE
8
LOT-BOUNDARY
10
-242.7754
20
-1210.2107
30
0.0
11
-238.5733
21
-1310.1223
31
0.0
0
LINE
8
LOT-BOUNDARY
10
-238.5733
20
-1310.1223
30
0.0
11
-313.5070
21
-1313.2739
31
0.0
0
LINE
8
LOT-BOUNDARY
10
-313.5070
20
-1313.2739
30
0.0
11
-317.7091
21
-1213.3622
31
0.0
0
TEXT
8
LOT-TEXT
7
STANDARD
10
-293.1412
20
-1261.7423
30
0.0
40
4.5
1
L13
50
0.0
0
TEXT
8
LOT-TEXT
7
STANDARD
10
-293.1412
20
-1269.7423
30
0.0
40
3.0
1
7,500sf
50
0.0
0
LINE
8
LOT-BOUNDARY
10
-392.6429
20
-1216.5138
30
0.0
11
-317.7091
21
-1213.3622
31
0.0
0
LINE
8
LOT-BOUNDARY
10
-317.7091
20
-1213.3622
30
0.0
11
-313.5070
21
-1313.2739
31
0.0
0
LINE
8
LOT-BOUNDARY
10
-313.5070
20
-1313.2739
30
0.0
11
-388.4408
21
-1316.4255
31
0.0
0
LINE
8
LOT-BOUNDARY
10
-388.4408
20
-1316.4255
30
0.0
11
-392.6429
21
-1216.5138
31
0.0
0
TEXT
8
LOT-TEXT
7
STANDARD
10
-368.0750
20
-1264.8939
30
0.0
40
4.5
1
L14
50
0.0
0
TEXT
8
LOT-TEXT
7
STANDARD
10
-368.0750
20
-1272.8939
30
0.0
40
3.0
1
7,500sf
50
0.0
0
LINE
8
LOT-BOUNDARY
10
-467.5766
20
-1219.6654
30
0.0
11
-392.6429
21
-1216.5138
31
0.0
0
LINE
8
LOT-BOUNDARY
10
-392.6429
20
-1216.5138
30
0.0
11
-388.4408
21
-1316.4255
31
0.0
0
LINE
8
LOT-CURVE
10
-388.4408
20
-1316.4255
30
0.0
11
-393.1771
21
-1316.6885
31
0.0
0
LINE
8
LOT-CURVE
10
-393.1771
20
-1316.6885
30
0.0
11
-397.9044
21
-1317.0805
31
0.0
0
LINE
8
LOT-CURVE
10
-397.9044
20
-1317.0805
30
0.0
11
-402.6193
21
-1317.6014
31
0.0
0
LINE
8
LOT-CURVE
10
-402.6193
20
-1317.6014
30
0.0
11
-407.3182
21
-1318.2506
31
0.0
0
LINE
8
LOT-CURVE
10
-407.3182
20
-1318.2506
30
0.0
11
-411.9977
21
-1319.0277
31
0.0
0
LINE
8
LOT-CURVE
10
-411.9977
20
-1319.0277
30
0.0
11
-416.6543
21
-1319.9321
31
0.0
0
LINE
8
LOT-CURVE
10
-416.6543
20
-1319.9321
30
0.0
11
-421.2844
21
-1320.9632
31
0.0
0
LINE
8
LOT-CURVE
10
-421.2844
20
-1320.9632
30
0.0
11
-425.8847
21
-1322.1202
31
0.0
0
LINE
8
LOT-CURVE
10
-425.8847
20
-1322.1202
30
0.0
11
-430.4518
21
-1323.4022
31
0.0
0
LINE
8
LOT-CURVE
10
-430.4518
20
-1323.4022
30
0.0
11
-434.9822
21
-1324.8082
31
0.0
0
LINE
8
LOT-CURVE
10
-434.9822
20
-1324.8082
30
0.0
11
-439.4725
21
-1326.3373
31
0.0
0
LINE
8
LOT-CURVE
10
-439.4725
20
-1326.3373
30
0.0
11
-443.9195
21
-1327.9883
31
0.0
0
LINE
8
LOT-CURVE
10
-443.9195
20
-1327.9883
30
0.0
11
-448.3198
21
-1329.7599
31
0.0
0
LINE
8
LOT-CURVE
10
-448.3198
20
-1329.7599
30
0.0
11
-452.6702
21
-1331.6509
31
0.0
0
LINE
8
LOT-CURVE
10
-452.6702
20
-1331.6509
30
0.0
11
-456.9674
21
-1333.6597
31
0.0
0
LINE
8
LOT-CURVE
10
-456.9674
20
-1333.6597
30
0.0
11
-461.2082
21
-1335.7851
31
0.0
0
TEXT
8
LOT-DIM
7
STANDARD
10
-424.3847
20
-1320.6202
30
0.0
40
2.2
1
R=173.9' L=75.9' D=25%%d00'10"
50
0.0
0
LINE
8
LOT-BOUNDARY
10
-461.2082
20
-1335.7851
30
0.0
11
-467.5766
21
-1219.6654
31
0.0
0
TEXT
8
LOT-TEXT
7
STANDARD
10
-442.4671
20
-1272.0974
30
0.0
40
4.5
1
L15
50
0.0
0
TEXT
8
LOT-TEXT
7
STANDARD
10
-442.4671
20
-1280.0974
30
0.0
40
3.0
1
7,829sf
50
0.0
0
LINE
8
LOT-BOUNDARY
10
-542.5104
20
-1222.8170
30
0.0
11
-467.5766
21
-1219.6654
31
0.0
0
LINE
8
LOT-BOUNDARY
10
-467.5766
20
-1219.6654
30
0.0
11
-461.2082
21
-1335.7851
31
0.0
0
LINE
8
LOT-CURVE
10
-461.2082
20
-1335.7851
30
0.0
11
-465.7679
21
-1338.2362
31
0.0
0
LINE
8
LOT-CURVE
10
-465.7679
20
-1338.2362
30
0.0
11
-470.2526
21
-1340.8220
31
0.0
0
LINE
8
LOT-CURVE
10
-470.2526
20
-1340.8220
30
0.0
11
-474.6584
21
-1343.5400
31
0.0
0
LINE
8
LOT-CURVE
10
-474.6584
20
-1343.5400
30
0.0
11
-478.9813
21
-1346.3880
31
0.0
0
LINE
8
LOT-CURVE
10
-478.9813
20
-1346.3880
30
0.0
11
-483.2176
21
-1349.3634
31
0.0
0
LINE
8
LOT-CURVE
10
-483.2176
20
-1349.3634
30
0.0
11
-487.3634
21
-1352.4635
31
0.0
0
LINE
8
LOT-CURVE
10
-487.3634
20
-1352.4635
30
0.0
11
-491.4152
21
-1355.6856
31
0.0
0
LINE
8
LOT-CURVE
10
-491.4152
20
-1355.6856
30
0.0
11
-495.3692
21
-1359.0269
31
0.0
0
LINE
8
LOT-CURVE
10
-495.3692
20
-1359.0269
30
0.0
11
-499.2221
21
-1362.4844
31
0.0
0
LINE
8
LOT-CURVE
10
-499.2221
20
-1362.4844
30
0.0
11
-502.9704
21
-1366.0550
31
0.0
0
LINE
8
LOT-CURVE
10
-502.9704
20
-1366.0550
30
0.0
11
-506.6107
21
-1369.7356
31
0.0
0
LINE
8
LOT-CURVE
10
-506.6107
20
-1369.7356
30
0.0
11
-510.1399
21
-1373.5229
31
0.0
0
LINE
8
LOT-CURVE
10
-510.1399
20
-1373.5229
30
0.0
11
-513.5548
21
-1377.4135
31
0.0
0
LINE
8
LOT-CURVE
10
-513.5548
20
-1377.4135
30
0.0
11
-516.8525
21
-1381.4040
31
0.0
0
LINE
8
LOT-CURVE
10
-516.8525
20
-1381.4040
30
0.0
11
-520.0299
21
-1385.4910
31
0.0
0
LINE
8
LOT-CURVE
10
-520.0299
20
-1385.4910
30
0.0
11
-523.0843
21
-1389.6706
31
0.0
0
TEXT
8
LOT-DIM
7
STANDARD
10
-493.8692
20
-1357.5269
30
0.0
40
2.2
1
R=173.9' L=82.8' D=27%%d17'10"
50
0.0
0
LINE
8
LOT-BOUNDARY
10
-523.0843
20
-1389.6706
30
0.0
11
-542.5104
21
-1222.8170
31
0.0
0
TEXT
8
LOT-TEXT
7
STANDARD
10
-513.5949
20
-1291.9845
30
0.0
40
4.5
1
L16
50
0.0
0
TEXT
8
LOT-TEXT
7
STANDARD
10
-513.5949
20
-1299.9845
30
0.0
40
3.0
1
9,777sf
50
0.0
0
LINE
8
LOT-BOUNDARY
10
-582.9347
20
-1224.5171
30
0.0
11
-542.5104
21
-1222.8170
31
0.0
0
LINE
8
LOT-BOUNDARY
10
-542.5104
20
-1222.8170
30
0.0
11
-523.0843
21
-1389.6706
31
0.0
0
LINE
8
LOT-BOUNDARY
10
-523.0843
20
-1389.6706
30
0.0
11
-523.1883
21
-1389.8175
31
0.0
0
LINE
8
LOT-CURVE
10
-523.1883
20
-1389.8175
30
0.0
11
-524.7027
21
-1391.7477
31
0.0
0
LINE
8
LOT-CURVE
10
-524.7027
20
-1391.7477
30
0.0
11
-526.3991
21
-1393.5201
31
0.0
0
LINE
8
LOT-CURVE
10
-526.3991
20
-1393.5201
30
0.0
11
-528.2609
21
-1395.1178
31
0.0
0
LINE
8
LOT-CURVE
10
-528.2609
20
-1395.1178
30
0.0
11
-530.2705
21
-1396.5252
31
0.0
0
LINE
8
LOT-CURVE
10
-530.2705
20
-1396.5252
30
0.0
11
-532.4083
21
-1397.7289
31
0.0
0
LINE
8
LOT-CURVE
10
-532.4083
20
-1397.7289
30
0.0
11
-534.6538
21
-1398.7173
31
0.0
0
LINE
8
LOT-CURVE
10
-534.6538
20
-1398.7173
30
0.0
11
-536.9853
21
-1399.4808
31
0.0
0
LINE
8
LOT-CURVE
10
-536.9853
20
-1399.4808
30
0.0
11
-539.3805
21
-1400.0121
31
0.0
0
LINE
8
LOT-CURVE
10
-539.3805
20
-1400.0121
30
0.0
11
-541.8162
21
-1400.3061
31
0.0
0
LINE
8
LOT-CURVE
10
-541.8162
20
-1400.3061
30
0.0
11
-544.2690
21
-1400.3599
31
0.0
0
LINE
8
LOT-CURVE
10
-544.2690
20
-1400.3599
30
0.0
11
-546.7152
21
-1400.1730
31
0.0
0
LINE
8
LOT-CURVE
10
-546.7152
20
-1400.1730
30
0.0
11
-549.1314
21
-1399.7473
31
0.0
0
LINE
8
LOT-CURVE
10
-549.1314
20
-1399.7473
30
0.0
11
-551.4942
21
-1399.0868
31
0.0
0
LINE
8
LOT-CURVE
10
-551.4942
20
-1399.0868
30
0.0
11
-553.7809
21
-1398.1979
31
0.0
0
LINE
8
LOT-CURVE
10
-553.7809
20
-1398.1979
30
0.0
11
-555.9694
21
-1397.0891
31
0.0
0
LINE
8
LOT-CURVE
10
-555.9694
20
-1397.0891
30
0.0
11
-558.0387
21
-1395.7711
31
0.0
0
TEXT
8
LOT-DIM
7
STANDARD
10
-537.8805
20
-1398.5121
30
0.0
40
2.2
1
R=25.0' L=39.3' D=90%%d00'00"
50
0.0
0
LINE
8
LOT-BOUNDARY
10
-558.0387
20
-1395.7711
30
0.0
11
-639.6469
21
-1337.9775
31
0.0
0
LINE
8
LOT-BOUNDARY
10
-639.6469
20
-1337.9775
30
0.0
11
-582.9347
21
-1224.5171
31
0.0
0
TEXT
8
LOT-TEXT
7
STANDARD
10
-576.5672
20
-1326.7618
30
0.0
40
4.5
1
L17
50
0.0
0
TEXT
8
LOT-TEXT
7
STANDARD
10
-576.5672
20
-1334.7618
30
0.0
40
3.0
1
12,907sf
50
0.0
0
LINE
8
LOT-BOUNDARY
10
-729.4159
20
-1274.4044
30
0.0
11
-683.6401
21
-1209.7665
31
0.0
0
LINE
8
LOT-BOUNDARY
10
-683.6401
20
-1209.7665
30
0.0
11
-582.9347
21
-1224.5171
31
0.0
0
LINE
8
LOT-BOUNDARY
10
-582.9347
20
-1224.5171
30
0.0
11
-639.6469
21
-1337.9775
31
0.0
0
LINE
8
LOT-BOUNDARY
10
-639.6469
20
-1337.9775
30
0.0
11
-729.4159
21
-1274.4044
31
0.0
0
TEXT
8
LOT-TEXT
7
STANDARD
10
-673.9094
20
-1261.6664
30
0.0
40
4.5
1
L18
50
0.0
0
TEXT
8
LOT-TEXT
7
STANDARD
10
-673.9094
20
-1269.6664
30
0.0
40
3.0
1
10,488sf
50
0.0
0
TEXT
8
BLOCK-TITLE
7
STANDARD
10
0.0000
20
-1570.0000
30
0.0
40
8.0
1
BLOCK_14 (12 LOTS)
50
0.0
0
LINE
8
BLOCK-BORDER
10
-114.9117
20
-2635.5724
30
0.0
11
-114.9117
21
-1555.0000
31
0.0
0
LINE
8
BLOCK-BORDER
10
-114.9117
20
-1555.0000
30
0.0
11
45.8634
21
-1555.0000
31
0.0
0
LINE
8
BLOCK-BORDER
10
45.8634
20
-1555.0000
30
0.0
11
45.8634
21
-2635.5724
31
0.0
0
LINE
8
BLOCK-BORDER
10
45.8634
20
-2635.5724
30
0.0
11
-114.9117
21
-2635.5724
31
0.0
0
LINE
8
LOT-BOUNDARY
10
-99.9117
20
-1604.2021
30
0.0
11
-24.9779
21
-1601.0505
31
0.0
0
LINE
8
LOT-CURVE
10
-24.9779
20
-1601.0505
30
0.0
11
-22.5246
21
-1601.0678
31
0.0
0
LINE
8
LOT-CURVE
10
-22.5246
20
-1601.0678
30
0.0
11
-20.0848
21
-1601.3255
31
0.0
0
LINE
8
LOT-CURVE
10
-20.0848
20
-1601.3255
30
0.0
11
-17.6820
21
-1601.8211
31
0.0
0
LINE
8
LOT-CURVE
10
-17.6820
20
-1601.8211
30
0.0
11
-15.3393
21
-1602.5498
31
0.0
0
LINE
8
LOT-CURVE
10
-15.3393
20
-1602.5498
30
0.0
11
-13.0794
21
-1603.5047
31
0.0
0
LINE
8
LOT-CURVE
10
-13.0794
20
-1603.5047
30
0.0
11
-10.9239
21
-1604.6764
31
0.0
0
LINE
8
LOT-CURVE
10
-10.9239
20
-1604.6764
30
0.0
11
-8.8936
21
-1606.0538
31
0.0
0
LINE
8
LOT-CURVE
10
-8.8936
20
-1606.0538
30
0.0
11
-7.0082
21
-1607.6236
31
0.0
0
LINE
8
LOT-CURVE
10
-7.0082
20
-1607.6236
30
0.0
11
-5.2856
21
-1609.3706
31
0.0
0
LINE
8
LOT-CURVE
10
-5.2856
20
-1609.3706
30
0.0
11
-3.7427
21
-1611.2780
31
0.0
0
LINE
8
LOT-CURVE
10
-3.7427
20
-1611.2780
30
0.0
11
-2.3941
21
-1613.3275
31
0.0
0
LINE
8
LOT-CURVE
10
-2.3941
20
-1613.3275
30
0.0
11
-1.2528
21
-1615.4992
31
0.0
0
LINE
8
LOT-CURVE
10
-1.2528
20
-1615.4992
30
0.0
11
-0.3300
21
-1617.7724
31
0.0
0
LINE
8
LOT-CURVE
10
-0.3300
20
-1617.7724
30
0.0
11
0.3656
21
-1620.1252
31
0.0
0
LINE
8
LOT-CURVE
10
0.3656
20
-1620.1252
30
0.0
11
0.8273
21
-1622.5347
31
0.0
0
LINE
8
LOT-CURVE
10
0.8273
20
-1622.5347
30
0.0
11
1.0505
21
-1624.9779
31
0.0
0
TEXT
8
LOT-DIM
7
STANDARD
10
-5.5082
20
-1606.1236
30
0.0
40
2.2
1
R=25.0' L=39.3' D=90%%d00'00"
50
0.0
0
LINE
8
LOT-BOUNDARY
10
1.0505
20
-1624.9779
30
0.0
11
4.2021
21
-1699.9117
31
0.0
0
LINE
8
LOT-BOUNDARY
10
4.2021
20
-1699.9117
30
0.0
11
-95.7096
21
-1704.1138
31
0.0
0
LINE
8
LOT-BOUNDARY
10
-95.7096
20
-1704.1138
30
0.0
11
-99.9117
21
-1604.2021
31
0.0
0
TEXT
8
LOT-TEXT
7
STANDARD
10
-58.0693
20
-1646.8512
30
0.0
40
4.5
1
L1
50
0.0
0
TEXT
8
LOT-TEXT
7
STANDARD
10
-58.0693
20
-1654.8512
30
0.0
40
3.0
1
9,866sf
50
0.0
0
LINE
8
LOT-BOUNDARY
10
-95.7096
20
-1704.1138
30
0.0
11
4.2021
21
-1699.9117
31
0.0
0
LINE
8
LOT-BOUNDARY
10
4.2021
20
-1699.9117
30
0.0
11
8.0630
21
-1791.7105
31
0.0
0
LINE
8
LOT-BOUNDARY
10
8.0630
20
-1791.7105
30
0.0
11
-91.8487
21
-1795.9126
31
0.0
0
LINE
8
LOT-BOUNDARY
10
-91.8487
20
-1795.9126
30
0.0
11
-95.7096
21
-1704.1138
31
0.0
0
TEXT
8
LOT-TEXT
7
STANDARD
10
-58.8233
20
-1747.9121
30
0.0
40
4.5
1
L2
50
0.0
0
TEXT
8
LOT-TEXT
7
STANDARD
10
-58.8233
20
-1755.9121
30
0.0
40
3.0
1
9,188sf
50
0.0
0
LINE
8
LOT-BOUNDARY
10
-91.8487
20
-1795.9126
30
0.0
11
8.0630
21
-1791.7105
31
0.0
0
LINE
8
LOT-BOUNDARY
10
8.0630
20
-1791.7105
30
0.0
11
11.8449
21
-1881.6310
31
0.0
0
LINE
8
LOT-BOUNDARY
10
11.8449
20
-1881.6310
30
0.0
11
-88.0668
21
-1885.8331
31
0.0
0
LINE
8
LOT-BOUNDARY
10
-88.0668
20
-1885.8331
30
0.0
11
-91.8487
21
-1795.9126
31
0.0
0
TEXT
8
LOT-TEXT
7
STANDARD
10
-55.0019
20
-1838.7718
30
0.0
40
4.5
1
L3
50
0.0
0
TEXT
8
LOT-TEXT
7
STANDARD
10
-55.0019
20
-1846.7718
30
0.0
40
3.0
1
9,000sf
50
0.0
0
LINE
8
LOT-BOUNDARY
10
-88.0668
20
-1885.8331
30
0.0
11
11.8449
21
-1881.6310
31
0.0
0
LINE
8
LOT-BOUNDARY
10
11.8449
20
-1881.6310
30
0.0
11
15.6268
21
-1971.5515
31
0.0
0
LINE
8
LOT-BOUNDARY
10
15.6268
20
-1971.5515
30
0.0
11
-84.2849
21
-1975.7536
31
0.0
0
LINE
8
LOT-BOUNDARY
10
-84.2849
20
-1975.7536
30
0.0
11
-88.0668
21
-1885.8331
31
0.0
0
TEXT
8
LOT-TEXT
7
STANDARD
10
-51.2200
20
-1928.6923
30
0.0
40
4.5
1
L4
50
0.0
0
TEXT
8
LOT-TEXT
7
STANDARD
10
-51.2200
20
-1936.6923
30
0.0
40
3.0
1
9,000sf
50
0.0
0
LINE
8
LOT-BOUNDARY
10
-84.2849
20
-1975.7536
30
0.0
11
15.6268
21
-1971.5515
31
0.0
0
LINE
8
LOT-BOUNDARY
10
15.6268
20
-1971.5515
30
0.0
11
19.4086
21
-2061.4720
31
0.0
0
LINE
8
LOT-BOUNDARY
10
19.4086
20
-2061.4720
30
0.0
11
-80.5030
21
-2065.6741
31
0.0
0
LINE
8
LOT-BOUNDARY
10
-80.5030
20
-2065.6741
30
0.0
11
-84.2849
21
-1975.7536
31
0.0
0
TEXT
8
LOT-TEXT
7
STANDARD
10
-47.4381
20
-2018.6128
30
0.0
40
4.5
1
L5
50
0.0
0
TEXT
8
LOT-TEXT
7
STANDARD
10
-47.4381
20
-2026.6128
30
0.0
40
3.0
1
9,000sf
50
0.0
0
LINE
8
LOT-BOUNDARY
10
-80.5030
20
-2065.6741
30
0.0
11
19.4086
21
-2061.4720
31
0.0
0
LINE
8
LOT-BOUNDARY
10
19.4086
20
-2061.4720
30
0.0
11
21.9488
21
-2121.8686
31
0.0
0
LINE
8
LOT-BOUNDARY
10
21.9488
20
-2121.8686
30
0.0
11
22.2536
21
-2138.8559
31
0.0
0
LINE
8
LOT-BOUNDARY
10
22.2536
20
-2138.8559
30
0.0
11
-77.7303
21
-2140.6496
31
0.0
0
LINE
8
LOT-BOUNDARY
10
-77.7303
20
-2140.6496
30
0.0
11
-78.0145
21
-2124.8418
31
0.0
0
LINE
8
LOT-BOUNDARY
10
-78.0145
20
-2124.8418
30
0.0
11
-80.5030
21
-2065.6741
31
0.0
0
TEXT
8
LOT-TEXT
7
STANDARD
10
-43.7728
20
-2108.8937
30
0.0
40
4.5
1
L6
50
0.0
0
TEXT
8
LOT-TEXT
7
STANDARD
10
-43.7728
20
-2116.8937
30
0.0
40
3.0
1
7,624sf
50
0.0
0
LINE
8
LOT-BOUNDARY
10
-77.7303
20
-2140.6496
30
0.0
11
22.2536
21
-2138.8559
31
0.0
0
LINE
8
LOT-BOUNDARY
10
22.2536
20
-2138.8559
30
0.0
11
23.5989
21
-2213.8438
31
0.0
0
LINE
8
LOT-BOUNDARY
10
23.5989
20
-2213.8438
30
0.0
11
-76.3851
21
-2215.6376
31
0.0
0
LINE
8
LOT-BOUNDARY
10
-76.3851
20
-2215.6376
30
0.0
11
-77.7303
21
-2140.6496
31
0.0
0
TEXT
8
LOT-TEXT
7
STANDARD
10
-42.0657
20
-2177.2467
30
0.0
40
4.5
1
L7
50
0.0
0
TEXT
8
LOT-TEXT
7
STANDARD
10
-42.0657
20
-2185.2467
30
0.0
40
3.0
1
7,500sf
50
0.0
0
LINE
8
LOT-BOUNDARY
10
-76.3851
20
-2215.6376
30
0.0
11
23.5989
21
-2213.8438
31
0.0
0
LINE
8
LOT-BOUNDARY
10
23.5989
20
-2213.8438
30
0.0
11
24.9441
21
-2288.8318
31
0.0
0
LINE
8
LOT-BOUNDARY
10
24.9441
20
-2288.8318
30
0.0
11
-75.0398
21
-2290.6255
31
0.0
0
LINE
8
LOT-BOUNDARY
10
-75.0398
20
-2290.6255
30
0.0
11
-76.3851
21
-2215.6376
31
0.0
0
TEXT
8
LOT-TEXT
7
STANDARD
10
-40.7205
20
-2252.2347
30
0.0
40
4.5
1
L8
50
0.0
0
TEXT
8
LOT-TEXT
7
STANDARD
10
-40.7205
20
-2260.2347
30
0.0
40
3.0
1
7,500sf
50
0.0
0
LINE
8
LOT-BOUNDARY
10
-75.0398
20
-2290.6255
30
0.0
11
24.9441
21
-2288.8318
31
0.0
0
LINE
8
LOT-BOUNDARY
10
24.9441
20
-2288.8318
30
0.0
11
26.2894
21
-2363.8197
31
0.0
0
LINE
8
LOT-BOUNDARY
10
26.2894
20
-2363.8197
30
0.0
11
-73.6945
21
-2365.6134
31
0.0
0
LINE
8
LOT-BOUNDARY
10
-73.6945
20
-2365.6134
30
0.0
11
-75.0398
21
-2290.6255
31
0.0
0
TEXT
8
LOT-TEXT
7
STANDARD
10
-39.3752
20
-2327.2226
30
0.0
40
4.5
1
L9
50
0.0
0
TEXT
8
LOT-TEXT
7
STANDARD
10
-39.3752
20
-2335.2226
30
0.0
40
3.0
1
7,500sf
50
0.0
0
LINE
8
LOT-BOUNDARY
10
-73.6945
20
-2365.6134
30
0.0
11
26.2894
21
-2363.8197
31
0.0
0
LINE
8
LOT-BOUNDARY
10
26.2894
20
-2363.8197
30
0.0
11
27.6347
21
-2438.8076
31
0.0
0
LINE
8
LOT-BOUNDARY
10
27.6347
20
-2438.8076
30
0.0
11
-72.3492
21
-2440.6014
31
0.0
0
LINE
8
LOT-BOUNDARY
10
-72.3492
20
-2440.6014
30
0.0
11
-73.6945
21
-2365.6134
31
0.0
0
TEXT
8
LOT-TEXT
7
STANDARD
10
-38.0299
20
-2402.2105
30
0.0
40
4.5
1
L10
50
0.0
0
TEXT
8
LOT-TEXT
7
STANDARD
10
-38.0299
20
-2410.2105
30
0.0
40
3.0
1
7,500sf
50
0.0
0
LINE
8
LOT-BOUNDARY
10
-72.3492
20
-2440.6014
30
0.0
11
27.6347
21
-2438.8076
31
0.0
0
LINE
8
LOT-BOUNDARY
10
27.6347
20
-2438.8076
30
0.0
11
28.3522
21
-2478.8012
31
0.0
0
LINE
8
LOT-BOUNDARY
10
28.3522
20
-2478.8012
30
0.0
11
-71.6317
21
-2480.5949
31
0.0
0
LINE
8
LOT-BOUNDARY
10
-71.6317
20
-2480.5949
30
0.0
11
-72.3492
21
-2440.6014
31
0.0
0
TEXT
8
LOT-TEXT
7
STANDARD
10
-36.9985
20
-2459.7013
30
0.0
40
4.5
1
LA
50
0.0
0
TEXT
8
LOT-TEXT
7
STANDARD
10
-36.9985
20
-2467.7013
30
0.0
40
3.0
1
4,000sf
50
0.0
0
LINE
8
LOT-BOUNDARY
10
-70.9142
20
-2520.5885
30
0.0
11
29.0697
21
-2518.7948
31
0.0
0
LINE
8
LOT-BOUNDARY
10
29.0697
20
-2518.7948
30
0.0
11
30.4150
21
-2593.7827
31
0.0
0
LINE
8
LOT-CURVE
10
30.4150
20
-2593.7827
30
0.0
11
30.3386
21
-2596.2349
31
0.0
0
LINE
8
LOT-CURVE
10
30.3386
20
-2596.2349
30
0.0
11
30.0222
21
-2598.6678
31
0.0
0
LINE
8
LOT-CURVE
10
30.0222
20
-2598.6678
30
0.0
11
29.4688
21
-2601.0580
31
0.0
0
LINE
8
LOT-CURVE
10
29.4688
20
-2601.0580
30
0.0
11
28.6839
21
-2603.3824
31
0.0
0
LINE
8
LOT-CURVE
10
28.6839
20
-2603.3824
30
0.0
11
27.6749
21
-2605.6187
31
0.0
0
LINE
8
LOT-CURVE
10
27.6749
20
-2605.6187
30
0.0
11
26.4515
21
-2607.7453
31
0.0
0
LINE
8
LOT-CURVE
10
26.4515
20
-2607.7453
30
0.0
11
25.0256
21
-2609.7418
31
0.0
0
LINE
8
LOT-CURVE
10
25.0256
20
-2609.7418
30
0.0
11
23.4109
21
-2611.5889
31
0.0
0
LINE
8
LOT-CURVE
10
23.4109
20
-2611.5889
30
0.0
11
21.6229
21
-2613.2688
31
0.0
0
LINE
8
LOT-CURVE
10
21.6229
20
-2613.2688
30
0.0
11
19.6789
21
-2614.7654
31
0.0
0
LINE
8
LOT-CURVE
10
19.6789
20
-2614.7654
30
0.0
11
17.5975
21
-2616.0642
31
0.0
0
LINE
8
LOT-CURVE
10
17.5975
20
-2616.0642
30
0.0
11
15.3988
21
-2617.1528
31
0.0
0
LINE
8
LOT-CURVE
10
15.3988
20
-2617.1528
30
0.0
11
13.1041
21
-2618.0206
31
0.0
0
LINE
8
LOT-CURVE
10
13.1041
20
-2618.0206
30
0.0
11
10.7353
21
-2618.6593
31
0.0
0
LINE
8
LOT-CURVE
10
10.7353
20
-2618.6593
30
0.0
11
8.3153
21
-2619.0628
31
0.0
0
LINE
8
LOT-CURVE
10
8.3153
20
-2619.0628
30
0.0
11
5.8674
21
-2619.2271
31
0.0
0
TEXT
8
LOT-DIM
7
STANDARD
10
24.9109
20
-2610.0889
30
0.0
40
2.2
1
R=25.0' L=39.3' D=90%%d00'00"
50
0.0
0
LINE
8
LOT-BOUNDARY
10
5.8674
20
-2619.2271
30
0.0
11
-69.1205
21
-2620.5724
31
0.0
0
LINE
8
LOT-BOUNDARY
10
-69.1205
20
-2620.5724
30
0.0
11
-70.9142
21
-2520.5885
31
0.0
0
TEXT
8
LOT-TEXT
7
STANDARD
10
-29.9365
20
-2574.5931
30
0.0
40
4.5
1
L11
50
0.0
0
TEXT
8
LOT-TEXT
7
STANDARD
10
-29.9365
20
-2582.5931
30
0.0
40
3.0
1
9,866sf
50
0.0
0
TEXT
8
BLOCK-TITLE
7
STANDARD
10
0.0000
20
-1970.0000
30
0.0
40
8.0
1
BLOCK_13 (11 LOTS)
50
0.0
0
LINE
8
BLOCK-BORDER
10
-15.0000
20
-2909.1961
30
0.0
11
-15.0000
21
-1953.2063
31
0.0
0
LINE
8
BLOCK-BORDER
10
-15.0000
20
-1953.2063
30
0.0
11
131.0363
21
-1953.2063
31
0.0
0
LINE
8
BLOCK-BORDER
10
131.0363
20
-1953.2063
30
0.0
11
131.0363
21
-2909.1961
31
0.0
0
LINE
8
BLOCK-BORDER
10
131.0363
20
-2909.1961
30
0.0
11
-15.0000
21
-2909.1961
31
0.0
0
LINE
8
LOT-BOUNDARY
10
1.7937
20
-2099.9839
30
0.0
11
0.0000
21
-2000.0000
31
0.0
0
LINE
8
LOT-BOUNDARY
10
0.0000
20
-2000.0000
30
0.0
11
74.9879
21
-1998.6547
31
0.0
0
LINE
8
LOT-CURVE
10
74.9879
20
-1998.6547
30
0.0
11
77.4401
21
-1998.7311
31
0.0
0
LINE
8
LOT-CURVE
10
77.4401
20
-1998.7311
30
0.0
11
79.8730
21
-1999.0475
31
0.0
0
LINE
8
LOT-CURVE
10
79.8730
20
-1999.0475
30
0.0
11
82.2632
21
-1999.6009
31
0.0
0
LINE
8
LOT-CURVE
10
82.2632
20
-1999.6009
30
0.0
11
84.5876
21
-2000.3858
31
0.0
0
LINE
8
LOT-CURVE
10
84.5876
20
-2000.3858
30
0.0
11
86.8239
21
-2001.3948
31
0.0
0
LINE
8
LOT-CURVE
10
86.8239
20
-2001.3948
30
0.0
11
88.9505
21
-2002.6182
31
0.0
0
LINE
8
LOT-CURVE
10
88.9505
20
-2002.6182
30
0.0
11
90.9470
21
-2004.0441
31
0.0
0
LINE
8
LOT-CURVE
10
90.9470
20
-2004.0441
30
0.0
11
92.7941
21
-2005.6588
31
0.0
0
LINE
8
LOT-CURVE
10
92.7941
20
-2005.6588
30
0.0
11
94.4740
21
-2007.4468
31
0.0
0
LINE
8
LOT-CURVE
10
94.4740
20
-2007.4468
30
0.0
11
95.9706
21
-2009.3908
31
0.0
0
LINE
8
LOT-CURVE
10
95.9706
20
-2009.3908
30
0.0
11
97.2695
21
-2011.4722
31
0.0
0
LINE
8
LOT-CURVE
10
97.2695
20
-2011.4722
30
0.0
11
98.3580
21
-2013.6709
31
0.0
0
LINE
8
LOT-CURVE
10
98.3580
20
-2013.6709
30
0.0
11
99.2258
21
-2015.9656
31
0.0
0
LINE
8
LOT-CURVE
10
99.2258
20
-2015.9656
30
0.0
11
99.8646
21
-2018.3344
31
0.0
0
LINE
8
LOT-CURVE
10
99.8646
20
-2018.3344
30
0.0
11
100.2680
21
-2020.7544
31
0.0
0
LINE
8
LOT-CURVE
10
100.2680
20
-2020.7544
30
0.0
11
100.4323
21
-2023.2023
31
0.0
0
TEXT
8
LOT-DIM
7
STANDARD
10
94.2941
20
-2004.1588
30
0.0
40
2.2
1
R=25.0' L=39.3' D=90%%d00'00"
50
0.0
0
LINE
8
LOT-BOUNDARY
10
100.4323
20
-2023.2023
30
0.0
11
101.7776
21
-2098.1902
31
0.0
0
LINE
8
LOT-BOUNDARY
10
101.7776
20
-2098.1902
30
0.0
11
1.7937
21
-2099.9839
31
0.0
0
TEXT
8
LOT-TEXT
7
STANDARD
10
40.7983
20
-2044.0062
30
0.0
40
4.5
1
L1
50
0.0
0
TEXT
8
LOT-TEXT
7
STANDARD
10
40.7983
20
-2052.0062
30
0.0
40
3.0
1
9,866sf
50
0.0
0
LINE
8
LOT-BOUNDARY
10
3.1794
20
-2177.2215
30
0.0
11
1.7937
21
-2099.9839
31
0.0
0
LINE
8
LOT-BOUNDARY
10
1.7937
20
-2099.9839
30
0.0
11
101.7776
21
-2098.1902
31
0.0
0
LINE
8
LOT-BOUNDARY
10
101.7776
20
-2098.1902
30
0.0
11
103.1633
21
-2175.4278
31
0.0
0
LINE
8
LOT-BOUNDARY
10
103.1633
20
-2175.4278
30
0.0
11
3.1794
21
-2177.2215
31
0.0
0
TEXT
8
LOT-TEXT
7
STANDARD
10
37.4785
20
-2137.7058
30
0.0
40
4.5
1
L2
50
0.0
0
TEXT
8
LOT-TEXT
7
STANDARD
10
37.4785
20
-2145.7058
30
0.0
40
3.0
1
7,725sf
50
0.0
0
LINE
8
LOT-BOUNDARY
10
4.5650
20
-2254.4591
30
0.0
11
3.1794
21
-2177.2215
31
0.0
0
LINE
8
LOT-BOUNDARY
10
3.1794
20
-2177.2215
30
0.0
11
103.1633
21
-2175.4278
31
0.0
0
LINE
8
LOT-BOUNDARY
10
103.1633
20
-2175.4278
30
0.0
11
104.5489
21
-2252.6653
31
0.0
0
LINE
8
LOT-BOUNDARY
10
104.5489
20
-2252.6653
30
0.0
11
4.5650
21
-2254.4591
31
0.0
0
TEXT
8
LOT-TEXT
7
STANDARD
10
38.8641
20
-2214.9434
30
0.0
40
4.5
1
L3
50
0.0
0
TEXT
8
LOT-TEXT
7
STANDARD
10
38.8641
20
-2222.9434
30
0.0
40
3.0
1
7,725sf
50
0.0
0
LINE
8
LOT-BOUNDARY
10
5.9506
20
-2331.6966
30
0.0
11
4.5650
21
-2254.4591
31
0.0
0
LINE
8
LOT-BOUNDARY
10
4.5650
20
-2254.4591
30
0.0
11
104.5489
21
-2252.6653
31
0.0
0
LINE
8
LOT-BOUNDARY
10
104.5489
20
-2252.6653
30
0.0
11
105.9346
21
-2329.9029
31
0.0
0
LINE
8
LOT-BOUNDARY
10
105.9346
20
-2329.9029
30
0.0
11
5.9506
21
-2331.6966
31
0.0
0
TEXT
8
LOT-TEXT
7
STANDARD
10
40.2498
20
-2292.1810
30
0.0
40
4.5
1
L4
50
0.0
0
TEXT
8
LOT-TEXT
7
STANDARD
10
40.2498
20
-2300.1810
30
0.0
40
3.0
1
7,725sf
50
0.0
0
LINE
8
LOT-BOUNDARY
10
7.3363
20
-2408.9342
30
0.0
11
5.9506
21
-2331.6966
31
0.0
0
LINE
8
LOT-BOUNDARY
10
5.9506
20
-2331.6966
30
0.0
11
105.9346
21
-2329.9029
31
0.0
0
LINE
8
LOT-BOUNDARY
10
105.9346
20
-2329.9029
30
0.0
11
107.3202
21
-2407.1405
31
0.0
0
LINE
8
LOT-BOUNDARY
10
107.3202
20
-2407.1405
30
0.0
11
7.3363
21
-2408.9342
31
0.0
0
TEXT
8
LOT-TEXT
7
STANDARD
10
41.6354
20
-2369.4186
30
0.0
40
4.5
1
L5
50
0.0
0
TEXT
8
LOT-TEXT
7
STANDARD
10
41.6354
20
-2377.4186
30
0.0
40
3.0
1
7,725sf
50
0.0
0
LINE
8
LOT-BOUNDARY
10
8.7219
20
-2486.1718
30
0.0
11
7.3363
21
-2408.9342
31
0.0
0
LINE
8
LOT-BOUNDARY
10
7.3363
20
-2408.9342
30
0.0
11
107.3202
21
-2407.1405
31
0.0
0
LINE
8
LOT-BOUNDARY
10
107.3202
20
-2407.1405
30
0.0
11
108.7058
21
-2484.3781
31
0.0
0
LINE
8
LOT-BOUNDARY
10
108.7058
20
-2484.3781
30
0.0
11
8.7219
21
-2486.1718
31
0.0
0
TEXT
8
LOT-TEXT
7
STANDARD
10
43.0211
20
-2446.6561
30
0.0
40
4.5
1
L6
50
0.0
0
TEXT
8
LOT-TEXT
7
STANDARD
10
43.0211
20
-2454.6561
30
0.0
40
3.0
1
7,725sf
50
0.0
0
LINE
8
LOT-BOUNDARY
10
10.1076
20
-2563.4093
30
0.0
11
8.7219
21
-2486.1718
31
0.0
0
LINE
8
LOT-BOUNDARY
10
8.7219
20
-2486.1718
30
0.0
11
108.7058
21
-2484.3781
31
0.0
0
LINE
8
LOT-BOUNDARY
10
108.7058
20
-2484.3781
30
0.0
11
110.0915
21
-2561.6156
31
0.0
0
LINE
8
LOT-BOUNDARY
10
110.0915
20
-2561.6156
30
0.0
11
10.1076
21
-2563.4093
31
0.0
0
TEXT
8
LOT-TEXT
7
STANDARD
10
44.4067
20
-2523.8937
30
0.0
40
4.5
1
L7
50
0.0
0
TEXT
8
LOT-TEXT
7
STANDARD
10
44.4067
20
-2531.8937
30
0.0
40
3.0
1
7,725sf
50
0.0
0
LINE
8
LOT-BOUNDARY
10
11.4932
20
-2640.6469
30
0.0
11
10.1076
21
-2563.4093
31
0.0
0
LINE
8
LOT-BOUNDARY
10
10.1076
20
-2563.4093
30
0.0
11
110.0915
21
-2561.6156
31
0.0
0
LINE
8
LOT-BOUNDARY
10
110.0915
20
-2561.6156
30
0.0
11
111.4771
21
-2638.8532
31
0.0
0
LINE
8
LOT-BOUNDARY
10
111.4771
20
-2638.8532
30
0.0
11
11.4932
21
-2640.6469
31
0.0
0
TEXT
8
LOT-TEXT
7
STANDARD
10
45.7924
20
-2601.1313
30
0.0
40
4.5
1
L8
50
0.0
0
TEXT
8
LOT-TEXT
7
STANDARD
10
45.7924
20
-2609.1313
30
0.0
40
3.0
1
7,725sf
50
0.0
0
LINE
8
LOT-BOUNDARY
10
12.8789
20
-2717.8845
30
0.0
11
11.4932
21
-2640.6469
31
0.0
0
LINE
8
LOT-BOUNDARY
10
11.4932
20
-2640.6469
30
0.0
11
111.4771
21
-2638.8532
31
0.0
0
LINE
8
LOT-BOUNDARY
10
111.4771
20
-2638.8532
30
0.0
11
112.8628
21
-2716.0908
31
0.0
0
LINE
8
LOT-BOUNDARY
10
112.8628
20
-2716.0908
30
0.0
11
12.8789
21
-2717.8845
31
0.0
0
TEXT
8
LOT-TEXT
7
STANDARD
10
47.1780
20
-2678.3688
30
0.0
40
4.5
1
L9
50
0.0
0
TEXT
8
LOT-TEXT
7
STANDARD
10
47.1780
20
-2686.3688
30
0.0
40
3.0
1
7,725sf
50
0.0
0
LINE
8
LOT-BOUNDARY
10
14.2586
20
-2794.7921
30
0.0
11
12.8789
21
-2717.8845
31
0.0
0
LINE
8
LOT-BOUNDARY
10
12.8789
20
-2717.8845
30
0.0
11
112.8628
21
-2716.0908
31
0.0
0
LINE
8
LOT-BOUNDARY
10
112.8628
20
-2716.0908
30
0.0
11
114.2425
21
-2792.9984
31
0.0
0
LINE
8
LOT-BOUNDARY
10
114.2425
20
-2792.9984
30
0.0
11
14.2586
21
-2794.7921
31
0.0
0
TEXT
8
LOT-TEXT
7
STANDARD
10
48.5607
20
-2755.4414
30
0.0
40
4.5
1
L10
50
0.0
0
TEXT
8
LOT-TEXT
7
STANDARD
10
48.5607
20
-2763.4414
30
0.0
40
3.0
1
7,692sf
50
0.0
0
LINE
8
LOT-BOUNDARY
10
16.0419
20
-2894.1961
30
0.0
11
14.2586
21
-2794.7921
31
0.0
0
LINE
8
LOT-BOUNDARY
10
14.2586
20
-2794.7921
30
0.0
11
114.2425
21
-2792.9984
31
0.0
0
LINE
8
LOT-BOUNDARY
10
114.2425
20
-2792.9984
30
0.0
11
115.5852
21
-2867.8423
31
0.0
0
LINE
8
LOT-CURVE
10
115.5852
20
-2867.8423
30
0.0
11
115.5081
21
-2870.3035
31
0.0
0
LINE
8
LOT-CURVE
10
115.5081
20
-2870.3035
30
0.0
11
115.1892
21
-2872.7452
31
0.0
0
LINE
8
LOT-CURVE
10
115.1892
20
-2872.7452
30
0.0
11
114.6316
21
-2875.1438
31
0.0
0
LINE
8
LOT-CURVE
10
114.6316
20
-2875.1438
30
0.0
11
113.8408
21
-2877.4758
31
0.0
0
LINE
8
LOT-CURVE
10
113.8408
20
-2877.4758
30
0.0
11
112.8244
21
-2879.7187
31
0.0
0
LINE
8
LOT-CURVE
10
112.8244
20
-2879.7187
30
0.0
11
111.5922
21
-2881.8507
31
0.0
0
LINE
8
LOT-CURVE
10
111.5922
20
-2881.8507
30
0.0
11
110.1563
21
-2883.8512
31
0.0
0
LINE
8
LOT-CURVE
10
110.1563
20
-2883.8512
30
0.0
11
108.5306
21
-2885.7007
31
0.0
0
LINE
8
LOT-CURVE
10
108.5306
20
-2885.7007
30
0.0
11
106.7308
21
-2887.3813
31
0.0
0
LINE
8
LOT-CURVE
10
106.7308
20
-2887.3813
30
0.0
11
104.7743
21
-2888.8767
31
0.0
0
LINE
8
LOT-CURVE
10
104.7743
20
-2888.8767
30
0.0
11
102.6803
21
-2890.1723
31
0.0
0
LINE
8
LOT-CURVE
10
102.6803
20
-2890.1723
30
0.0
11
100.4690
21
-2891.2557
31
0.0
0
LINE
8
LOT-CURVE
10
100.4690
20
-2891.2557
30
0.0
11
98.1618
21
-2892.1162
31
0.0
0
LINE
8
LOT-CURVE
10
98.1618
20
-2892.1162
30
0.0
11
95.7811
21
-2892.7456
31
0.0
0
LINE
8
LOT-CURVE
10
95.7811
20
-2892.7456
30
0.0
11
93.3501
21
-2893.1378
31
0.0
0
LINE
8
LOT-CURVE
10
93.3501
20
-2893.1378
30
0.0
11
90.8922
21
-2893.2889
31
0.0
0
TEXT
8
LOT-DIM
7
STANDARD
10
110.0306
20
-2884.2007
30
0.0
40
2.2
1
R=25.0' L=39.4' D=90%%d20'00"
50
0.0
0
LINE
8
LOT-BOUNDARY
10
90.8922
20
-2893.2889
30
0.0
11
16.0419
21
-2894.1961
31
0.0
0
TEXT
8
LOT-TEXT
7
STANDARD
10
55.2041
20
-2848.6235
30
0.0
40
4.5
1
L11
50
0.0
0
TEXT
8
LOT-TEXT
7
STANDARD
10
55.2041
20
-2856.6235
30
0.0
40
3.0
1
9,835sf
50
0.0
0
TEXT
8
BLOCK-TITLE
7
STANDARD
10
2200.0000
20
30.0000
30
0.0
40
8.0
1
BLOCK_12 (7 LOTS)
50
0.0
0
LINE
8
BLOCK-BORDER
10
2183.3857
20
-251.2320
30
0.0
11
2183.3857
21
135.4339
31
0.0
0
LINE
8
BLOCK-BORDER
10
2183.3857
20
135.4339
30
0.0
11
2489.8442
21
135.4339
31
0.0
0
LINE
8
BLOCK-BORDER
10
2489.8442
20
135.4339
30
0.0
11
2489.8442
21
-251.2320
31
0.0
0
LINE
8
BLOCK-BORDER
10
2489.8442
20
-251.2320
30
0.0
11
2183.3857
21
-251.2320
31
0.0
0
LINE
8
LOT-BOUNDARY
10
2200.0000
20
0.0000
30
0.0
11
2198.8341
21
64.9895
31
0.0
0
LINE
8
LOT-CURVE
10
2198.8341
20
64.9895
30
0.0
11
2198.9105
21
67.4417
31
0.0
0
LINE
8
LOT-CURVE
10
2198.9105
20
67.4417
30
0.0
11
2199.2269
21
69.8746
31
0.0
0
LINE
8
LOT-CURVE
10
2199.2269
20
69.8746
30
0.0
11
2199.7802
21
72.2648
31
0.0
0
LINE
8
LOT-CURVE
10
2199.7802
20
72.2648
30
0.0
11
2200.5652
21
74.5892
31
0.0
0
LINE
8
LOT-CURVE
10
2200.5652
20
74.5892
30
0.0
11
2201.5742
21
76.8255
31
0.0
0
LINE
8
LOT-CURVE
10
2201.5742
20
76.8255
30
0.0
11
2202.7975
21
78.9521
31
0.0
0
LINE
8
LOT-CURVE
10
2202.7975
20
78.9521
30
0.0
11
2204.2234
21
80.9486
31
0.0
0
LINE
8
LOT-CURVE
10
2204.2234
20
80.9486
30
0.0
11
2205.8382
21
82.7957
31
0.0
0
LINE
8
LOT-CURVE
10
2205.8382
20
82.7957
30
0.0
11
2207.6261
21
84.4756
31
0.0
0
LINE
8
LOT-CURVE
10
2207.6261
20
84.4756
30
0.0
11
2209.5702
21
85.9722
31
0.0
0
LINE
8
LOT-CURVE
10
2209.5702
20
85.9722
30
0.0
11
2211.6516
21
87.2711
31
0.0
0
LINE
8
LOT-CURVE
10
2211.6516
20
87.2711
30
0.0
11
2213.8502
21
88.3596
31
0.0
0
LINE
8
LOT-CURVE
10
2213.8502
20
88.3596
30
0.0
11
2216.1450
21
89.2275
31
0.0
0
LINE
8
LOT-CURVE
10
2216.1450
20
89.2275
30
0.0
11
2218.5138
21
89.8662
31
0.0
0
LINE
8
LOT-CURVE
10
2218.5138
20
89.8662
30
0.0
11
2220.9338
21
90.2696
31
0.0
0
LINE
8
LOT-CURVE
10
2220.9338
20
90.2696
30
0.0
11
2223.3816
21
90.4339
31
0.0
0
TEXT
8
LOT-DIM
7
STANDARD
10
2207.3382
20
84.2957
30
0.0
40
2.2
1
R=25.0' L=39.3' D=90%%d00'00"
50
0.0
0
LINE
8
LOT-BOUNDARY
10
2223.3816
20
90.4339
30
0.0
11
2223.3816
21
90.4339
31
0.0
0
LINE
8
LOT-CURVE
10
2223.3816
20
90.4339
30
0.0
11
2230.0999
21
90.4604
31
0.0
0
LINE
8
LOT-CURVE
10
2230.0999
20
90.4604
30
0.0
11
2236.8163
21
90.2988
31
0.0
0
LINE
8
LOT-CURVE
10
2236.8163
20
90.2988
30
0.0
11
2243.5255
21
89.9492
31
0.0
0
LINE
8
LOT-CURVE
10
2243.5255
20
89.9492
30
0.0
11
2250.2223
21
89.4119
31
0.0
0
LINE
8
LOT-CURVE
10
2250.2223
20
89.4119
30
0.0
11
2256.9014
21
88.6874
31
0.0
0
LINE
8
LOT-CURVE
10
2256.9014
20
88.6874
30
0.0
11
2263.5577
21
87.7761
31
0.0
0
LINE
8
LOT-CURVE
10
2263.5577
20
87.7761
30
0.0
11
2270.1858
21
86.6789
31
0.0
0
LINE
8
LOT-CURVE
10
2270.1858
20
86.6789
30
0.0
11
2276.7806
21
85.3966
31
0.0
0
LINE
8
LOT-CURVE
10
2276.7806
20
85.3966
30
0.0
11
2283.3369
21
83.9301
31
0.0
0
LINE
8
LOT-CURVE
10
2283.3369
20
83.9301
30
0.0
11
2289.8496
21
82.2807
31
0.0
0
LINE
8
LOT-CURVE
10
2289.8496
20
82.2807
30
0.0
11
2296.3136
21
80.4496
31
0.0
0
LINE
8
LOT-CURVE
10
2296.3136
20
80.4496
30
0.0
11
2302.7237
21
78.4382
31
0.0
0
LINE
8
LOT-CURVE
10
2302.7237
20
78.4382
30
0.0
11
2309.0751
21
76.2482
31
0.0
0
LINE
8
LOT-CURVE
10
2309.0751
20
76.2482
30
0.0
11
2315.3626
21
73.8813
31
0.0
0
LINE
8
LOT-CURVE
10
2315.3626
20
73.8813
30
0.0
11
2321.5815
21
71.3392
31
0.0
0
LINE
8
LOT-CURVE
10
2321.5815
20
71.3392
30
0.0
11
2327.7267
21
68.6241
31
0.0
0
TEXT
8
LOT-DIM
7
STANDARD
10
2278.2806
20
86.8966
30
0.0
40
2.2
1
R=240.0' L=107.5' D=25%%d40'02"
50
0.0
0
LINE
8
LOT-BOUNDARY
10
2327.7267
20
68.6241
30
0.0
11
2299.9839
21
1.7937
31
0.0
0
LINE
8
LOT-BOUNDARY
10
2299.9839
20
1.7937
30
0.0
11
2200.0000
21
0.0000
31
0.0
0
TEXT
8
LOT-TEXT
7
STANDARD
10
2230.5513
20
52.7125
30
0.0
40
4.5
1
L8
50
0.0
0
TEXT
8
LOT-TEXT
7
STANDARD
10
2230.5513
20
44.7125
30
0.0
40
3.0
1
9,707sf
50
0.0
0
LINE
8
LOT-BOUNDARY
10
2299.9839
20
1.7937
30
0.0
11
2327.7267
21
68.6241
31
0.0
0
LINE
8
LOT-CURVE
10
2327.7267
20
68.6241
30
0.0
11
2330.2578
21
67.4453
31
0.0
0
LINE
8
LOT-CURVE
10
2330.2578
20
67.4453
30
0.0
11
2332.7750
21
66.2371
31
0.0
0
LINE
8
LOT-CURVE
10
2332.7750
20
66.2371
30
0.0
11
2335.2780
21
64.9997
31
0.0
0
LINE
8
LOT-CURVE
10
2335.2780
20
64.9997
30
0.0
11
2337.7664
21
63.7333
31
0.0
0
LINE
8
LOT-CURVE
10
2337.7664
20
63.7333
30
0.0
11
2340.2399
21
62.4380
31
0.0
0
LINE
8
LOT-CURVE
10
2340.2399
20
62.4380
30
0.0
11
2342.6982
21
61.1140
31
0.0
0
LINE
8
LOT-CURVE
10
2342.6982
20
61.1140
30
0.0
11
2345.1409
21
59.7615
31
0.0
0
LINE
8
LOT-CURVE
10
2345.1409
20
59.7615
30
0.0
11
2347.5677
21
58.3807
31
0.0
0
LINE
8
LOT-CURVE
10
2347.5677
20
58.3807
30
0.0
11
2349.9782
21
56.9717
31
0.0
0
LINE
8
LOT-CURVE
10
2349.9782
20
56.9717
30
0.0
11
2352.3722
21
55.5347
31
0.0
0
LINE
8
LOT-CURVE
10
2352.3722
20
55.5347
30
0.0
11
2354.7494
21
54.0701
31
0.0
0
LINE
8
LOT-CURVE
10
2354.7494
20
54.0701
30
0.0
11
2357.1093
21
52.5778
31
0.0
0
LINE
8
LOT-CURVE
10
2357.1093
20
52.5778
30
0.0
11
2359.4517
21
51.0582
31
0.0
0
LINE
8
LOT-CURVE
10
2359.4517
20
51.0582
30
0.0
11
2361.7763
21
49.5114
31
0.0
0
LINE
8
LOT-CURVE
10
2361.7763
20
49.5114
30
0.0
11
2364.0827
21
47.9377
31
0.0
0
LINE
8
LOT-CURVE
10
2364.0827
20
47.9377
30
0.0
11
2366.3706
21
46.3373
31
0.0
0
TEXT
8
LOT-DIM
7
STANDARD
10
2349.0677
20
59.8807
30
0.0
40
2.2
1
R=240.0' L=44.7' D=10%%d40'01"
50
0.0
0
LINE
8
LOT-BOUNDARY
10
2366.3706
20
46.3373
30
0.0
11
2413.6380
21
12.8632
31
0.0
0
LINE
8
LOT-BOUNDARY
10
2413.6380
20
12.8632
30
0.0
11
2342.8730
21
-87.0680
31
0.0
0
LINE
8
LOT-BOUNDARY
10
2342.8730
20
-87.0680
30
0.0
11
2321.3260
21
-72.8355
31
0.0
0
LINE
8
LOT-BOUNDARY
10
2321.3260
20
-72.8355
30
0.0
11
2301.3292
21
-73.1942
31
0.0
0
LINE
8
LOT-BOUNDARY
10
2301.3292
20
-73.1942
30
0.0
11
2299.9839
21
1.7937
31
0.0
0
TEXT
8
LOT-TEXT
7
STANDARD
10
2324.0354
20
-14.7828
30
0.0
40
4.5
1
L9
50
0.0
0
TEXT
8
LOT-TEXT
7
STANDARD
10
2324.0354
20
-22.7828
30
0.0
40
3.0
1
10,484sf
50
0.0
0
LINE
8
LOT-BOUNDARY
10
2342.8730
20
-87.0680
30
0.0
11
2413.6380
21
12.8632
31
0.0
0
LINE
8
LOT-BOUNDARY
10
2413.6380
20
12.8632
30
0.0
11
2474.8442
21
-30.4820
31
0.0
0
LINE
8
LOT-BOUNDARY
10
2474.8442
20
-30.4820
30
0.0
11
2405.5003
21
-128.4125
31
0.0
0
LINE
8
LOT-BOUNDARY
10
2405.5003
20
-128.4125
30
0.0
11
2342.8730
21
-87.0680
31
0.0
0
TEXT
8
LOT-TEXT
7
STANDARD
10
2394.2139
20
-58.2748
30
0.0
40
4.5
1
L10
50
0.0
0
TEXT
8
LOT-TEXT
7
STANDARD
10
2394.2139
20
-66.2748
30
0.0
40
3.0
1
9,092sf
50
0.0
0
LINE
8
LOT-BOUNDARY
10
2201.3453
20
-74.9879
30
0.0
11
2200.0000
21
0.0000
31
0.0
0
LINE
8
LOT-BOUNDARY
10
2200.0000
20
0.0000
30
0.0
11
2299.9839
21
1.7937
31
0.0
0
LINE
8
LOT-BOUNDARY
10
2299.9839
20
1.7937
30
0.0
11
2301.3292
21
-73.1942
31
0.0
0
LINE
8
LOT-BOUNDARY
10
2301.3292
20
-73.1942
30
0.0
11
2201.3453
21
-74.9879
31
0.0
0
TEXT
8
LOT-TEXT
7
STANDARD
10
2235.6646
20
-36.5971
30
0.0
40
4.5
1
L7
50
0.0
0
TEXT
8
LOT-TEXT
7
STANDARD
10
2235.6646
20
-44.5971
30
0.0
40
3.0
1
7,500sf
50
0.0
0
LINE
8
LOT-BOUNDARY
10
2202.6237
20
-146.2465
30
0.0
11
2201.3453
21
-74.9879
31
0.0
0
LINE
8
LOT-BOUNDARY
10
2201.3453
20
-74.9879
30
0.0
11
2321.3260
21
-72.8355
31
0.0
0
LINE
8
LOT-BOUNDARY
10
2321.3260
20
-72.8355
30
0.0
11
2342.8730
21
-87.0680
31
0.0
0
LINE
8
LOT-BOUNDARY
10
2342.8730
20
-87.0680
30
0.0
11
2323.1243
21
-144.0847
31
0.0
0
LINE
8
LOT-BOUNDARY
10
2323.1243
20
-144.0847
30
0.0
11
2202.6237
21
-146.2465
31
0.0
0
TEXT
8
LOT-TEXT
7
STANDARD
10
2263.2584
20
-105.0445
30
0.0
40
4.5
1
L6
50
0.0
0
TEXT
8
LOT-TEXT
7
STANDARD
10
2263.2584
20
-113.0445
30
0.0
40
3.0
1
9,326sf
50
0.0
0
LINE
8
LOT-BOUNDARY
10
2203.7922
20
-211.3810
30
0.0
11
2202.6237
21
-146.2465
31
0.0
0
LINE
8
LOT-BOUNDARY
10
2202.6237
20
-146.2465
30
0.0
11
2323.1243
21
-144.0847
31
0.0
0
LINE
8
LOT-BOUNDARY
10
2323.1243
20
-144.0847
30
0.0
11
2324.2292
21
-234.7776
31
0.0
0
LINE
8
LOT-BOUNDARY
10
2324.2292
20
-234.7776
30
0.0
11
2229.0912
21
-235.9307
31
0.0
0
LINE
8
LOT-CURVE
10
2229.0912
20
-235.9307
30
0.0
11
2226.6485
21
-235.8409
31
0.0
0
LINE
8
LOT-CURVE
10
2226.6485
20
-235.8409
30
0.0
11
2224.2263
21
-235.5128
31
0.0
0
LINE
8
LOT-CURVE
10
2224.2263
20
-235.5128
30
0.0
11
2221.8477
21
-234.9499
31
0.0
0
LINE
8
LOT-CURVE
10
2221.8477
20
-234.9499
30
0.0
11
2219.5355
21
-234.1573
31
0.0
0
LINE
8
LOT-CURVE
10
2219.5355
20
-234.1573
30
0.0
11
2217.3117
21
-233.1427
31
0.0
0
LINE
8
LOT-CURVE
10
2217.3117
20
-233.1427
30
0.0
11
2215.1976
21
-231.9158
31
0.0
0
LINE
8
LOT-CURVE
10
2215.1976
20
-231.9158
30
0.0
11
2213.2134
21
-230.4883
31
0.0
0
LINE
8
LOT-CURVE
10
2213.2134
20
-230.4883
30
0.0
11
2211.3782
21
-228.8739
31
0.0
0
LINE
8
LOT-CURVE
10
2211.3782
20
-228.8739
30
0.0
11
2209.7093
21
-227.0880
31
0.0
0
LINE
8
LOT-CURVE
10
2209.7093
20
-227.0880
30
0.0
11
2208.2228
21
-225.1476
31
0.0
0
LINE
8
LOT-CURVE
10
2208.2228
20
-225.1476
30
0.0
11
2206.9330
21
-223.0714
31
0.0
0
LINE
8
LOT-CURVE
10
2206.9330
20
-223.0714
30
0.0
11
2205.8520
21
-220.8791
31
0.0
0
LINE
8
LOT-CURVE
10
2205.8520
20
-220.8791
30
0.0
11
2204.9903
21
-218.5917
31
0.0
0
LINE
8
LOT-CURVE
10
2204.9903
20
-218.5917
30
0.0
11
2204.3561
21
-216.2311
31
0.0
0
LINE
8
LOT-CURVE
10
2204.3561
20
-216.2311
30
0.0
11
2203.9554
21
-213.8199
31
0.0
0
LINE
8
LOT-CURVE
10
2203.9554
20
-213.8199
30
0.0
11
2203.7922
21
-211.3810
31
0.0
0
TEXT
8
LOT-DIM
7
STANDARD
10
2212.8782
20
-227.3739
30
0.0
40
2.2
1
R=25.0' L=39.1' D=89%%d40'00"
50
0.0
0
TEXT
8
LOT-TEXT
7
STANDARD
10
2241.5721
20
-194.4841
30
0.0
40
4.5
1
L5
50
0.0
0
TEXT
8
LOT-TEXT
7
STANDARD
10
2241.5721
20
-202.4841
30
0.0
40
3.0
1
10,733sf
50
0.0
0
LINE
8
LOT-BOUNDARY
10
2324.2292
20
-234.7776
30
0.0
11
2323.1243
21
-144.0847
31
0.0
0
LINE
8
LOT-BOUNDARY
10
2323.1243
20
-144.0847
30
0.0
11
2342.8730
21
-87.0680
31
0.0
0
LINE
8
LOT-BOUNDARY
10
2342.8730
20
-87.0680
30
0.0
11
2405.5003
21
-128.4125
31
0.0
0
LINE
8
LOT-BOUNDARY
10
2405.5003
20
-128.4125
30
0.0
11
2417.1836
21
-131.4434
31
0.0
0
LINE
8
LOT-BOUNDARY
10
2417.1836
20
-131.4434
30
0.0
11
2418.4223
21
-233.6359
31
0.0
0
LINE
8
LOT-BOUNDARY
10
2418.4223
20
-233.6359
30
0.0
11
2324.2292
21
-234.7776
31
0.0
0
TEXT
8
LOT-TEXT
7
STANDARD
10
2356.8888
20
-159.9037
30
0.0
40
4.5
1
L4
50
0.0
0
TEXT
8
LOT-TEXT
7
STANDARD
10
2356.8888
20
-167.9037
30
0.0
40
3.0
1
11,496sf
50
0.0
0
TEXT
8
BLOCK-TITLE
7
STANDARD
10
2200.0000
20
-370.0000
30
0.0
40
8.0
1
BLOCK_11 (6 LOTS)
50
0.0
0
LINE
8
BLOCK-BORDER
10
2185.0000
20
-614.9678
30
0.0
11
2185.0000
21
-352.0448
31
0.0
0
LINE
8
BLOCK-BORDER
10
2185.0000
20
-352.0448
30
0.0
11
2461.2396
21
-352.0448
31
0.0
0
LINE
8
BLOCK-BORDER
10
2461.2396
20
-352.0448
30
0.0
11
2461.2396
21
-614.9678
31
0.0
0
LINE
8
BLOCK-BORDER
10
2461.2396
20
-614.9678
30
0.0
11
2185.0000
21
-614.9678
31
0.0
0
LINE
8
LOT-BOUNDARY
10
2201.7937
20
-499.9839
30
0.0
11
2200.4510
21
-425.1418
31
0.0
0
LINE
8
LOT-CURVE
10
2200.4510
20
-425.1418
30
0.0
11
2200.5282
21
-422.6806
31
0.0
0
LINE
8
LOT-CURVE
10
2200.5282
20
-422.6806
30
0.0
11
2200.8471
21
-420.2388
31
0.0
0
LINE
8
LOT-CURVE
10
2200.8471
20
-420.2388
30
0.0
11
2201.4047
21
-417.8403
31
0.0
0
LINE
8
LOT-CURVE
10
2201.4047
20
-417.8403
30
0.0
11
2202.1955
21
-415.5083
31
0.0
0
LINE
8
LOT-CURVE
10
2202.1955
20
-415.5083
30
0.0
11
2203.2119
21
-413.2654
31
0.0
0
LINE
8
LOT-CURVE
10
2203.2119
20
-413.2654
30
0.0
11
2204.4440
21
-411.1334
31
0.0
0
LINE
8
LOT-CURVE
10
2204.4440
20
-411.1334
30
0.0
11
2205.8799
21
-409.1329
31
0.0
0
LINE
8
LOT-CURVE
10
2205.8799
20
-409.1329
30
0.0
11
2207.5057
21
-407.2834
31
0.0
0
LINE
8
LOT-CURVE
10
2207.5057
20
-407.2834
30
0.0
11
2209.3055
21
-405.6028
31
0.0
0
LINE
8
LOT-CURVE
10
2209.3055
20
-405.6028
30
0.0
11
2211.2619
21
-404.1074
31
0.0
0
LINE
8
LOT-CURVE
10
2211.2619
20
-404.1074
30
0.0
11
2213.3559
21
-402.8118
31
0.0
0
LINE
8
LOT-CURVE
10
2213.3559
20
-402.8118
30
0.0
11
2215.5673
21
-401.7284
31
0.0
0
LINE
8
LOT-CURVE
10
2215.5673
20
-401.7284
30
0.0
11
2217.8745
21
-400.8678
31
0.0
0
LINE
8
LOT-CURVE
10
2217.8745
20
-400.8678
30
0.0
11
2220.2552
21
-400.2384
31
0.0
0
LINE
8
LOT-CURVE
10
2220.2552
20
-400.2384
30
0.0
11
2222.6862
21
-399.8463
31
0.0
0
LINE
8
LOT-CURVE
10
2222.6862
20
-399.8463
30
0.0
11
2225.1440
21
-399.6952
31
0.0
0
TEXT
8
LOT-DIM
7
STANDARD
10
2209.0057
20
-405.7834
30
0.0
40
2.2
1
R=25.0' L=39.4' D=90%%d20'00"
50
0.0
0
LINE
8
LOT-BOUNDARY
10
2225.1440
20
-399.6952
30
0.0
11
2293.8231
21
-398.8628
31
0.0
0
LINE
8
LOT-BOUNDARY
10
2293.8231
20
-398.8628
30
0.0
11
2295.0369
21
-498.8537
31
0.0
0
LINE
8
LOT-BOUNDARY
10
2295.0369
20
-498.8537
30
0.0
11
2201.7937
21
-499.9839
31
0.0
0
TEXT
8
LOT-TEXT
7
STANDARD
10
2228.2498
20
-444.5075
30
0.0
40
4.5
1
L15
50
0.0
0
TEXT
8
LOT-TEXT
7
STANDARD
10
2228.2498
20
-452.5075
30
0.0
40
3.0
1
9,218sf
50
0.0
0
LINE
8
LOT-BOUNDARY
10
2295.0369
20
-498.8537
30
0.0
11
2293.8231
21
-398.8628
31
0.0
0
LINE
8
LOT-BOUNDARY
10
2293.8231
20
-398.8628
30
0.0
11
2368.8176
21
-397.9538
31
0.0
0
LINE
8
LOT-BOUNDARY
10
2368.8176
20
-397.9538
30
0.0
11
2370.0314
21
-497.9447
31
0.0
0
LINE
8
LOT-BOUNDARY
10
2370.0314
20
-497.9447
30
0.0
11
2295.0369
21
-498.8537
31
0.0
0
TEXT
8
LOT-TEXT
7
STANDARD
10
2316.9272
20
-448.4037
30
0.0
40
4.5
1
L16
50
0.0
0
TEXT
8
LOT-TEXT
7
STANDARD
10
2316.9272
20
-456.4037
30
0.0
40
3.0
1
7,500sf
50
0.0
0
LINE
8
LOT-BOUNDARY
10
2370.0314
20
-497.9447
30
0.0
11
2368.8176
21
-397.9538
31
0.0
0
LINE
8
LOT-BOUNDARY
10
2368.8176
20
-397.9538
30
0.0
11
2443.8121
21
-397.0448
31
0.0
0
LINE
8
LOT-BOUNDARY
10
2443.8121
20
-397.0448
30
0.0
11
2445.0258
21
-497.0357
31
0.0
0
LINE
8
LOT-BOUNDARY
10
2445.0258
20
-497.0357
30
0.0
11
2370.0314
21
-497.9447
31
0.0
0
TEXT
8
LOT-TEXT
7
STANDARD
10
2391.9217
20
-447.4947
30
0.0
40
4.5
1
L17
50
0.0
0
TEXT
8
LOT-TEXT
7
STANDARD
10
2391.9217
20
-455.4947
30
0.0
40
3.0
1
7,500sf
50
0.0
0
LINE
8
LOT-BOUNDARY
10
2203.1416
20
-575.1168
30
0.0
11
2201.7937
21
-499.9839
31
0.0
0
LINE
8
LOT-BOUNDARY
10
2201.7937
20
-499.9839
30
0.0
11
2295.0369
21
-498.8537
31
0.0
0
LINE
8
LOT-BOUNDARY
10
2295.0369
20
-498.8537
30
0.0
11
2296.2506
21
-598.8447
31
0.0
0
LINE
8
LOT-BOUNDARY
10
2296.2506
20
-598.8447
30
0.0
11
2228.4406
21
-599.6666
31
0.0
0
LINE
8
LOT-CURVE
10
2228.4406
20
-599.6666
30
0.0
11
2225.9979
21
-599.5767
31
0.0
0
LINE
8
LOT-CURVE
10
2225.9979
20
-599.5767
30
0.0
11
2223.5757
21
-599.2487
31
0.0
0
LINE
8
LOT-CURVE
10
2223.5757
20
-599.2487
30
0.0
11
2221.1971
21
-598.6857
31
0.0
0
LINE
8
LOT-CURVE
10
2221.1971
20
-598.6857
30
0.0
11
2218.8849
21
-597.8931
31
0.0
0
LINE
8
LOT-CURVE
10
2218.8849
20
-597.8931
30
0.0
11
2216.6611
21
-596.8786
31
0.0
0
LINE
8
LOT-CURVE
10
2216.6611
20
-596.8786
30
0.0
11
2214.5470
21
-595.6517
31
0.0
0
LINE
8
LOT-CURVE
10
2214.5470
20
-595.6517
30
0.0
11
2212.5629
21
-594.2242
31
0.0
0
LINE
8
LOT-CURVE
10
2212.5629
20
-594.2242
30
0.0
11
2210.7276
21
-592.6098
31
0.0
0
LINE
8
LOT-CURVE
10
2210.7276
20
-592.6098
30
0.0
11
2209.0587
21
-590.8238
31
0.0
0
LINE
8
LOT-CURVE
10
2209.0587
20
-590.8238
30
0.0
11
2207.5723
21
-588.8835
31
0.0
0
LINE
8
LOT-CURVE
10
2207.5723
20
-588.8835
30
0.0
11
2206.2824
21
-586.8072
31
0.0
0
LINE
8
LOT-CURVE
10
2206.2824
20
-586.8072
30
0.0
11
2205.2014
21
-584.6149
31
0.0
0
LINE
8
LOT-CURVE
10
2205.2014
20
-584.6149
30
0.0
11
2204.3397
21
-582.3275
31
0.0
0
LINE
8
LOT-CURVE
10
2204.3397
20
-582.3275
30
0.0
11
2203.7055
21
-579.9669
31
0.0
0
LINE
8
LOT-CURVE
10
2203.7055
20
-579.9669
30
0.0
11
2203.3049
21
-577.5557
31
0.0
0
LINE
8
LOT-CURVE
10
2203.3049
20
-577.5557
30
0.0
11
2203.1416
21
-575.1168
31
0.0
0
TEXT
8
LOT-DIM
7
STANDARD
10
2212.2276
20
-591.1098
30
0.0
40
2.2
1
R=25.0' L=39.1' D=89%%d40'00"
50
0.0
0
TEXT
8
LOT-TEXT
7
STANDARD
10
2229.9327
20
-554.4931
30
0.0
40
4.5
1
L14
50
0.0
0
TEXT
8
LOT-TEXT
7
STANDARD
10
2229.9327
20
-562.4931
30
0.0
40
3.0
1
9,164sf
50
0.0
0
LINE
8
LOT-BOUNDARY
10
2296.2506
20
-598.8447
30
0.0
11
2295.0369
21
-498.8537
31
0.0
0
LINE
8
LOT-BOUNDARY
10
2295.0369
20
-498.8537
30
0.0
11
2370.0314
21
-497.9447
31
0.0
0
LINE
8
LOT-BOUNDARY
10
2370.0314
20
-497.9447
30
0.0
11
2371.2451
21
-597.9357
31
0.0
0
LINE
8
LOT-BOUNDARY
10
2371.2451
20
-597.9357
30
0.0
11
2296.2506
21
-598.8447
31
0.0
0
TEXT
8
LOT-TEXT
7
STANDARD
10
2318.1410
20
-548.3947
30
0.0
40
4.5
1
L13
50
0.0
0
TEXT
8
LOT-TEXT
7
STANDARD
10
2318.1410
20
-556.3947
30
0.0
40
3.0
1
7,500sf
50
0.0
0
LINE
8
LOT-BOUNDARY
10
2371.2451
20
-597.9357
30
0.0
11
2370.0314
21
-497.9447
31
0.0
0
LINE
8
LOT-BOUNDARY
10
2370.0314
20
-497.9447
30
0.0
11
2445.0258
21
-497.0357
31
0.0
0
LINE
8
LOT-BOUNDARY
10
2445.0258
20
-497.0357
30
0.0
11
2446.2396
21
-597.0267
31
0.0
0
LINE
8
LOT-BOUNDARY
10
2446.2396
20
-597.0267
30
0.0
11
2371.2451
21
-597.9357
31
0.0
0
TEXT
8
LOT-TEXT
7
STANDARD
10
2393.1355
20
-547.4857
30
0.0
40
4.5
1
L12
50
0.0
0
TEXT
8
LOT-TEXT
7
STANDARD
10
2393.1355
20
-555.4857
30
0.0
40
3.0
1
7,500sf
50
0.0
0
TEXT
8
BLOCK-TITLE
7
STANDARD
10
2200.0000
20
-770.0000
30
0.0
40
8.0
1
BLOCK_10 (5 LOTS)
50
0.0
0
LINE
8
BLOCK-BORDER
10
2185.0000
20
-914.9839
30
0.0
11
2185.0000
21
-750.1761
31
0.0
0
LINE
8
BLOCK-BORDER
10
2185.0000
20
-750.1761
30
0.0
11
2614.1945
21
-750.1761
31
0.0
0
LINE
8
BLOCK-BORDER
10
2614.1945
20
-750.1761
30
0.0
11
2614.1945
21
-914.9839
31
0.0
0
LINE
8
BLOCK-BORDER
10
2614.1945
20
-914.9839
30
0.0
11
2185.0000
21
-914.9839
31
0.0
0
LINE
8
LOT-BOUNDARY
10
2201.7937
20
-899.9839
30
0.0
11
2200.0000
21
-800.0000
31
0.0
0
LINE
8
LOT-BOUNDARY
10
2200.0000
20
-800.0000
30
0.0
11
2298.0028
21
-798.8121
31
0.0
0
LINE
8
LOT-BOUNDARY
10
2298.0028
20
-798.8121
30
0.0
11
2299.2166
21
-898.8031
31
0.0
0
LINE
8
LOT-BOUNDARY
10
2299.2166
20
-898.8031
30
0.0
11
2201.7937
21
-899.9839
31
0.0
0
TEXT
8
LOT-TEXT
7
STANDARD
10
2234.7533
20
-849.3998
30
0.0
40
4.5
1
L13
50
0.0
0
TEXT
8
LOT-TEXT
7
STANDARD
10
2234.7533
20
-857.3998
30
0.0
40
3.0
1
9,772sf
50
0.0
0
LINE
8
LOT-BOUNDARY
10
2299.2166
20
-898.8031
30
0.0
11
2298.0028
21
-798.8121
31
0.0
0
LINE
8
LOT-BOUNDARY
10
2298.0028
20
-798.8121
30
0.0
11
2372.9973
21
-797.9031
31
0.0
0
LINE
8
LOT-BOUNDARY
10
2372.9973
20
-797.9031
30
0.0
11
2374.2110
21
-897.8941
31
0.0
0
LINE
8
LOT-BOUNDARY
10
2374.2110
20
-897.8941
30
0.0
11
2299.2166
21
-898.8031
31
0.0
0
TEXT
8
LOT-TEXT
7
STANDARD
10
2321.1069
20
-848.3531
30
0.0
40
4.5
1
L12
50
0.0
0
TEXT
8
LOT-TEXT
7
STANDARD
10
2321.1069
20
-856.3531
30
0.0
40
3.0
1
7,500sf
50
0.0
0
LINE
8
LOT-BOUNDARY
10
2374.2110
20
-897.8941
30
0.0
11
2372.9973
21
-797.9031
31
0.0
0
LINE
8
LOT-BOUNDARY
10
2372.9973
20
-797.9031
30
0.0
11
2447.9918
21
-796.9941
31
0.0
0
LINE
8
LOT-BOUNDARY
10
2447.9918
20
-796.9941
30
0.0
11
2449.2055
21
-896.9850
31
0.0
0
LINE
8
LOT-BOUNDARY
10
2449.2055
20
-896.9850
30
0.0
11
2374.2110
21
-897.8941
31
0.0
0
TEXT
8
LOT-TEXT
7
STANDARD
10
2396.1014
20
-847.4441
30
0.0
40
4.5
1
L11
50
0.0
0
TEXT
8
LOT-TEXT
7
STANDARD
10
2396.1014
20
-855.4441
30
0.0
40
3.0
1
7,500sf
50
0.0
0
LINE
8
LOT-BOUNDARY
10
2449.2055
20
-896.9850
30
0.0
11
2447.9918
21
-796.9941
31
0.0
0
LINE
8
LOT-BOUNDARY
10
2447.9918
20
-796.9941
30
0.0
11
2522.9863
21
-796.0851
31
0.0
0
LINE
8
LOT-BOUNDARY
10
2522.9863
20
-796.0851
30
0.0
11
2524.2000
21
-896.0760
31
0.0
0
LINE
8
LOT-BOUNDARY
10
2524.2000
20
-896.0760
30
0.0
11
2449.2055
21
-896.9850
31
0.0
0
TEXT
8
LOT-TEXT
7
STANDARD
10
2471.0959
20
-846.5351
30
0.0
40
4.5
1
L10
50
0.0
0
TEXT
8
LOT-TEXT
7
STANDARD
10
2471.0959
20
-854.5351
30
0.0
40
3.0
1
7,500sf
50
0.0
0
LINE
8
LOT-BOUNDARY
10
2524.2000
20
-896.0760
30
0.0
11
2522.9863
21
-796.0851
31
0.0
0
LINE
8
LOT-BOUNDARY
10
2522.9863
20
-796.0851
30
0.0
11
2597.9808
21
-795.1761
31
0.0
0
LINE
8
LOT-BOUNDARY
10
2597.9808
20
-795.1761
30
0.0
11
2599.1945
21
-895.1670
31
0.0
0
LINE
8
LOT-BOUNDARY
10
2599.1945
20
-895.1670
30
0.0
11
2524.2000
21
-896.0760
31
0.0
0
TEXT
8
LOT-TEXT
7
STANDARD
10
2546.0904
20
-845.6261
30
0.0
40
4.5
1
L9
50
0.0
0
TEXT
8
LOT-TEXT
7
STANDARD
10
2546.0904
20
-853.6261
30
0.0
40
3.0
1
7,500sf
50
0.0
0
TEXT
8
BLOCK-TITLE
7
STANDARD
10
2200.0000
20
-1170.0000
30
0.0
40
8.0
1
BLOCK_9 (9 LOTS)
50
0.0
0
LINE
8
BLOCK-BORDER
10
1908.8182
20
-1215.0000
30
0.0
11
1908.8182
21
-802.7971
31
0.0
0
LINE
8
BLOCK-BORDER
10
1908.8182
20
-802.7971
30
0.0
11
2330.5874
21
-802.7971
31
0.0
0
LINE
8
BLOCK-BORDER
10
2330.5874
20
-802.7971
30
0.0
11
2330.5874
21
-1215.0000
31
0.0
0
LINE
8
BLOCK-BORDER
10
2330.5874
20
-1215.0000
30
0.0
11
1908.8182
21
-1215.0000
31
0.0
0
LINE
8
LOT-BOUNDARY
10
1926.3294
20
-988.2230
30
0.0
11
1924.2666
21
-873.2415
31
0.0
0
LINE
8
LOT-CURVE
10
1924.2666
20
-873.2415
30
0.0
11
1924.3430
21
-870.7893
31
0.0
0
LINE
8
LOT-CURVE
10
1924.3430
20
-870.7893
30
0.0
11
1924.6594
21
-868.3564
31
0.0
0
LINE
8
LOT-CURVE
10
1924.6594
20
-868.3564
30
0.0
11
1925.2127
21
-865.9662
31
0.0
0
LINE
8
LOT-CURVE
10
1925.2127
20
-865.9662
30
0.0
11
1925.9977
21
-863.6418
31
0.0
0
LINE
8
LOT-CURVE
10
1925.9977
20
-863.6418
30
0.0
11
1927.0067
21
-861.4055
31
0.0
0
LINE
8
LOT-CURVE
10
1927.0067
20
-861.4055
30
0.0
11
1928.2300
21
-859.2789
31
0.0
0
LINE
8
LOT-CURVE
10
1928.2300
20
-859.2789
30
0.0
11
1929.6559
21
-857.2824
31
0.0
0
LINE
8
LOT-CURVE
10
1929.6559
20
-857.2824
30
0.0
11
1931.2707
21
-855.4353
31
0.0
0
LINE
8
LOT-CURVE
10
1931.2707
20
-855.4353
30
0.0
11
1933.0587
21
-853.7554
31
0.0
0
LINE
8
LOT-CURVE
10
1933.0587
20
-853.7554
30
0.0
11
1935.0027
21
-852.2588
31
0.0
0
LINE
8
LOT-CURVE
10
1935.0027
20
-852.2588
30
0.0
11
1937.0841
21
-850.9600
31
0.0
0
LINE
8
LOT-CURVE
10
1937.0841
20
-850.9600
30
0.0
11
1939.2827
21
-849.8714
31
0.0
0
LINE
8
LOT-CURVE
10
1939.2827
20
-849.8714
30
0.0
11
1941.5775
21
-849.0036
31
0.0
0
LINE
8
LOT-CURVE
10
1941.5775
20
-849.0036
30
0.0
11
1943.9463
21
-848.3648
31
0.0
0
LINE
8
LOT-CURVE
10
1943.9463
20
-848.3648
30
0.0
11
1946.3663
21
-847.9614
31
0.0
0
LINE
8
LOT-CURVE
10
1946.3663
20
-847.9614
30
0.0
11
1948.8141
21
-847.7971
31
0.0
0
TEXT
8
LOT-DIM
7
STANDARD
10
1932.7707
20
-853.9353
30
0.0
40
2.2
1
R=25.0' L=39.3' D=90%%d00'00"
50
0.0
0
LINE
8
LOT-CURVE
10
1948.8141
20
-847.7971
30
0.0
11
1953.3496
21
-847.7503
31
0.0
0
LINE
8
LOT-CURVE
10
1953.3496
20
-847.7503
30
0.0
11
1957.8853
21
-847.7728
31
0.0
0
LINE
8
LOT-CURVE
10
1957.8853
20
-847.7728
30
0.0
11
1962.4201
21
-847.8646
31
0.0
0
LINE
8
LOT-CURVE
10
1962.4201
20
-847.8646
30
0.0
11
1966.9530
21
-848.0256
31
0.0
0
LINE
8
LOT-CURVE
10
1966.9530
20
-848.0256
30
0.0
11
1971.4829
21
-848.2559
31
0.0
0
LINE
8
LOT-CURVE
10
1971.4829
20
-848.2559
30
0.0
11
1976.0088
21
-848.5552
31
0.0
0
LINE
8
LOT-CURVE
10
1976.0088
20
-848.5552
30
0.0
11
1980.5295
21
-848.9237
31
0.0
0
LINE
8
LOT-CURVE
10
1980.5295
20
-848.9237
30
0.0
11
1985.0441
21
-849.3611
31
0.0
0
LINE
8
LOT-CURVE
10
1985.0441
20
-849.3611
30
0.0
11
1989.5515
21
-849.8675
31
0.0
0
LINE
8
LOT-CURVE
10
1989.5515
20
-849.8675
30
0.0
11
1994.0506
21
-850.4426
31
0.0
0
LINE
8
LOT-CURVE
10
1994.0506
20
-850.4426
30
0.0
11
1998.5404
21
-851.0863
31
0.0
0
LINE
8
LOT-CURVE
10
1998.5404
20
-851.0863
30
0.0
11
2003.0199
21
-851.7986
31
0.0
0
LINE
8
LOT-CURVE
10
2003.0199
20
-851.7986
30
0.0
11
2007.4880
21
-852.5791
31
0.0
0
LINE
8
LOT-CURVE
10
2007.4880
20
-852.5791
30
0.0
11
2011.9436
21
-853.4278
31
0.0
0
LINE
8
LOT-CURVE
10
2011.9436
20
-853.4278
30
0.0
11
2016.3858
21
-854.3445
31
0.0
0
LINE
8
LOT-CURVE
10
2016.3858
20
-854.3445
30
0.0
11
2020.8134
21
-855.3288
31
0.0
0
TEXT
8
LOT-DIM
7
STANDARD
10
1986.5441
20
-847.8611
30
0.0
40
2.2
1
R=297.0' L=72.6' D=14%%d00'00"
50
0.0
0
LINE
8
LOT-BOUNDARY
10
2020.8134
20
-855.3288
30
0.0
11
2014.6057
21
-970.6931
31
0.0
0
LINE
8
LOT-BOUNDARY
10
2014.6057
20
-970.6931
30
0.0
11
1926.3294
21
-988.2230
31
0.0
0
TEXT
8
LOT-TEXT
7
STANDARD
10
1951.9658
20
-907.0567
30
0.0
40
4.5
1
L27
50
0.0
0
TEXT
8
LOT-TEXT
7
STANDARD
10
1951.9658
20
-915.0567
30
0.0
40
3.0
1
11,900sf
50
0.0
0
LINE
8
LOT-BOUNDARY
10
2014.6057
20
-970.6931
30
0.0
11
2020.8134
21
-855.3288
31
0.0
0
LINE
8
LOT-CURVE
10
2020.8134
20
-855.3288
30
0.0
11
2027.4253
21
-856.9319
31
0.0
0
LINE
8
LOT-CURVE
10
2027.4253
20
-856.9319
30
0.0
11
2033.9988
21
-858.6860
31
0.0
0
LINE
8
LOT-CURVE
10
2033.9988
20
-858.6860
30
0.0
11
2040.5304
21
-860.5903
31
0.0
0
LINE
8
LOT-CURVE
10
2040.5304
20
-860.5903
30
0.0
11
2047.0166
21
-862.6436
31
0.0
0
LINE
8
LOT-CURVE
10
2047.0166
20
-862.6436
30
0.0
11
2053.4541
21
-864.8449
31
0.0
0
LINE
8
LOT-CURVE
10
2053.4541
20
-864.8449
30
0.0
11
2059.8395
21
-867.1932
31
0.0
0
LINE
8
LOT-CURVE
10
2059.8395
20
-867.1932
30
0.0
11
2066.1695
21
-869.6871
31
0.0
0
LINE
8
LOT-CURVE
10
2066.1695
20
-869.6871
30
0.0
11
2072.4406
21
-872.3253
31
0.0
0
LINE
8
LOT-CURVE
10
2072.4406
20
-872.3253
30
0.0
11
2078.6497
21
-875.1064
31
0.0
0
LINE
8
LOT-CURVE
10
2078.6497
20
-875.1064
30
0.0
11
2084.7934
21
-878.0291
31
0.0
0
LINE
8
LOT-CURVE
10
2084.7934
20
-878.0291
30
0.0
11
2090.8686
21
-881.0917
31
0.0
0
LINE
8
LOT-CURVE
10
2090.8686
20
-881.0917
30
0.0
11
2096.8721
21
-884.2926
31
0.0
0
LINE
8
LOT-CURVE
10
2096.8721
20
-884.2926
30
0.0
11
2102.8006
21
-887.6303
31
0.0
0
LINE
8
LOT-CURVE
10
2102.8006
20
-887.6303
30
0.0
11
2108.6512
21
-891.1028
31
0.0
0
LINE
8
LOT-CURVE
10
2108.6512
20
-891.1028
30
0.0
11
2114.4207
21
-894.7084
31
0.0
0
LINE
8
LOT-CURVE
10
2114.4207
20
-894.7084
30
0.0
11
2120.1061
21
-898.4453
31
0.0
0
TEXT
8
LOT-DIM
7
STANDARD
10
2073.9406
20
-870.8253
30
0.0
40
2.2
1
R=297.0' L=108.9' D=20%%d59'59"
50
0.0
0
LINE
8
LOT-BOUNDARY
10
2120.1061
20
-898.4453
30
0.0
11
2074.6856
21
-1001.0417
31
0.0
0
LINE
8
LOT-BOUNDARY
10
2074.6856
20
-1001.0417
30
0.0
11
2014.6057
21
-970.6931
31
0.0
0
TEXT
8
LOT-TEXT
7
STANDARD
10
2042.5527
20
-931.3772
30
0.0
40
4.5
1
L28
50
0.0
0
TEXT
8
LOT-TEXT
7
STANDARD
10
2042.5527
20
-939.3772
30
0.0
40
3.0
1
9,992sf
50
0.0
0
LINE
8
LOT-BOUNDARY
10
2074.6856
20
-1001.0417
30
0.0
11
2120.1061
21
-898.4453
31
0.0
0
LINE
8
LOT-CURVE
10
2120.1061
20
-898.4453
30
0.0
11
2120.4640
21
-898.6869
31
0.0
0
LINE
8
LOT-CURVE
10
2120.4640
20
-898.6869
30
0.0
11
2120.8217
21
-898.9290
31
0.0
0
LINE
8
LOT-CURVE
10
2120.8217
20
-898.9290
30
0.0
11
2121.1790
21
-899.1716
31
0.0
0
LINE
8
LOT-CURVE
10
2121.1790
20
-899.1716
30
0.0
11
2121.5359
21
-899.4148
31
0.0
0
LINE
8
LOT-CURVE
10
2121.5359
20
-899.4148
30
0.0
11
2121.8925
21
-899.6584
31
0.0
0
LINE
8
LOT-CURVE
10
2121.8925
20
-899.6584
30
0.0
11
2122.2487
21
-899.9026
31
0.0
0
LINE
8
LOT-CURVE
10
2122.2487
20
-899.9026
30
0.0
11
2122.6046
21
-900.1473
31
0.0
0
LINE
8
LOT-CURVE
10
2122.6046
20
-900.1473
30
0.0
11
2122.9601
21
-900.3926
31
0.0
0
LINE
8
LOT-CURVE
10
2122.9601
20
-900.3926
30
0.0
11
2123.3152
21
-900.6383
31
0.0
0
LINE
8
LOT-CURVE
10
2123.3152
20
-900.6383
30
0.0
11
2123.6700
21
-900.8846
31
0.0
0
LINE
8
LOT-CURVE
10
2123.6700
20
-900.8846
30
0.0
11
2124.0245
21
-901.1313
31
0.0
0
LINE
8
LOT-CURVE
10
2124.0245
20
-901.1313
30
0.0
11
2124.3786
21
-901.3786
31
0.0
0
LINE
8
LOT-CURVE
10
2124.3786
20
-901.3786
30
0.0
11
2124.7323
21
-901.6264
31
0.0
0
LINE
8
LOT-CURVE
10
2124.7323
20
-901.6264
30
0.0
11
2125.0856
21
-901.8748
31
0.0
0
LINE
8
LOT-CURVE
10
2125.0856
20
-901.8748
30
0.0
11
2125.4386
21
-902.1236
31
0.0
0
LINE
8
LOT-CURVE
10
2125.4386
20
-902.1236
30
0.0
11
2125.7913
21
-902.3729
31
0.0
0
TEXT
8
LOT-DIM
7
STANDARD
10
2124.4601
20
-898.8926
30
0.0
40
2.2
1
R=297.0' L=6.9' D=1%%d19'59"
50
0.0
0
LINE
8
LOT-BOUNDARY
10
2125.7913
20
-902.3729
30
0.0
11
2193.1751
21
-950.0932
31
0.0
0
LINE
8
LOT-BOUNDARY
10
2193.1751
20
-950.0932
30
0.0
11
2135.3814
21
-1031.7013
31
0.0
0
LINE
8
LOT-BOUNDARY
10
2135.3814
20
-1031.7013
30
0.0
11
2074.6856
21
-1001.0417
31
0.0
0
TEXT
8
LOT-TEXT
7
STANDARD
10
2114.8279
20
-956.7309
30
0.0
40
4.5
1
L29
50
0.0
0
TEXT
8
LOT-TEXT
7
STANDARD
10
2114.8279
20
-964.7309
30
0.0
40
3.0
1
8,287sf
50
0.0
0
LINE
8
LOT-BOUNDARY
10
2135.3814
20
-1031.7013
30
0.0
11
2193.1751
21
-950.0932
31
0.0
0
LINE
8
LOT-BOUNDARY
10
2193.1751
20
-950.0932
30
0.0
11
2254.3812
21
-993.4384
31
0.0
0
LINE
8
LOT-BOUNDARY
10
2254.3812
20
-993.4384
30
0.0
11
2196.5876
21
-1075.0466
31
0.0
0
LINE
8
LOT-BOUNDARY
10
2196.5876
20
-1075.0466
30
0.0
11
2135.3814
21
-1031.7013
31
0.0
0
TEXT
8
LOT-TEXT
7
STANDARD
10
2179.8813
20
-1012.5699
30
0.0
40
4.5
1
L30
50
0.0
0
TEXT
8
LOT-TEXT
7
STANDARD
10
2179.8813
20
-1020.5699
30
0.0
40
3.0
1
7,500sf
50
0.0
0
LINE
8
LOT-BOUNDARY
10
2196.5876
20
-1075.0466
30
0.0
11
2254.3812
21
-993.4384
31
0.0
0
LINE
8
LOT-BOUNDARY
10
2254.3812
20
-993.4384
30
0.0
11
2315.5874
21
-1036.7837
31
0.0
0
LINE
8
LOT-BOUNDARY
10
2315.5874
20
-1036.7837
30
0.0
11
2257.7937
21
-1118.3918
31
0.0
0
LINE
8
LOT-BOUNDARY
10
2257.7937
20
-1118.3918
30
0.0
11
2196.5876
21
-1075.0466
31
0.0
0
TEXT
8
LOT-TEXT
7
STANDARD
10
2241.0875
20
-1055.9151
30
0.0
40
4.5
1
L31
50
0.0
0
TEXT
8
LOT-TEXT
7
STANDARD
10
2241.0875
20
-1063.9151
30
0.0
40
3.0
1
7,500sf
50
0.0
0
LINE
8
LOT-BOUNDARY
10
1926.3294
20
-988.2230
30
0.0
11
2014.6057
21
-970.6931
31
0.0
0
LINE
8
LOT-BOUNDARY
10
2014.6057
20
-970.6931
30
0.0
11
2041.3832
21
-984.2194
31
0.0
0
LINE
8
LOT-BOUNDARY
10
2041.3832
20
-984.2194
30
0.0
11
2020.8933
21
-1103.2183
31
0.0
0
LINE
8
LOT-CURVE
10
2020.8933
20
-1103.2183
30
0.0
11
2016.7262
21
-1102.3655
31
0.0
0
LINE
8
LOT-CURVE
10
2016.7262
20
-1102.3655
30
0.0
11
2012.5475
21
-1101.5719
31
0.0
0
LINE
8
LOT-CURVE
10
2012.5475
20
-1101.5719
30
0.0
11
2008.3579
21
-1100.8376
31
0.0
0
LINE
8
LOT-CURVE
10
2008.3579
20
-1100.8376
30
0.0
11
2004.1583
21
-1100.1628
31
0.0
0
LINE
8
LOT-CURVE
10
2004.1583
20
-1100.1628
30
0.0
11
1999.9495
21
-1099.5476
31
0.0
0
LINE
8
LOT-CURVE
10
1999.9495
20
-1099.5476
30
0.0
11
1995.7325
21
-1098.9922
31
0.0
0
LINE
8
LOT-CURVE
10
1995.7325
20
-1098.9922
30
0.0
11
1991.5080
21
-1098.4966
31
0.0
0
LINE
8
LOT-CURVE
10
1991.5080
20
-1098.4966
30
0.0
11
1987.2769
21
-1098.0610
31
0.0
0
LINE
8
LOT-CURVE
10
1987.2769
20
-1098.0610
30
0.0
11
1983.0401
21
-1097.6854
31
0.0
0
LINE
8
LOT-CURVE
10
1983.0401
20
-1097.6854
30
0.0
11
1978.7983
21
-1097.3699
31
0.0
0
LINE
8
LOT-CURVE
10
1978.7983
20
-1097.3699
30
0.0
11
1974.5526
21
-1097.1146
31
0.0
0
LINE
8
LOT-CURVE
10
1974.5526
20
-1097.1146
30
0.0
11
1970.3036
21
-1096.9195
31
0.0
0
LINE
8
LOT-CURVE
10
1970.3036
20
-1096.9195
30
0.0
11
1966.0523
21
-1096.7847
31
0.0
0
LINE
8
LOT-CURVE
10
1966.0523
20
-1096.7847
30
0.0
11
1961.7995
21
-1096.7102
31
0.0
0
LINE
8
LOT-CURVE
10
1961.7995
20
-1096.7102
30
0.0
11
1957.5460
21
-1096.6960
31
0.0
0
LINE
8
LOT-CURVE
10
1957.5460
20
-1096.6960
30
0.0
11
1953.2928
21
-1096.7422
31
0.0
0
TEXT
8
LOT-DIM
7
STANDARD
10
1988.7769
20
-1096.5610
30
0.0
40
2.2
1
R=300.0' L=68.1' D=12%%d59'58"
50
0.0
0
LINE
8
LOT-CURVE
10
1953.2928
20
-1096.7422
30
0.0
11
1950.8407
21
-1096.6670
31
0.0
0
LINE
8
LOT-CURVE
10
1950.8407
20
-1096.6670
30
0.0
11
1948.4078
21
-1096.3519
31
0.0
0
LINE
8
LOT-CURVE
10
1948.4078
20
-1096.3519
30
0.0
11
1946.0174
21
-1095.7998
31
0.0
0
LINE
8
LOT-CURVE
10
1946.0174
20
-1095.7998
30
0.0
11
1943.6927
21
-1095.0161
31
0.0
0
LINE
8
LOT-CURVE
10
1943.6927
20
-1095.0161
30
0.0
11
1941.4560
21
-1094.0083
31
0.0
0
LINE
8
LOT-CURVE
10
1941.4560
20
-1094.0083
30
0.0
11
1939.3289
21
-1092.7861
31
0.0
0
LINE
8
LOT-CURVE
10
1939.3289
20
-1092.7861
30
0.0
11
1937.3317
21
-1091.3614
31
0.0
0
LINE
8
LOT-CURVE
10
1937.3317
20
-1091.3614
30
0.0
11
1935.4839
21
-1089.7478
31
0.0
0
LINE
8
LOT-CURVE
10
1935.4839
20
-1089.7478
30
0.0
11
1933.8030
21
-1087.9608
31
0.0
0
LINE
8
LOT-CURVE
10
1933.8030
20
-1087.9608
30
0.0
11
1932.3054
21
-1086.0177
31
0.0
0
LINE
8
LOT-CURVE
10
1932.3054
20
-1086.0177
30
0.0
11
1931.0055
21
-1083.9371
31
0.0
0
LINE
8
LOT-CURVE
10
1931.0055
20
-1083.9371
30
0.0
11
1929.9158
21
-1081.7392
31
0.0
0
LINE
8
LOT-CURVE
10
1929.9158
20
-1081.7392
30
0.0
11
1929.0467
21
-1079.4450
31
0.0
0
LINE
8
LOT-CURVE
10
1929.0467
20
-1079.4450
30
0.0
11
1928.4067
21
-1077.0767
31
0.0
0
LINE
8
LOT-CURVE
10
1928.4067
20
-1077.0767
30
0.0
11
1928.0018
21
-1074.6571
31
0.0
0
LINE
8
LOT-CURVE
10
1928.0018
20
-1074.6571
30
0.0
11
1927.8361
21
-1072.2095
31
0.0
0
TEXT
8
LOT-DIM
7
STANDARD
10
1936.9839
20
-1088.2478
30
0.0
40
2.2
1
R=25.0' L=39.3' D=89%%d59'43"
50
0.0
0
LINE
8
LOT-BOUNDARY
10
1927.8361
20
-1072.2095
30
0.0
11
1926.3294
21
-988.2230
31
0.0
0
TEXT
8
LOT-TEXT
7
STANDARD
10
1965.7234
20
-1035.8842
30
0.0
40
4.5
1
L26
50
0.0
0
TEXT
8
LOT-TEXT
7
STANDARD
10
1965.7234
20
-1043.8842
30
0.0
40
3.0
1
12,359sf
50
0.0
0
LINE
8
LOT-BOUNDARY
10
2020.8933
20
-1103.2183
30
0.0
11
2041.3832
21
-984.2194
31
0.0
0
LINE
8
LOT-BOUNDARY
10
2041.3832
20
-984.2194
30
0.0
11
2114.8520
21
-1021.3311
31
0.0
0
LINE
8
LOT-BOUNDARY
10
2114.8520
20
-1021.3311
30
0.0
11
2083.7243
21
-1124.0044
31
0.0
0
LINE
8
LOT-CURVE
10
2083.7243
20
-1124.0044
30
0.0
11
2079.9451
21
-1122.3025
31
0.0
0
LINE
8
LOT-CURVE
10
2079.9451
20
-1122.3025
30
0.0
11
2076.1428
21
-1120.6531
31
0.0
0
LINE
8
LOT-CURVE
10
2076.1428
20
-1120.6531
30
0.0
11
2072.3181
21
-1119.0563
31
0.0
0
LINE
8
LOT-CURVE
10
2072.3181
20
-1119.0563
30
0.0
11
2068.4717
21
-1117.5126
31
0.0
0
LINE
8
LOT-CURVE
10
2068.4717
20
-1117.5126
30
0.0
11
2064.6043
21
-1116.0221
31
0.0
0
LINE
8
LOT-CURVE
10
2064.6043
20
-1116.0221
30
0.0
11
2060.7167
21
-1114.5852
31
0.0
0
LINE
8
LOT-CURVE
10
2060.7167
20
-1114.5852
30
0.0
11
2056.8096
21
-1113.2021
31
0.0
0
LINE
8
LOT-CURVE
10
2056.8096
20
-1113.2021
30
0.0
11
2052.8838
21
-1111.8732
31
0.0
0
LINE
8
LOT-CURVE
10
2052.8838
20
-1111.8732
30
0.0
11
2048.9400
21
-1110.5987
31
0.0
0
LINE
8
LOT-CURVE
10
2048.9400
20
-1110.5987
30
0.0
11
2044.9789
21
-1109.3787
31
0.0
0
LINE
8
LOT-CURVE
10
2044.9789
20
-1109.3787
30
0.0
11
2041.0014
21
-1108.2136
31
0.0
0
LINE
8
LOT-CURVE
10
2041.0014
20
-1108.2136
30
0.0
11
2037.0082
21
-1107.1036
31
0.0
0
LINE
8
LOT-CURVE
10
2037.0082
20
-1107.1036
30
0.0
11
2033.0000
21
-1106.0489
31
0.0
0
LINE
8
LOT-CURVE
10
2033.0000
20
-1106.0489
30
0.0
11
2028.9776
21
-1105.0496
31
0.0
0
LINE
8
LOT-CURVE
10
2028.9776
20
-1105.0496
30
0.0
11
2024.9418
21
-1104.1060
31
0.0
0
LINE
8
LOT-CURVE
10
2024.9418
20
-1104.1060
30
0.0
11
2020.8933
21
-1103.2183
31
0.0
0
TEXT
8
LOT-DIM
7
STANDARD
10
2054.3838
20
-1110.3732
30
0.0
40
2.2
1
R=300.0' L=66.3' D=12%%d40'01"
50
0.0
0
TEXT
8
LOT-TEXT
7
STANDARD
10
2050.2132
20
-1058.1933
30
0.0
40
4.5
1
L25
50
0.0
0
TEXT
8
LOT-TEXT
7
STANDARD
10
2050.2132
20
-1066.1933
30
0.0
40
3.0
1
8,220sf
50
0.0
0
LINE
8
LOT-BOUNDARY
10
2083.7243
20
-1124.0044
30
0.0
11
2114.8520
21
-1021.3311
31
0.0
0
LINE
8
LOT-BOUNDARY
10
2114.8520
20
-1021.3311
30
0.0
11
2135.3814
21
-1031.7013
31
0.0
0
LINE
8
LOT-BOUNDARY
10
2135.3814
20
-1031.7013
30
0.0
11
2196.5876
21
-1075.0466
31
0.0
0
LINE
8
LOT-BOUNDARY
10
2196.5876
20
-1075.0466
30
0.0
11
2138.8090
21
-1156.6636
31
0.0
0
LINE
8
LOT-BOUNDARY
10
2138.8090
20
-1156.6636
30
0.0
11
2132.0274
21
-1151.8610
31
0.0
0
LINE
8
LOT-CURVE
10
2132.0274
20
-1151.8610
30
0.0
11
2129.1675
21
-1149.8606
31
0.0
0
LINE
8
LOT-CURVE
10
2129.1675
20
-1149.8606
30
0.0
11
2126.2846
21
-1147.8936
31
0.0
0
LINE
8
LOT-CURVE
10
2126.2846
20
-1147.8936
30
0.0
11
2123.3790
21
-1145.9603
31
0.0
0
LINE
8
LOT-CURVE
10
2123.3790
20
-1145.9603
30
0.0
11
2120.4511
21
-1144.0609
31
0.0
0
LINE
8
LOT-CURVE
10
2120.4511
20
-1144.0609
30
0.0
11
2117.5013
21
-1142.1957
31
0.0
0
LINE
8
LOT-CURVE
10
2117.5013
20
-1142.1957
30
0.0
11
2114.5300
21
-1140.3650
31
0.0
0
LINE
8
LOT-CURVE
10
2114.5300
20
-1140.3650
30
0.0
11
2111.5376
21
-1138.5689
31
0.0
0
LINE
8
LOT-CURVE
10
2111.5376
20
-1138.5689
30
0.0
11
2108.5245
21
-1136.8078
31
0.0
0
LINE
8
LOT-CURVE
10
2108.5245
20
-1136.8078
30
0.0
11
2105.4911
21
-1135.0819
31
0.0
0
LINE
8
LOT-CURVE
10
2105.4911
20
-1135.0819
30
0.0
11
2102.4379
21
-1133.3914
31
0.0
0
LINE
8
LOT-CURVE
10
2102.4379
20
-1133.3914
30
0.0
11
2099.3652
21
-1131.7365
31
0.0
0
LINE
8
LOT-CURVE
10
2099.3652
20
-1131.7365
30
0.0
11
2096.2734
21
-1130.1175
31
0.0
0
LINE
8
LOT-CURVE
10
2096.2734
20
-1130.1175
30
0.0
11
2093.1630
21
-1128.5346
31
0.0
0
LINE
8
LOT-CURVE
10
2093.1630
20
-1128.5346
30
0.0
11
2090.0344
21
-1126.9879
31
0.0
0
LINE
8
LOT-CURVE
10
2090.0344
20
-1126.9879
30
0.0
11
2086.8880
21
-1125.4778
31
0.0
0
LINE
8
LOT-CURVE
10
2086.8880
20
-1125.4778
30
0.0
11
2083.7243
21
-1124.0044
31
0.0
0
TEXT
8
LOT-DIM
7
STANDARD
10
2110.0245
20
-1135.3078
30
0.0
40
2.2
1
R=300.0' L=55.8' D=10%%d39'58"
50
0.0
0
TEXT
8
LOT-TEXT
7
STANDARD
10
2118.5636
20
-1093.4347
30
0.0
40
4.5
1
L24
50
0.0
0
TEXT
8
LOT-TEXT
7
STANDARD
10
2118.5636
20
-1101.4347
30
0.0
40
3.0
1
8,281sf
50
0.0
0
LINE
8
LOT-BOUNDARY
10
2138.8090
20
-1156.6636
30
0.0
11
2196.5876
21
-1075.0466
31
0.0
0
LINE
8
LOT-BOUNDARY
10
2196.5876
20
-1075.0466
30
0.0
11
2257.7937
21
-1118.3918
31
0.0
0
LINE
8
LOT-BOUNDARY
10
2257.7937
20
-1118.3918
30
0.0
11
2200.0000
21
-1200.0000
31
0.0
0
LINE
8
LOT-BOUNDARY
10
2200.0000
20
-1200.0000
30
0.0
11
2138.8090
21
-1156.6636
31
0.0
0
TEXT
8
LOT-TEXT
7
STANDARD
10
2183.2976
20
-1137.5255
30
0.0
40
4.5
1
L23
50
0.0
0
TEXT
8
LOT-TEXT
7
STANDARD
10
2183.2976
20
-1145.5255
30
0.0
40
3.0
1
7,499sf
50
0.0
0
TEXT
8
BLOCK-TITLE
7
STANDARD
10
2000.0000
20
-1770.0000
30
0.0
40
8.0
1
BLOCK_8 (18 LOTS)
50
0.0
0
LINE
8
BLOCK-BORDER
10
1985.0000
20
-2323.8015
30
0.0
11
1985.0000
21
-1753.5650
31
0.0
0
LINE
8
BLOCK-BORDER
10
1985.0000
20
-1753.5650
30
0.0
11
2844.6833
21
-1753.5650
31
0.0
0
LINE
8
BLOCK-BORDER
10
2844.6833
20
-1753.5650
30
0.0
11
2844.6833
21
-2323.8015
31
0.0
0
LINE
8
BLOCK-BORDER
10
2844.6833
20
-2323.8015
30
0.0
11
1985.0000
21
-2323.8015
31
0.0
0
LINE
8
LOT-BOUNDARY
10
2001.7937
20
-1899.9839
30
0.0
11
2000.4484
21
-1824.9960
31
0.0
0
LINE
8
LOT-CURVE
10
2000.4484
20
-1824.9960
30
0.0
11
2000.5248
21
-1822.5438
31
0.0
0
LINE
8
LOT-CURVE
10
2000.5248
20
-1822.5438
30
0.0
11
2000.8412
21
-1820.1109
31
0.0
0
LINE
8
LOT-CURVE
10
2000.8412
20
-1820.1109
30
0.0
11
2001.3946
21
-1817.7207
31
0.0
0
LINE
8
LOT-CURVE
10
2001.3946
20
-1817.7207
30
0.0
11
2002.1795
21
-1815.3963
31
0.0
0
LINE
8
LOT-CURVE
10
2002.1795
20
-1815.3963
30
0.0
11
2003.1885
21
-1813.1600
31
0.0
0
LINE
8
LOT-CURVE
10
2003.1885
20
-1813.1600
30
0.0
11
2004.4119
21
-1811.0334
31
0.0
0
LINE
8
LOT-CURVE
10
2004.4119
20
-1811.0334
30
0.0
11
2005.8378
21
-1809.0369
31
0.0
0
LINE
8
LOT-CURVE
10
2005.8378
20
-1809.0369
30
0.0
11
2007.4525
21
-1807.1898
31
0.0
0
LINE
8
LOT-CURVE
10
2007.4525
20
-1807.1898
30
0.0
11
2009.2405
21
-1805.5099
31
0.0
0
LINE
8
LOT-CURVE
10
2009.2405
20
-1805.5099
30
0.0
11
2011.1845
21
-1804.0133
31
0.0
0
LINE
8
LOT-CURVE
10
2011.1845
20
-1804.0133
30
0.0
11
2013.2659
21
-1802.7145
31
0.0
0
LINE
8
LOT-CURVE
10
2013.2659
20
-1802.7145
30
0.0
11
2015.4646
21
-1801.6259
31
0.0
0
LINE
8
LOT-CURVE
10
2015.4646
20
-1801.6259
30
0.0
11
2017.7593
21
-1800.7581
31
0.0
0
LINE
8
LOT-CURVE
10
2017.7593
20
-1800.7581
30
0.0
11
2020.1281
21
-1800.1193
31
0.0
0
LINE
8
LOT-CURVE
10
2020.1281
20
-1800.1193
30
0.0
11
2022.5481
21
-1799.7159
31
0.0
0
LINE
8
LOT-CURVE
10
2022.5481
20
-1799.7159
30
0.0
11
2024.9960
21
-1799.5516
31
0.0
0
TEXT
8
LOT-DIM
7
STANDARD
10
2008.9525
20
-1805.6898
30
0.0
40
2.2
1
R=25.0' L=39.3' D=90%%d00'00"
50
0.0
0
LINE
8
LOT-BOUNDARY
10
2024.9960
20
-1799.5516
30
0.0
11
2079.9871
21
-1798.5650
31
0.0
0
LINE
8
LOT-CURVE
10
2079.9871
20
-1798.5650
30
0.0
11
2081.0798
21
-1798.5468
31
0.0
0
LINE
8
LOT-CURVE
10
2081.0798
20
-1798.5468
30
0.0
11
2082.1725
21
-1798.5314
31
0.0
0
LINE
8
LOT-CURVE
10
2082.1725
20
-1798.5314
30
0.0
11
2083.2653
21
-1798.5187
31
0.0
0
LINE
8
LOT-CURVE
10
2083.2653
20
-1798.5187
30
0.0
11
2084.3581
21
-1798.5089
31
0.0
0
LINE
8
LOT-CURVE
10
2084.3581
20
-1798.5089
30
0.0
11
2085.4509
21
-1798.5018
31
0.0
0
LINE
8
LOT-CURVE
10
2085.4509
20
-1798.5018
30
0.0
11
2086.5437
21
-1798.4975
31
0.0
0
LINE
8
LOT-CURVE
10
2086.5437
20
-1798.4975
30
0.0
11
2087.6366
21
-1798.4960
31
0.0
0
LINE
8
LOT-CURVE
10
2087.6366
20
-1798.4960
30
0.0
11
2088.7294
21
-1798.4972
31
0.0
0
LINE
8
LOT-CURVE
10
2088.7294
20
-1798.4972
30
0.0
11
2089.8222
21
-1798.5013
31
0.0
0
LINE
8
LOT-CURVE
10
2089.8222
20
-1798.5013
30
0.0
11
2090.9151
21
-1798.5081
31
0.0
0
LINE
8
LOT-CURVE
10
2090.9151
20
-1798.5081
30
0.0
11
2092.0079
21
-1798.5177
31
0.0
0
LINE
8
LOT-CURVE
10
2092.0079
20
-1798.5177
30
0.0
11
2093.1006
21
-1798.5301
31
0.0
0
LINE
8
LOT-CURVE
10
2093.1006
20
-1798.5301
30
0.0
11
2094.1934
21
-1798.5452
31
0.0
0
LINE
8
LOT-CURVE
10
2094.1934
20
-1798.5452
30
0.0
11
2095.2861
21
-1798.5632
31
0.0
0
LINE
8
LOT-CURVE
10
2095.2861
20
-1798.5632
30
0.0
11
2096.3787
21
-1798.5839
31
0.0
0
LINE
8
LOT-CURVE
10
2096.3787
20
-1798.5839
30
0.0
11
2097.4713
21
-1798.6074
31
0.0
0
TEXT
8
LOT-DIM
7
STANDARD
10
2090.2294
20
-1796.9972
30
0.0
40
2.2
1
R=429.4' L=17.5' D=2%%d20'00"
50
0.0
0
LINE
8
LOT-BOUNDARY
10
2097.4713
20
-1798.6074
30
0.0
11
2104.9771
21
-1898.1328
31
0.0
0
LINE
8
LOT-BOUNDARY
10
2104.9771
20
-1898.1328
30
0.0
11
2001.7937
21
-1899.9839
31
0.0
0
TEXT
8
LOT-TEXT
7
STANDARD
10
2036.6123
20
-1836.6394
30
0.0
40
4.5
1
L23
50
0.0
0
TEXT
8
LOT-TEXT
7
STANDARD
10
2036.6123
20
-1844.6394
30
0.0
40
3.0
1
9,897sf
50
0.0
0
LINE
8
LOT-BOUNDARY
10
2104.9771
20
-1898.1328
30
0.0
11
2097.4713
21
-1798.6074
31
0.0
0
LINE
8
LOT-CURVE
10
2097.4713
20
-1798.6074
30
0.0
11
2103.0891
21
-1798.7722
31
0.0
0
LINE
8
LOT-CURVE
10
2103.0891
20
-1798.7722
30
0.0
11
2108.7043
21
-1799.0106
31
0.0
0
LINE
8
LOT-CURVE
10
2108.7043
20
-1799.0106
30
0.0
11
2114.3160
21
-1799.3224
31
0.0
0
LINE
8
LOT-CURVE
10
2114.3160
20
-1799.3224
30
0.0
11
2119.9230
21
-1799.7077
31
0.0
0
LINE
8
LOT-CURVE
10
2119.9230
20
-1799.7077
30
0.0
11
2125.5245
21
-1800.1663
31
0.0
0
LINE
8
LOT-CURVE
10
2125.5245
20
-1800.1663
30
0.0
11
2131.1196
21
-1800.6982
31
0.0
0
LINE
8
LOT-CURVE
10
2131.1196
20
-1800.6982
30
0.0
11
2136.7072
21
-1801.3033
31
0.0
0
LINE
8
LOT-CURVE
10
2136.7072
20
-1801.3033
30
0.0
11
2142.2864
21
-1801.9814
31
0.0
0
LINE
8
LOT-CURVE
10
2142.2864
20
-1801.9814
30
0.0
11
2147.8562
21
-1802.7326
31
0.0
0
LINE
8
LOT-CURVE
10
2147.8562
20
-1802.7326
30
0.0
11
2153.4158
21
-1803.5566
31
0.0
0
LINE
8
LOT-CURVE
10
2153.4158
20
-1803.5566
30
0.0
11
2158.9640
21
-1804.4533
31
0.0
0
LINE
8
LOT-CURVE
10
2158.9640
20
-1804.4533
30
0.0
11
2164.5001
21
-1805.4225
31
0.0
0
LINE
8
LOT-CURVE
10
2164.5001
20
-1805.4225
30
0.0
11
2170.0230
21
-1806.4641
31
0.0
0
LINE
8
LOT-CURVE
10
2170.0230
20
-1806.4641
30
0.0
11
2175.5318
21
-1807.5780
31
0.0
0
LINE
8
LOT-CURVE
10
2175.5318
20
-1807.5780
30
0.0
11
2181.0255
21
-1808.7638
31
0.0
0
LINE
8
LOT-CURVE
10
2181.0255
20
-1808.7638
30
0.0
11
2186.5033
21
-1810.0215
31
0.0
0
TEXT
8
LOT-DIM
7
STANDARD
10
2143.7864
20
-1800.4814
30
0.0
40
2.2
1
R=429.4' L=89.9' D=12%%d00'00"
50
0.0
0
LINE
8
LOT-BOUNDARY
10
2186.5033
20
-1810.0215
30
0.0
11
2162.3127
21
-1915.8141
31
0.0
0
LINE
8
LOT-BOUNDARY
10
2162.3127
20
-1915.8141
30
0.0
11
2104.9771
21
-1898.1328
31
0.0
0
TEXT
8
LOT-TEXT
7
STANDARD
10
2122.8161
20
-1855.6439
30
0.0
40
4.5
1
L24
50
0.0
0
TEXT
8
LOT-TEXT
7
STANDARD
10
2122.8161
20
-1863.6439
30
0.0
40
3.0
1
7,775sf
50
0.0
0
LINE
8
LOT-BOUNDARY
10
2162.3127
20
-1915.8141
30
0.0
11
2186.5033
21
-1810.0215
31
0.0
0
LINE
8
LOT-CURVE
10
2186.5033
20
-1810.0215
30
0.0
11
2191.9641
21
-1811.3507
31
0.0
0
LINE
8
LOT-CURVE
10
2191.9641
20
-1811.3507
30
0.0
11
2197.4071
21
-1812.7513
31
0.0
0
LINE
8
LOT-CURVE
10
2197.4071
20
-1812.7513
30
0.0
11
2202.8312
21
-1814.2230
31
0.0
0
LINE
8
LOT-CURVE
10
2202.8312
20
-1814.2230
30
0.0
11
2208.2356
21
-1815.7656
31
0.0
0
LINE
8
LOT-CURVE
10
2208.2356
20
-1815.7656
30
0.0
11
2213.6194
21
-1817.3789
31
0.0
0
LINE
8
LOT-CURVE
10
2213.6194
20
-1817.3789
30
0.0
11
2218.9816
21
-1819.0624
31
0.0
0
LINE
8
LOT-CURVE
10
2218.9816
20
-1819.0624
30
0.0
11
2224.3213
21
-1820.8160
31
0.0
0
LINE
8
LOT-CURVE
10
2224.3213
20
-1820.8160
30
0.0
11
2229.6376
21
-1822.6393
31
0.0
0
LINE
8
LOT-CURVE
10
2229.6376
20
-1822.6393
30
0.0
11
2234.9295
21
-1824.5321
31
0.0
0
LINE
8
LOT-CURVE
10
2234.9295
20
-1824.5321
30
0.0
11
2240.1963
21
-1826.4940
31
0.0
0
LINE
8
LOT-CURVE
10
2240.1963
20
-1826.4940
30
0.0
11
2245.4369
21
-1828.5246
31
0.0
0
LINE
8
LOT-CURVE
10
2245.4369
20
-1828.5246
30
0.0
11
2250.6504
21
-1830.6237
31
0.0
0
LINE
8
LOT-CURVE
10
2250.6504
20
-1830.6237
30
0.0
11
2255.8361
21
-1832.7908
31
0.0
0
LINE
8
LOT-CURVE
10
2255.8361
20
-1832.7908
30
0.0
11
2260.9929
21
-1835.0257
31
0.0
0
LINE
8
LOT-CURVE
10
2260.9929
20
-1835.0257
30
0.0
11
2266.1201
21
-1837.3278
31
0.0
0
LINE
8
LOT-CURVE
10
2266.1201
20
-1837.3278
30
0.0
11
2271.2166
21
-1839.6969
31
0.0
0
TEXT
8
LOT-DIM
7
STANDARD
10
2231.1376
20
-1821.1393
30
0.0
40
2.2
1
R=429.4' L=89.9' D=12%%d00'00"
50
0.0
0
LINE
8
LOT-BOUNDARY
10
2271.2166
20
-1839.6969
30
0.0
11
2219.6483
21
-1933.4955
31
0.0
0
LINE
8
LOT-BOUNDARY
10
2219.6483
20
-1933.4955
30
0.0
11
2162.3127
21
-1915.8141
31
0.0
0
TEXT
8
LOT-TEXT
7
STANDARD
10
2194.9202
20
-1874.7570
30
0.0
40
4.5
1
L25
50
0.0
0
TEXT
8
LOT-TEXT
7
STANDARD
10
2194.9202
20
-1882.7570
30
0.0
40
3.0
1
8,126sf
50
0.0
0
LINE
8
LOT-BOUNDARY
10
2219.6483
20
-1933.4955
30
0.0
11
2271.2166
21
-1839.6969
31
0.0
0
LINE
8
LOT-CURVE
10
2271.2166
20
-1839.6969
30
0.0
11
2275.4398
21
-1841.7219
31
0.0
0
LINE
8
LOT-CURVE
10
2275.4398
20
-1841.7219
30
0.0
11
2279.6406
21
-1843.7929
31
0.0
0
LINE
8
LOT-CURVE
10
2279.6406
20
-1843.7929
30
0.0
11
2283.8186
21
-1845.9096
31
0.0
0
LINE
8
LOT-CURVE
10
2283.8186
20
-1845.9096
30
0.0
11
2287.9732
21
-1848.0717
31
0.0
0
LINE
8
LOT-CURVE
10
2287.9732
20
-1848.0717
30
0.0
11
2292.1040
21
-1850.2790
31
0.0
0
LINE
8
LOT-CURVE
10
2292.1040
20
-1850.2790
30
0.0
11
2296.2105
21
-1852.5312
31
0.0
0
LINE
8
LOT-CURVE
10
2296.2105
20
-1852.5312
30
0.0
11
2300.2922
21
-1854.8282
31
0.0
0
LINE
8
LOT-CURVE
10
2300.2922
20
-1854.8282
30
0.0
11
2304.3485
21
-1857.1694
31
0.0
0
LINE
8
LOT-CURVE
10
2304.3485
20
-1857.1694
30
0.0
11
2308.3791
21
-1859.5548
31
0.0
0
LINE
8
LOT-CURVE
10
2308.3791
20
-1859.5548
30
0.0
11
2312.3835
21
-1861.9841
31
0.0
0
LINE
8
LOT-CURVE
10
2312.3835
20
-1861.9841
30
0.0
11
2316.3611
21
-1864.4568
31
0.0
0
LINE
8
LOT-CURVE
10
2316.3611
20
-1864.4568
30
0.0
11
2320.3115
21
-1866.9728
31
0.0
0
LINE
8
LOT-CURVE
10
2320.3115
20
-1866.9728
30
0.0
11
2324.2342
21
-1869.5318
31
0.0
0
LINE
8
LOT-CURVE
10
2324.2342
20
-1869.5318
30
0.0
11
2328.1287
21
-1872.1333
31
0.0
0
LINE
8
LOT-CURVE
10
2328.1287
20
-1872.1333
30
0.0
11
2331.9947
21
-1874.7773
31
0.0
0
LINE
8
LOT-CURVE
10
2331.9947
20
-1874.7773
30
0.0
11
2335.8315
21
-1877.4632
31
0.0
0
TEXT
8
LOT-DIM
7
STANDARD
10
2305.8485
20
-1855.6694
30
0.0
40
2.2
1
R=429.4' L=74.9' D=10%%d00'00"
50
0.0
0
LINE
8
LOT-BOUNDARY
10
2335.8315
20
-1877.4632
30
0.0
11
2340.0344
21
-1880.4395
31
0.0
0
LINE
8
LOT-BOUNDARY
10
2340.0344
20
-1880.4395
30
0.0
11
2282.2667
21
-1962.0394
31
0.0
0
LINE
8
LOT-BOUNDARY
10
2282.2667
20
-1962.0394
30
0.0
11
2259.1716
21
-1945.6838
31
0.0
0
LINE
8
LOT-BOUNDARY
10
2259.1716
20
-1945.6838
30
0.0
11
2219.6483
21
-1933.4955
31
0.0
0
TEXT
8
LOT-TEXT
7
STANDARD
10
2269.6949
20
-1906.4697
30
0.0
40
4.5
1
L26
50
0.0
0
TEXT
8
LOT-TEXT
7
STANDARD
10
2269.6949
20
-1914.4697
30
0.0
40
3.0
1
7,573sf
50
0.0
0
LINE
8
LOT-BOUNDARY
10
2282.2667
20
-1962.0394
30
0.0
11
2340.0344
21
-1880.4395
31
0.0
0
LINE
8
LOT-BOUNDARY
10
2340.0344
20
-1880.4395
30
0.0
11
2401.2405
21
-1923.7848
31
0.0
0
LINE
8
LOT-BOUNDARY
10
2401.2405
20
-1923.7848
30
0.0
11
2343.4729
21
-2005.3847
31
0.0
0
LINE
8
LOT-BOUNDARY
10
2343.4729
20
-2005.3847
30
0.0
11
2282.2667
21
-1962.0394
31
0.0
0
TEXT
8
LOT-TEXT
7
STANDARD
10
2326.7536
20
-1942.9121
30
0.0
40
4.5
1
L27
50
0.0
0
TEXT
8
LOT-TEXT
7
STANDARD
10
2326.7536
20
-1950.9121
30
0.0
40
3.0
1
7,498sf
50
0.0
0
LINE
8
LOT-BOUNDARY
10
2343.4729
20
-2005.3847
30
0.0
11
2401.2405
21
-1923.7848
31
0.0
0
LINE
8
LOT-BOUNDARY
10
2401.2405
20
-1923.7848
30
0.0
11
2462.4466
21
-1967.1301
31
0.0
0
LINE
8
LOT-BOUNDARY
10
2462.4466
20
-1967.1301
30
0.0
11
2404.6790
21
-2048.7299
31
0.0
0
LINE
8
LOT-BOUNDARY
10
2404.6790
20
-2048.7299
30
0.0
11
2343.4729
21
-2005.3847
31
0.0
0
TEXT
8
LOT-TEXT
7
STANDARD
10
2387.9597
20
-1986.2574
30
0.0
40
4.5
1
L28
50
0.0
0
TEXT
8
LOT-TEXT
7
STANDARD
10
2387.9597
20
-1994.2574
30
0.0
40
3.0
1
7,498sf
50
0.0
0
LINE
8
LOT-BOUNDARY
10
2404.6790
20
-2048.7299
30
0.0
11
2462.4466
21
-1967.1301
31
0.0
0
LINE
8
LOT-BOUNDARY
10
2462.4466
20
-1967.1301
30
0.0
11
2523.6527
21
-2010.4753
31
0.0
0
LINE
8
LOT-BOUNDARY
10
2523.6527
20
-2010.4753
30
0.0
11
2465.8851
21
-2092.0752
31
0.0
0
LINE
8
LOT-BOUNDARY
10
2465.8851
20
-2092.0752
30
0.0
11
2404.6790
21
-2048.7299
31
0.0
0
TEXT
8
LOT-TEXT
7
STANDARD
10
2449.1658
20
-2029.6026
30
0.0
40
4.5
1
L29
50
0.0
0
TEXT
8
LOT-TEXT
7
STANDARD
10
2449.1658
20
-2037.6026
30
0.0
40
3.0
1
7,498sf
50
0.0
0
LINE
8
LOT-BOUNDARY
10
2465.8851
20
-2092.0752
30
0.0
11
2523.6527
21
-2010.4753
31
0.0
0
LINE
8
LOT-BOUNDARY
10
2523.6527
20
-2010.4753
30
0.0
11
2584.8588
21
-2053.8206
31
0.0
0
LINE
8
LOT-BOUNDARY
10
2584.8588
20
-2053.8206
30
0.0
11
2527.0912
21
-2135.4205
31
0.0
0
LINE
8
LOT-BOUNDARY
10
2527.0912
20
-2135.4205
30
0.0
11
2465.8851
21
-2092.0752
31
0.0
0
TEXT
8
LOT-TEXT
7
STANDARD
10
2510.3720
20
-2072.9479
30
0.0
40
4.5
1
L30
50
0.0
0
TEXT
8
LOT-TEXT
7
STANDARD
10
2510.3720
20
-2080.9479
30
0.0
40
3.0
1
7,498sf
50
0.0
0
LINE
8
LOT-BOUNDARY
10
2527.0912
20
-2135.4205
30
0.0
11
2584.8588
21
-2053.8206
31
0.0
0
LINE
8
LOT-BOUNDARY
10
2584.8588
20
-2053.8206
30
0.0
11
2646.0650
21
-2097.1658
31
0.0
0
LINE
8
LOT-BOUNDARY
10
2646.0650
20
-2097.1658
30
0.0
11
2588.2973
21
-2178.7657
31
0.0
0
LINE
8
LOT-BOUNDARY
10
2588.2973
20
-2178.7657
30
0.0
11
2527.0912
21
-2135.4205
31
0.0
0
TEXT
8
LOT-TEXT
7
STANDARD
10
2571.5781
20
-2116.2931
30
0.0
40
4.5
1
L31
50
0.0
0
TEXT
8
LOT-TEXT
7
STANDARD
10
2571.5781
20
-2124.2931
30
0.0
40
3.0
1
7,498sf
50
0.0
0
LINE
8
LOT-BOUNDARY
10
2588.2973
20
-2178.7657
30
0.0
11
2646.0650
21
-2097.1658
31
0.0
0
LINE
8
LOT-BOUNDARY
10
2646.0650
20
-2097.1658
30
0.0
11
2707.2711
21
-2140.5111
31
0.0
0
LINE
8
LOT-BOUNDARY
10
2707.2711
20
-2140.5111
30
0.0
11
2649.5034
21
-2222.1110
31
0.0
0
LINE
8
LOT-BOUNDARY
10
2649.5034
20
-2222.1110
30
0.0
11
2588.2973
21
-2178.7657
31
0.0
0
TEXT
8
LOT-TEXT
7
STANDARD
10
2632.7842
20
-2159.6384
30
0.0
40
4.5
1
L32
50
0.0
0
TEXT
8
LOT-TEXT
7
STANDARD
10
2632.7842
20
-2167.6384
30
0.0
40
3.0
1
7,498sf
50
0.0
0
LINE
8
LOT-BOUNDARY
10
2649.5034
20
-2222.1110
30
0.0
11
2707.2711
21
-2140.5111
31
0.0
0
LINE
8
LOT-BOUNDARY
10
2707.2711
20
-2140.5111
30
0.0
11
2768.4772
21
-2183.8563
31
0.0
0
LINE
8
LOT-BOUNDARY
10
2768.4772
20
-2183.8563
30
0.0
11
2710.7096
21
-2265.4562
31
0.0
0
LINE
8
LOT-BOUNDARY
10
2710.7096
20
-2265.4562
30
0.0
11
2649.5034
21
-2222.1110
31
0.0
0
TEXT
8
LOT-TEXT
7
STANDARD
10
2693.9903
20
-2202.9837
30
0.0
40
4.5
1
L33
50
0.0
0
TEXT
8
LOT-TEXT
7
STANDARD
10
2693.9903
20
-2210.9837
30
0.0
40
3.0
1
7,498sf
50
0.0
0
LINE
8
LOT-BOUNDARY
10
2710.7096
20
-2265.4562
30
0.0
11
2768.4772
21
-2183.8563
31
0.0
0
LINE
8
LOT-BOUNDARY
10
2768.4772
20
-2183.8563
30
0.0
11
2829.6833
21
-2227.2016
31
0.0
0
LINE
8
LOT-BOUNDARY
10
2829.6833
20
-2227.2016
30
0.0
11
2771.9157
21
-2308.8015
31
0.0
0
LINE
8
LOT-BOUNDARY
10
2771.9157
20
-2308.8015
30
0.0
11
2710.7096
21
-2265.4562
31
0.0
0
TEXT
8
LOT-TEXT
7
STANDARD
10
2755.1964
20
-2246.3289
30
0.0
40
4.5
1
L34
50
0.0
0
TEXT
8
LOT-TEXT
7
STANDARD
10
2755.1964
20
-2254.3289
30
0.0
40
3.0
1
7,498sf
50
0.0
0
LINE
8
LOT-BOUNDARY
10
2002.5112
20
-1939.9775
30
0.0
11
2099.2956
21
-1938.2412
31
0.0
0
LINE
8
LOT-BOUNDARY
10
2099.2956
20
-1938.2412
30
0.0
11
2130.8302
21
-1947.9659
31
0.0
0
LINE
8
LOT-BOUNDARY
10
2130.8302
20
-1947.9659
30
0.0
11
2099.5729
21
-2045.2149
31
0.0
0
LINE
8
LOT-CURVE
10
2099.5729
20
-2045.2149
30
0.0
11
2095.2257
21
-2044.4522
31
0.0
0
LINE
8
LOT-CURVE
10
2095.2257
20
-2044.4522
30
0.0
11
2090.8694
21
-2043.7433
31
0.0
0
LINE
8
LOT-CURVE
10
2090.8694
20
-2043.7433
30
0.0
11
2086.5047
21
-2043.0882
31
0.0
0
LINE
8
LOT-CURVE
10
2086.5047
20
-2043.0882
30
0.0
11
2082.1322
21
-2042.4872
31
0.0
0
LINE
8
LOT-CURVE
10
2082.1322
20
-2042.4872
30
0.0
11
2077.7526
21
-2041.9403
31
0.0
0
LINE
8
LOT-CURVE
10
2077.7526
20
-2041.9403
30
0.0
11
2073.3666
21
-2041.4476
31
0.0
0
LINE
8
LOT-CURVE
10
2073.3666
20
-2041.4476
30
0.0
11
2068.9748
21
-2041.0091
31
0.0
0
LINE
8
LOT-CURVE
10
2068.9748
20
-2041.0091
30
0.0
11
2064.5780
21
-2040.6250
31
0.0
0
LINE
8
LOT-CURVE
10
2064.5780
20
-2040.6250
30
0.0
11
2060.1767
21
-2040.2953
31
0.0
0
LINE
8
LOT-CURVE
10
2060.1767
20
-2040.2953
30
0.0
11
2055.7717
21
-2040.0199
31
0.0
0
LINE
8
LOT-CURVE
10
2055.7717
20
-2040.0199
30
0.0
11
2051.3636
21
-2039.7991
31
0.0
0
LINE
8
LOT-CURVE
10
2051.3636
20
-2039.7991
30
0.0
11
2046.9532
21
-2039.6328
31
0.0
0
LINE
8
LOT-CURVE
10
2046.9532
20
-2039.6328
30
0.0
11
2042.5410
21
-2039.5210
31
0.0
0
LINE
8
LOT-CURVE
10
2042.5410
20
-2039.5210
30
0.0
11
2038.1278
21
-2039.4637
31
0.0
0
LINE
8
LOT-CURVE
10
2038.1278
20
-2039.4637
30
0.0
11
2033.7142
21
-2039.4611
31
0.0
0
LINE
8
LOT-CURVE
10
2033.7142
20
-2039.4611
30
0.0
11
2029.3009
21
-2039.5130
31
0.0
0
TEXT
8
LOT-DIM
7
STANDARD
10
2066.0780
20
-2039.1250
30
0.0
40
2.2
1
R=357.0' L=70.6' D=11%%d20'00"
50
0.0
0
LINE
8
LOT-CURVE
10
2029.3009
20
-2039.5130
30
0.0
11
2026.8487
21
-2039.4366
31
0.0
0
LINE
8
LOT-CURVE
10
2026.8487
20
-2039.4366
30
0.0
11
2024.4158
21
-2039.1202
31
0.0
0
LINE
8
LOT-CURVE
10
2024.4158
20
-2039.1202
30
0.0
11
2022.0256
21
-2038.5668
31
0.0
0
LINE
8
LOT-CURVE
10
2022.0256
20
-2038.5668
30
0.0
11
2019.7012
21
-2037.7819
31
0.0
0
LINE
8
LOT-CURVE
10
2019.7012
20
-2037.7819
30
0.0
11
2017.4649
21
-2036.7729
31
0.0
0
LINE
8
LOT-CURVE
10
2017.4649
20
-2036.7729
30
0.0
11
2015.3383
21
-2035.5495
31
0.0
0
LINE
8
LOT-CURVE
10
2015.3383
20
-2035.5495
30
0.0
11
2013.3418
21
-2034.1236
31
0.0
0
LINE
8
LOT-CURVE
10
2013.3418
20
-2034.1236
30
0.0
11
2011.4947
21
-2032.5089
31
0.0
0
LINE
8
LOT-CURVE
10
2011.4947
20
-2032.5089
30
0.0
11
2009.8148
21
-2030.7209
31
0.0
0
LINE
8
LOT-CURVE
10
2009.8148
20
-2030.7209
30
0.0
11
2008.3182
21
-2028.7769
31
0.0
0
LINE
8
LOT-CURVE
10
2008.3182
20
-2028.7769
30
0.0
11
2007.0194
21
-2026.6955
31
0.0
0
LINE
8
LOT-CURVE
10
2007.0194
20
-2026.6955
30
0.0
11
2005.9308
21
-2024.4968
31
0.0
0
LINE
8
LOT-CURVE
10
2005.9308
20
-2024.4968
30
0.0
11
2005.0630
21
-2022.2021
31
0.0
0
LINE
8
LOT-CURVE
10
2005.0630
20
-2022.2021
30
0.0
11
2004.4243
21
-2019.8333
31
0.0
0
LINE
8
LOT-CURVE
10
2004.4243
20
-2019.8333
30
0.0
11
2004.0208
21
-2017.4133
31
0.0
0
LINE
8
LOT-CURVE
10
2004.0208
20
-2017.4133
30
0.0
11
2003.8565
21
-2014.9654
31
0.0
0
TEXT
8
LOT-DIM
7
STANDARD
10
2012.9947
20
-2031.0089
30
0.0
40
2.2
1
R=25.0' L=39.3' D=90%%d00'00"
50
0.0
0
LINE
8
LOT-BOUNDARY
10
2003.8565
20
-2014.9654
30
0.0
11
2002.5112
21
-1939.9775
31
0.0
0
TEXT
8
LOT-TEXT
7
STANDARD
10
2045.8945
20
-1987.6463
30
0.0
40
4.5
1
L22
50
0.0
0
TEXT
8
LOT-TEXT
7
STANDARD
10
2045.8945
20
-1995.6463
30
0.0
40
3.0
1
11,317sf
50
0.0
0
LINE
8
LOT-BOUNDARY
10
2130.8302
20
-1947.9659
30
0.0
11
2241.2586
21
-1982.0202
31
0.0
0
LINE
8
LOT-BOUNDARY
10
2241.2586
20
-1982.0202
30
0.0
11
2176.9501
21
-2068.5847
31
0.0
0
LINE
8
LOT-CURVE
10
2176.9501
20
-2068.5847
30
0.0
11
2172.2865
21
-2066.6147
31
0.0
0
LINE
8
LOT-CURVE
10
2172.2865
20
-2066.6147
30
0.0
11
2167.5953
21
-2064.7111
31
0.0
0
LINE
8
LOT-CURVE
10
2167.5953
20
-2064.7111
30
0.0
11
2162.8777
21
-2062.8742
31
0.0
0
LINE
8
LOT-CURVE
10
2162.8777
20
-2062.8742
30
0.0
11
2158.1345
21
-2061.1044
31
0.0
0
LINE
8
LOT-CURVE
10
2158.1345
20
-2061.1044
30
0.0
11
2153.3666
21
-2059.4020
31
0.0
0
LINE
8
LOT-CURVE
10
2153.3666
20
-2059.4020
30
0.0
11
2148.5751
21
-2057.7674
31
0.0
0
LINE
8
LOT-CURVE
10
2148.5751
20
-2057.7674
30
0.0
11
2143.7609
21
-2056.2010
31
0.0
0
LINE
8
LOT-CURVE
10
2143.7609
20
-2056.2010
30
0.0
11
2138.9250
21
-2054.7029
31
0.0
0
LINE
8
LOT-CURVE
10
2138.9250
20
-2054.7029
30
0.0
11
2134.0683
21
-2053.2736
31
0.0
0
LINE
8
LOT-CURVE
10
2134.0683
20
-2053.2736
30
0.0
11
2129.1919
21
-2051.9132
31
0.0
0
LINE
8
LOT-CURVE
10
2129.1919
20
-2051.9132
30
0.0
11
2124.2966
21
-2050.6222
31
0.0
0
LINE
8
LOT-CURVE
10
2124.2966
20
-2050.6222
30
0.0
11
2119.3835
21
-2049.4007
31
0.0
0
LINE
8
LOT-CURVE
10
2119.3835
20
-2049.4007
30
0.0
11
2114.4536
21
-2048.2490
31
0.0
0
LINE
8
LOT-CURVE
10
2114.4536
20
-2048.2490
30
0.0
11
2109.5079
21
-2047.1673
31
0.0
0
LINE
8
LOT-CURVE
10
2109.5079
20
-2047.1673
30
0.0
11
2104.5473
21
-2046.1559
31
0.0
0
LINE
8
LOT-CURVE
10
2104.5473
20
-2046.1559
30
0.0
11
2099.5729
21
-2045.2149
31
0.0
0
TEXT
8
LOT-DIM
7
STANDARD
10
2140.4250
20
-2053.2029
30
0.0
40
2.2
1
R=357.0' L=81.0' D=13%%d00'00"
50
0.0
0
LINE
8
LOT-BOUNDARY
10
2099.5729
20
-2045.2149
30
0.0
11
2130.8302
21
-1947.9659
31
0.0
0
TEXT
8
LOT-TEXT
7
STANDARD
10
2147.1529
20
-2010.9464
30
0.0
40
4.5
1
L21
50
0.0
0
TEXT
8
LOT-TEXT
7
STANDARD
10
2147.1529
20
-2018.9464
30
0.0
40
3.0
1
9,879sf
50
0.0
0
LINE
8
LOT-BOUNDARY
10
2241.2586
20
-1982.0202
30
0.0
11
2308.0956
21
-2029.3532
31
0.0
0
LINE
8
LOT-BOUNDARY
10
2308.0956
20
-2029.3532
30
0.0
11
2250.3007
21
-2110.9707
31
0.0
0
LINE
8
LOT-BOUNDARY
10
2250.3007
20
-2110.9707
30
0.0
11
2242.0338
21
-2105.1162
31
0.0
0
LINE
8
LOT-CURVE
10
2242.0338
20
-2105.1162
30
0.0
11
2238.2025
21
-2102.4404
31
0.0
0
LINE
8
LOT-CURVE
10
2238.2025
20
-2102.4404
30
0.0
11
2234.3365
21
-2099.8150
31
0.0
0
LINE
8
LOT-CURVE
10
2234.3365
20
-2099.8150
30
0.0
11
2230.4364
21
-2097.2404
31
0.0
0
LINE
8
LOT-CURVE
10
2230.4364
20
-2097.2404
30
0.0
11
2226.5030
21
-2094.7171
31
0.0
0
LINE
8
LOT-CURVE
10
2226.5030
20
-2094.7171
30
0.0
11
2222.5369
21
-2092.2455
31
0.0
0
LINE
8
LOT-CURVE
10
2222.5369
20
-2092.2455
30
0.0
11
2218.5388
21
-2089.8260
31
0.0
0
LINE
8
LOT-CURVE
10
2218.5388
20
-2089.8260
30
0.0
11
2214.5093
21
-2087.4590
31
0.0
0
LINE
8
LOT-CURVE
10
2214.5093
20
-2087.4590
30
0.0
11
2210.4492
21
-2085.1450
31
0.0
0
LINE
8
LOT-CURVE
10
2210.4492
20
-2085.1450
30
0.0
11
2206.3592
21
-2082.8843
31
0.0
0
LINE
8
LOT-CURVE
10
2206.3592
20
-2082.8843
30
0.0
11
2202.2399
21
-2080.6774
31
0.0
0
LINE
8
LOT-CURVE
10
2202.2399
20
-2080.6774
30
0.0
11
2198.0921
21
-2078.5246
31
0.0
0
LINE
8
LOT-CURVE
10
2198.0921
20
-2078.5246
30
0.0
11
2193.9165
21
-2076.4262
31
0.0
0
LINE
8
LOT-CURVE
10
2193.9165
20
-2076.4262
30
0.0
11
2189.7138
21
-2074.3827
31
0.0
0
LINE
8
LOT-CURVE
10
2189.7138
20
-2074.3827
30
0.0
11
2185.4846
21
-2072.3944
31
0.0
0
LINE
8
LOT-CURVE
10
2185.4846
20
-2072.3944
30
0.0
11
2181.2299
21
-2070.4616
31
0.0
0
LINE
8
LOT-CURVE
10
2181.2299
20
-2070.4616
30
0.0
11
2176.9501
21
-2068.5847
31
0.0
0
TEXT
8
LOT-DIM
7
STANDARD
10
2211.9492
20
-2083.6450
30
0.0
40
2.2
1
R=357.0' L=74.8' D=12%%d00'00"
50
0.0
0
LINE
8
LOT-BOUNDARY
10
2176.9501
20
-2068.5847
30
0.0
11
2241.2586
21
-1982.0202
31
0.0
0
TEXT
8
LOT-TEXT
7
STANDARD
10
2228.7278
20
-2059.2090
30
0.0
40
4.5
1
L20
50
0.0
0
TEXT
8
LOT-TEXT
7
STANDARD
10
2228.7278
20
-2067.2090
30
0.0
40
3.0
1
8,496sf
50
0.0
0
LINE
8
LOT-BOUNDARY
10
2308.0956
20
-2029.3532
30
0.0
11
2373.3822
21
-2075.5881
31
0.0
0
LINE
8
LOT-BOUNDARY
10
2373.3822
20
-2075.5881
30
0.0
11
2315.5873
21
-2157.2057
31
0.0
0
LINE
8
LOT-BOUNDARY
10
2315.5873
20
-2157.2057
30
0.0
11
2250.3007
21
-2110.9707
31
0.0
0
LINE
8
LOT-BOUNDARY
10
2250.3007
20
-2110.9707
30
0.0
11
2308.0956
21
-2029.3532
31
0.0
0
TEXT
8
LOT-TEXT
7
STANDARD
10
2296.8414
20
-2093.2794
30
0.0
40
4.5
1
L19
50
0.0
0
TEXT
8
LOT-TEXT
7
STANDARD
10
2296.8414
20
-2101.2794
30
0.0
40
3.0
1
8,001sf
50
0.0
0
LINE
8
LOT-BOUNDARY
10
2373.3822
20
-2075.5881
30
0.0
11
2438.6687
21
-2121.8231
31
0.0
0
LINE
8
LOT-BOUNDARY
10
2438.6687
20
-2121.8231
30
0.0
11
2380.8738
21
-2203.4406
31
0.0
0
LINE
8
LOT-BOUNDARY
10
2380.8738
20
-2203.4406
30
0.0
11
2315.5873
21
-2157.2057
31
0.0
0
LINE
8
LOT-BOUNDARY
10
2315.5873
20
-2157.2057
30
0.0
11
2373.3822
21
-2075.5881
31
0.0
0
TEXT
8
LOT-TEXT
7
STANDARD
10
2362.1280
20
-2139.5144
30
0.0
40
4.5
1
L18
50
0.0
0
TEXT
8
LOT-TEXT
7
STANDARD
10
2362.1280
20
-2147.5144
30
0.0
40
3.0
1
8,001sf
50
0.0
0
LINE
8
LOT-BOUNDARY
10
2438.6687
20
-2121.8231
30
0.0
11
2503.9552
21
-2168.0580
31
0.0
0
LINE
8
LOT-BOUNDARY
10
2503.9552
20
-2168.0580
30
0.0
11
2446.1603
21
-2249.6756
31
0.0
0
LINE
8
LOT-BOUNDARY
10
2446.1603
20
-2249.6756
30
0.0
11
2380.8738
21
-2203.4406
31
0.0
0
LINE
8
LOT-BOUNDARY
10
2380.8738
20
-2203.4406
30
0.0
11
2438.6687
21
-2121.8231
31
0.0
0
TEXT
8
LOT-TEXT
7
STANDARD
10
2427.4145
20
-2185.7493
30
0.0
40
4.5
1
L17
50
0.0
0
TEXT
8
LOT-TEXT
7
STANDARD
10
2427.4145
20
-2193.7493
30
0.0
40
3.0
1
8,001sf
50
0.0
0
TEXT
8
BLOCK-TITLE
7
STANDARD
10
2000.0000
20
-2770.0000
30
0.0
40
8.0
1
BLOCK_7 (27 LOTS)
50
0.0
0
LINE
8
BLOCK-BORDER
10
1985.0000
20
-3456.2176
30
0.0
11
1985.0000
21
-2747.3022
31
0.0
0
LINE
8
BLOCK-BORDER
10
1985.0000
20
-2747.3022
30
0.0
11
3002.8777
21
-2747.3022
31
0.0
0
LINE
8
BLOCK-BORDER
10
3002.8777
20
-2747.3022
30
0.0
11
3002.8777
21
-3456.2176
31
0.0
0
LINE
8
BLOCK-BORDER
10
3002.8777
20
-3456.2176
30
0.0
11
1985.0000
21
-3456.2176
31
0.0
0
LINE
8
LOT-BOUNDARY
10
2001.8070
20
-2900.7238
30
0.0
11
2000.4378
21
-2824.4008
31
0.0
0
LINE
8
LOT-CURVE
10
2000.4378
20
-2824.4008
30
0.0
11
2000.5112
21
-2821.9862
31
0.0
0
LINE
8
LOT-CURVE
10
2000.5112
20
-2821.9862
30
0.0
11
2000.8173
21
-2819.5899
31
0.0
0
LINE
8
LOT-CURVE
10
2000.8173
20
-2819.5899
30
0.0
11
2001.3533
21
-2817.2343
31
0.0
0
LINE
8
LOT-CURVE
10
2001.3533
20
-2817.2343
30
0.0
11
2002.1141
21
-2814.9415
31
0.0
0
LINE
8
LOT-CURVE
10
2002.1141
20
-2814.9415
30
0.0
11
2003.0927
21
-2812.7328
31
0.0
0
LINE
8
LOT-CURVE
10
2003.0927
20
-2812.7328
30
0.0
11
2004.2800
21
-2810.6288
31
0.0
0
LINE
8
LOT-CURVE
10
2004.2800
20
-2810.6288
30
0.0
11
2005.6647
21
-2808.6493
31
0.0
0
LINE
8
LOT-CURVE
10
2005.6647
20
-2808.6493
30
0.0
11
2007.2340
21
-2806.8127
31
0.0
0
LINE
8
LOT-CURVE
10
2007.2340
20
-2806.8127
30
0.0
11
2008.9733
21
-2805.1361
31
0.0
0
LINE
8
LOT-CURVE
10
2008.9733
20
-2805.1361
30
0.0
11
2010.8662
21
-2803.6352
31
0.0
0
LINE
8
LOT-CURVE
10
2010.8662
20
-2803.6352
30
0.0
11
2012.8952
21
-2802.3240
31
0.0
0
LINE
8
LOT-CURVE
10
2012.8952
20
-2802.3240
30
0.0
11
2015.0413
21
-2801.2148
31
0.0
0
LINE
8
LOT-CURVE
10
2015.0413
20
-2801.2148
30
0.0
11
2017.2844
21
-2800.3179
31
0.0
0
LINE
8
LOT-CURVE
10
2017.2844
20
-2800.3179
30
0.0
11
2019.6036
21
-2799.6417
31
0.0
0
LINE
8
LOT-CURVE
10
2019.6036
20
-2799.6417
30
0.0
11
2021.9773
21
-2799.1925
31
0.0
0
LINE
8
LOT-CURVE
10
2021.9773
20
-2799.1925
30
0.0
11
2024.3832
21
-2798.9745
31
0.0
0
TEXT
8
LOT-DIM
7
STANDARD
10
2008.7340
20
-2805.3127
30
0.0
40
2.2
1
R=25.0' L=38.7' D=88%%d37'10"
50
0.0
0
LINE
8
LOT-BOUNDARY
10
2024.3832
20
-2798.9745
30
0.0
11
2099.8417
21
-2795.8008
31
0.0
0
LINE
8
LOT-BOUNDARY
10
2099.8417
20
-2795.8008
30
0.0
11
2104.1705
21
-2898.8874
31
0.0
0
LINE
8
LOT-BOUNDARY
10
2104.1705
20
-2898.8874
30
0.0
11
2001.8070
21
-2900.7238
31
0.0
0
TEXT
8
LOT-TEXT
7
STANDARD
10
2031.1280
20
-2843.7575
30
0.0
40
4.5
1
L24
50
0.0
0
TEXT
8
LOT-TEXT
7
STANDARD
10
2031.1280
20
-2851.7575
30
0.0
40
3.0
1
10,185sf
50
0.0
0
LINE
8
LOT-BOUNDARY
10
2104.1705
20
-2898.8874
30
0.0
11
2099.8417
21
-2795.8008
31
0.0
0
LINE
8
LOT-BOUNDARY
10
2099.8417
20
-2795.8008
30
0.0
11
2183.0282
21
-2792.3022
31
0.0
0
LINE
8
LOT-BOUNDARY
10
2183.0282
20
-2792.3022
30
0.0
11
2187.4171
21
-2897.3939
31
0.0
0
LINE
8
LOT-BOUNDARY
10
2187.4171
20
-2897.3939
30
0.0
11
2104.1705
21
-2898.8874
31
0.0
0
TEXT
8
LOT-TEXT
7
STANDARD
10
2128.6144
20
-2846.0961
30
0.0
40
4.5
1
L25
50
0.0
0
TEXT
8
LOT-TEXT
7
STANDARD
10
2128.6144
20
-2854.0961
30
0.0
40
3.0
1
8,673sf
50
0.0
0
LINE
8
LOT-BOUNDARY
10
2187.4171
20
-2897.3939
30
0.0
11
2183.0282
21
-2792.3022
31
0.0
0
LINE
8
LOT-CURVE
10
2183.0282
20
-2792.3022
30
0.0
11
2189.2592
21
-2792.0992
31
0.0
0
LINE
8
LOT-CURVE
10
2189.2592
20
-2792.0992
30
0.0
11
2195.4930
21
-2792.0142
31
0.0
0
LINE
8
LOT-CURVE
10
2195.4930
20
-2792.0142
30
0.0
11
2201.7273
21
-2792.0473
31
0.0
0
LINE
8
LOT-CURVE
10
2201.7273
20
-2792.0473
30
0.0
11
2207.9598
21
-2792.1983
31
0.0
0
LINE
8
LOT-CURVE
10
2207.9598
20
-2792.1983
30
0.0
11
2214.1883
21
-2792.4674
31
0.0
0
LINE
8
LOT-CURVE
10
2214.1883
20
-2792.4674
30
0.0
11
2220.4106
21
-2792.8543
31
0.0
0
LINE
8
LOT-CURVE
10
2220.4106
20
-2792.8543
30
0.0
11
2226.6245
21
-2793.3590
31
0.0
0
LINE
8
LOT-CURVE
10
2226.6245
20
-2793.3590
30
0.0
11
2232.8277
21
-2793.9812
31
0.0
0
LINE
8
LOT-CURVE
10
2232.8277
20
-2793.9812
30
0.0
11
2239.0181
21
-2794.7208
31
0.0
0
LINE
8
LOT-CURVE
10
2239.0181
20
-2794.7208
30
0.0
11
2245.1933
21
-2795.5774
31
0.0
0
LINE
8
LOT-CURVE
10
2245.1933
20
-2795.5774
30
0.0
11
2251.3512
21
-2796.5508
31
0.0
0
LINE
8
LOT-CURVE
10
2251.3512
20
-2796.5508
30
0.0
11
2257.4895
21
-2797.6406
31
0.0
0
LINE
8
LOT-CURVE
10
2257.4895
20
-2797.6406
30
0.0
11
2263.6061
21
-2798.8464
31
0.0
0
LINE
8
LOT-CURVE
10
2263.6061
20
-2798.8464
30
0.0
11
2269.6988
21
-2800.1678
31
0.0
0
LINE
8
LOT-CURVE
10
2269.6988
20
-2800.1678
30
0.0
11
2275.7654
21
-2801.6044
31
0.0
0
LINE
8
LOT-CURVE
10
2275.7654
20
-2801.6044
30
0.0
11
2281.8037
21
-2803.1555
31
0.0
0
TEXT
8
LOT-DIM
7
STANDARD
10
2234.3277
20
-2792.4812
30
0.0
40
2.2
1
R=329.3' L=99.8' D=17%%d21'27"
50
0.0
0
LINE
8
LOT-BOUNDARY
10
2281.8037
20
-2803.1555
30
0.0
11
2252.7045
21
-2911.7632
31
0.0
0
LINE
8
LOT-BOUNDARY
10
2252.7045
20
-2911.7632
30
0.0
11
2187.4171
21
-2897.3939
31
0.0
0
TEXT
8
LOT-TEXT
7
STANDARD
10
2211.2384
20
-2851.1537
30
0.0
40
4.5
1
L26
50
0.0
0
TEXT
8
LOT-TEXT
7
STANDARD
10
2211.2384
20
-2859.1537
30
0.0
40
3.0
1
9,171sf
50
0.0
0
LINE
8
LOT-BOUNDARY
10
2252.7045
20
-2911.7632
30
0.0
11
2281.8037
21
-2803.1555
31
0.0
0
LINE
8
LOT-CURVE
10
2281.8037
20
-2803.1555
30
0.0
11
2287.8109
21
-2804.8205
31
0.0
0
LINE
8
LOT-CURVE
10
2287.8109
20
-2804.8205
30
0.0
11
2293.7856
21
-2806.5989
31
0.0
0
LINE
8
LOT-CURVE
10
2293.7856
20
-2806.5989
30
0.0
11
2299.7255
21
-2808.4901
31
0.0
0
LINE
8
LOT-CURVE
10
2299.7255
20
-2808.4901
30
0.0
11
2305.6285
21
-2810.4935
31
0.0
0
LINE
8
LOT-CURVE
10
2305.6285
20
-2810.4935
30
0.0
11
2311.4926
21
-2812.6082
31
0.0
0
LINE
8
LOT-CURVE
10
2311.4926
20
-2812.6082
30
0.0
11
2317.3156
21
-2814.8335
31
0.0
0
LINE
8
LOT-CURVE
10
2317.3156
20
-2814.8335
30
0.0
11
2323.0954
21
-2817.1687
31
0.0
0
LINE
8
LOT-CURVE
10
2323.0954
20
-2817.1687
30
0.0
11
2328.8299
21
-2819.6129
31
0.0
0
LINE
8
LOT-CURVE
10
2328.8299
20
-2819.6129
30
0.0
11
2334.5172
21
-2822.1652
31
0.0
0
LINE
8
LOT-CURVE
10
2334.5172
20
-2822.1652
30
0.0
11
2340.1551
21
-2824.8247
31
0.0
0
LINE
8
LOT-CURVE
10
2340.1551
20
-2824.8247
30
0.0
11
2345.7417
21
-2827.5905
31
0.0
0
LINE
8
LOT-CURVE
10
2345.7417
20
-2827.5905
30
0.0
11
2351.2749
21
-2830.4615
31
0.0
0
LINE
8
LOT-CURVE
10
2351.2749
20
-2830.4615
30
0.0
11
2356.7527
21
-2833.4368
31
0.0
0
LINE
8
LOT-CURVE
10
2356.7527
20
-2833.4368
30
0.0
11
2362.1733
21
-2836.5153
31
0.0
0
LINE
8
LOT-CURVE
10
2362.1733
20
-2836.5153
30
0.0
11
2367.5346
21
-2839.6958
31
0.0
0
LINE
8
LOT-CURVE
10
2367.5346
20
-2839.6958
30
0.0
11
2372.8347
21
-2842.9772
31
0.0
0
TEXT
8
LOT-DIM
7
STANDARD
10
2330.3299
20
-2818.1129
30
0.0
40
2.2
1
R=329.3' L=99.7' D=17%%d21'21"
50
0.0
0
LINE
8
LOT-BOUNDARY
10
2372.8347
20
-2842.9772
30
0.0
11
2318.0017
21
-2926.1347
31
0.0
0
LINE
8
LOT-BOUNDARY
10
2318.0017
20
-2926.1347
30
0.0
11
2252.7045
21
-2911.7632
31
0.0
0
TEXT
8
LOT-TEXT
7
STANDARD
10
2291.3362
20
-2871.0077
30
0.0
40
4.5
1
L27
50
0.0
0
TEXT
8
LOT-TEXT
7
STANDARD
10
2291.3362
20
-2879.0077
30
0.0
40
3.0
1
8,882sf
50
0.0
0
LINE
8
LOT-BOUNDARY
10
2318.0017
20
-2926.1347
30
0.0
11
2372.8347
21
-2842.9772
31
0.0
0
LINE
8
LOT-CURVE
10
2372.8347
20
-2842.9772
30
0.0
11
2373.7446
21
-2843.5546
31
0.0
0
LINE
8
LOT-CURVE
10
2373.7446
20
-2843.5546
30
0.0
11
2374.6526
21
-2844.1350
31
0.0
0
LINE
8
LOT-CURVE
10
2374.6526
20
-2844.1350
30
0.0
11
2375.5586
21
-2844.7183
31
0.0
0
LINE
8
LOT-CURVE
10
2375.5586
20
-2844.7183
30
0.0
11
2376.4628
21
-2845.3046
31
0.0
0
LINE
8
LOT-CURVE
10
2376.4628
20
-2845.3046
30
0.0
11
2377.3651
21
-2845.8939
31
0.0
0
LINE
8
LOT-CURVE
10
2377.3651
20
-2845.8939
30
0.0
11
2378.2654
21
-2846.4861
31
0.0
0
LINE
8
LOT-CURVE
10
2378.2654
20
-2846.4861
30
0.0
11
2379.1637
21
-2847.0812
31
0.0
0
LINE
8
LOT-CURVE
10
2379.1637
20
-2847.0812
30
0.0
11
2380.0602
21
-2847.6793
31
0.0
0
LINE
8
LOT-CURVE
10
2380.0602
20
-2847.6793
30
0.0
11
2380.9546
21
-2848.2803
31
0.0
0
LINE
8
LOT-CURVE
10
2380.9546
20
-2848.2803
30
0.0
11
2381.8471
21
-2848.8843
31
0.0
0
LINE
8
LOT-CURVE
10
2381.8471
20
-2848.8843
30
0.0
11
2382.7376
21
-2849.4912
31
0.0
0
LINE
8
LOT-CURVE
10
2382.7376
20
-2849.4912
30
0.0
11
2383.6261
21
-2850.1009
31
0.0
0
LINE
8
LOT-CURVE
10
2383.6261
20
-2850.1009
30
0.0
11
2384.5126
21
-2850.7136
31
0.0
0
LINE
8
LOT-CURVE
10
2384.5126
20
-2850.7136
30
0.0
11
2385.3971
21
-2851.3292
31
0.0
0
LINE
8
LOT-CURVE
10
2385.3971
20
-2851.3292
30
0.0
11
2386.2796
21
-2851.9477
31
0.0
0
LINE
8
LOT-CURVE
10
2386.2796
20
-2851.9477
30
0.0
11
2387.1600
21
-2852.5690
31
0.0
0
TEXT
8
LOT-DIM
7
STANDARD
10
2381.5602
20
-2846.1793
30
0.0
40
2.2
1
R=329.3' L=17.2' D=3%%d00'01"
50
0.0
0
LINE
8
LOT-BOUNDARY
10
2387.1600
20
-2852.5690
30
0.0
11
2437.0226
21
-2887.8809
31
0.0
0
LINE
8
LOT-BOUNDARY
10
2437.0226
20
-2887.8809
30
0.0
11
2379.2078
21
-2969.4799
31
0.0
0
LINE
8
LOT-BOUNDARY
10
2379.2078
20
-2969.4799
30
0.0
11
2318.0017
21
-2926.1347
31
0.0
0
TEXT
8
LOT-TEXT
7
STANDARD
10
2363.8454
20
-2895.8084
30
0.0
40
4.5
1
L28
50
0.0
0
TEXT
8
LOT-TEXT
7
STANDARD
10
2363.8454
20
-2903.8084
30
0.0
40
3.0
1
7,665sf
50
0.0
0
LINE
8
LOT-BOUNDARY
10
2379.2078
20
-2969.4799
30
0.0
11
2437.0226
21
-2887.8809
31
0.0
0
LINE
8
LOT-BOUNDARY
10
2437.0226
20
-2887.8809
30
0.0
11
2498.2287
21
-2931.2262
31
0.0
0
LINE
8
LOT-BOUNDARY
10
2498.2287
20
-2931.2262
30
0.0
11
2440.4139
21
-3012.8252
31
0.0
0
LINE
8
LOT-BOUNDARY
10
2440.4139
20
-3012.8252
30
0.0
11
2379.2078
21
-2969.4799
31
0.0
0
TEXT
8
LOT-TEXT
7
STANDARD
10
2423.7183
20
-2950.3531
30
0.0
40
4.5
1
L29
50
0.0
0
TEXT
8
LOT-TEXT
7
STANDARD
10
2423.7183
20
-2958.3531
30
0.0
40
3.0
1
7,500sf
50
0.0
0
LINE
8
LOT-BOUNDARY
10
2440.4139
20
-3012.8252
30
0.0
11
2498.2287
21
-2931.2262
31
0.0
0
LINE
8
LOT-BOUNDARY
10
2498.2287
20
-2931.2262
30
0.0
11
2559.4348
21
-2974.5715
31
0.0
0
LINE
8
LOT-BOUNDARY
10
2559.4348
20
-2974.5715
30
0.0
11
2501.6201
21
-3056.1705
31
0.0
0
LINE
8
LOT-BOUNDARY
10
2501.6201
20
-3056.1705
30
0.0
11
2440.4139
21
-3012.8252
31
0.0
0
TEXT
8
LOT-TEXT
7
STANDARD
10
2484.9244
20
-2993.6983
30
0.0
40
4.5
1
L30
50
0.0
0
TEXT
8
LOT-TEXT
7
STANDARD
10
2484.9244
20
-3001.6983
30
0.0
40
3.0
1
7,500sf
50
0.0
0
LINE
8
LOT-BOUNDARY
10
2501.6201
20
-3056.1705
30
0.0
11
2559.4348
21
-2974.5715
31
0.0
0
LINE
8
LOT-BOUNDARY
10
2559.4348
20
-2974.5715
30
0.0
11
2620.6410
21
-3017.9167
31
0.0
0
LINE
8
LOT-BOUNDARY
10
2620.6410
20
-3017.9167
30
0.0
11
2562.8262
21
-3099.5157
31
0.0
0
LINE
8
LOT-BOUNDARY
10
2562.8262
20
-3099.5157
30
0.0
11
2501.6201
21
-3056.1705
31
0.0
0
TEXT
8
LOT-TEXT
7
STANDARD
10
2546.1305
20
-3037.0436
30
0.0
40
4.5
1
L31
50
0.0
0
TEXT
8
LOT-TEXT
7
STANDARD
10
2546.1305
20
-3045.0436
30
0.0
40
3.0
1
7,500sf
50
0.0
0
LINE
8
LOT-BOUNDARY
10
2562.8262
20
-3099.5157
30
0.0
11
2620.6410
21
-3017.9167
31
0.0
0
LINE
8
LOT-BOUNDARY
10
2620.6410
20
-3017.9167
30
0.0
11
2681.8471
21
-3061.2620
31
0.0
0
LINE
8
LOT-BOUNDARY
10
2681.8471
20
-3061.2620
30
0.0
11
2624.0323
21
-3142.8610
31
0.0
0
LINE
8
LOT-BOUNDARY
10
2624.0323
20
-3142.8610
30
0.0
11
2562.8262
21
-3099.5157
31
0.0
0
TEXT
8
LOT-TEXT
7
STANDARD
10
2607.3366
20
-3080.3888
30
0.0
40
4.5
1
L32
50
0.0
0
TEXT
8
LOT-TEXT
7
STANDARD
10
2607.3366
20
-3088.3888
30
0.0
40
3.0
1
7,500sf
50
0.0
0
LINE
8
LOT-BOUNDARY
10
2624.0323
20
-3142.8610
30
0.0
11
2681.8471
21
-3061.2620
31
0.0
0
LINE
8
LOT-BOUNDARY
10
2681.8471
20
-3061.2620
30
0.0
11
2743.0532
21
-3104.6072
31
0.0
0
LINE
8
LOT-BOUNDARY
10
2743.0532
20
-3104.6072
30
0.0
11
2685.2384
21
-3186.2062
31
0.0
0
LINE
8
LOT-BOUNDARY
10
2685.2384
20
-3186.2062
30
0.0
11
2624.0323
21
-3142.8610
31
0.0
0
TEXT
8
LOT-TEXT
7
STANDARD
10
2668.5427
20
-3123.7341
30
0.0
40
4.5
1
L33
50
0.0
0
TEXT
8
LOT-TEXT
7
STANDARD
10
2668.5427
20
-3131.7341
30
0.0
40
3.0
1
7,500sf
50
0.0
0
LINE
8
LOT-BOUNDARY
10
2685.2384
20
-3186.2062
30
0.0
11
2743.0532
21
-3104.6072
31
0.0
0
LINE
8
LOT-BOUNDARY
10
2743.0532
20
-3104.6072
30
0.0
11
2804.2593
21
-3147.9525
31
0.0
0
LINE
8
LOT-BOUNDARY
10
2804.2593
20
-3147.9525
30
0.0
11
2746.4445
21
-3229.5515
31
0.0
0
LINE
8
LOT-BOUNDARY
10
2746.4445
20
-3229.5515
30
0.0
11
2685.2384
21
-3186.2062
31
0.0
0
TEXT
8
LOT-TEXT
7
STANDARD
10
2729.7489
20
-3167.0794
30
0.0
40
4.5
1
L34
50
0.0
0
TEXT
8
LOT-TEXT
7
STANDARD
10
2729.7489
20
-3175.0794
30
0.0
40
3.0
1
7,500sf
50
0.0
0
LINE
8
LOT-BOUNDARY
10
2746.4445
20
-3229.5515
30
0.0
11
2804.2593
21
-3147.9525
31
0.0
0
LINE
8
LOT-BOUNDARY
10
2804.2593
20
-3147.9525
30
0.0
11
2865.4654
21
-3191.2977
31
0.0
0
LINE
8
LOT-BOUNDARY
10
2865.4654
20
-3191.2977
30
0.0
11
2807.6506
21
-3272.8967
31
0.0
0
LINE
8
LOT-BOUNDARY
10
2807.6506
20
-3272.8967
30
0.0
11
2746.4445
21
-3229.5515
31
0.0
0
TEXT
8
LOT-TEXT
7
STANDARD
10
2790.9550
20
-3210.4246
30
0.0
40
4.5
1
L35
50
0.0
0
TEXT
8
LOT-TEXT
7
STANDARD
10
2790.9550
20
-3218.4246
30
0.0
40
3.0
1
7,500sf
50
0.0
0
LINE
8
LOT-BOUNDARY
10
2807.6506
20
-3272.8967
30
0.0
11
2865.4654
21
-3191.2977
31
0.0
0
LINE
8
LOT-BOUNDARY
10
2865.4654
20
-3191.2977
30
0.0
11
2926.6715
21
-3234.6430
31
0.0
0
LINE
8
LOT-BOUNDARY
10
2926.6715
20
-3234.6430
30
0.0
11
2868.8568
21
-3316.2420
31
0.0
0
LINE
8
LOT-BOUNDARY
10
2868.8568
20
-3316.2420
30
0.0
11
2807.6506
21
-3272.8967
31
0.0
0
TEXT
8
LOT-TEXT
7
STANDARD
10
2852.1611
20
-3253.7699
30
0.0
40
4.5
1
L36
50
0.0
0
TEXT
8
LOT-TEXT
7
STANDARD
10
2852.1611
20
-3261.7699
30
0.0
40
3.0
1
7,500sf
50
0.0
0
LINE
8
LOT-BOUNDARY
10
2868.8568
20
-3316.2420
30
0.0
11
2926.6715
21
-3234.6430
31
0.0
0
LINE
8
LOT-BOUNDARY
10
2926.6715
20
-3234.6430
30
0.0
11
2987.8777
21
-3277.9882
31
0.0
0
LINE
8
LOT-BOUNDARY
10
2987.8777
20
-3277.9882
30
0.0
11
2930.0629
21
-3359.5873
31
0.0
0
LINE
8
LOT-BOUNDARY
10
2930.0629
20
-3359.5873
30
0.0
11
2868.8568
21
-3316.2420
31
0.0
0
TEXT
8
LOT-TEXT
7
STANDARD
10
2913.3672
20
-3297.1151
30
0.0
40
4.5
1
L37
50
0.0
0
TEXT
8
LOT-TEXT
7
STANDARD
10
2913.3672
20
-3305.1151
30
0.0
40
3.0
1
7,500sf
50
0.0
0
LINE
8
LOT-BOUNDARY
10
2001.8070
20
-2900.7238
30
0.0
11
2104.1391
21
-2898.8844
31
0.0
0
LINE
8
LOT-BOUNDARY
10
2104.1391
20
-2898.8844
30
0.0
11
2100.6688
21
-2999.2645
31
0.0
0
LINE
8
LOT-CURVE
10
2100.6688
20
-2999.2645
30
0.0
11
2099.6014
21
-2999.2475
31
0.0
0
LINE
8
LOT-CURVE
10
2099.6014
20
-2999.2475
30
0.0
11
2098.5338
21
-2999.2329
31
0.0
0
LINE
8
LOT-CURVE
10
2098.5338
20
-2999.2329
30
0.0
11
2097.4663
21
-2999.2206
31
0.0
0
LINE
8
LOT-CURVE
10
2097.4663
20
-2999.2206
30
0.0
11
2096.3987
21
-2999.2106
31
0.0
0
LINE
8
LOT-CURVE
10
2096.3987
20
-2999.2106
30
0.0
11
2095.3311
21
-2999.2030
31
0.0
0
LINE
8
LOT-CURVE
10
2095.3311
20
-2999.2030
30
0.0
11
2094.2635
21
-2999.1977
31
0.0
0
LINE
8
LOT-CURVE
10
2094.2635
20
-2999.1977
30
0.0
11
2093.1959
21
-2999.1947
31
0.0
0
LINE
8
LOT-CURVE
10
2093.1959
20
-2999.1947
30
0.0
11
2092.1283
21
-2999.1941
31
0.0
0
LINE
8
LOT-CURVE
10
2092.1283
20
-2999.1941
30
0.0
11
2091.0607
21
-2999.1957
31
0.0
0
LINE
8
LOT-CURVE
10
2091.0607
20
-2999.1957
30
0.0
11
2089.9931
21
-2999.1998
31
0.0
0
LINE
8
LOT-CURVE
10
2089.9931
20
-2999.1998
30
0.0
11
2088.9255
21
-2999.2061
31
0.0
0
LINE
8
LOT-CURVE
10
2088.9255
20
-2999.2061
30
0.0
11
2087.8579
21
-2999.2148
31
0.0
0
LINE
8
LOT-CURVE
10
2087.8579
20
-2999.2148
30
0.0
11
2086.7903
21
-2999.2258
31
0.0
0
LINE
8
LOT-CURVE
10
2086.7903
20
-2999.2258
30
0.0
11
2085.7228
21
-2999.2391
31
0.0
0
LINE
8
LOT-CURVE
10
2085.7228
20
-2999.2391
30
0.0
11
2084.6553
21
-2999.2547
31
0.0
0
LINE
8
LOT-CURVE
10
2084.6553
20
-2999.2547
30
0.0
11
2083.5878
21
-2999.2727
31
0.0
0
TEXT
8
LOT-DIM
7
STANDARD
10
2093.6283
20
-2997.6941
30
0.0
40
2.2
1
R=489.4' L=17.1' D=2%%d00'00"
50
0.0
0
LINE
8
LOT-BOUNDARY
10
2083.5878
20
-2999.2727
30
0.0
11
2028.5967
21
-3000.2593
31
0.0
0
LINE
8
LOT-CURVE
10
2028.5967
20
-3000.2593
30
0.0
11
2026.1445
21
-3000.1829
31
0.0
0
LINE
8
LOT-CURVE
10
2026.1445
20
-3000.1829
30
0.0
11
2023.7116
21
-2999.8665
31
0.0
0
LINE
8
LOT-CURVE
10
2023.7116
20
-2999.8665
30
0.0
11
2021.3214
21
-2999.3131
31
0.0
0
LINE
8
LOT-CURVE
10
2021.3214
20
-2999.3131
30
0.0
11
2018.9970
21
-2998.5282
31
0.0
0
LINE
8
LOT-CURVE
10
2018.9970
20
-2998.5282
30
0.0
11
2016.7607
21
-2997.5192
31
0.0
0
LINE
8
LOT-CURVE
10
2016.7607
20
-2997.5192
30
0.0
11
2014.6341
21
-2996.2958
31
0.0
0
LINE
8
LOT-CURVE
10
2014.6341
20
-2996.2958
30
0.0
11
2012.6376
21
-2994.8699
31
0.0
0
LINE
8
LOT-CURVE
10
2012.6376
20
-2994.8699
30
0.0
11
2010.7905
21
-2993.2552
31
0.0
0
LINE
8
LOT-CURVE
10
2010.7905
20
-2993.2552
30
0.0
11
2009.1106
21
-2991.4672
31
0.0
0
LINE
8
LOT-CURVE
10
2009.1106
20
-2991.4672
30
0.0
11
2007.6140
21
-2989.5232
31
0.0
0
LINE
8
LOT-CURVE
10
2007.6140
20
-2989.5232
30
0.0
11
2006.3152
21
-2987.4418
31
0.0
0
LINE
8
LOT-CURVE
10
2006.3152
20
-2987.4418
30
0.0
11
2005.2266
21
-2985.2431
31
0.0
0
LINE
8
LOT-CURVE
10
2005.2266
20
-2985.2431
30
0.0
11
2004.3588
21
-2982.9484
31
0.0
0
LINE
8
LOT-CURVE
10
2004.3588
20
-2982.9484
30
0.0
11
2003.7200
21
-2980.5796
31
0.0
0
LINE
8
LOT-CURVE
10
2003.7200
20
-2980.5796
30
0.0
11
2003.3166
21
-2978.1596
31
0.0
0
LINE
8
LOT-CURVE
10
2003.3166
20
-2978.1596
30
0.0
11
2003.1523
21
-2975.7117
31
0.0
0
TEXT
8
LOT-DIM
7
STANDARD
10
2012.2905
20
-2991.7552
30
0.0
40
2.2
1
R=25.0' L=39.3' D=90%%d00'00"
50
0.0
0
LINE
8
LOT-BOUNDARY
10
2003.1523
20
-2975.7117
30
0.0
11
2001.8070
21
-2900.7238
31
0.0
0
TEXT
8
LOT-TEXT
7
STANDARD
10
2038.6586
20
-2962.3527
30
0.0
40
4.5
1
L23
50
0.0
0
TEXT
8
LOT-TEXT
7
STANDARD
10
2038.6586
20
-2970.3527
30
0.0
40
3.0
1
9,840sf
50
0.0
0
LINE
8
LOT-BOUNDARY
10
2104.1391
20
-2898.8844
30
0.0
11
2104.1705
21
-2898.8874
31
0.0
0
LINE
8
LOT-BOUNDARY
10
2104.1705
20
-2898.8874
30
0.0
11
2187.4171
21
-2897.3939
31
0.0
0
LINE
8
LOT-BOUNDARY
10
2187.4171
20
-2897.3939
30
0.0
11
2206.9496
21
-2901.6929
31
0.0
0
LINE
8
LOT-BOUNDARY
10
2206.9496
20
-2901.6929
30
0.0
11
2177.1084
21
-3006.5873
31
0.0
0
LINE
8
LOT-CURVE
10
2177.1084
20
-3006.5873
30
0.0
11
2172.3727
21
-3005.7786
31
0.0
0
LINE
8
LOT-CURVE
10
2172.3727
20
-3005.7786
30
0.0
11
2167.6293
21
-3005.0164
31
0.0
0
LINE
8
LOT-CURVE
10
2167.6293
20
-3005.0164
30
0.0
11
2162.8786
21
-3004.3008
31
0.0
0
LINE
8
LOT-CURVE
10
2162.8786
20
-3004.3008
30
0.0
11
2158.1211
21
-3003.6319
31
0.0
0
LINE
8
LOT-CURVE
10
2158.1211
20
-3003.6319
30
0.0
11
2153.3573
21
-3003.0098
31
0.0
0
LINE
8
LOT-CURVE
10
2153.3573
20
-3003.0098
30
0.0
11
2148.5876
21
-3002.4344
31
0.0
0
LINE
8
LOT-CURVE
10
2148.5876
20
-3002.4344
30
0.0
11
2143.8125
21
-3001.9059
31
0.0
0
LINE
8
LOT-CURVE
10
2143.8125
20
-3001.9059
30
0.0
11
2139.0325
21
-3001.4242
31
0.0
0
LINE
8
LOT-CURVE
10
2139.0325
20
-3001.4242
30
0.0
11
2134.2479
21
-3000.9896
31
0.0
0
LINE
8
LOT-CURVE
10
2134.2479
20
-3000.9896
30
0.0
11
2129.4593
21
-3000.6019
31
0.0
0
LINE
8
LOT-CURVE
10
2129.4593
20
-3000.6019
30
0.0
11
2124.6671
21
-3000.2612
31
0.0
0
LINE
8
LOT-CURVE
10
2124.6671
20
-3000.2612
30
0.0
11
2119.8719
21
-2999.9677
31
0.0
0
LINE
8
LOT-CURVE
10
2119.8719
20
-2999.9677
30
0.0
11
2115.0739
21
-2999.7212
31
0.0
0
LINE
8
LOT-CURVE
10
2115.0739
20
-2999.7212
30
0.0
11
2110.2738
21
-2999.5218
31
0.0
0
LINE
8
LOT-CURVE
10
2110.2738
20
-2999.5218
30
0.0
11
2105.4720
21
-2999.3695
31
0.0
0
LINE
8
LOT-CURVE
10
2105.4720
20
-2999.3695
30
0.0
11
2100.6688
21
-2999.2645
31
0.0
0
TEXT
8
LOT-DIM
7
STANDARD
10
2140.5325
20
-2999.9242
30
0.0
40
2.2
1
R=489.4' L=76.9' D=9%%d00'00"
50
0.0
0
LINE
8
LOT-BOUNDARY
10
2100.6688
20
-2999.2645
30
0.0
11
2104.1391
21
-2898.8844
31
0.0
0
TEXT
8
LOT-TEXT
7
STANDARD
10
2131.7423
20
-2933.7851
30
0.0
40
4.5
1
L22
50
0.0
0
TEXT
8
LOT-TEXT
7
STANDARD
10
2131.7423
20
-2941.7851
30
0.0
40
3.0
1
9,399sf
50
0.0
0
LINE
8
LOT-BOUNDARY
10
2206.9496
20
-2901.6929
30
0.0
11
2288.7029
21
-2919.6862
31
0.0
0
LINE
8
LOT-BOUNDARY
10
2288.7029
20
-2919.6862
30
0.0
11
2251.4612
21
-3025.7778
31
0.0
0
LINE
8
LOT-CURVE
10
2251.4612
20
-3025.7778
30
0.0
11
2246.9104
21
-3024.2383
31
0.0
0
LINE
8
LOT-CURVE
10
2246.9104
20
-3024.2383
30
0.0
11
2242.3446
21
-3022.7434
31
0.0
0
LINE
8
LOT-CURVE
10
2242.3446
20
-3022.7434
30
0.0
11
2237.7643
21
-3021.2935
31
0.0
0
LINE
8
LOT-CURVE
10
2237.7643
20
-3021.2935
30
0.0
11
2233.1701
21
-3019.8886
31
0.0
0
LINE
8
LOT-CURVE
10
2233.1701
20
-3019.8886
30
0.0
11
2228.5623
21
-3018.5288
31
0.0
0
LINE
8
LOT-CURVE
10
2228.5623
20
-3018.5288
30
0.0
11
2223.9413
21
-3017.2144
31
0.0
0
LINE
8
LOT-CURVE
10
2223.9413
20
-3017.2144
30
0.0
11
2219.3077
21
-3015.9454
31
0.0
0
LINE
8
LOT-CURVE
10
2219.3077
20
-3015.9454
30
0.0
11
2214.6618
21
-3014.7219
31
0.0
0
LINE
8
LOT-CURVE
10
2214.6618
20
-3014.7219
30
0.0
11
2210.0042
21
-3013.5441
31
0.0
0
LINE
8
LOT-CURVE
10
2210.0042
20
-3013.5441
30
0.0
11
2205.3352
21
-3012.4121
31
0.0
0
LINE
8
LOT-CURVE
10
2205.3352
20
-3012.4121
30
0.0
11
2200.6553
21
-3011.3260
31
0.0
0
LINE
8
LOT-CURVE
10
2200.6553
20
-3011.3260
30
0.0
11
2195.9650
21
-3010.2859
31
0.0
0
LINE
8
LOT-CURVE
10
2195.9650
20
-3010.2859
30
0.0
11
2191.2647
21
-3009.2919
31
0.0
0
LINE
8
LOT-CURVE
10
2191.2647
20
-3009.2919
30
0.0
11
2186.5548
21
-3008.3441
31
0.0
0
LINE
8
LOT-CURVE
10
2186.5548
20
-3008.3441
30
0.0
11
2181.8359
21
-3007.4425
31
0.0
0
LINE
8
LOT-CURVE
10
2181.8359
20
-3007.4425
30
0.0
11
2177.1084
21
-3006.5873
31
0.0
0
TEXT
8
LOT-DIM
7
STANDARD
10
2216.1618
20
-3013.2219
30
0.0
40
2.2
1
R=489.4' L=76.9' D=9%%d00'00"
50
0.0
0
LINE
8
LOT-BOUNDARY
10
2177.1084
20
-3006.5873
30
0.0
11
2206.9496
21
-2901.6929
31
0.0
0
TEXT
8
LOT-TEXT
7
STANDARD
10
2216.0555
20
-2963.4361
30
0.0
40
4.5
1
L21
50
0.0
0
TEXT
8
LOT-TEXT
7
STANDARD
10
2216.0555
20
-2971.4361
30
0.0
40
3.0
1
8,780sf
50
0.0
0
LINE
8
LOT-BOUNDARY
10
2288.7029
20
-2919.6862
30
0.0
11
2318.0017
21
-2926.1347
31
0.0
0
LINE
8
LOT-BOUNDARY
10
2318.0017
20
-2926.1347
30
0.0
11
2371.0470
21
-2963.7006
31
0.0
0
LINE
8
LOT-BOUNDARY
10
2371.0470
20
-2963.7006
30
0.0
11
2321.8967
21
-3056.3634
31
0.0
0
LINE
8
LOT-CURVE
10
2321.8967
20
-3056.3634
30
0.0
11
2317.6426
21
-3054.1309
31
0.0
0
LINE
8
LOT-CURVE
10
2317.6426
20
-3054.1309
30
0.0
11
2313.3669
21
-3051.9402
31
0.0
0
LINE
8
LOT-CURVE
10
2313.3669
20
-3051.9402
30
0.0
11
2309.0699
21
-3049.7916
31
0.0
0
LINE
8
LOT-CURVE
10
2309.0699
20
-3049.7916
30
0.0
11
2304.7520
21
-3047.6853
31
0.0
0
LINE
8
LOT-CURVE
10
2304.7520
20
-3047.6853
30
0.0
11
2300.4136
21
-3045.6215
31
0.0
0
LINE
8
LOT-CURVE
10
2300.4136
20
-3045.6215
30
0.0
11
2296.0551
21
-3043.6003
31
0.0
0
LINE
8
LOT-CURVE
10
2296.0551
20
-3043.6003
30
0.0
11
2291.6771
21
-3041.6221
31
0.0
0
LINE
8
LOT-CURVE
10
2291.6771
20
-3041.6221
30
0.0
11
2287.2798
21
-3039.6869
31
0.0
0
LINE
8
LOT-CURVE
10
2287.2798
20
-3039.6869
30
0.0
11
2282.8637
21
-3037.7950
31
0.0
0
LINE
8
LOT-CURVE
10
2282.8637
20
-3037.7950
30
0.0
11
2278.4293
21
-3035.9466
31
0.0
0
LINE
8
LOT-CURVE
10
2278.4293
20
-3035.9466
30
0.0
11
2273.9770
21
-3034.1417
31
0.0
0
LINE
8
LOT-CURVE
10
2273.9770
20
-3034.1417
30
0.0
11
2269.5071
21
-3032.3807
31
0.0
0
LINE
8
LOT-CURVE
10
2269.5071
20
-3032.3807
30
0.0
11
2265.0202
21
-3030.6636
31
0.0
0
LINE
8
LOT-CURVE
10
2265.0202
20
-3030.6636
30
0.0
11
2260.5166
21
-3028.9907
31
0.0
0
LINE
8
LOT-CURVE
10
2260.5166
20
-3028.9907
30
0.0
11
2255.9968
21
-3027.3620
31
0.0
0
LINE
8
LOT-CURVE
10
2255.9968
20
-3027.3620
30
0.0
11
2251.4612
21
-3025.7778
31
0.0
0
TEXT
8
LOT-DIM
7
STANDARD
10
2288.7798
20
-3038.1869
30
0.0
40
2.2
1
R=489.4' L=76.9' D=9%%d00'00"
50
0.0
0
LINE
8
LOT-BOUNDARY
10
2251.4612
20
-3025.7778
30
0.0
11
2288.7029
21
-2919.6862
31
0.0
0
TEXT
8
LOT-TEXT
7
STANDARD
10
2295.2219
20
-2978.3326
30
0.0
40
4.5
1
L20
50
0.0
0
TEXT
8
LOT-TEXT
7
STANDARD
10
2295.2219
20
-2986.3326
30
0.0
40
3.0
1
9,505sf
50
0.0
0
LINE
8
LOT-BOUNDARY
10
2371.0470
20
-2963.7006
30
0.0
11
2440.4139
21
-3012.8252
31
0.0
0
LINE
8
LOT-BOUNDARY
10
2440.4139
20
-3012.8252
30
0.0
11
2382.6110
21
-3094.4556
31
0.0
0
LINE
8
LOT-BOUNDARY
10
2382.6110
20
-3094.4556
30
0.0
11
2375.1847
21
-3089.1963
31
0.0
0
LINE
8
LOT-CURVE
10
2375.1847
20
-3089.1963
30
0.0
11
2371.9810
21
-3086.9467
31
0.0
0
LINE
8
LOT-CURVE
10
2371.9810
20
-3086.9467
30
0.0
11
2368.7595
21
-3084.7229
31
0.0
0
LINE
8
LOT-CURVE
10
2368.7595
20
-3084.7229
30
0.0
11
2365.5203
21
-3082.5248
31
0.0
0
LINE
8
LOT-CURVE
10
2365.5203
20
-3082.5248
30
0.0
11
2362.2636
21
-3080.3527
31
0.0
0
LINE
8
LOT-CURVE
10
2362.2636
20
-3080.3527
30
0.0
11
2358.9896
21
-3078.2068
31
0.0
0
LINE
8
LOT-CURVE
10
2358.9896
20
-3078.2068
30
0.0
11
2355.6986
21
-3076.0871
31
0.0
0
LINE
8
LOT-CURVE
10
2355.6986
20
-3076.0871
30
0.0
11
2352.3907
21
-3073.9938
31
0.0
0
LINE
8
LOT-CURVE
10
2352.3907
20
-3073.9938
30
0.0
11
2349.0661
21
-3071.9270
31
0.0
0
LINE
8
LOT-CURVE
10
2349.0661
20
-3071.9270
30
0.0
11
2345.7252
21
-3069.8869
31
0.0
0
LINE
8
LOT-CURVE
10
2345.7252
20
-3069.8869
30
0.0
11
2342.3680
21
-3067.8736
31
0.0
0
LINE
8
LOT-CURVE
10
2342.3680
20
-3067.8736
30
0.0
11
2338.9949
21
-3065.8872
31
0.0
0
LINE
8
LOT-CURVE
10
2338.9949
20
-3065.8872
30
0.0
11
2335.6059
21
-3063.9279
31
0.0
0
LINE
8
LOT-CURVE
10
2335.6059
20
-3063.9279
30
0.0
11
2332.2014
21
-3061.9957
31
0.0
0
LINE
8
LOT-CURVE
10
2332.2014
20
-3061.9957
30
0.0
11
2328.7815
21
-3060.0908
31
0.0
0
LINE
8
LOT-CURVE
10
2328.7815
20
-3060.0908
30
0.0
11
2325.3465
21
-3058.2134
31
0.0
0
LINE
8
LOT-CURVE
10
2325.3465
20
-3058.2134
30
0.0
11
2321.8967
21
-3056.3634
31
0.0
0
TEXT
8
LOT-DIM
7
STANDARD
10
2350.5661
20
-3070.4270
30
0.0
40
2.2
1
R=489.4' L=62.6' D=7%%d20'00"
50
0.0
0
LINE
8
LOT-BOUNDARY
10
2321.8967
20
-3056.3634
30
0.0
11
2371.0470
21
-2963.7006
31
0.0
0
TEXT
8
LOT-TEXT
7
STANDARD
10
2363.2307
20
-3043.3082
30
0.0
40
4.5
1
L19
50
0.0
0
TEXT
8
LOT-TEXT
7
STANDARD
10
2363.2307
20
-3051.3082
30
0.0
40
3.0
1
7,940sf
50
0.0
0
LINE
8
LOT-BOUNDARY
10
2440.4139
20
-3012.8252
30
0.0
11
2501.6201
21
-3056.1705
31
0.0
0
LINE
8
LOT-BOUNDARY
10
2501.6201
20
-3056.1705
30
0.0
11
2443.8171
21
-3137.8008
31
0.0
0
LINE
8
LOT-BOUNDARY
10
2443.8171
20
-3137.8008
30
0.0
11
2382.6110
21
-3094.4556
31
0.0
0
LINE
8
LOT-BOUNDARY
10
2382.6110
20
-3094.4556
30
0.0
11
2440.4139
21
-3012.8252
31
0.0
0
TEXT
8
LOT-TEXT
7
STANDARD
10
2427.1155
20
-3075.3130
30
0.0
40
4.5
1
L18
50
0.0
0
TEXT
8
LOT-TEXT
7
STANDARD
10
2427.1155
20
-3083.3130
30
0.0
40
3.0
1
7,502sf
50
0.0
0
LINE
8
LOT-BOUNDARY
10
2501.6201
20
-3056.1705
30
0.0
11
2562.8262
21
-3099.5157
31
0.0
0
LINE
8
LOT-BOUNDARY
10
2562.8262
20
-3099.5157
30
0.0
11
2505.0233
21
-3181.1461
31
0.0
0
LINE
8
LOT-BOUNDARY
10
2505.0233
20
-3181.1461
30
0.0
11
2443.8171
21
-3137.8008
31
0.0
0
LINE
8
LOT-BOUNDARY
10
2443.8171
20
-3137.8008
30
0.0
11
2501.6201
21
-3056.1705
31
0.0
0
TEXT
8
LOT-TEXT
7
STANDARD
10
2488.3217
20
-3118.6583
30
0.0
40
4.5
1
L17
50
0.0
0
TEXT
8
LOT-TEXT
7
STANDARD
10
2488.3217
20
-3126.6583
30
0.0
40
3.0
1
7,502sf
50
0.0
0
LINE
8
LOT-BOUNDARY
10
2562.8262
20
-3099.5157
30
0.0
11
2624.0323
21
-3142.8610
31
0.0
0
LINE
8
LOT-BOUNDARY
10
2624.0323
20
-3142.8610
30
0.0
11
2566.2294
21
-3224.4913
31
0.0
0
LINE
8
LOT-BOUNDARY
10
2566.2294
20
-3224.4913
30
0.0
11
2505.0233
21
-3181.1461
31
0.0
0
LINE
8
LOT-BOUNDARY
10
2505.0233
20
-3181.1461
30
0.0
11
2562.8262
21
-3099.5157
31
0.0
0
TEXT
8
LOT-TEXT
7
STANDARD
10
2549.5278
20
-3162.0035
30
0.0
40
4.5
1
L16
50
0.0
0
TEXT
8
LOT-TEXT
7
STANDARD
10
2549.5278
20
-3170.0035
30
0.0
40
3.0
1
7,502sf
50
0.0
0
LINE
8
LOT-BOUNDARY
10
2624.0323
20
-3142.8610
30
0.0
11
2685.2384
21
-3186.2062
31
0.0
0
LINE
8
LOT-BOUNDARY
10
2685.2384
20
-3186.2062
30
0.0
11
2627.4355
21
-3267.8366
31
0.0
0
LINE
8
LOT-BOUNDARY
10
2627.4355
20
-3267.8366
30
0.0
11
2566.2294
21
-3224.4913
31
0.0
0
LINE
8
LOT-BOUNDARY
10
2566.2294
20
-3224.4913
30
0.0
11
2624.0323
21
-3142.8610
31
0.0
0
TEXT
8
LOT-TEXT
7
STANDARD
10
2610.7339
20
-3205.3488
30
0.0
40
4.5
1
L15
50
0.0
0
TEXT
8
LOT-TEXT
7
STANDARD
10
2610.7339
20
-3213.3488
30
0.0
40
3.0
1
7,502sf
50
0.0
0
LINE
8
LOT-BOUNDARY
10
2685.2384
20
-3186.2062
30
0.0
11
2746.4445
21
-3229.5515
31
0.0
0
LINE
8
LOT-BOUNDARY
10
2746.4445
20
-3229.5515
30
0.0
11
2688.6416
21
-3311.1818
31
0.0
0
LINE
8
LOT-BOUNDARY
10
2688.6416
20
-3311.1818
30
0.0
11
2627.4355
21
-3267.8366
31
0.0
0
LINE
8
LOT-BOUNDARY
10
2627.4355
20
-3267.8366
30
0.0
11
2685.2384
21
-3186.2062
31
0.0
0
TEXT
8
LOT-TEXT
7
STANDARD
10
2671.9400
20
-3248.6940
30
0.0
40
4.5
1
L14
50
0.0
0
TEXT
8
LOT-TEXT
7
STANDARD
10
2671.9400
20
-3256.6940
30
0.0
40
3.0
1
7,502sf
50
0.0
0
LINE
8
LOT-BOUNDARY
10
2746.4445
20
-3229.5515
30
0.0
11
2807.6506
21
-3272.8967
31
0.0
0
LINE
8
LOT-BOUNDARY
10
2807.6506
20
-3272.8967
30
0.0
11
2749.8477
21
-3354.5271
31
0.0
0
LINE
8
LOT-BOUNDARY
10
2749.8477
20
-3354.5271
30
0.0
11
2688.6416
21
-3311.1818
31
0.0
0
LINE
8
LOT-BOUNDARY
10
2688.6416
20
-3311.1818
30
0.0
11
2746.4445
21
-3229.5515
31
0.0
0
TEXT
8
LOT-TEXT
7
STANDARD
10
2733.1461
20
-3292.0393
30
0.0
40
4.5
1
L13
50
0.0
0
TEXT
8
LOT-TEXT
7
STANDARD
10
2733.1461
20
-3300.0393
30
0.0
40
3.0
1
7,502sf
50
0.0
0
LINE
8
LOT-BOUNDARY
10
2807.6506
20
-3272.8967
30
0.0
11
2868.8568
21
-3316.2420
31
0.0
0
LINE
8
LOT-BOUNDARY
10
2868.8568
20
-3316.2420
30
0.0
11
2811.0538
21
-3397.8724
31
0.0
0
LINE
8
LOT-BOUNDARY
10
2811.0538
20
-3397.8724
30
0.0
11
2749.8477
21
-3354.5271
31
0.0
0
LINE
8
LOT-BOUNDARY
10
2749.8477
20
-3354.5271
30
0.0
11
2807.6506
21
-3272.8967
31
0.0
0
TEXT
8
LOT-TEXT
7
STANDARD
10
2794.3522
20
-3335.3845
30
0.0
40
4.5
1
L12
50
0.0
0
TEXT
8
LOT-TEXT
7
STANDARD
10
2794.3522
20
-3343.3845
30
0.0
40
3.0
1
7,502sf
50
0.0
0
LINE
8
LOT-BOUNDARY
10
2868.8568
20
-3316.2420
30
0.0
11
2930.0629
21
-3359.5873
31
0.0
0
LINE
8
LOT-BOUNDARY
10
2930.0629
20
-3359.5873
30
0.0
11
2872.2600
21
-3441.2176
31
0.0
0
LINE
8
LOT-BOUNDARY
10
2872.2600
20
-3441.2176
30
0.0
11
2811.0538
21
-3397.8724
31
0.0
0
LINE
8
LOT-BOUNDARY
10
2811.0538
20
-3397.8724
30
0.0
11
2868.8568
21
-3316.2420
31
0.0
0
TEXT
8
LOT-TEXT
7
STANDARD
10
2855.5584
20
-3378.7298
30
0.0
40
4.5
1
L11
50
0.0
0
TEXT
8
LOT-TEXT
7
STANDARD
10
2855.5584
20
-3386.7298
30
0.0
40
3.0
1
7,502sf
50
0.0
0
TEXT
8
BLOCK-TITLE
7
STANDARD
10
2600.0000
20
-3570.0000
30
0.0
40
8.0
1
BLOCK_6 (11 LOTS)
50
0.0
0
LINE
8
BLOCK-BORDER
10
2094.3817
20
-3950.2033
30
0.0
11
2094.3817
21
-3555.0000
31
0.0
0
LINE
8
BLOCK-BORDER
10
2094.3817
20
-3555.0000
30
0.0
11
2618.4517
21
-3555.0000
31
0.0
0
LINE
8
BLOCK-BORDER
10
2618.4517
20
-3555.0000
30
0.0
11
2618.4517
21
-3950.2033
31
0.0
0
LINE
8
BLOCK-BORDER
10
2618.4517
20
-3950.2033
30
0.0
11
2094.3817
21
-3950.2033
31
0.0
0
LINE
8
LOT-BOUNDARY
10
2190.9899
20
-3742.6410
30
0.0
11
2129.7838
21
-3699.2958
31
0.0
0
LINE
8
LOT-CURVE
10
2129.7838
20
-3699.2958
30
0.0
11
2127.8536
21
-3697.7813
31
0.0
0
LINE
8
LOT-CURVE
10
2127.8536
20
-3697.7813
30
0.0
11
2126.0812
21
-3696.0850
31
0.0
0
LINE
8
LOT-CURVE
10
2126.0812
20
-3696.0850
30
0.0
11
2124.4835
21
-3694.2231
31
0.0
0
LINE
8
LOT-CURVE
10
2124.4835
20
-3694.2231
30
0.0
11
2123.0761
21
-3692.2136
31
0.0
0
LINE
8
LOT-CURVE
10
2123.0761
20
-3692.2136
30
0.0
11
2121.8724
21
-3690.0758
31
0.0
0
LINE
8
LOT-CURVE
10
2121.8724
20
-3690.0758
30
0.0
11
2120.8840
21
-3687.8303
31
0.0
0
LINE
8
LOT-CURVE
10
2120.8840
20
-3687.8303
30
0.0
11
2120.1205
21
-3685.4987
31
0.0
0
LINE
8
LOT-CURVE
10
2120.1205
20
-3685.4987
30
0.0
11
2119.5892
21
-3683.1036
31
0.0
0
LINE
8
LOT-CURVE
10
2119.5892
20
-3683.1036
30
0.0
11
2119.2952
21
-3680.6679
31
0.0
0
LINE
8
LOT-CURVE
10
2119.2952
20
-3680.6679
30
0.0
11
2119.2414
21
-3678.2151
31
0.0
0
LINE
8
LOT-CURVE
10
2119.2414
20
-3678.2151
30
0.0
11
2119.4283
21
-3675.7688
31
0.0
0
LINE
8
LOT-CURVE
10
2119.4283
20
-3675.7688
30
0.0
11
2119.8540
21
-3673.3527
31
0.0
0
LINE
8
LOT-CURVE
10
2119.8540
20
-3673.3527
30
0.0
11
2120.5145
21
-3670.9899
31
0.0
0
LINE
8
LOT-CURVE
10
2120.5145
20
-3670.9899
30
0.0
11
2121.4034
21
-3668.7032
31
0.0
0
LINE
8
LOT-CURVE
10
2121.4034
20
-3668.7032
30
0.0
11
2122.5122
21
-3666.5146
31
0.0
0
LINE
8
LOT-CURVE
10
2122.5122
20
-3666.5146
30
0.0
11
2123.8302
21
-3664.4453
31
0.0
0
TEXT
8
LOT-DIM
7
STANDARD
10
2121.0892
20
-3681.6036
30
0.0
40
2.2
1
R=25.0' L=39.3' D=90%%d00'00"
50
0.0
0
LINE
8
LOT-BOUNDARY
10
2123.8302
20
-3664.4453
30
0.0
11
2123.9342
21
-3664.2984
31
0.0
0
LINE
8
LOT-CURVE
10
2123.9342
20
-3664.2984
30
0.0
11
2127.8388
21
-3659.1054
31
0.0
0
LINE
8
LOT-CURVE
10
2127.8388
20
-3659.1054
30
0.0
11
2132.0331
21
-3654.1435
31
0.0
0
LINE
8
LOT-CURVE
10
2132.0331
20
-3654.1435
30
0.0
11
2136.5034
21
-3649.4287
31
0.0
0
LINE
8
LOT-CURVE
10
2136.5034
20
-3649.4287
30
0.0
11
2141.2352
21
-3644.9764
31
0.0
0
LINE
8
LOT-CURVE
10
2141.2352
20
-3644.9764
30
0.0
11
2146.2131
21
-3640.8010
31
0.0
0
LINE
8
LOT-CURVE
10
2146.2131
20
-3640.8010
30
0.0
11
2151.4209
21
-3636.9163
31
0.0
0
LINE
8
LOT-CURVE
10
2151.4209
20
-3636.9163
30
0.0
11
2156.8417
21
-3633.3347
31
0.0
0
LINE
8
LOT-CURVE
10
2156.8417
20
-3633.3347
30
0.0
11
2162.4579
21
-3630.0679
31
0.0
0
LINE
8
LOT-CURVE
10
2162.4579
20
-3630.0679
30
0.0
11
2168.2511
21
-3627.1266
31
0.0
0
LINE
8
LOT-CURVE
10
2168.2511
20
-3627.1266
30
0.0
11
2174.2026
21
-3624.5203
31
0.0
0
LINE
8
LOT-CURVE
10
2174.2026
20
-3624.5203
30
0.0
11
2180.2930
21
-3622.2576
31
0.0
0
LINE
8
LOT-CURVE
10
2180.2930
20
-3622.2576
30
0.0
11
2186.5025
21
-3620.3456
31
0.0
0
LINE
8
LOT-CURVE
10
2186.5025
20
-3620.3456
30
0.0
11
2192.8108
21
-3618.7908
31
0.0
0
LINE
8
LOT-CURVE
10
2192.8108
20
-3618.7908
30
0.0
11
2199.1976
21
-3617.5981
31
0.0
0
LINE
8
LOT-CURVE
10
2199.1976
20
-3617.5981
30
0.0
11
2205.6419
21
-3616.7714
31
0.0
0
LINE
8
LOT-CURVE
10
2205.6419
20
-3616.7714
30
0.0
11
2212.1229
21
-3616.3134
31
0.0
0
TEXT
8
LOT-DIM
7
STANDARD
10
2163.9579
20
-3628.5679
30
0.0
40
2.2
1
R=113.9' L=104.0' D=52%%d17'10"
50
0.0
0
LINE
8
LOT-BOUNDARY
10
2212.1229
20
-3616.3134
30
0.0
11
2242.0964
21
-3615.0528
31
0.0
0
LINE
8
LOT-BOUNDARY
10
2242.0964
20
-3615.0528
30
0.0
11
2265.7911
21
-3686.2100
31
0.0
0
LINE
8
LOT-BOUNDARY
10
2265.7911
20
-3686.2100
30
0.0
11
2190.9899
21
-3742.6410
31
0.0
0
TEXT
8
LOT-TEXT
7
STANDARD
10
2169.0783
20
-3669.7509
30
0.0
40
4.5
1
L6
50
0.0
0
TEXT
8
LOT-TEXT
7
STANDARD
10
2169.0783
20
-3677.7509
30
0.0
40
3.0
1
12,186sf
50
0.0
0
LINE
8
LOT-BOUNDARY
10
2273.4957
20
-3801.0704
30
0.0
11
2190.9899
21
-3742.6410
31
0.0
0
LINE
8
LOT-BOUNDARY
10
2190.9899
20
-3742.6410
30
0.0
11
2265.7911
21
-3686.2100
31
0.0
0
LINE
8
LOT-BOUNDARY
10
2265.7911
20
-3686.2100
30
0.0
11
2341.5369
21
-3711.9187
31
0.0
0
LINE
8
LOT-BOUNDARY
10
2341.5369
20
-3711.9187
30
0.0
11
2273.4957
21
-3801.0704
31
0.0
0
TEXT
8
LOT-TEXT
7
STANDARD
10
2252.9534
20
-3735.4600
30
0.0
40
4.5
1
L5
50
0.0
0
TEXT
8
LOT-TEXT
7
STANDARD
10
2252.9534
20
-3743.4600
30
0.0
40
3.0
1
8,764sf
50
0.0
0
LINE
8
LOT-BOUNDARY
10
2334.7019
20
-3844.4157
30
0.0
11
2306.1390
21
-3824.1879
31
0.0
0
LINE
8
LOT-BOUNDARY
10
2306.1390
20
-3824.1879
30
0.0
11
2273.4957
21
-3801.0704
31
0.0
0
LINE
8
LOT-BOUNDARY
10
2273.4957
20
-3801.0704
30
0.0
11
2341.5369
21
-3711.9187
31
0.0
0
LINE
8
LOT-BOUNDARY
10
2341.5369
20
-3711.9187
30
0.0
11
2412.5639
21
-3736.0226
31
0.0
0
LINE
8
LOT-BOUNDARY
10
2412.5639
20
-3736.0226
30
0.0
11
2334.7019
21
-3844.4157
31
0.0
0
TEXT
8
LOT-TEXT
7
STANDARD
10
2318.6875
20
-3783.5231
30
0.0
40
4.5
1
L4
50
0.0
0
TEXT
8
LOT-TEXT
7
STANDARD
10
2318.6875
20
-3791.5231
30
0.0
40
3.0
1
8,991sf
50
0.0
0
LINE
8
LOT-CURVE
10
2401.0007
20
-3891.1926
30
0.0
11
2400.1758
21
-3890.6295
31
0.0
0
LINE
8
LOT-CURVE
10
2400.1758
20
-3890.6295
30
0.0
11
2399.3515
21
-3890.0656
31
0.0
0
LINE
8
LOT-CURVE
10
2399.3515
20
-3890.0656
30
0.0
11
2398.5278
21
-3889.5007
31
0.0
0
LINE
8
LOT-CURVE
10
2398.5278
20
-3889.5007
30
0.0
11
2397.7047
21
-3888.9349
31
0.0
0
LINE
8
LOT-CURVE
10
2397.7047
20
-3888.9349
30
0.0
11
2396.8823
21
-3888.3682
31
0.0
0
LINE
8
LOT-CURVE
10
2396.8823
20
-3888.3682
30
0.0
11
2396.0605
21
-3887.8006
31
0.0
0
LINE
8
LOT-CURVE
10
2396.0605
20
-3887.8006
30
0.0
11
2395.2394
21
-3887.2321
31
0.0
0
LINE
8
LOT-CURVE
10
2395.2394
20
-3887.2321
30
0.0
11
2394.4189
21
-3886.6626
31
0.0
0
LINE
8
LOT-CURVE
10
2394.4189
20
-3886.6626
30
0.0
11
2393.5990
21
-3886.0923
31
0.0
0
LINE
8
LOT-CURVE
10
2393.5990
20
-3886.0923
30
0.0
11
2392.7797
21
-3885.5210
31
0.0
0
LINE
8
LOT-CURVE
10
2392.7797
20
-3885.5210
30
0.0
11
2391.9611
21
-3884.9488
31
0.0
0
LINE
8
LOT-CURVE
10
2391.9611
20
-3884.9488
30
0.0
11
2391.1432
21
-3884.3756
31
0.0
0
LINE
8
LOT-CURVE
10
2391.1432
20
-3884.3756
30
0.0
11
2390.3258
21
-3883.8016
31
0.0
0
LINE
8
LOT-CURVE
10
2390.3258
20
-3883.8016
30
0.0
11
2389.5092
21
-3883.2267
31
0.0
0
LINE
8
LOT-CURVE
10
2389.5092
20
-3883.2267
30
0.0
11
2388.6931
21
-3882.6508
31
0.0
0
LINE
8
LOT-CURVE
10
2388.6931
20
-3882.6508
30
0.0
11
2387.8777
21
-3882.0740
31
0.0
0
TEXT
8
LOT-DIM
7
STANDARD
10
2395.9189
20
-3885.1626
30
0.0
40
2.2
1
R=894.1' L=16.0' D=1%%d01'27"
50
0.0
0
LINE
8
LOT-BOUNDARY
10
2387.8777
20
-3882.0740
30
0.0
11
2334.7019
21
-3844.4157
31
0.0
0
LINE
8
LOT-BOUNDARY
10
2334.7019
20
-3844.4157
30
0.0
11
2412.5639
21
-3736.0226
31
0.0
0
LINE
8
LOT-BOUNDARY
10
2412.5639
20
-3736.0226
30
0.0
11
2430.8303
21
-3742.2228
31
0.0
0
LINE
8
LOT-BOUNDARY
10
2430.8303
20
-3742.2228
30
0.0
11
2471.5284
21
-3789.8667
31
0.0
0
LINE
8
LOT-BOUNDARY
10
2471.5284
20
-3789.8667
30
0.0
11
2401.0007
21
-3891.1926
31
0.0
0
TEXT
8
LOT-TEXT
7
STANDARD
10
2391.4172
20
-3814.2990
30
0.0
40
4.5
1
L3
50
0.0
0
TEXT
8
LOT-TEXT
7
STANDARD
10
2391.4172
20
-3822.2990
30
0.0
40
3.0
1
10,614sf
50
0.0
0
LINE
8
LOT-CURVE
10
2472.5718
20
-3935.2033
30
0.0
11
2467.9801
21
-3932.6514
31
0.0
0
LINE
8
LOT-CURVE
10
2467.9801
20
-3932.6514
30
0.0
11
2463.4034
21
-3930.0726
31
0.0
0
LINE
8
LOT-CURVE
10
2463.4034
20
-3930.0726
30
0.0
11
2458.8420
21
-3927.4669
31
0.0
0
LINE
8
LOT-CURVE
10
2458.8420
20
-3927.4669
30
0.0
11
2454.2960
21
-3924.8345
31
0.0
0
LINE
8
LOT-CURVE
10
2454.2960
20
-3924.8345
30
0.0
11
2449.7655
21
-3922.1754
31
0.0
0
LINE
8
LOT-CURVE
10
2449.7655
20
-3922.1754
30
0.0
11
2445.2508
21
-3919.4898
31
0.0
0
LINE
8
LOT-CURVE
10
2445.2508
20
-3919.4898
30
0.0
11
2440.7519
21
-3916.7776
31
0.0
0
LINE
8
LOT-CURVE
10
2440.7519
20
-3916.7776
30
0.0
11
2436.2690
21
-3914.0391
31
0.0
0
LINE
8
LOT-CURVE
10
2436.2690
20
-3914.0391
30
0.0
11
2431.8022
21
-3911.2743
31
0.0
0
LINE
8
LOT-CURVE
10
2431.8022
20
-3911.2743
30
0.0
11
2427.3518
21
-3908.4833
31
0.0
0
LINE
8
LOT-CURVE
10
2427.3518
20
-3908.4833
30
0.0
11
2422.9179
21
-3905.6662
31
0.0
0
LINE
8
LOT-CURVE
10
2422.9179
20
-3905.6662
30
0.0
11
2418.5006
21
-3902.8231
31
0.0
0
LINE
8
LOT-CURVE
10
2418.5006
20
-3902.8231
30
0.0
11
2414.1001
21
-3899.9541
31
0.0
0
LINE
8
LOT-CURVE
10
2414.1001
20
-3899.9541
30
0.0
11
2409.7165
21
-3897.0592
31
0.0
0
LINE
8
LOT-CURVE
10
2409.7165
20
-3897.0592
30
0.0
11
2405.3500
21
-3894.1387
31
0.0
0
LINE
8
LOT-CURVE
10
2405.3500
20
-3894.1387
30
0.0
11
2401.0007
21
-3891.1926
31
0.0
0
TEXT
8
LOT-DIM
7
STANDARD
10
2437.7690
20
-3912.5391
30
0.0
40
2.2
1
R=894.1' L=84.1' D=5%%d23'11"
50
0.0
0
LINE
8
LOT-BOUNDARY
10
2401.0007
20
-3891.1926
30
0.0
11
2471.5284
21
-3789.8667
31
0.0
0
LINE
8
LOT-BOUNDARY
10
2471.5284
20
-3789.8667
30
0.0
11
2520.8924
21
-3847.6526
31
0.0
0
LINE
8
LOT-BOUNDARY
10
2520.8924
20
-3847.6526
30
0.0
11
2472.5718
21
-3935.2033
31
0.0
0
TEXT
8
LOT-TEXT
7
STANDARD
10
2451.4983
20
-3865.9788
30
0.0
40
4.5
1
L2
50
0.0
0
TEXT
8
LOT-TEXT
7
STANDARD
10
2451.4983
20
-3873.9788
30
0.0
40
3.0
1
8,790sf
50
0.0
0
LINE
8
LOT-BOUNDARY
10
2265.7911
20
-3686.2100
30
0.0
11
2242.0964
21
-3615.0528
31
0.0
0
LINE
8
LOT-BOUNDARY
10
2242.0964
20
-3615.0528
30
0.0
11
2350.2208
21
-3610.5052
31
0.0
0
LINE
8
LOT-BOUNDARY
10
2350.2208
20
-3610.5052
30
0.0
11
2354.6800
21
-3716.3818
31
0.0
0
LINE
8
LOT-BOUNDARY
10
2354.6800
20
-3716.3818
30
0.0
11
2265.7911
21
-3686.2100
31
0.0
0
TEXT
8
LOT-TEXT
7
STANDARD
10
2288.1971
20
-3657.0374
30
0.0
40
4.5
1
L7
50
0.0
0
TEXT
8
LOT-TEXT
7
STANDARD
10
2288.1971
20
-3665.0374
30
0.0
40
3.0
1
8,539sf
50
0.0
0
LINE
8
LOT-BOUNDARY
10
2354.6800
20
-3716.3818
30
0.0
11
2350.2208
21
-3610.5052
31
0.0
0
LINE
8
LOT-BOUNDARY
10
2350.2208
20
-3610.5052
30
0.0
11
2425.1546
21
-3607.3537
31
0.0
0
LINE
8
LOT-BOUNDARY
10
2425.1546
20
-3607.3537
30
0.0
11
2430.8303
21
-3742.2228
31
0.0
0
LINE
8
LOT-BOUNDARY
10
2430.8303
20
-3742.2228
30
0.0
11
2354.6800
21
-3716.3818
31
0.0
0
TEXT
8
LOT-TEXT
7
STANDARD
10
2375.2214
20
-3669.1159
30
0.0
40
4.5
1
L8
50
0.0
0
TEXT
8
LOT-TEXT
7
STANDARD
10
2375.2214
20
-3677.1159
30
0.0
40
3.0
1
9,036sf
50
0.0
0
LINE
8
LOT-BOUNDARY
10
2430.8303
20
-3742.2228
30
0.0
11
2425.1546
21
-3607.3537
31
0.0
0
LINE
8
LOT-BOUNDARY
10
2425.1546
20
-3607.3537
30
0.0
11
2500.0883
21
-3604.2021
31
0.0
0
LINE
8
LOT-BOUNDARY
10
2500.0883
20
-3604.2021
30
0.0
11
2503.7463
21
-3691.1752
31
0.0
0
LINE
8
LOT-BOUNDARY
10
2503.7463
20
-3691.1752
30
0.0
11
2430.8303
21
-3742.2228
31
0.0
0
TEXT
8
LOT-TEXT
7
STANDARD
10
2449.9549
20
-3661.2384
30
0.0
40
4.5
1
L9
50
0.0
0
TEXT
8
LOT-TEXT
7
STANDARD
10
2449.9549
20
-3669.2384
30
0.0
40
3.0
1
8,326sf
50
0.0
0
LINE
8
LOT-BOUNDARY
10
2503.7463
20
-3691.1752
30
0.0
11
2500.0883
21
-3604.2021
31
0.0
0
LINE
8
LOT-BOUNDARY
10
2500.0883
20
-3604.2021
30
0.0
11
2574.2635
21
-3601.0824
31
0.0
0
LINE
8
LOT-CURVE
10
2574.2635
20
-3601.0824
30
0.0
11
2576.7635
21
-3601.1024
31
0.0
0
LINE
8
LOT-CURVE
10
2576.7635
20
-3601.1024
30
0.0
11
2579.2490
21
-3601.3720
31
0.0
0
LINE
8
LOT-CURVE
10
2579.2490
20
-3601.3720
30
0.0
11
2581.6951
21
-3601.8884
31
0.0
0
LINE
8
LOT-CURVE
10
2581.6951
20
-3601.8884
30
0.0
11
2584.0775
21
-3602.6466
31
0.0
0
LINE
8
LOT-CURVE
10
2584.0775
20
-3602.6466
30
0.0
11
2586.3721
21
-3603.6390
31
0.0
0
LINE
8
LOT-CURVE
10
2586.3721
20
-3603.6390
30
0.0
11
2588.5562
21
-3604.8555
31
0.0
0
LINE
8
LOT-CURVE
10
2588.5562
20
-3604.8555
30
0.0
11
2590.6079
21
-3606.2842
31
0.0
0
LINE
8
LOT-CURVE
10
2590.6079
20
-3606.2842
30
0.0
11
2592.5066
21
-3607.9106
31
0.0
0
LINE
8
LOT-CURVE
10
2592.5066
20
-3607.9106
30
0.0
11
2594.2334
21
-3609.7185
31
0.0
0
LINE
8
LOT-CURVE
10
2594.2334
20
-3609.7185
30
0.0
11
2595.7710
21
-3611.6898
31
0.0
0
LINE
8
LOT-CURVE
10
2595.7710
20
-3611.6898
30
0.0
11
2597.1040
21
-3613.8048
31
0.0
0
LINE
8
LOT-CURVE
10
2597.1040
20
-3613.8048
30
0.0
11
2598.2191
21
-3616.0425
31
0.0
0
LINE
8
LOT-CURVE
10
2598.2191
20
-3616.0425
30
0.0
11
2599.1051
21
-3618.3803
31
0.0
0
LINE
8
LOT-CURVE
10
2599.1051
20
-3618.3803
30
0.0
11
2599.7532
21
-3620.7948
31
0.0
0
LINE
8
LOT-CURVE
10
2599.7532
20
-3620.7948
30
0.0
11
2600.1569
21
-3623.2621
31
0.0
0
LINE
8
LOT-CURVE
10
2600.1569
20
-3623.2621
30
0.0
11
2600.3122
21
-3625.7573
31
0.0
0
TEXT
8
LOT-DIM
7
STANDARD
10
2594.0066
20
-3606.4106
30
0.0
40
2.2
1
R=25.0' L=40.0' D=91%%d42'50"
50
0.0
0
LINE
8
LOT-BOUNDARY
10
2600.3122
20
-3625.7573
30
0.0
11
2601.0908
21
-3689.9934
31
0.0
0
LINE
8
LOT-BOUNDARY
10
2601.0908
20
-3689.9934
30
0.0
11
2503.7463
21
-3691.1752
31
0.0
0
TEXT
8
LOT-TEXT
7
STANDARD
10
2540.9002
20
-3642.4421
30
0.0
40
4.5
1
L10
50
0.0
0
TEXT
8
LOT-TEXT
7
STANDARD
10
2540.9002
20
-3650.4421
30
0.0
40
3.0
1
8,590sf
50
0.0
0
LINE
8
LOT-BOUNDARY
10
2430.8303
20
-3742.2228
30
0.0
11
2503.7463
21
-3691.1752
31
0.0
0
LINE
8
LOT-BOUNDARY
10
2503.7463
20
-3691.1752
30
0.0
11
2601.0908
21
-3689.9934
31
0.0
0
LINE
8
LOT-BOUNDARY
10
2601.0908
20
-3689.9934
30
0.0
11
2602.1185
21
-3774.7772
31
0.0
0
LINE
8
LOT-BOUNDARY
10
2602.1185
20
-3774.7772
30
0.0
11
2467.6314
21
-3785.3045
31
0.0
0
LINE
8
LOT-BOUNDARY
10
2467.6314
20
-3785.3045
30
0.0
11
2430.8303
21
-3742.2228
31
0.0
0
TEXT
8
LOT-TEXT
7
STANDARD
10
2506.0834
20
-3736.6946
30
0.0
40
4.5
1
L11
50
0.0
0
TEXT
8
LOT-TEXT
7
STANDARD
10
2506.0834
20
-3744.6946
30
0.0
40
3.0
1
12,777sf
50
0.0
0
LINE
8
LOT-BOUNDARY
10
2467.6314
20
-3785.3045
30
0.0
11
2602.1185
21
-3774.7772
31
0.0
0
LINE
8
LOT-BOUNDARY
10
2602.1185
20
-3774.7772
30
0.0
11
2603.4517
21
-3884.7691
31
0.0
0
LINE
8
LOT-BOUNDARY
10
2603.4517
20
-3884.7691
30
0.0
11
2520.8924
21
-3847.6526
31
0.0
0
LINE
8
LOT-BOUNDARY
10
2520.8924
20
-3847.6526
30
0.0
11
2467.6314
21
-3785.3045
31
0.0
0
TEXT
8
LOT-TEXT
7
STANDARD
10
2533.5235
20
-3823.1259
30
0.0
40
4.5
1
L12
50
0.0
0
TEXT
8
LOT-TEXT
7
STANDARD
10
2533.5235
20
-3831.1259
30
0.0
40
3.0
1
8,989sf
50
0.0
0
ENDSEC
0
EOF
