0
SECTION
2
HEADER
9
$ACADVER
1
AC1009
9
$DWGCODEPAGE
3
ANSI_1252
0
ENDSEC
0
SECTION
2
TABLES
0
TABLE
2
LTYPE
70
7
0
LTYPE
2
CONTINUOUS
70
0
3
Solid
72
65
73
0
40
0.0
0
LTYPE
2
DASHED
70
0
3
Dashed
72
65
73
2
40
0.75
49
0.5
74
0
49
-0.25
74
0
0
LTYPE
2
DASHED2
70
0
3
Dashed (.5x)
72
65
73
2
40
0.375
49
0.25
74
0
49
-0.125
74
0
0
LTYPE
2
HIDDEN
70
0
3
Hidden
72
65
73
2
40
0.375
49
0.25
74
0
49
-0.125
74
0
0
LTYPE
2
CENTER
70
0
3
Center
72
65
73
4
40
2.0
49
1.25
74
0
49
-0.25
74
0
49
0.25
74
0
49
-0.25
74
0
0
LTYPE
2
PHANTOM
70
0
3
Phantom
72
65
73
6
40
2.5
49
1.25
74
0
49
-0.25
74
0
49
0.25
74
0
49
-0.25
74
0
49
0.25
74
0
49
-0.25
74
0
0
LTYPE
2
ROT_-54.69
70
0
3
Solid
72
65
73
0
40
0.0
0
ENDTAB
0
TABLE
2
LAYER
70
12
0
LAYER
2
0
70
0
62
7
6
CONTINUOUS
0
LAYER
2
TRACED_VECTOR
70
0
62
5
6
CONTINUOUS
0
LAYER
2
BOUNDARY
70
0
62
7
6
CONTINUOUS
0
LAYER
2
LOT_LINE
70
0
62
4
6
CONTINUOUS
0
LAYER
2
LOT_LINE_APPROX
70
0
62
1
6
CONTINUOUS
0
LAYER
2
ROW_STREET
70
0
62
2
6
CONTINUOUS
0
LAYER
2
EASEMENT
70
0
62
3
6
DASHED
0
LAYER
2
CURVE
70
0
62
6
6
CONTINUOUS
0
LAYER
2
TEXT-LABELS
70
0
62
7
6
CONTINUOUS
0
LAYER
2
DIM-LABELS
70
0
62
3
6
CONTINUOUS
0
LAYER
2
TITLEBLOCK
70
0
62
2
6
CONTINUOUS
0
LAYER
2
CONTROL
70
0
62
1
6
CONTINUOUS
0
ENDTAB
0
TABLE
2
STYLE
70
4
0
STYLE
2
STANDARD
70
0
40
0.0
41
1.0
50
0.0
71
0
42
0.2
3
Arial
4

0
STYLE
2
ARIAL
70
0
40
0.0
41
1.0
50
0.0
71
0
42
0.2
3
Arial
4

0
STYLE
2
ARIAL_TTF
70
0
40
0.0
41
1.0
50
0.0
71
0
42
0.2
3
arial.ttf
4

0
STYLE
2
SIMPLEX
70
0
40
0.0
41
1.0
50
0.0
71
0
42
0.2
3
simplex.shx
4

0
ENDTAB
0
ENDSEC
0
SECTION
2
ENTITIES
0
POLYLINE
8
TRACED_VECTOR
66
1
70
0
0
VERTEX
8
TRACED_VECTOR
10
125.3455
20
-1563.7499
30
0.0
0
VERTEX
8
TRACED_VECTOR
10
125.5914
20
-1569.2325
30
0.0
0
VERTEX
8
TRACED_VECTOR
10
124.6393
20
-1570.2740
30
0.0
0
SEQEND
0
POLYLINE
8
TRACED_VECTOR
66
1
70
0
0
VERTEX
8
TRACED_VECTOR
10
126.7736
20
-1562.1875
30
0.0
0
VERTEX
8
TRACED_VECTOR
10
161.6852
20
-1561.1208
30
0.0
0
SEQEND
0
POLYLINE
8
TRACED_VECTOR
66
1
70
0
0
VERTEX
8
TRACED_VECTOR
10
118.7990
20
-1562.5453
30
0.0
0
VERTEX
8
TRACED_VECTOR
10
123.7831
20
-1562.3217
30
0.0
0
SEQEND
0
POLYLINE
8
TRACED_VECTOR
66
1
70
0
0
VERTEX
8
TRACED_VECTOR
10
162.1677
20
-1549.6125
30
0.0
0
VERTEX
8
TRACED_VECTOR
10
163.1133
20
-1559.5585
30
0.0
0
SEQEND
0
POLYLINE
8
TRACED_VECTOR
66
1
70
0
0
VERTEX
8
TRACED_VECTOR
10
1062.6058
20
-1504.7238
30
0.0
0
VERTEX
8
TRACED_VECTOR
10
1046.5605
20
-1514.4331
30
0.0
0
SEQEND
0
POLYLINE
8
TRACED_VECTOR
66
1
70
0
0
VERTEX
8
TRACED_VECTOR
10
1018.9594
20
-1489.2021
30
0.0
0
VERTEX
8
TRACED_VECTOR
10
1037.5508
20
-1502.8512
30
0.0
0
SEQEND
0
POLYLINE
8
TRACED_VECTOR
66
1
70
0
0
VERTEX
8
TRACED_VECTOR
10
100.3677
20
-1507.9365
30
0.0
0
VERTEX
8
TRACED_VECTOR
10
101.5016
20
-1544.3433
30
0.0
0
SEQEND
0
POLYLINE
8
TRACED_VECTOR
66
1
70
0
0
VERTEX
8
TRACED_VECTOR
10
96.2910
20
-1506.1217
30
0.0
0
VERTEX
8
TRACED_VECTOR
10
98.8054
20
-1506.5083
30
0.0
0
SEQEND
0
POLYLINE
8
TRACED_VECTOR
66
1
70
0
0
VERTEX
8
TRACED_VECTOR
10
49.8935
20
-1507.2043
30
0.0
0
VERTEX
8
TRACED_VECTOR
10
50.8643
20
-1551.1097
30
0.0
0
SEQEND
0
POLYLINE
8
TRACED_VECTOR
66
1
70
0
0
VERTEX
8
TRACED_VECTOR
10
1149.3564
20
-1456.8831
30
0.0
0
VERTEX
8
TRACED_VECTOR
10
1155.0179
20
-1460.6245
30
0.0
0
SEQEND
0
POLYLINE
8
TRACED_VECTOR
66
1
70
0
0
VERTEX
8
TRACED_VECTOR
10
1133.2506
20
-1454.1097
30
0.0
0
VERTEX
8
TRACED_VECTOR
10
1130.8927
20
-1457.2120
30
0.0
0
SEQEND
0
POLYLINE
8
TRACED_VECTOR
66
1
70
0
0
VERTEX
8
TRACED_VECTOR
10
1137.5351
20
-1449.4227
30
0.0
0
VERTEX
8
TRACED_VECTOR
10
1135.1325
20
-1451.5282
30
0.0
0
VERTEX
8
TRACED_VECTOR
10
1137.5351
20
-1449.4227
30
0.0
0
VERTEX
8
TRACED_VECTOR
10
1140.0943
20
-1450.8062
30
0.0
0
SEQEND
0
POLYLINE
8
TRACED_VECTOR
66
1
70
0
0
VERTEX
8
TRACED_VECTOR
10
643.9682
20
-1468.5678
30
0.0
0
VERTEX
8
TRACED_VECTOR
10
647.0705
20
-1470.9257
30
0.0
0
SEQEND
0
POLYLINE
8
TRACED_VECTOR
66
1
70
0
0
VERTEX
8
TRACED_VECTOR
10
640.4793
20
-1468.7243
30
0.0
0
VERTEX
8
TRACED_VECTOR
10
593.4996
20
-1534.7576
30
0.0
0
SEQEND
0
POLYLINE
8
TRACED_VECTOR
66
1
70
0
0
VERTEX
8
TRACED_VECTOR
10
1158.7882
20
-1444.4740
30
0.0
0
VERTEX
8
TRACED_VECTOR
10
1159.4207
20
-1447.4421
30
0.0
0
VERTEX
8
TRACED_VECTOR
10
1158.0596
20
-1450.4997
30
0.0
0
VERTEX
8
TRACED_VECTOR
10
1153.7304
20
-1454.1898
30
0.0
0
VERTEX
8
TRACED_VECTOR
10
1149.7431
20
-1454.3687
30
0.0
0
SEQEND
0
POLYLINE
8
TRACED_VECTOR
66
1
70
0
0
VERTEX
8
TRACED_VECTOR
10
1155.7529
20
-1443.6113
30
0.0
0
VERTEX
8
TRACED_VECTOR
10
1148.4332
20
-1447.4356
30
0.0
0
SEQEND
0
POLYLINE
8
TRACED_VECTOR
66
1
70
0
0
VERTEX
8
TRACED_VECTOR
10
961.7122
20
-1448.8201
30
0.0
0
VERTEX
8
TRACED_VECTOR
10
1016.8987
20
-1487.7962
30
0.0
0
SEQEND
0
POLYLINE
8
TRACED_VECTOR
66
1
70
0
0
VERTEX
8
TRACED_VECTOR
10
651.5851
20
-1460.2354
30
0.0
0
VERTEX
8
TRACED_VECTOR
10
644.3325
20
-1465.5549
30
0.0
0
SEQEND
0
POLYLINE
8
TRACED_VECTOR
66
1
70
0
0
VERTEX
8
TRACED_VECTOR
10
1080.2814
20
-1420.0283
30
0.0
0
VERTEX
8
TRACED_VECTOR
10
1080.8916
20
-1422.4980
30
0.0
0
SEQEND
0
POLYLINE
8
TRACED_VECTOR
66
1
70
0
0
VERTEX
8
TRACED_VECTOR
10
197.0196
20
-1458.1535
30
0.0
0
VERTEX
8
TRACED_VECTOR
10
197.9745
20
-1490.5729
30
0.0
0
SEQEND
0
POLYLINE
8
TRACED_VECTOR
66
1
70
0
0
VERTEX
8
TRACED_VECTOR
10
1085.6746
20
-1417.7887
30
0.0
0
VERTEX
8
TRACED_VECTOR
10
1085.8087
20
-1420.7792
30
0.0
0
VERTEX
8
TRACED_VECTOR
10
1083.4284
20
-1423.3830
30
0.0
0
SEQEND
0
POLYLINE
8
TRACED_VECTOR
66
1
70
0
0
VERTEX
8
TRACED_VECTOR
10
687.8932
20
-1434.6344
30
0.0
0
VERTEX
8
TRACED_VECTOR
10
683.5416
20
-1437.8262
30
0.0
0
SEQEND
0
POLYLINE
8
TRACED_VECTOR
66
1
70
0
0
VERTEX
8
TRACED_VECTOR
10
698.8360
20
-1433.6441
30
0.0
0
VERTEX
8
TRACED_VECTOR
10
705.0406
20
-1438.3600
30
0.0
0
SEQEND
0
POLYLINE
8
TRACED_VECTOR
66
1
70
0
0
VERTEX
8
TRACED_VECTOR
10
690.8613
20
-1434.0019
30
0.0
0
VERTEX
8
TRACED_VECTOR
10
696.8423
20
-1433.7336
30
0.0
0
SEQEND
0
POLYLINE
8
TRACED_VECTOR
66
1
70
0
0
VERTEX
8
TRACED_VECTOR
10
182.9745
20
-1456.7858
30
0.0
0
VERTEX
8
TRACED_VECTOR
10
195.4573
20
-1456.7253
30
0.0
0
SEQEND
0
POLYLINE
8
TRACED_VECTOR
66
1
70
0
0
VERTEX
8
TRACED_VECTOR
10
1089.5725
20
-1415.6161
30
0.0
0
VERTEX
8
TRACED_VECTOR
10
1094.2147
20
-1418.9038
30
0.0
0
SEQEND
0
POLYLINE
8
TRACED_VECTOR
66
1
70
0
0
VERTEX
8
TRACED_VECTOR
10
99.7165
20
-1460.0214
30
0.0
0
VERTEX
8
TRACED_VECTOR
10
100.7544
20
-1505.4221
30
0.0
0
SEQEND
0
POLYLINE
8
TRACED_VECTOR
66
1
70
0
0
VERTEX
8
TRACED_VECTOR
10
1080.9429
20
-1412.5073
30
0.0
0
VERTEX
8
TRACED_VECTOR
10
1078.6744
20
-1417.6033
30
0.0
0
SEQEND
0
POLYLINE
8
TRACED_VECTOR
66
1
70
0
0
VERTEX
8
TRACED_VECTOR
10
1084.4094
20
-1411.8524
30
0.0
0
VERTEX
8
TRACED_VECTOR
10
1087.4894
20
-1413.7119
30
0.0
0
SEQEND
0
POLYLINE
8
TRACED_VECTOR
66
1
70
0
0
VERTEX
8
TRACED_VECTOR
10
689.6185
20
-1428.5640
30
0.0
0
VERTEX
8
TRACED_VECTOR
10
689.2990
20
-1432.5737
30
0.0
0
SEQEND
0
POLYLINE
8
TRACED_VECTOR
66
1
70
0
0
VERTEX
8
TRACED_VECTOR
10
693.5611
20
-1427.3883
30
0.0
0
VERTEX
8
TRACED_VECTOR
10
696.1203
20
-1428.7717
30
0.0
0
VERTEX
8
TRACED_VECTOR
10
696.2097
20
-1430.7654
30
0.0
0
VERTEX
8
TRACED_VECTOR
10
692.7655
20
-1431.9188
30
0.0
0
VERTEX
8
TRACED_VECTOR
10
691.6569
20
-1429.4714
30
0.0
0
SEQEND
0
POLYLINE
8
TRACED_VECTOR
66
1
70
0
0
VERTEX
8
TRACED_VECTOR
10
698.0245
20
-1426.6886
30
0.0
0
VERTEX
8
TRACED_VECTOR
10
698.2705
20
-1432.1712
30
0.0
0
SEQEND
0
POLYLINE
8
TRACED_VECTOR
66
1
70
0
0
VERTEX
8
TRACED_VECTOR
10
74.9811
20
-1454.1392
30
0.0
0
VERTEX
8
TRACED_VECTOR
10
77.6520
20
-1458.0147
30
0.0
0
VERTEX
8
TRACED_VECTOR
10
80.5689
20
-1467.3728
30
0.0
0
VERTEX
8
TRACED_VECTOR
10
79.7221
20
-1481.8940
30
0.0
0
VERTEX
8
TRACED_VECTOR
10
80.6677
20
-1491.8400
30
0.0
0
VERTEX
8
TRACED_VECTOR
10
83.8818
20
-1496.6900
30
0.0
0
VERTEX
8
TRACED_VECTOR
10
94.2079
20
-1504.2175
30
0.0
0
SEQEND
0
POLYLINE
8
TRACED_VECTOR
66
1
70
0
0
VERTEX
8
TRACED_VECTOR
10
692.4749
20
-1425.4393
30
0.0
0
VERTEX
8
TRACED_VECTOR
10
696.4622
20
-1425.2605
30
0.0
0
SEQEND
0
POLYLINE
8
TRACED_VECTOR
66
1
70
0
0
VERTEX
8
TRACED_VECTOR
10
1075.7128
20
-1407.2483
30
0.0
0
VERTEX
8
TRACED_VECTOR
10
1019.3460
20
-1486.6876
30
0.0
0
SEQEND
0
POLYLINE
8
TRACED_VECTOR
66
1
70
0
0
VERTEX
8
TRACED_VECTOR
10
577.5707
20
-1424.6009
30
0.0
0
VERTEX
8
TRACED_VECTOR
10
572.8995
20
-1431.8024
30
0.0
0
SEQEND
0
POLYLINE
8
TRACED_VECTOR
66
1
70
0
0
VERTEX
8
TRACED_VECTOR
10
580.0180
20
-1423.4923
30
0.0
0
VERTEX
8
TRACED_VECTOR
10
635.1821
20
-1461.9701
30
0.0
0
VERTEX
8
TRACED_VECTOR
10
639.8691
20
-1466.2546
30
0.0
0
SEQEND
0
POLYLINE
8
TRACED_VECTOR
66
1
70
0
0
VERTEX
8
TRACED_VECTOR
10
901.3851
20
-1406.5786
30
0.0
0
VERTEX
8
TRACED_VECTOR
10
959.6515
20
-1447.4143
30
0.0
0
SEQEND
0
POLYLINE
8
TRACED_VECTOR
66
1
70
0
0
VERTEX
8
TRACED_VECTOR
10
1082.7642
20
-1397.4430
30
0.0
0
VERTEX
8
TRACED_VECTOR
10
1082.8313
20
-1398.9383
30
0.0
0
VERTEX
8
TRACED_VECTOR
10
1078.0930
20
-1404.6444
30
0.0
0
SEQEND
0
POLYLINE
8
TRACED_VECTOR
66
1
70
0
0
VERTEX
8
TRACED_VECTOR
10
1079.9143
20
-1389.5801
30
0.0
0
VERTEX
8
TRACED_VECTOR
10
1079.0517
20
-1392.6154
30
0.0
0
VERTEX
8
TRACED_VECTOR
10
1079.9143
20
-1389.5801
30
0.0
0
VERTEX
8
TRACED_VECTOR
10
1082.4959
20
-1391.4620
30
0.0
0
SEQEND
0
POLYLINE
8
TRACED_VECTOR
66
1
70
0
0
VERTEX
8
TRACED_VECTOR
10
256.3731
20
-1423.0285
30
0.0
0
VERTEX
8
TRACED_VECTOR
10
257.3532
20
-1489.4074
30
0.0
0
SEQEND
0
POLYLINE
8
TRACED_VECTOR
66
1
70
0
0
VERTEX
8
TRACED_VECTOR
10
1077.2210
20
-1385.2062
30
0.0
0
VERTEX
8
TRACED_VECTOR
10
1075.3615
20
-1388.2861
30
0.0
0
VERTEX
8
TRACED_VECTOR
10
1076.5596
20
-1392.7271
30
0.0
0
SEQEND
0
POLYLINE
8
TRACED_VECTOR
66
1
70
0
0
VERTEX
8
TRACED_VECTOR
10
47.4470
20
-1430.4034
30
0.0
0
VERTEX
8
TRACED_VECTOR
10
49.2833
20
-1504.7346
30
0.0
0
SEQEND
0
POLYLINE
8
TRACED_VECTOR
66
1
70
0
0
VERTEX
8
TRACED_VECTOR
10
266.7281
20
-1420.0669
30
0.0
0
VERTEX
8
TRACED_VECTOR
10
257.8237
20
-1421.9646
30
0.0
0
SEQEND
0
POLYLINE
8
TRACED_VECTOR
66
1
70
0
0
VERTEX
8
TRACED_VECTOR
10
49.1277
20
-1423.3361
30
0.0
0
VERTEX
8
TRACED_VECTOR
10
48.8305
20
-1427.8442
30
0.0
0
SEQEND
0
POLYLINE
8
TRACED_VECTOR
66
1
70
0
0
VERTEX
8
TRACED_VECTOR
10
46.6356
20
-1423.4479
30
0.0
0
VERTEX
8
TRACED_VECTOR
10
46.3384
20
-1427.9560
30
0.0
0
SEQEND
0
POLYLINE
8
TRACED_VECTOR
66
1
70
0
0
VERTEX
8
TRACED_VECTOR
10
1016.4943
20
-1367.4542
30
0.0
0
VERTEX
8
TRACED_VECTOR
10
962.0989
20
-1446.3056
30
0.0
0
SEQEND
0
POLYLINE
8
TRACED_VECTOR
66
1
70
0
0
VERTEX
8
TRACED_VECTOR
10
628.2275
20
-1384.8720
30
0.0
0
VERTEX
8
TRACED_VECTOR
10
688.0115
20
-1426.1390
30
0.0
0
SEQEND
0
POLYLINE
8
TRACED_VECTOR
66
1
70
0
0
VERTEX
8
TRACED_VECTOR
10
1018.9193
20
-1365.8471
30
0.0
0
VERTEX
8
TRACED_VECTOR
10
1075.1249
20
-1405.2770
30
0.0
0
SEQEND
0
POLYLINE
8
TRACED_VECTOR
66
1
70
0
0
VERTEX
8
TRACED_VECTOR
10
835.0035
20
-1374.0977
30
0.0
0
VERTEX
8
TRACED_VECTOR
10
835.5689
20
-1375.5706
30
0.0
0
VERTEX
8
TRACED_VECTOR
10
837.0642
20
-1375.5035
30
0.0
0
SEQEND
0
POLYLINE
8
TRACED_VECTOR
66
1
70
0
0
VERTEX
8
TRACED_VECTOR
10
1115.0690
20
-1360.5350
30
0.0
0
VERTEX
8
TRACED_VECTOR
10
1118.1266
20
-1361.8961
30
0.0
0
SEQEND
0
POLYLINE
8
TRACED_VECTOR
66
1
70
0
0
VERTEX
8
TRACED_VECTOR
10
1112.5546
20
-1360.1484
30
0.0
0
VERTEX
8
TRACED_VECTOR
10
1107.8387
20
-1366.3530
30
0.0
0
SEQEND
0
POLYLINE
8
TRACED_VECTOR
66
1
70
0
0
VERTEX
8
TRACED_VECTOR
10
845.3137
20
-1370.1392
30
0.0
0
VERTEX
8
TRACED_VECTOR
10
844.3839
20
-1371.6792
30
0.0
0
VERTEX
8
TRACED_VECTOR
10
841.9142
20
-1372.2894
30
0.0
0
SEQEND
0
POLYLINE
8
TRACED_VECTOR
66
1
70
0
0
VERTEX
8
TRACED_VECTOR
10
847.7834
20
-1369.5290
30
0.0
0
VERTEX
8
TRACED_VECTOR
10
899.3244
20
-1405.1728
30
0.0
0
SEQEND
0
POLYLINE
8
TRACED_VECTOR
66
1
70
0
0
VERTEX
8
TRACED_VECTOR
10
516.7228
20
-1381.8834
30
0.0
0
VERTEX
8
TRACED_VECTOR
10
510.6459
20
-1391.1456
30
0.0
0
SEQEND
0
POLYLINE
8
TRACED_VECTOR
66
1
70
0
0
VERTEX
8
TRACED_VECTOR
10
518.6718
20
-1380.7971
30
0.0
0
VERTEX
8
TRACED_VECTOR
10
577.4365
20
-1421.6104
30
0.0
0
SEQEND
0
POLYLINE
8
TRACED_VECTOR
66
1
70
0
0
VERTEX
8
TRACED_VECTOR
10
769.3531
20
-1369.0520
30
0.0
0
VERTEX
8
TRACED_VECTOR
10
768.9888
20
-1372.0649
30
0.0
0
SEQEND
0
POLYLINE
8
TRACED_VECTOR
66
1
70
0
0
VERTEX
8
TRACED_VECTOR
10
775.7431
20
-1366.7677
30
0.0
0
VERTEX
8
TRACED_VECTOR
10
780.8838
20
-1370.0330
30
0.0
0
SEQEND
0
POLYLINE
8
TRACED_VECTOR
66
1
70
0
0
VERTEX
8
TRACED_VECTOR
10
839.0197
20
-1363.4297
30
0.0
0
VERTEX
8
TRACED_VECTOR
10
845.2019
20
-1367.6471
30
0.0
0
SEQEND
0
POLYLINE
8
TRACED_VECTOR
66
1
70
0
0
VERTEX
8
TRACED_VECTOR
10
768.1103
20
-1363.6142
30
0.0
0
VERTEX
8
TRACED_VECTOR
10
769.2189
20
-1366.0615
30
0.0
0
SEQEND
0
POLYLINE
8
TRACED_VECTOR
66
1
70
0
0
VERTEX
8
TRACED_VECTOR
10
769.5608
20
-1362.5503
30
0.0
0
VERTEX
8
TRACED_VECTOR
10
772.1200
20
-1363.9337
30
0.0
0
SEQEND
0
POLYLINE
8
TRACED_VECTOR
66
1
70
0
0
VERTEX
8
TRACED_VECTOR
10
756.5126
20
-1361.1379
30
0.0
0
VERTEX
8
TRACED_VECTOR
10
755.1291
20
-1363.6971
30
0.0
0
SEQEND
0
POLYLINE
8
TRACED_VECTOR
66
1
70
0
0
VERTEX
8
TRACED_VECTOR
10
-70.8818
20
-1397.7557
30
0.0
0
VERTEX
8
TRACED_VECTOR
10
-69.3195
20
-1399.1839
30
0.0
0
VERTEX
8
TRACED_VECTOR
10
-61.3448
20
-1398.8262
30
0.0
0
SEQEND
0
POLYLINE
8
TRACED_VECTOR
66
1
70
0
0
VERTEX
8
TRACED_VECTOR
10
194.7520
20
-1385.3399
30
0.0
0
VERTEX
8
TRACED_VECTOR
10
196.8855
20
-1455.1630
30
0.0
0
SEQEND
0
POLYLINE
8
TRACED_VECTOR
66
1
70
0
0
VERTEX
8
TRACED_VECTOR
10
768.3628
20
-1358.1092
30
0.0
0
VERTEX
8
TRACED_VECTOR
10
771.9188
20
-1359.4480
30
0.0
0
VERTEX
8
TRACED_VECTOR
10
773.5258
20
-1361.8730
30
0.0
0
SEQEND
0
POLYLINE
8
TRACED_VECTOR
66
1
70
0
0
VERTEX
8
TRACED_VECTOR
10
-156.2006
20
-1399.5855
30
0.0
0
VERTEX
8
TRACED_VECTOR
10
-165.6481
20
-1400.5087
30
0.0
0
VERTEX
8
TRACED_VECTOR
10
-82.9109
20
-1396.7971
30
0.0
0
SEQEND
0
POLYLINE
8
TRACED_VECTOR
66
1
70
0
0
VERTEX
8
TRACED_VECTOR
10
-315.2179
20
-1406.2196
30
0.0
0
VERTEX
8
TRACED_VECTOR
10
-272.8301
20
-1404.8175
30
0.0
0
SEQEND
0
POLYLINE
8
TRACED_VECTOR
66
1
70
0
0
VERTEX
8
TRACED_VECTOR
10
762.3371
20
-1357.3807
30
0.0
0
VERTEX
8
TRACED_VECTOR
10
765.9378
20
-1359.7163
30
0.0
0
SEQEND
0
POLYLINE
8
TRACED_VECTOR
66
1
70
0
0
VERTEX
8
TRACED_VECTOR
10
749.3782
20
-1357.9620
30
0.0
0
VERTEX
8
TRACED_VECTOR
10
750.1897
20
-1364.9175
30
0.0
0
SEQEND
0
POLYLINE
8
TRACED_VECTOR
66
1
70
0
0
VERTEX
8
TRACED_VECTOR
10
752.8448
20
-1357.3071
30
0.0
0
VERTEX
8
TRACED_VECTOR
10
753.6115
20
-1363.2658
30
0.0
0
SEQEND
0
POLYLINE
8
TRACED_VECTOR
66
1
70
0
0
VERTEX
8
TRACED_VECTOR
10
-68.0702
20
-1393.6342
30
0.0
0
VERTEX
8
TRACED_VECTOR
10
-60.0955
20
-1393.2765
30
0.0
0
SEQEND
0
POLYLINE
8
TRACED_VECTOR
66
1
70
0
0
VERTEX
8
TRACED_VECTOR
10
-170.3127
20
-1396.7226
30
0.0
0
VERTEX
8
TRACED_VECTOR
10
-168.2073
20
-1399.1253
30
0.0
0
SEQEND
0
POLYLINE
8
TRACED_VECTOR
66
1
70
0
0
VERTEX
8
TRACED_VECTOR
10
746.2536
20
-1355.1057
30
0.0
0
VERTEX
8
TRACED_VECTOR
10
698.3888
20
-1423.6758
30
0.0
0
SEQEND
0
POLYLINE
8
TRACED_VECTOR
66
1
70
0
0
VERTEX
8
TRACED_VECTOR
10
189.0235
20
-1380.1032
30
0.0
0
VERTEX
8
TRACED_VECTOR
10
193.1897
20
-1383.9117
30
0.0
0
SEQEND
0
POLYLINE
8
TRACED_VECTOR
66
1
70
0
0
VERTEX
8
TRACED_VECTOR
10
-268.0248
20
-1400.6066
30
0.0
0
VERTEX
8
TRACED_VECTOR
10
-270.4051
20
-1403.2105
30
0.0
0
SEQEND
0
POLYLINE
8
TRACED_VECTOR
66
1
70
0
0
VERTEX
8
TRACED_VECTOR
10
-319.8602
20
-1402.9319
30
0.0
0
VERTEX
8
TRACED_VECTOR
10
-317.2563
20
-1405.3122
30
0.0
0
SEQEND
0
POLYLINE
8
TRACED_VECTOR
66
1
70
0
0
VERTEX
8
TRACED_VECTOR
10
-366.7337
20
-1404.5353
30
0.0
0
VERTEX
8
TRACED_VECTOR
10
-367.6858
20
-1405.5768
30
0.0
0
VERTEX
8
TRACED_VECTOR
10
-366.9415
20
-1411.0371
30
0.0
0
VERTEX
8
TRACED_VECTOR
10
-319.0711
20
-1409.3890
30
0.0
0
VERTEX
8
TRACED_VECTOR
10
-317.1669
20
-1407.3059
30
0.0
0
SEQEND
0
POLYLINE
8
TRACED_VECTOR
66
1
70
0
0
VERTEX
8
TRACED_VECTOR
10
-265.5775
20
-1399.4980
30
0.0
0
VERTEX
8
TRACED_VECTOR
10
-172.8719
20
-1395.3392
30
0.0
0
SEQEND
0
POLYLINE
8
TRACED_VECTOR
66
1
70
0
0
VERTEX
8
TRACED_VECTOR
10
-364.2864
20
-1403.4267
30
0.0
0
VERTEX
8
TRACED_VECTOR
10
-322.4193
20
-1401.5485
30
0.0
0
SEQEND
0
POLYLINE
8
TRACED_VECTOR
66
1
70
0
0
VERTEX
8
TRACED_VECTOR
10
191.9245
20
-1377.9754
30
0.0
0
VERTEX
8
TRACED_VECTOR
10
193.5539
20
-1380.8988
30
0.0
0
SEQEND
0
POLYLINE
8
TRACED_VECTOR
66
1
70
0
0
VERTEX
8
TRACED_VECTOR
10
97.2030
20
-1381.7252
30
0.0
0
VERTEX
8
TRACED_VECTOR
10
99.5824
20
-1457.0309
30
0.0
0
SEQEND
0
POLYLINE
8
TRACED_VECTOR
66
1
70
0
0
VERTEX
8
TRACED_VECTOR
10
-319.0199
20
-1399.3983
30
0.0
0
VERTEX
8
TRACED_VECTOR
10
-319.9720
20
-1400.4399
30
0.0
0
VERTEX
8
TRACED_VECTOR
10
-319.0199
20
-1399.3983
30
0.0
0
VERTEX
8
TRACED_VECTOR
10
-269.1782
20
-1397.1624
30
0.0
0
SEQEND
0
POLYLINE
8
TRACED_VECTOR
66
1
70
0
0
VERTEX
8
TRACED_VECTOR
10
98.6311
20
-1380.1629
30
0.0
0
VERTEX
8
TRACED_VECTOR
10
106.6058
20
-1379.8052
30
0.0
0
SEQEND
0
POLYLINE
8
TRACED_VECTOR
66
1
70
0
0
VERTEX
8
TRACED_VECTOR
10
750.0173
20
-1349.9427
30
0.0
0
VERTEX
8
TRACED_VECTOR
10
748.1578
20
-1353.0226
30
0.0
0
SEQEND
0
POLYLINE
8
TRACED_VECTOR
66
1
70
0
0
VERTEX
8
TRACED_VECTOR
10
-368.4526
20
-1399.6182
30
0.0
0
VERTEX
8
TRACED_VECTOR
10
-366.8455
20
-1402.0432
30
0.0
0
SEQEND
0
POLYLINE
8
TRACED_VECTOR
66
1
70
0
0
VERTEX
8
TRACED_VECTOR
10
756.4520
20
-1348.6552
30
0.0
0
VERTEX
8
TRACED_VECTOR
10
755.4999
20
-1349.6967
30
0.0
0
VERTEX
8
TRACED_VECTOR
10
757.4488
20
-1348.6104
30
0.0
0
VERTEX
8
TRACED_VECTOR
10
760.5735
20
-1351.4668
30
0.0
0
VERTEX
8
TRACED_VECTOR
10
761.1837
20
-1353.9365
30
0.0
0
SEQEND
0
POLYLINE
8
TRACED_VECTOR
66
1
70
0
0
VERTEX
8
TRACED_VECTOR
10
195.7330
20
-1373.8092
30
0.0
0
VERTEX
8
TRACED_VECTOR
10
198.3145
20
-1375.6911
30
0.0
0
SEQEND
0
POLYLINE
8
TRACED_VECTOR
66
1
70
0
0
VERTEX
8
TRACED_VECTOR
10
957.1417
20
-1324.6695
30
0.0
0
VERTEX
8
TRACED_VECTOR
10
901.7718
20
-1404.0641
30
0.0
0
SEQEND
0
POLYLINE
8
TRACED_VECTOR
66
1
70
0
0
VERTEX
8
TRACED_VECTOR
10
729.8412
20
-1334.3669
30
0.0
0
VERTEX
8
TRACED_VECTOR
10
749.4294
20
-1347.9713
30
0.0
0
SEQEND
0
POLYLINE
8
TRACED_VECTOR
66
1
70
0
0
VERTEX
8
TRACED_VECTOR
10
959.0906
20
-1323.5833
30
0.0
0
VERTEX
8
TRACED_VECTOR
10
1016.8585
20
-1364.4413
30
0.0
0
SEQEND
0
POLYLINE
8
TRACED_VECTOR
66
1
70
0
0
VERTEX
8
TRACED_VECTOR
10
563.7789
20
-1339.8188
30
0.0
0
VERTEX
8
TRACED_VECTOR
10
626.1668
20
-1383.4662
30
0.0
0
SEQEND
0
POLYLINE
8
TRACED_VECTOR
66
1
70
0
0
VERTEX
8
TRACED_VECTOR
10
1054.1764
20
-1316.8206
30
0.0
0
VERTEX
8
TRACED_VECTOR
10
1111.9667
20
-1358.1771
30
0.0
0
SEQEND
0
POLYLINE
8
TRACED_VECTOR
66
1
70
0
0
VERTEX
8
TRACED_VECTOR
10
457.3031
20
-1337.6035
30
0.0
0
VERTEX
8
TRACED_VECTOR
10
516.0902
20
-1378.9152
30
0.0
0
SEQEND
0
POLYLINE
8
TRACED_VECTOR
66
1
70
0
0
VERTEX
8
TRACED_VECTOR
10
771.6029
20
-1319.0091
30
0.0
0
VERTEX
8
TRACED_VECTOR
10
751.8992
20
-1347.3611
30
0.0
0
SEQEND
0
POLYLINE
8
TRACED_VECTOR
66
1
70
0
0
VERTEX
8
TRACED_VECTOR
10
774.5711
20
-1318.3766
30
0.0
0
VERTEX
8
TRACED_VECTOR
10
836.9366
20
-1361.5254
30
0.0
0
SEQEND
0
POLYLINE
8
TRACED_VECTOR
66
1
70
0
0
VERTEX
8
TRACED_VECTOR
10
447.0888
20
-1332.5681
30
0.0
0
VERTEX
8
TRACED_VECTOR
10
440.6923
20
-1345.8400
30
0.0
0
SEQEND
0
POLYLINE
8
TRACED_VECTOR
66
1
70
0
0
VERTEX
8
TRACED_VECTOR
10
449.0378
20
-1331.4818
30
0.0
0
VERTEX
8
TRACED_VECTOR
10
454.2008
20
-1335.2456
30
0.0
0
SEQEND
0
POLYLINE
8
TRACED_VECTOR
66
1
70
0
0
VERTEX
8
TRACED_VECTOR
10
753.6441
20
-1308.3281
30
0.0
0
VERTEX
8
TRACED_VECTOR
10
746.3020
20
-1311.6540
30
0.0
0
VERTEX
8
TRACED_VECTOR
10
728.4484
20
-1314.4526
30
0.0
0
VERTEX
8
TRACED_VECTOR
10
730.0331
20
-1316.3792
30
0.0
0
VERTEX
8
TRACED_VECTOR
10
739.6819
20
-1319.9417
30
0.0
0
VERTEX
8
TRACED_VECTOR
10
742.7842
20
-1322.2996
30
0.0
0
VERTEX
8
TRACED_VECTOR
10
742.9183
20
-1325.2901
30
0.0
0
VERTEX
8
TRACED_VECTOR
10
737.5699
20
-1328.5266
30
0.0
0
VERTEX
8
TRACED_VECTOR
10
739.5412
20
-1327.9387
30
0.0
0
SEQEND
0
POLYLINE
8
TRACED_VECTOR
66
1
70
0
0
VERTEX
8
TRACED_VECTOR
10
1640.6473
20
-1264.5415
30
0.0
0
VERTEX
8
TRACED_VECTOR
10
1640.3948
20
-1270.0464
30
0.0
0
SEQEND
0
POLYLINE
8
TRACED_VECTOR
66
1
70
0
0
VERTEX
8
TRACED_VECTOR
10
1168.4900
20
-1282.2267
30
0.0
0
VERTEX
8
TRACED_VECTOR
10
1114.9349
20
-1357.5445
30
0.0
0
SEQEND
0
POLYLINE
8
TRACED_VECTOR
66
1
70
0
0
VERTEX
8
TRACED_VECTOR
10
682.5335
20
-1304.0269
30
0.0
0
VERTEX
8
TRACED_VECTOR
10
628.1157
20
-1382.3799
30
0.0
0
SEQEND
0
POLYLINE
8
TRACED_VECTOR
66
1
70
0
0
VERTEX
8
TRACED_VECTOR
10
1176.4199
20
-1280.8721
30
0.0
0
VERTEX
8
TRACED_VECTOR
10
1179.4775
20
-1282.2332
30
0.0
0
SEQEND
0
POLYLINE
8
TRACED_VECTOR
66
1
70
0
0
VERTEX
8
TRACED_VECTOR
10
684.9809
20
-1302.9182
30
0.0
0
VERTEX
8
TRACED_VECTOR
10
727.2597
20
-1332.4850
30
0.0
0
SEQEND
0
POLYLINE
8
TRACED_VECTOR
66
1
70
0
0
VERTEX
8
TRACED_VECTOR
10
1640.4013
20
-1259.0589
30
0.0
0
VERTEX
8
TRACED_VECTOR
10
1640.5131
20
-1261.5510
30
0.0
0
SEQEND
0
POLYLINE
8
TRACED_VECTOR
66
1
70
0
0
VERTEX
8
TRACED_VECTOR
10
1178.7555
20
-1277.2714
30
0.0
0
VERTEX
8
TRACED_VECTOR
10
1177.3050
20
-1278.3353
30
0.0
0
VERTEX
8
TRACED_VECTOR
10
1180.2507
20
-1277.2043
30
0.0
0
VERTEX
8
TRACED_VECTOR
10
1181.3594
20
-1279.6517
30
0.0
0
SEQEND
0
POLYLINE
8
TRACED_VECTOR
66
1
70
0
0
VERTEX
8
TRACED_VECTOR
10
1161.2215
20
-1276.0603
30
0.0
0
VERTEX
8
TRACED_VECTOR
10
1167.9021
20
-1280.2554
30
0.0
0
SEQEND
0
POLYLINE
8
TRACED_VECTOR
66
1
70
0
0
VERTEX
8
TRACED_VECTOR
10
1665.0762
20
-1252.4583
30
0.0
0
VERTEX
8
TRACED_VECTOR
10
1683.0416
20
-1252.1518
30
0.0
0
SEQEND
0
POLYLINE
8
TRACED_VECTOR
66
1
70
0
0
VERTEX
8
TRACED_VECTOR
10
1661.5873
20
-1252.6149
30
0.0
0
VERTEX
8
TRACED_VECTOR
10
1649.9383
20
-1260.1293
30
0.0
0
VERTEX
8
TRACED_VECTOR
10
1642.5739
20
-1262.9568
30
0.0
0
SEQEND
0
POLYLINE
8
TRACED_VECTOR
66
1
70
0
0
VERTEX
8
TRACED_VECTOR
10
792.3259
20
-1291.1108
30
0.0
0
VERTEX
8
TRACED_VECTOR
10
774.4816
20
-1316.3829
30
0.0
0
SEQEND
0
POLYLINE
8
TRACED_VECTOR
66
1
70
0
0
VERTEX
8
TRACED_VECTOR
10
1168.9278
20
-1269.7215
30
0.0
0
VERTEX
8
TRACED_VECTOR
10
1173.0717
20
-1273.0316
30
0.0
0
SEQEND
0
POLYLINE
8
TRACED_VECTOR
66
1
70
0
0
VERTEX
8
TRACED_VECTOR
10
894.2330
20
-1280.5462
30
0.0
0
VERTEX
8
TRACED_VECTOR
10
839.3839
20
-1360.4168
30
0.0
0
SEQEND
0
POLYLINE
8
TRACED_VECTOR
66
1
70
0
0
VERTEX
8
TRACED_VECTOR
10
994.3701
20
-1275.0552
30
0.0
0
VERTEX
8
TRACED_VECTOR
10
1052.1157
20
-1315.4148
30
0.0
0
SEQEND
0
POLYLINE
8
TRACED_VECTOR
66
1
70
0
0
VERTEX
8
TRACED_VECTOR
10
896.6804
20
-1279.4375
30
0.0
0
VERTEX
8
TRACED_VECTOR
10
956.5091
20
-1321.7014
30
0.0
0
SEQEND
0
POLYLINE
8
TRACED_VECTOR
66
1
70
0
0
VERTEX
8
TRACED_VECTOR
10
497.2920
20
-1293.8583
30
0.0
0
VERTEX
8
TRACED_VECTOR
10
561.2198
20
-1338.4354
30
0.0
0
SEQEND
0
POLYLINE
8
TRACED_VECTOR
66
1
70
0
0
VERTEX
8
TRACED_VECTOR
10
787.3482
20
-1280.3469
30
0.0
0
VERTEX
8
TRACED_VECTOR
10
787.4377
20
-1282.3405
30
0.0
0
VERTEX
8
TRACED_VECTOR
10
791.7380
20
-1289.1395
30
0.0
0
SEQEND
0
POLYLINE
8
TRACED_VECTOR
66
1
70
0
0
VERTEX
8
TRACED_VECTOR
10
1425.1877
20
-1248.7366
30
0.0
0
VERTEX
8
TRACED_VECTOR
10
1422.4431
20
-1254.3534
30
0.0
0
SEQEND
0
POLYLINE
8
TRACED_VECTOR
66
1
70
0
0
VERTEX
8
TRACED_VECTOR
10
490.0905
20
-1289.1872
30
0.0
0
VERTEX
8
TRACED_VECTOR
10
495.2312
20
-1292.4525
30
0.0
0
SEQEND
0
POLYLINE
8
TRACED_VECTOR
66
1
70
0
0
VERTEX
8
TRACED_VECTOR
10
713.2024
20
-1275.1829
30
0.0
0
VERTEX
8
TRACED_VECTOR
10
771.4911
20
-1316.5170
30
0.0
0
SEQEND
0
POLYLINE
8
TRACED_VECTOR
66
1
70
0
0
VERTEX
8
TRACED_VECTOR
10
354.1634
20
-1287.2942
30
0.0
0
VERTEX
8
TRACED_VECTOR
10
354.3199
20
-1290.7831
30
0.0
0
SEQEND
0
POLYLINE
8
TRACED_VECTOR
66
1
70
0
0
VERTEX
8
TRACED_VECTOR
10
1734.9188
20
-1217.3623
30
0.0
0
VERTEX
8
TRACED_VECTOR
10
1729.4810
20
-1218.6051
30
0.0
0
VERTEX
8
TRACED_VECTOR
10
1732.9475
20
-1217.9502
30
0.0
0
SEQEND
0
POLYLINE
8
TRACED_VECTOR
66
1
70
0
0
VERTEX
8
TRACED_VECTOR
10
279.8387
20
-1278.1429
30
0.0
0
VERTEX
8
TRACED_VECTOR
10
279.9729
20
-1281.1334
30
0.0
0
SEQEND
0
POLYLINE
8
TRACED_VECTOR
66
1
70
0
0
VERTEX
8
TRACED_VECTOR
10
1106.1692
20
-1240.0746
30
0.0
0
VERTEX
8
TRACED_VECTOR
10
1054.0646
20
-1314.3285
30
0.0
0
SEQEND
0
POLYLINE
8
TRACED_VECTOR
66
1
70
0
0
VERTEX
8
TRACED_VECTOR
10
274.2890
20
-1276.8936
30
0.0
0
VERTEX
8
TRACED_VECTOR
10
267.4006
20
-1279.2003
30
0.0
0
VERTEX
8
TRACED_VECTOR
10
259.6496
20
-1284.5422
30
0.0
0
VERTEX
8
TRACED_VECTOR
10
256.3619
20
-1289.1845
30
0.0
0
VERTEX
8
TRACED_VECTOR
10
253.2083
20
-1296.8173
30
0.0
0
VERTEX
8
TRACED_VECTOR
10
256.2837
20
-1421.0349
30
0.0
0
VERTEX
8
TRACED_VECTOR
10
256.6032
20
-1417.0252
30
0.0
0
SEQEND
0
POLYLINE
8
TRACED_VECTOR
66
1
70
0
0
VERTEX
8
TRACED_VECTOR
10
1108.6166
20
-1238.9660
30
0.0
0
VERTEX
8
TRACED_VECTOR
10
1116.3611
20
-1244.6116
30
0.0
0
SEQEND
0
POLYLINE
8
TRACED_VECTOR
66
1
70
0
0
VERTEX
8
TRACED_VECTOR
10
617.5865
20
-1258.9961
30
0.0
0
VERTEX
8
TRACED_VECTOR
10
563.1687
20
-1337.3491
30
0.0
0
SEQEND
0
POLYLINE
8
TRACED_VECTOR
66
1
70
0
0
VERTEX
8
TRACED_VECTOR
10
520.8712
20
-1262.8353
30
0.0
0
VERTEX
8
TRACED_VECTOR
10
522.0022
20
-1265.7811
30
0.0
0
VERTEX
8
TRACED_VECTOR
10
520.5293
20
-1266.3466
30
0.0
0
VERTEX
8
TRACED_VECTOR
10
519.4431
20
-1264.3977
30
0.0
0
SEQEND
0
POLYLINE
8
TRACED_VECTOR
66
1
70
0
0
VERTEX
8
TRACED_VECTOR
10
516.3855
20
-1263.0366
30
0.0
0
VERTEX
8
TRACED_VECTOR
10
497.1802
20
-1291.3662
30
0.0
0
SEQEND
0
POLYLINE
8
TRACED_VECTOR
66
1
70
0
0
VERTEX
8
TRACED_VECTOR
10
94.7248
20
-1281.9524
30
0.0
0
VERTEX
8
TRACED_VECTOR
10
97.1135
20
-1379.7316
30
0.0
0
SEQEND
0
POLYLINE
8
TRACED_VECTOR
66
1
70
0
0
VERTEX
8
TRACED_VECTOR
10
1557.5560
20
-1215.8299
30
0.0
0
VERTEX
8
TRACED_VECTOR
10
1556.6933
20
-1218.8651
30
0.0
0
VERTEX
8
TRACED_VECTOR
10
1558.2333
20
-1219.7949
30
0.0
0
SEQEND
0
POLYLINE
8
TRACED_VECTOR
66
1
70
0
0
VERTEX
8
TRACED_VECTOR
10
1111.9490
20
-1235.3205
30
0.0
0
VERTEX
8
TRACED_VECTOR
10
1170.2377
20
-1276.6547
30
0.0
0
SEQEND
0
POLYLINE
8
TRACED_VECTOR
66
1
70
0
0
VERTEX
8
TRACED_VECTOR
10
620.0115
20
-1257.3890
30
0.0
0
VERTEX
8
TRACED_VECTOR
10
682.3993
20
-1301.0364
30
0.0
0
SEQEND
0
POLYLINE
8
TRACED_VECTOR
66
1
70
0
0
VERTEX
8
TRACED_VECTOR
10
44.3400
20
-1283.2139
30
0.0
0
VERTEX
8
TRACED_VECTOR
10
47.5206
20
-1420.9111
30
0.0
0
SEQEND
0
POLYLINE
8
TRACED_VECTOR
66
1
70
0
0
VERTEX
8
TRACED_VECTOR
10
96.1530
20
-1280.3901
30
0.0
0
VERTEX
8
TRACED_VECTOR
10
170.0081
20
-1279.0746
30
0.0
0
VERTEX
8
TRACED_VECTOR
10
179.1138
20
-1281.6626
30
0.0
0
VERTEX
8
TRACED_VECTOR
10
187.4015
20
-1288.2827
30
0.0
0
VERTEX
8
TRACED_VECTOR
10
190.6379
20
-1293.6312
30
0.0
0
VERTEX
8
TRACED_VECTOR
10
192.4238
20
-1300.0435
30
0.0
0
VERTEX
8
TRACED_VECTOR
10
194.1483
20
-1371.8826
30
0.0
0
SEQEND
0
POLYLINE
8
TRACED_VECTOR
66
1
70
0
0
VERTEX
8
TRACED_VECTOR
10
45.7682
20
-1281.6515
30
0.0
0
VERTEX
8
TRACED_VECTOR
10
94.1593
20
-1280.4795
30
0.0
0
SEQEND
0
POLYLINE
8
TRACED_VECTOR
66
1
70
0
0
VERTEX
8
TRACED_VECTOR
10
1562.9268
20
-1213.0918
30
0.0
0
VERTEX
8
TRACED_VECTOR
10
1560.9555
20
-1213.6797
30
0.0
0
VERTEX
8
TRACED_VECTOR
10
1564.9652
20
-1213.9992
30
0.0
0
VERTEX
8
TRACED_VECTOR
10
1563.1504
20
-1218.0760
30
0.0
0
SEQEND
0
POLYLINE
8
TRACED_VECTOR
66
1
70
0
0
VERTEX
8
TRACED_VECTOR
10
280.5001
20
-1270.6220
30
0.0
0
VERTEX
8
TRACED_VECTOR
10
279.7045
20
-1275.1524
30
0.0
0
SEQEND
0
POLYLINE
8
TRACED_VECTOR
66
1
70
0
0
VERTEX
8
TRACED_VECTOR
10
-219.9328
20
-1292.5721
30
0.0
0
VERTEX
8
TRACED_VECTOR
10
-219.3039
20
-1339.9888
30
0.0
0
SEQEND
0
POLYLINE
8
TRACED_VECTOR
66
1
70
0
0
VERTEX
8
TRACED_VECTOR
10
-218.4599
20
-1292.0066
30
0.0
0
VERTEX
8
TRACED_VECTOR
10
-215.8560
20
-1294.3869
30
0.0
0
VERTEX
8
TRACED_VECTOR
10
-214.7027
20
-1297.8311
30
0.0
0
SEQEND
0
POLYLINE
8
TRACED_VECTOR
66
1
70
0
0
VERTEX
8
TRACED_VECTOR
10
1114.2622
20
-1231.2214
30
0.0
0
VERTEX
8
TRACED_VECTOR
10
1120.9652
20
-1235.9149
30
0.0
0
SEQEND
0
POLYLINE
8
TRACED_VECTOR
66
1
70
0
0
VERTEX
8
TRACED_VECTOR
10
-221.5175
20
-1290.6455
30
0.0
0
VERTEX
8
TRACED_VECTOR
10
-224.8722
20
-1293.7926
30
0.0
0
VERTEX
8
TRACED_VECTOR
10
-225.7125
20
-1297.3262
30
0.0
0
VERTEX
8
TRACED_VECTOR
10
-227.6168
20
-1299.4093
30
0.0
0
SEQEND
0
POLYLINE
8
TRACED_VECTOR
66
1
70
0
0
VERTEX
8
TRACED_VECTOR
10
1559.6456
20
-1206.7466
30
0.0
0
VERTEX
8
TRACED_VECTOR
10
1559.8916
20
-1212.2292
30
0.0
0
SEQEND
0
POLYLINE
8
TRACED_VECTOR
66
1
70
0
0
VERTEX
8
TRACED_VECTOR
10
1357.7421
20
-1214.8052
30
0.0
0
VERTEX
8
TRACED_VECTOR
10
1420.0181
20
-1255.9604
30
0.0
0
SEQEND
0
POLYLINE
8
TRACED_VECTOR
66
1
70
0
0
VERTEX
8
TRACED_VECTOR
10
1568.4383
20
-1202.3568
30
0.0
0
VERTEX
8
TRACED_VECTOR
10
1561.0738
20
-1205.1842
30
0.0
0
VERTEX
8
TRACED_VECTOR
10
1562.5467
20
-1204.6188
30
0.0
0
SEQEND
0
POLYLINE
8
TRACED_VECTOR
66
1
70
0
0
VERTEX
8
TRACED_VECTOR
10
830.2829
20
-1235.4707
30
0.0
0
VERTEX
8
TRACED_VECTOR
10
793.7317
20
-1289.0501
30
0.0
0
SEQEND
0
POLYLINE
8
TRACED_VECTOR
66
1
70
0
0
VERTEX
8
TRACED_VECTOR
10
930.9407
20
-1230.4557
30
0.0
0
VERTEX
8
TRACED_VECTOR
10
991.7886
20
-1273.1733
30
0.0
0
SEQEND
0
POLYLINE
8
TRACED_VECTOR
66
1
70
0
0
VERTEX
8
TRACED_VECTOR
10
1558.9013
20
-1201.2864
30
0.0
0
VERTEX
8
TRACED_VECTOR
10
1559.0131
20
-1203.7784
30
0.0
0
SEQEND
0
POLYLINE
8
TRACED_VECTOR
66
1
70
0
0
VERTEX
8
TRACED_VECTOR
10
832.7079
20
-1233.8636
30
0.0
0
VERTEX
8
TRACED_VECTOR
10
894.5973
20
-1277.5333
30
0.0
0
SEQEND
0
POLYLINE
8
TRACED_VECTOR
66
1
70
0
0
VERTEX
8
TRACED_VECTOR
10
1099.3162
20
-1220.9047
30
0.0
0
VERTEX
8
TRACED_VECTOR
10
1111.6583
20
-1228.8411
30
0.0
0
SEQEND
0
POLYLINE
8
TRACED_VECTOR
66
1
70
0
0
VERTEX
8
TRACED_VECTOR
10
1346.9176
20
-1207.3001
30
0.0
0
VERTEX
8
TRACED_VECTOR
10
1355.6813
20
-1213.3994
30
0.0
0
SEQEND
0
POLYLINE
8
TRACED_VECTOR
66
1
70
0
0
VERTEX
8
TRACED_VECTOR
10
1547.1694
20
-1195.8196
30
0.0
0
VERTEX
8
TRACED_VECTOR
10
1557.3389
20
-1199.8582
30
0.0
0
SEQEND
0
POLYLINE
8
TRACED_VECTOR
66
1
70
0
0
VERTEX
8
TRACED_VECTOR
10
653.3737
20
-1232.9191
30
0.0
0
VERTEX
8
TRACED_VECTOR
10
711.1417
20
-1273.7771
30
0.0
0
SEQEND
0
POLYLINE
8
TRACED_VECTOR
66
1
70
0
0
VERTEX
8
TRACED_VECTOR
10
1348.6429
20
-1201.2296
30
0.0
0
VERTEX
8
TRACED_VECTOR
10
1346.7834
20
-1204.3096
30
0.0
0
SEQEND
0
POLYLINE
8
TRACED_VECTOR
66
1
70
0
0
VERTEX
8
TRACED_VECTOR
10
1242.4354
20
-1204.9953
30
0.0
0
VERTEX
8
TRACED_VECTOR
10
1247.6208
20
-1209.2575
30
0.0
0
SEQEND
0
POLYLINE
8
TRACED_VECTOR
66
1
70
0
0
VERTEX
8
TRACED_VECTOR
10
1234.8250
20
-1202.3402
30
0.0
0
VERTEX
8
TRACED_VECTOR
10
1237.5183
20
-1206.7141
30
0.0
0
VERTEX
8
TRACED_VECTOR
10
1239.9881
20
-1206.1039
30
0.0
0
SEQEND
0
POLYLINE
8
TRACED_VECTOR
66
1
70
0
0
VERTEX
8
TRACED_VECTOR
10
1646.4727
20
-1182.8747
30
0.0
0
VERTEX
8
TRACED_VECTOR
10
1646.5621
20
-1184.8684
30
0.0
0
VERTEX
8
TRACED_VECTOR
10
1644.6802
20
-1187.4499
30
0.0
0
VERTEX
8
TRACED_VECTOR
10
1641.6897
20
-1187.5840
30
0.0
0
SEQEND
0
POLYLINE
8
TRACED_VECTOR
66
1
70
0
0
VERTEX
8
TRACED_VECTOR
10
1236.2532
20
-1200.7779
30
0.0
0
VERTEX
8
TRACED_VECTOR
10
1238.8124
20
-1202.1613
30
0.0
0
SEQEND
0
POLYLINE
8
TRACED_VECTOR
66
1
70
0
0
VERTEX
8
TRACED_VECTOR
10
1238.1127
20
-1197.6979
30
0.0
0
VERTEX
8
TRACED_VECTOR
10
1240.2629
20
-1201.0974
30
0.0
0
SEQEND
0
POLYLINE
8
TRACED_VECTOR
66
1
70
0
0
VERTEX
8
TRACED_VECTOR
10
434.6647
20
-1233.7409
30
0.0
0
VERTEX
8
TRACED_VECTOR
10
428.2905
20
-1247.5112
30
0.0
0
SEQEND
0
POLYLINE
8
TRACED_VECTOR
66
1
70
0
0
VERTEX
8
TRACED_VECTOR
10
1228.6204
20
-1197.6243
30
0.0
0
VERTEX
8
TRACED_VECTOR
10
1175.0653
20
-1272.9421
30
0.0
0
SEQEND
0
POLYLINE
8
TRACED_VECTOR
66
1
70
0
0
VERTEX
8
TRACED_VECTOR
10
1643.7793
20
-1178.5007
30
0.0
0
VERTEX
8
TRACED_VECTOR
10
1642.3959
20
-1181.0599
30
0.0
0
SEQEND
0
POLYLINE
8
TRACED_VECTOR
66
1
70
0
0
VERTEX
8
TRACED_VECTOR
10
1639.2489
20
-1177.7051
30
0.0
0
VERTEX
8
TRACED_VECTOR
10
1639.5843
20
-1185.1814
30
0.0
0
SEQEND
0
POLYLINE
8
TRACED_VECTOR
66
1
70
0
0
VERTEX
8
TRACED_VECTOR
10
548.1919
20
-1226.1509
30
0.0
0
VERTEX
8
TRACED_VECTOR
10
549.3453
20
-1229.5951
30
0.0
0
VERTEX
8
TRACED_VECTOR
10
552.2687
20
-1227.9657
30
0.0
0
SEQEND
0
POLYLINE
8
TRACED_VECTOR
66
1
70
0
0
VERTEX
8
TRACED_VECTOR
10
440.0355
20
-1231.0029
30
0.0
0
VERTEX
8
TRACED_VECTOR
10
437.6105
20
-1232.6099
30
0.0
0
SEQEND
0
POLYLINE
8
TRACED_VECTOR
66
1
70
0
0
VERTEX
8
TRACED_VECTOR
10
1636.2136
20
-1176.8425
30
0.0
0
VERTEX
8
TRACED_VECTOR
10
1623.4560
20
-1181.9095
30
0.0
0
SEQEND
0
POLYLINE
8
TRACED_VECTOR
66
1
70
0
0
VERTEX
8
TRACED_VECTOR
10
1640.1786
20
-1176.1652
30
0.0
0
VERTEX
8
TRACED_VECTOR
10
1643.7123
20
-1177.0055
30
0.0
0
SEQEND
0
POLYLINE
8
TRACED_VECTOR
66
1
70
0
0
VERTEX
8
TRACED_VECTOR
10
447.4446
20
-1229.1722
30
0.0
0
VERTEX
8
TRACED_VECTOR
10
443.0707
20
-1231.8655
30
0.0
0
SEQEND
0
POLYLINE
8
TRACED_VECTOR
66
1
70
0
0
VERTEX
8
TRACED_VECTOR
10
545.4539
20
-1220.7801
30
0.0
0
VERTEX
8
TRACED_VECTOR
10
518.2674
20
-1260.4551
30
0.0
0
SEQEND
0
POLYLINE
8
TRACED_VECTOR
66
1
70
0
0
VERTEX
8
TRACED_VECTOR
10
1045.8197
20
-1197.3347
30
0.0
0
VERTEX
8
TRACED_VECTOR
10
994.2583
20
-1272.5631
30
0.0
0
SEQEND
0
POLYLINE
8
TRACED_VECTOR
66
1
70
0
0
VERTEX
8
TRACED_VECTOR
10
1048.2895
20
-1196.7245
30
0.0
0
VERTEX
8
TRACED_VECTOR
10
1054.9925
20
-1201.4180
30
0.0
0
SEQEND
0
POLYLINE
8
TRACED_VECTOR
66
1
70
0
0
VERTEX
8
TRACED_VECTOR
10
1051.5995
20
-1192.5806
30
0.0
0
VERTEX
8
TRACED_VECTOR
10
1108.8467
20
-1232.9626
30
0.0
0
SEQEND
0
POLYLINE
8
TRACED_VECTOR
66
1
70
0
0
VERTEX
8
TRACED_VECTOR
10
1476.2283
20
-1173.0322
30
0.0
0
VERTEX
8
TRACED_VECTOR
10
1426.5870
20
-1257.6634
30
0.0
0
SEQEND
0
POLYLINE
8
TRACED_VECTOR
66
1
70
0
0
VERTEX
8
TRACED_VECTOR
10
1479.1965
20
-1172.3996
30
0.0
0
VERTEX
8
TRACED_VECTOR
10
1557.5849
20
-1205.3408
30
0.0
0
SEQEND
0
POLYLINE
8
TRACED_VECTOR
66
1
70
0
0
VERTEX
8
TRACED_VECTOR
10
551.0771
20
-1212.5371
30
0.0
0
VERTEX
8
TRACED_VECTOR
10
546.8597
20
-1218.7194
30
0.0
0
SEQEND
0
POLYLINE
8
TRACED_VECTOR
66
1
70
0
0
VERTEX
8
TRACED_VECTOR
10
553.5022
20
-1210.9301
30
0.0
0
VERTEX
8
TRACED_VECTOR
10
617.9507
20
-1255.9832
30
0.0
0
SEQEND
0
POLYLINE
8
TRACED_VECTOR
66
1
70
0
0
VERTEX
8
TRACED_VECTOR
10
444.7578
20
-1213.8107
30
0.0
0
VERTEX
8
TRACED_VECTOR
10
436.0481
20
-1231.1817
30
0.0
0
SEQEND
0
POLYLINE
8
TRACED_VECTOR
66
1
70
0
0
VERTEX
8
TRACED_VECTOR
10
1473.4232
20
-1166.1662
30
0.0
0
VERTEX
8
TRACED_VECTOR
10
1477.1357
20
-1170.9938
30
0.0
0
SEQEND
0
POLYLINE
8
TRACED_VECTOR
66
1
70
0
0
VERTEX
8
TRACED_VECTOR
10
1477.3882
20
-1165.4889
30
0.0
0
VERTEX
8
TRACED_VECTOR
10
1484.5226
20
-1168.6648
30
0.0
0
SEQEND
0
POLYLINE
8
TRACED_VECTOR
66
1
70
0
0
VERTEX
8
TRACED_VECTOR
10
1294.8111
20
-1170.1834
30
0.0
0
VERTEX
8
TRACED_VECTOR
10
1343.8153
20
-1204.9421
30
0.0
0
SEQEND
0
POLYLINE
8
TRACED_VECTOR
66
1
70
0
0
VERTEX
8
TRACED_VECTOR
10
441.9974
20
-1207.9415
30
0.0
0
VERTEX
8
TRACED_VECTOR
10
443.6939
20
-1212.3602
30
0.0
0
SEQEND
0
POLYLINE
8
TRACED_VECTOR
66
1
70
0
0
VERTEX
8
TRACED_VECTOR
10
267.5515
20
-1215.7672
30
0.0
0
VERTEX
8
TRACED_VECTOR
10
277.1109
20
-1217.3361
30
0.0
0
SEQEND
0
POLYLINE
8
TRACED_VECTOR
66
1
70
0
0
VERTEX
8
TRACED_VECTOR
10
1042.0690
20
-1180.5227
30
0.0
0
VERTEX
8
TRACED_VECTOR
10
1051.3312
20
-1186.5996
30
0.0
0
SEQEND
0
POLYLINE
8
TRACED_VECTOR
66
1
70
0
0
VERTEX
8
TRACED_VECTOR
10
769.8887
20
-1191.7339
30
0.0
0
VERTEX
8
TRACED_VECTOR
10
713.5890
20
-1272.6685
30
0.0
0
SEQEND
0
POLYLINE
8
TRACED_VECTOR
66
1
70
0
0
VERTEX
8
TRACED_VECTOR
10
869.0289
20
-1186.2876
30
0.0
0
VERTEX
8
TRACED_VECTOR
10
928.8800
20
-1229.0499
30
0.0
0
SEQEND
0
POLYLINE
8
TRACED_VECTOR
66
1
70
0
0
VERTEX
8
TRACED_VECTOR
10
771.8376
20
-1190.6477
30
0.0
0
VERTEX
8
TRACED_VECTOR
10
830.6471
20
-1232.4578
30
0.0
0
SEQEND
0
POLYLINE
8
TRACED_VECTOR
66
1
70
0
0
VERTEX
8
TRACED_VECTOR
10
43.1074
20
-1222.3399
30
0.0
0
VERTEX
8
TRACED_VECTOR
10
44.2058
20
-1280.2234
30
0.0
0
SEQEND
0
POLYLINE
8
TRACED_VECTOR
66
1
70
0
0
VERTEX
8
TRACED_VECTOR
10
59.5105
20
-1220.6052
30
0.0
0
VERTEX
8
TRACED_VECTOR
10
91.9299
20
-1219.6503
30
0.0
0
SEQEND
0
POLYLINE
8
TRACED_VECTOR
66
1
70
0
0
VERTEX
8
TRACED_VECTOR
10
44.5356
20
-1220.7776
30
0.0
0
VERTEX
8
TRACED_VECTOR
10
56.0215
20
-1220.7618
30
0.0
0
SEQEND
0
POLYLINE
8
TRACED_VECTOR
66
1
70
0
0
VERTEX
8
TRACED_VECTOR
10
352.5125
20
-1205.9628
30
0.0
0
VERTEX
8
TRACED_VECTOR
10
351.2343
20
-1222.0016
30
0.0
0
SEQEND
0
POLYLINE
8
TRACED_VECTOR
66
1
70
0
0
VERTEX
8
TRACED_VECTOR
10
60.1943
20
-1213.5827
30
0.0
0
VERTEX
8
TRACED_VECTOR
10
61.7119
20
-1214.0140
30
0.0
0
VERTEX
8
TRACED_VECTOR
10
61.8013
20
-1216.0077
30
0.0
0
VERTEX
8
TRACED_VECTOR
10
59.4210
20
-1218.6116
30
0.0
0
SEQEND
0
POLYLINE
8
TRACED_VECTOR
66
1
70
0
0
VERTEX
8
TRACED_VECTOR
10
590.4651
20
-1188.7957
30
0.0
0
VERTEX
8
TRACED_VECTOR
10
651.3130
20
-1231.5133
30
0.0
0
SEQEND
0
POLYLINE
8
TRACED_VECTOR
66
1
70
0
0
VERTEX
8
TRACED_VECTOR
10
353.1963
20
-1198.9403
30
0.0
0
VERTEX
8
TRACED_VECTOR
10
352.8991
20
-1203.4484
30
0.0
0
SEQEND
0
POLYLINE
8
TRACED_VECTOR
66
1
70
0
0
VERTEX
8
TRACED_VECTOR
10
351.1356
20
-1197.5344
30
0.0
0
VERTEX
8
TRACED_VECTOR
10
348.8000
20
-1201.1352
30
0.0
0
SEQEND
0
POLYLINE
8
TRACED_VECTOR
66
1
70
0
0
VERTEX
8
TRACED_VECTOR
10
60.0377
20
-1210.0938
30
0.0
0
VERTEX
8
TRACED_VECTOR
10
59.1080
20
-1211.6337
30
0.0
0
VERTEX
8
TRACED_VECTOR
10
60.0377
20
-1210.0938
30
0.0
0
VERTEX
8
TRACED_VECTOR
10
62.5522
20
-1210.4804
30
0.0
0
SEQEND
0
POLYLINE
8
TRACED_VECTOR
66
1
70
0
0
VERTEX
8
TRACED_VECTOR
10
1262.4718
20
-1150.6585
30
0.0
0
VERTEX
8
TRACED_VECTOR
10
1230.9784
20
-1194.5220
30
0.0
0
SEQEND
0
POLYLINE
8
TRACED_VECTOR
66
1
70
0
0
VERTEX
8
TRACED_VECTOR
10
1264.9415
20
-1150.0483
30
0.0
0
VERTEX
8
TRACED_VECTOR
10
1266.9575
20
-1150.4573
30
0.0
0
VERTEX
8
TRACED_VECTOR
10
1292.2519
20
-1168.8000
30
0.0
0
SEQEND
0
POLYLINE
8
TRACED_VECTOR
66
1
70
0
0
VERTEX
8
TRACED_VECTOR
10
1166.2326
20
-1153.9770
30
0.0
0
VERTEX
8
TRACED_VECTOR
10
1114.1504
20
-1228.7293
30
0.0
0
SEQEND
0
POLYLINE
8
TRACED_VECTOR
66
1
70
0
0
VERTEX
8
TRACED_VECTOR
10
1168.1815
20
-1152.8907
30
0.0
0
VERTEX
8
TRACED_VECTOR
10
1228.0102
20
-1195.1546
30
0.0
0
SEQEND
0
POLYLINE
8
TRACED_VECTOR
66
1
70
0
0
VERTEX
8
TRACED_VECTOR
10
983.4095
20
-1153.1890
30
0.0
0
VERTEX
8
TRACED_VECTOR
10
931.3273
20
-1227.9413
30
0.0
0
SEQEND
0
POLYLINE
8
TRACED_VECTOR
66
1
70
0
0
VERTEX
8
TRACED_VECTOR
10
985.3808
20
-1152.6011
30
0.0
0
VERTEX
8
TRACED_VECTOR
10
988.4831
20
-1154.9590
30
0.0
0
SEQEND
0
POLYLINE
8
TRACED_VECTOR
66
1
70
0
0
VERTEX
8
TRACED_VECTOR
10
998.2279
20
-1149.5277
30
0.0
0
VERTEX
8
TRACED_VECTOR
10
1006.4932
20
-1155.6494
30
0.0
0
SEQEND
0
POLYLINE
8
TRACED_VECTOR
66
1
70
0
0
VERTEX
8
TRACED_VECTOR
10
988.6909
20
-1148.4573
30
0.0
0
VERTEX
8
TRACED_VECTOR
10
1047.9988
20
-1190.2451
30
0.0
0
SEQEND
0
POLYLINE
8
TRACED_VECTOR
66
1
70
0
0
VERTEX
8
TRACED_VECTOR
10
978.1570
20
-1147.4316
30
0.0
0
VERTEX
8
TRACED_VECTOR
10
982.7993
20
-1150.7192
30
0.0
0
SEQEND
0
POLYLINE
8
TRACED_VECTOR
66
1
70
0
0
VERTEX
8
TRACED_VECTOR
10
1418.1697
20
-1125.6947
30
0.0
0
VERTEX
8
TRACED_VECTOR
10
1423.2657
20
-1127.9632
30
0.0
0
VERTEX
8
TRACED_VECTOR
10
1421.3167
20
-1129.0495
30
0.0
0
SEQEND
0
POLYLINE
8
TRACED_VECTOR
66
1
70
0
0
VERTEX
8
TRACED_VECTOR
10
1414.1824
20
-1125.8736
30
0.0
0
VERTEX
8
TRACED_VECTOR
10
1358.1063
20
-1211.7923
30
0.0
0
SEQEND
0
POLYLINE
8
TRACED_VECTOR
66
1
70
0
0
VERTEX
8
TRACED_VECTOR
10
1237.0208
20
-1128.8270
30
0.0
0
VERTEX
8
TRACED_VECTOR
10
1262.8584
20
-1148.1441
30
0.0
0
SEQEND
0
POLYLINE
8
TRACED_VECTOR
66
1
70
0
0
VERTEX
8
TRACED_VECTOR
10
981.2211
20
-1137.8051
30
0.0
0
VERTEX
8
TRACED_VECTOR
10
988.4226
20
-1142.4763
30
0.0
0
SEQEND
0
POLYLINE
8
TRACED_VECTOR
66
1
70
0
0
VERTEX
8
TRACED_VECTOR
10
709.5616
20
-1149.4924
30
0.0
0
VERTEX
8
TRACED_VECTOR
10
653.7604
20
-1230.4046
30
0.0
0
SEQEND
0
POLYLINE
8
TRACED_VECTOR
66
1
70
0
0
VERTEX
8
TRACED_VECTOR
10
1420.2593
20
-1116.6114
30
0.0
0
VERTEX
8
TRACED_VECTOR
10
1416.0643
20
-1123.2921
30
0.0
0
SEQEND
0
POLYLINE
8
TRACED_VECTOR
66
1
70
0
0
VERTEX
8
TRACED_VECTOR
10
712.0089
20
-1148.3838
30
0.0
0
VERTEX
8
TRACED_VECTOR
10
769.2561
20
-1188.7658
30
0.0
0
SEQEND
0
POLYLINE
8
TRACED_VECTOR
66
1
70
0
0
VERTEX
8
TRACED_VECTOR
10
808.1810
20
-1143.5701
30
0.0
0
VERTEX
8
TRACED_VECTOR
10
866.9682
20
-1184.8818
30
0.0
0
SEQEND
0
POLYLINE
8
TRACED_VECTOR
66
1
70
0
0
VERTEX
8
TRACED_VECTOR
10
996.0619
20
-1134.6423
30
0.0
0
VERTEX
8
TRACED_VECTOR
10
990.9147
20
-1142.3645
30
0.0
0
SEQEND
0
POLYLINE
8
TRACED_VECTOR
66
1
70
0
0
VERTEX
8
TRACED_VECTOR
10
998.5316
20
-1134.0320
30
0.0
0
VERTEX
8
TRACED_VECTOR
10
1010.6948
20
-1137.9812
30
0.0
0
VERTEX
8
TRACED_VECTOR
10
1009.3337
20
-1141.0388
30
0.0
0
VERTEX
8
TRACED_VECTOR
10
1004.4390
20
-1143.2560
30
0.0
0
SEQEND
0
POLYLINE
8
TRACED_VECTOR
66
1
70
0
0
VERTEX
8
TRACED_VECTOR
10
1557.7106
20
-1107.9482
30
0.0
0
VERTEX
8
TRACED_VECTOR
10
1558.7671
20
-1198.2958
30
0.0
0
SEQEND
0
POLYLINE
8
TRACED_VECTOR
66
1
70
0
0
VERTEX
8
TRACED_VECTOR
10
472.6347
20
-1156.1257
30
0.0
0
VERTEX
8
TRACED_VECTOR
10
445.6652
20
-1211.7723
30
0.0
0
SEQEND
0
POLYLINE
8
TRACED_VECTOR
66
1
70
0
0
VERTEX
8
TRACED_VECTOR
10
1240.1743
20
-1121.1942
30
0.0
0
VERTEX
8
TRACED_VECTOR
10
1236.9090
20
-1126.3349
30
0.0
0
SEQEND
0
POLYLINE
8
TRACED_VECTOR
66
1
70
0
0
VERTEX
8
TRACED_VECTOR
10
474.0852
20
-1155.0618
30
0.0
0
VERTEX
8
TRACED_VECTOR
10
551.4414
20
-1209.5243
30
0.0
0
SEQEND
0
POLYLINE
8
TRACED_VECTOR
66
1
70
0
0
VERTEX
8
TRACED_VECTOR
10
1425.5183
20
-1111.3813
30
0.0
0
VERTEX
8
TRACED_VECTOR
10
1471.3178
20
-1163.7635
30
0.0
0
SEQEND
0
POLYLINE
8
TRACED_VECTOR
66
1
70
0
0
VERTEX
8
TRACED_VECTOR
10
1418.8824
20
-1108.1831
30
0.0
0
VERTEX
8
TRACED_VECTOR
10
1417.9974
20
-1110.7199
30
0.0
0
VERTEX
8
TRACED_VECTOR
10
1420.1028
20
-1113.1225
30
0.0
0
VERTEX
8
TRACED_VECTOR
10
1419.0613
20
-1112.1704
30
0.0
0
SEQEND
0
POLYLINE
8
TRACED_VECTOR
66
1
70
0
0
VERTEX
8
TRACED_VECTOR
10
1229.9377
20
-1115.6604
30
0.0
0
VERTEX
8
TRACED_VECTOR
10
1231.1134
20
-1119.6030
30
0.0
0
SEQEND
0
POLYLINE
8
TRACED_VECTOR
66
1
70
0
0
VERTEX
8
TRACED_VECTOR
10
1427.2884
20
-1106.3077
30
0.0
0
VERTEX
8
TRACED_VECTOR
10
1429.9594
20
-1110.1833
30
0.0
0
SEQEND
0
POLYLINE
8
TRACED_VECTOR
66
1
70
0
0
VERTEX
8
TRACED_VECTOR
10
1428.2182
20
-1104.7678
30
0.0
0
VERTEX
8
TRACED_VECTOR
10
1556.1483
20
-1106.5201
30
0.0
0
SEQEND
0
POLYLINE
8
TRACED_VECTOR
66
1
70
0
0
VERTEX
8
TRACED_VECTOR
10
528.5757
20
-1145.1260
30
0.0
0
VERTEX
8
TRACED_VECTOR
10
587.9060
20
-1187.4123
30
0.0
0
SEQEND
0
POLYLINE
8
TRACED_VECTOR
66
1
70
0
0
VERTEX
8
TRACED_VECTOR
10
1410.2528
20
-1105.0743
30
0.0
0
VERTEX
8
TRACED_VECTOR
10
1409.8215
20
-1106.5919
30
0.0
0
VERTEX
8
TRACED_VECTOR
10
1412.3806
20
-1107.9753
30
0.0
0
SEQEND
0
POLYLINE
8
TRACED_VECTOR
66
1
70
0
0
VERTEX
8
TRACED_VECTOR
10
1405.4987
20
-1099.2945
30
0.0
0
VERTEX
8
TRACED_VECTOR
10
1404.5466
20
-1100.3360
30
0.0
0
VERTEX
8
TRACED_VECTOR
10
1405.6553
20
-1102.7834
30
0.0
0
VERTEX
8
TRACED_VECTOR
10
1407.6489
20
-1102.6940
30
0.0
0
VERTEX
8
TRACED_VECTOR
10
1408.6010
20
-1101.6524
30
0.0
0
VERTEX
8
TRACED_VECTOR
10
1408.0355
20
-1100.1795
30
0.0
0
SEQEND
0
POLYLINE
8
TRACED_VECTOR
66
1
70
0
0
VERTEX
8
TRACED_VECTOR
10
1231.5513
20
-1107.0978
30
0.0
0
VERTEX
8
TRACED_VECTOR
10
1231.6630
20
-1109.5899
30
0.0
0
VERTEX
8
TRACED_VECTOR
10
1233.7909
20
-1112.4910
30
0.0
0
SEQEND
0
POLYLINE
8
TRACED_VECTOR
66
1
70
0
0
VERTEX
8
TRACED_VECTOR
10
1413.9495
20
-1098.4160
30
0.0
0
VERTEX
8
TRACED_VECTOR
10
1417.6173
20
-1102.2468
30
0.0
0
SEQEND
0
POLYLINE
8
TRACED_VECTOR
66
1
70
0
0
VERTEX
8
TRACED_VECTOR
10
1105.4071
20
-1111.7579
30
0.0
0
VERTEX
8
TRACED_VECTOR
10
1053.3249
20
-1186.5102
30
0.0
0
SEQEND
0
POLYLINE
8
TRACED_VECTOR
66
1
70
0
0
VERTEX
8
TRACED_VECTOR
10
1407.9238
20
-1097.6875
30
0.0
0
VERTEX
8
TRACED_VECTOR
10
1411.4574
20
-1098.5278
30
0.0
0
SEQEND
0
POLYLINE
8
TRACED_VECTOR
66
1
70
0
0
VERTEX
8
TRACED_VECTOR
10
1107.8544
20
-1110.6492
30
0.0
0
VERTEX
8
TRACED_VECTOR
10
1165.6000
20
-1151.0089
30
0.0
0
SEQEND
0
POLYLINE
8
TRACED_VECTOR
66
1
70
0
0
VERTEX
8
TRACED_VECTOR
10
1404.0994
20
-1090.3677
30
0.0
0
VERTEX
8
TRACED_VECTOR
10
1403.1697
20
-1091.9077
30
0.0
0
VERTEX
8
TRACED_VECTOR
10
1398.1408
20
-1091.1344
30
0.0
0
SEQEND
0
POLYLINE
8
TRACED_VECTOR
66
1
70
0
0
VERTEX
8
TRACED_VECTOR
10
1406.0708
20
-1089.7799
30
0.0
0
VERTEX
8
TRACED_VECTOR
10
1411.8440
20
-1096.0133
30
0.0
0
SEQEND
0
POLYLINE
8
TRACED_VECTOR
66
1
70
0
0
VERTEX
8
TRACED_VECTOR
10
920.5233
20
-1109.5640
30
0.0
0
VERTEX
8
TRACED_VECTOR
10
868.9171
20
-1183.7956
30
0.0
0
SEQEND
0
POLYLINE
8
TRACED_VECTOR
66
1
70
0
0
VERTEX
8
TRACED_VECTOR
10
922.9706
20
-1108.4554
30
0.0
0
VERTEX
8
TRACED_VECTOR
10
928.1560
20
-1112.7175
30
0.0
0
SEQEND
0
POLYLINE
8
TRACED_VECTOR
66
1
70
0
0
VERTEX
8
TRACED_VECTOR
10
1390.9170
20
-1085.9649
30
0.0
0
VERTEX
8
TRACED_VECTOR
10
1392.0033
20
-1087.9138
30
0.0
0
VERTEX
8
TRACED_VECTOR
10
1393.9970
20
-1087.8244
30
0.0
0
SEQEND
0
POLYLINE
8
TRACED_VECTOR
66
1
70
0
0
VERTEX
8
TRACED_VECTOR
10
1401.8598
20
-1084.9746
30
0.0
0
VERTEX
8
TRACED_VECTOR
10
1404.4637
20
-1087.3549
30
0.0
0
SEQEND
0
POLYLINE
8
TRACED_VECTOR
66
1
70
0
0
VERTEX
8
TRACED_VECTOR
10
1394.7926
20
-1083.2939
30
0.0
0
VERTEX
8
TRACED_VECTOR
10
1398.3038
20
-1083.6358
30
0.0
0
SEQEND
0
POLYLINE
8
TRACED_VECTOR
66
1
70
0
0
VERTEX
8
TRACED_VECTOR
10
926.2807
20
-1104.3115
30
0.0
0
VERTEX
8
TRACED_VECTOR
10
986.1094
20
-1146.5754
30
0.0
0
SEQEND
0
POLYLINE
8
TRACED_VECTOR
66
1
70
0
0
VERTEX
8
TRACED_VECTOR
10
917.8076
20
-1104.6916
30
0.0
0
VERTEX
8
TRACED_VECTOR
10
920.3891
20
-1106.5735
30
0.0
0
SEQEND
0
POLYLINE
8
TRACED_VECTOR
66
1
70
0
0
VERTEX
8
TRACED_VECTOR
10
1397.6265
20
-1079.6709
30
0.0
0
VERTEX
8
TRACED_VECTOR
10
1400.2528
20
-1082.5496
30
0.0
0
SEQEND
0
POLYLINE
8
TRACED_VECTOR
66
1
70
0
0
VERTEX
8
TRACED_VECTOR
10
929.1147
20
-1100.6885
30
0.0
0
VERTEX
8
TRACED_VECTOR
10
936.8592
20
-1106.3341
30
0.0
0
SEQEND
0
POLYLINE
8
TRACED_VECTOR
66
1
70
0
0
VERTEX
8
TRACED_VECTOR
10
359.2676
20
-1122.7561
30
0.0
0
VERTEX
8
TRACED_VECTOR
10
353.5829
20
-1196.4258
30
0.0
0
SEQEND
0
POLYLINE
8
TRACED_VECTOR
66
1
70
0
0
VERTEX
8
TRACED_VECTOR
10
548.1453
20
-1113.7835
30
0.0
0
VERTEX
8
TRACED_VECTOR
10
527.9655
20
-1142.6563
30
0.0
0
SEQEND
0
POLYLINE
8
TRACED_VECTOR
66
1
70
0
0
VERTEX
8
TRACED_VECTOR
10
1393.9140
20
-1074.8432
30
0.0
0
VERTEX
8
TRACED_VECTOR
10
1395.5211
20
-1077.2682
30
0.0
0
SEQEND
0
POLYLINE
8
TRACED_VECTOR
66
1
70
0
0
VERTEX
8
TRACED_VECTOR
10
360.6958
20
-1121.1937
30
0.0
0
VERTEX
8
TRACED_VECTOR
10
472.0692
20
-1154.6528
30
0.0
0
SEQEND
0
POLYLINE
8
TRACED_VECTOR
66
1
70
0
0
VERTEX
8
TRACED_VECTOR
10
1398.8535
20
-1073.6228
30
0.0
0
VERTEX
8
TRACED_VECTOR
10
1397.9684
20
-1076.1596
30
0.0
0
SEQEND
0
POLYLINE
8
TRACED_VECTOR
66
1
70
0
0
VERTEX
8
TRACED_VECTOR
10
930.8400
20
-1094.6180
30
0.0
0
VERTEX
8
TRACED_VECTOR
10
928.5268
20
-1098.7172
30
0.0
0
SEQEND
0
POLYLINE
8
TRACED_VECTOR
66
1
70
0
0
VERTEX
8
TRACED_VECTOR
10
1403.2945
20
-1072.4247
30
0.0
0
VERTEX
8
TRACED_VECTOR
10
1403.4734
20
-1076.4120
30
0.0
0
VERTEX
8
TRACED_VECTOR
10
1402.0452
20
-1077.9744
30
0.0
0
VERTEX
8
TRACED_VECTOR
10
1399.5308
20
-1077.5877
30
0.0
0
VERTEX
8
TRACED_VECTOR
10
1402.0452
20
-1077.9744
30
0.0
0
SEQEND
0
POLYLINE
8
TRACED_VECTOR
66
1
70
0
0
VERTEX
8
TRACED_VECTOR
10
940.2652
20
-1093.1964
30
0.0
0
VERTEX
8
TRACED_VECTOR
10
942.2589
20
-1093.1069
30
0.0
0
VERTEX
8
TRACED_VECTOR
10
943.3675
20
-1095.5543
30
0.0
0
VERTEX
8
TRACED_VECTOR
10
939.4473
20
-1097.2284
30
0.0
0
SEQEND
0
POLYLINE
8
TRACED_VECTOR
66
1
70
0
0
VERTEX
8
TRACED_VECTOR
10
746.8124
20
-1100.3765
30
0.0
0
VERTEX
8
TRACED_VECTOR
10
806.1203
20
-1142.1643
30
0.0
0
SEQEND
0
POLYLINE
8
TRACED_VECTOR
66
1
70
0
0
VERTEX
8
TRACED_VECTOR
10
646.6082
20
-1104.3722
30
0.0
0
VERTEX
8
TRACED_VECTOR
10
589.8549
20
-1186.3260
30
0.0
0
SEQEND
0
POLYLINE
8
TRACED_VECTOR
66
1
70
0
0
VERTEX
8
TRACED_VECTOR
10
1362.7886
20
-1071.2453
30
0.0
0
VERTEX
8
TRACED_VECTOR
10
1294.6993
20
-1167.6913
30
0.0
0
SEQEND
0
POLYLINE
8
TRACED_VECTOR
66
1
70
0
0
VERTEX
8
TRACED_VECTOR
10
936.1437
20
-1090.3847
30
0.0
0
VERTEX
8
TRACED_VECTOR
10
938.6805
20
-1091.2698
30
0.0
0
SEQEND
0
POLYLINE
8
TRACED_VECTOR
66
1
70
0
0
VERTEX
8
TRACED_VECTOR
10
649.0556
20
-1103.2636
30
0.0
0
VERTEX
8
TRACED_VECTOR
10
709.4274
20
-1146.5019
30
0.0
0
SEQEND
0
POLYLINE
8
TRACED_VECTOR
66
1
70
0
0
VERTEX
8
TRACED_VECTOR
10
1387.0769
20
-1067.1592
30
0.0
0
VERTEX
8
TRACED_VECTOR
10
1392.6265
20
-1068.4085
30
0.0
0
SEQEND
0
POLYLINE
8
TRACED_VECTOR
66
1
70
0
0
VERTEX
8
TRACED_VECTOR
10
1357.1495
20
-1068.0023
30
0.0
0
VERTEX
8
TRACED_VECTOR
10
1361.7023
20
-1069.2963
30
0.0
0
SEQEND
0
POLYLINE
8
TRACED_VECTOR
66
1
70
0
0
VERTEX
8
TRACED_VECTOR
10
249.6224
20
-1116.6875
30
0.0
0
VERTEX
8
TRACED_VECTOR
10
251.7494
20
-1197.4982
30
0.0
0
VERTEX
8
TRACED_VECTOR
10
254.5768
20
-1204.8626
30
0.0
0
VERTEX
8
TRACED_VECTOR
10
257.7686
20
-1209.2142
30
0.0
0
VERTEX
8
TRACED_VECTOR
10
264.9924
20
-1214.3838
30
0.0
0
SEQEND
0
POLYLINE
8
TRACED_VECTOR
66
1
70
0
0
VERTEX
8
TRACED_VECTOR
10
1367.5268
20
-1065.5391
30
0.0
0
VERTEX
8
TRACED_VECTOR
10
1391.8309
20
-1072.9390
30
0.0
0
SEQEND
0
POLYLINE
8
TRACED_VECTOR
66
1
70
0
0
VERTEX
8
TRACED_VECTOR
10
190.7645
20
-1118.3291
30
0.0
0
VERTEX
8
TRACED_VECTOR
10
192.6902
20
-1194.6540
30
0.0
0
VERTEX
8
TRACED_VECTOR
10
189.6932
20
-1205.7756
30
0.0
0
VERTEX
8
TRACED_VECTOR
10
183.5268
20
-1213.0441
30
0.0
0
VERTEX
8
TRACED_VECTOR
10
173.2613
20
-1217.9994
30
0.0
0
VERTEX
8
TRACED_VECTOR
10
94.9204
20
-1219.5162
30
0.0
0
SEQEND
0
POLYLINE
8
TRACED_VECTOR
66
1
70
0
0
VERTEX
8
TRACED_VECTOR
10
1375.9105
20
-1063.1653
30
0.0
0
VERTEX
8
TRACED_VECTOR
10
1381.9809
20
-1064.8907
30
0.0
0
SEQEND
0
POLYLINE
8
TRACED_VECTOR
66
1
70
0
0
VERTEX
8
TRACED_VECTOR
10
108.8453
20
-1118.0087
30
0.0
0
VERTEX
8
TRACED_VECTOR
10
189.2022
20
-1116.9009
30
0.0
0
SEQEND
0
POLYLINE
8
TRACED_VECTOR
66
1
70
0
0
VERTEX
8
TRACED_VECTOR
10
91.8768
20
-1118.2705
30
0.0
0
VERTEX
8
TRACED_VECTOR
10
93.3581
20
-1218.0880
30
0.0
0
VERTEX
8
TRACED_VECTOR
10
93.7289
20
-1204.0876
30
0.0
0
SEQEND
0
POLYLINE
8
TRACED_VECTOR
66
1
70
0
0
VERTEX
8
TRACED_VECTOR
10
1393.7193
20
-1059.3699
30
0.0
0
VERTEX
8
TRACED_VECTOR
10
1394.0323
20
-1066.3477
30
0.0
0
SEQEND
0
POLYLINE
8
TRACED_VECTOR
66
1
70
0
0
VERTEX
8
TRACED_VECTOR
10
1381.2365
20
-1059.4305
30
0.0
0
VERTEX
8
TRACED_VECTOR
10
1383.2302
20
-1059.3410
30
0.0
0
SEQEND
0
POLYLINE
8
TRACED_VECTOR
66
1
70
0
0
VERTEX
8
TRACED_VECTOR
10
1388.1697
20
-1058.1206
30
0.0
0
VERTEX
8
TRACED_VECTOR
10
1392.1570
20
-1057.9417
30
0.0
0
SEQEND
0
POLYLINE
8
TRACED_VECTOR
66
1
70
0
0
VERTEX
8
TRACED_VECTOR
10
1150.9009
20
-1068.2652
30
0.0
0
VERTEX
8
TRACED_VECTOR
10
1227.2379
20
-1122.2739
30
0.0
0
SEQEND
0
POLYLINE
8
TRACED_VECTOR
66
1
70
0
0
VERTEX
8
TRACED_VECTOR
10
1362.0731
20
-1055.2960
30
0.0
0
VERTEX
8
TRACED_VECTOR
10
1361.0986
20
-1055.8391
30
0.0
0
VERTEX
8
TRACED_VECTOR
10
1364.0668
20
-1055.2065
30
0.0
0
VERTEX
8
TRACED_VECTOR
10
1364.6323
20
-1056.6794
30
0.0
0
SEQEND
0
POLYLINE
8
TRACED_VECTOR
66
1
70
0
0
VERTEX
8
TRACED_VECTOR
10
1155.1630
20
-1063.0798
30
0.0
0
VERTEX
8
TRACED_VECTOR
10
1150.7891
20
-1065.7731
30
0.0
0
SEQEND
0
POLYLINE
8
TRACED_VECTOR
66
1
70
0
0
VERTEX
8
TRACED_VECTOR
10
1042.4984
20
-1067.6345
30
0.0
0
VERTEX
8
TRACED_VECTOR
10
997.9437
20
-1132.0607
30
0.0
0
SEQEND
0
POLYLINE
8
TRACED_VECTOR
66
1
70
0
0
VERTEX
8
TRACED_VECTOR
10
1044.9458
20
-1066.5259
30
0.0
0
VERTEX
8
TRACED_VECTOR
10
1105.2729
20
-1108.7674
30
0.0
0
SEQEND
0
POLYLINE
8
TRACED_VECTOR
66
1
70
0
0
VERTEX
8
TRACED_VECTOR
10
408.9435
20
-1094.5577
30
0.0
0
VERTEX
8
TRACED_VECTOR
10
466.6350
20
-1111.4471
30
0.0
0
SEQEND
0
POLYLINE
8
TRACED_VECTOR
66
1
70
0
0
VERTEX
8
TRACED_VECTOR
10
1375.8499
20
-1050.6826
30
0.0
0
VERTEX
8
TRACED_VECTOR
10
1379.9043
20
-1051.9989
30
0.0
0
VERTEX
8
TRACED_VECTOR
10
1386.1089
20
-1056.7148
30
0.0
0
SEQEND
0
POLYLINE
8
TRACED_VECTOR
66
1
70
0
0
VERTEX
8
TRACED_VECTOR
10
1372.8594
20
-1050.8167
30
0.0
0
VERTEX
8
TRACED_VECTOR
10
1372.9936
20
-1053.8072
30
0.0
0
SEQEND
0
POLYLINE
8
TRACED_VECTOR
66
1
70
0
0
VERTEX
8
TRACED_VECTOR
10
1318.8739
20
-1049.7426
30
0.0
0
VERTEX
8
TRACED_VECTOR
10
1360.4148
20
-1062.8616
30
0.0
0
SEQEND
0
POLYLINE
8
TRACED_VECTOR
66
1
70
0
0
VERTEX
8
TRACED_VECTOR
10
1290.8060
20
-1047.5058
30
0.0
0
VERTEX
8
TRACED_VECTOR
10
1288.4481
20
-1050.6081
30
0.0
0
SEQEND
0
POLYLINE
8
TRACED_VECTOR
66
1
70
0
0
VERTEX
8
TRACED_VECTOR
10
863.1643
20
-1066.6899
30
0.0
0
VERTEX
8
TRACED_VECTOR
10
871.4296
20
-1072.8116
30
0.0
0
SEQEND
0
POLYLINE
8
TRACED_VECTOR
66
1
70
0
0
VERTEX
8
TRACED_VECTOR
10
860.1738
20
-1066.8241
30
0.0
0
VERTEX
8
TRACED_VECTOR
10
808.5677
20
-1141.0556
30
0.0
0
SEQEND
0
POLYLINE
8
TRACED_VECTOR
66
1
70
0
0
VERTEX
8
TRACED_VECTOR
10
1319.1710
20
-1045.2345
30
0.0
0
VERTEX
8
TRACED_VECTOR
10
1322.2063
20
-1046.0972
30
0.0
0
SEQEND
0
POLYLINE
8
TRACED_VECTOR
66
1
70
0
0
VERTEX
8
TRACED_VECTOR
10
1287.2724
20
-1046.6655
30
0.0
0
VERTEX
8
TRACED_VECTOR
10
1232.8099
20
-1124.0217
30
0.0
0
SEQEND
0
POLYLINE
8
TRACED_VECTOR
66
1
70
0
0
VERTEX
8
TRACED_VECTOR
10
367.6485
20
-1086.9213
30
0.0
0
VERTEX
8
TRACED_VECTOR
10
368.1916
20
-1087.8958
30
0.0
0
VERTEX
8
TRACED_VECTOR
10
366.7858
20
-1089.9565
30
0.0
0
VERTEX
8
TRACED_VECTOR
10
363.7953
20
-1090.0907
30
0.0
0
VERTEX
8
TRACED_VECTOR
10
361.7122
20
-1088.1864
30
0.0
0
SEQEND
0
POLYLINE
8
TRACED_VECTOR
66
1
70
0
0
VERTEX
8
TRACED_VECTOR
10
1459.1591
20
-1037.4563
30
0.0
0
VERTEX
8
TRACED_VECTOR
10
1455.2836
20
-1040.1273
30
0.0
0
VERTEX
8
TRACED_VECTOR
10
1453.2675
20
-1039.7183
30
0.0
0
VERTEX
8
TRACED_VECTOR
10
1453.6989
20
-1038.2007
30
0.0
0
VERTEX
8
TRACED_VECTOR
10
1453.2675
20
-1039.7183
30
0.0
0
SEQEND
0
POLYLINE
8
TRACED_VECTOR
66
1
70
0
0
VERTEX
8
TRACED_VECTOR
10
1450.6637
20
-1037.3380
30
0.0
0
VERTEX
8
TRACED_VECTOR
10
1396.2720
20
-1071.7409
30
0.0
0
SEQEND
0
POLYLINE
8
TRACED_VECTOR
66
1
70
0
0
VERTEX
8
TRACED_VECTOR
10
1284.1477
20
-1043.8091
30
0.0
0
VERTEX
8
TRACED_VECTOR
10
1281.8121
20
-1047.4098
30
0.0
0
SEQEND
0
POLYLINE
8
TRACED_VECTOR
66
1
70
0
0
VERTEX
8
TRACED_VECTOR
10
368.5559
20
-1084.8829
30
0.0
0
VERTEX
8
TRACED_VECTOR
10
371.5464
20
-1084.7487
30
0.0
0
SEQEND
0
POLYLINE
8
TRACED_VECTOR
66
1
70
0
0
VERTEX
8
TRACED_VECTOR
10
865.9312
20
-1061.5716
30
0.0
0
VERTEX
8
TRACED_VECTOR
10
923.6992
20
-1102.4297
30
0.0
0
SEQEND
0
POLYLINE
8
TRACED_VECTOR
66
1
70
0
0
VERTEX
8
TRACED_VECTOR
10
373.4953
20
-1083.6625
30
0.0
0
VERTEX
8
TRACED_VECTOR
10
406.4067
20
-1093.6727
30
0.0
0
SEQEND
0
POLYLINE
8
TRACED_VECTOR
66
1
70
0
0
VERTEX
8
TRACED_VECTOR
10
1556.6700
20
-1029.0866
30
0.0
0
VERTEX
8
TRACED_VECTOR
10
1557.5765
20
-1104.9577
30
0.0
0
SEQEND
0
POLYLINE
8
TRACED_VECTOR
66
1
70
0
0
VERTEX
8
TRACED_VECTOR
10
1421.1006
20
-1035.1683
30
0.0
0
VERTEX
8
TRACED_VECTOR
10
1425.6534
20
-1036.4623
30
0.0
0
SEQEND
0
POLYLINE
8
TRACED_VECTOR
66
1
70
0
0
VERTEX
8
TRACED_VECTOR
10
1292.0106
20
-1040.9593
30
0.0
0
VERTEX
8
TRACED_VECTOR
10
1316.3371
20
-1048.8575
30
0.0
0
SEQEND
0
POLYLINE
8
TRACED_VECTOR
66
1
70
0
0
VERTEX
8
TRACED_VECTOR
10
1550.1011
20
-1027.3836
30
0.0
0
VERTEX
8
TRACED_VECTOR
10
1555.1076
20
-1027.6584
30
0.0
0
SEQEND
0
POLYLINE
8
TRACED_VECTOR
66
1
70
0
0
VERTEX
8
TRACED_VECTOR
10
868.2668
20
-1057.9709
30
0.0
0
VERTEX
8
TRACED_VECTOR
10
874.9922
20
-1063.1628
30
0.0
0
SEQEND
0
POLYLINE
8
TRACED_VECTOR
66
1
70
0
0
VERTEX
8
TRACED_VECTOR
10
112.1460
20
-1091.3913
30
0.0
0
VERTEX
8
TRACED_VECTOR
10
109.7210
20
-1092.9984
30
0.0
0
SEQEND
0
POLYLINE
8
TRACED_VECTOR
66
1
70
0
0
VERTEX
8
TRACED_VECTOR
10
1405.0171
20
-1032.8933
30
0.0
0
VERTEX
8
TRACED_VECTOR
10
1404.0649
20
-1033.9348
30
0.0
0
VERTEX
8
TRACED_VECTOR
10
1405.9179
20
-1041.8424
30
0.0
0
VERTEX
8
TRACED_VECTOR
10
1405.2341
20
-1048.8650
30
0.0
0
VERTEX
8
TRACED_VECTOR
10
1401.4704
20
-1054.0280
30
0.0
0
VERTEX
8
TRACED_VECTOR
10
1395.1251
20
-1057.3092
30
0.0
0
VERTEX
8
TRACED_VECTOR
10
1401.4704
20
-1054.0280
30
0.0
0
VERTEX
8
TRACED_VECTOR
10
1404.3267
20
-1050.9033
30
0.0
0
VERTEX
8
TRACED_VECTOR
10
1405.6655
20
-1047.3473
30
0.0
0
SEQEND
0
POLYLINE
8
TRACED_VECTOR
66
1
70
0
0
VERTEX
8
TRACED_VECTOR
10
1465.2361
20
-1028.1941
30
0.0
0
VERTEX
8
TRACED_VECTOR
10
1454.0632
20
-1035.1878
30
0.0
0
SEQEND
0
POLYLINE
8
TRACED_VECTOR
66
1
70
0
0
VERTEX
8
TRACED_VECTOR
10
1309.7300
20
-1035.1702
30
0.0
0
VERTEX
8
TRACED_VECTOR
10
1308.2795
20
-1036.2341
30
0.0
0
VERTEX
8
TRACED_VECTOR
10
1308.8673
20
-1038.2054
30
0.0
0
VERTEX
8
TRACED_VECTOR
10
1313.4872
20
-1040.9947
30
0.0
0
SEQEND
0
POLYLINE
8
TRACED_VECTOR
66
1
70
0
0
VERTEX
8
TRACED_VECTOR
10
1556.4240
20
-1023.6040
30
0.0
0
VERTEX
8
TRACED_VECTOR
10
1556.5358
20
-1026.0961
30
0.0
0
SEQEND
0
POLYLINE
8
TRACED_VECTOR
66
1
70
0
0
VERTEX
8
TRACED_VECTOR
10
862.1069
20
-1054.2519
30
0.0
0
VERTEX
8
TRACED_VECTOR
10
865.6853
20
-1056.0890
30
0.0
0
SEQEND
0
POLYLINE
8
TRACED_VECTOR
66
1
70
0
0
VERTEX
8
TRACED_VECTOR
10
1479.0576
20
-1024.5776
30
0.0
0
VERTEX
8
TRACED_VECTOR
10
1470.1084
20
-1025.4785
30
0.0
0
VERTEX
8
TRACED_VECTOR
10
1545.8678
20
-1022.0799
30
0.0
0
SEQEND
0
POLYLINE
8
TRACED_VECTOR
66
1
70
0
0
VERTEX
8
TRACED_VECTOR
10
342.1239
20
-1074.5820
30
0.0
0
VERTEX
8
TRACED_VECTOR
10
370.4601
20
-1082.7998
30
0.0
0
SEQEND
0
POLYLINE
8
TRACED_VECTOR
66
1
70
0
0
VERTEX
8
TRACED_VECTOR
10
1305.9951
20
-1029.8441
30
0.0
0
VERTEX
8
TRACED_VECTOR
10
1310.6374
20
-1033.1318
30
0.0
0
SEQEND
0
POLYLINE
8
TRACED_VECTOR
66
1
70
0
0
VERTEX
8
TRACED_VECTOR
10
1466.4630
20
-1022.1460
30
0.0
0
VERTEX
8
TRACED_VECTOR
10
1465.0348
20
-1023.7084
30
0.0
0
VERTEX
8
TRACED_VECTOR
10
1465.6003
20
-1025.1813
30
0.0
0
SEQEND
0
POLYLINE
8
TRACED_VECTOR
66
1
70
0
0
VERTEX
8
TRACED_VECTOR
10
249.3290
20
-1076.7471
30
0.0
0
VERTEX
8
TRACED_VECTOR
10
250.0091
20
-1114.1731
30
0.0
0
SEQEND
0
POLYLINE
8
TRACED_VECTOR
66
1
70
0
0
VERTEX
8
TRACED_VECTOR
10
1547.1842
20
-1018.0254
30
0.0
0
VERTEX
8
TRACED_VECTOR
10
1554.6604
20
-1017.6901
30
0.0
0
SEQEND
0
POLYLINE
8
TRACED_VECTOR
66
1
70
0
0
VERTEX
8
TRACED_VECTOR
10
1469.4088
20
-1021.0151
30
0.0
0
VERTEX
8
TRACED_VECTOR
10
1473.8945
20
-1020.8138
30
0.0
0
SEQEND
0
POLYLINE
8
TRACED_VECTOR
66
1
70
0
0
VERTEX
8
TRACED_VECTOR
10
585.2172
20
-1060.6802
30
0.0
0
VERTEX
8
TRACED_VECTOR
10
549.5735
20
-1112.2212
30
0.0
0
SEQEND
0
POLYLINE
8
TRACED_VECTOR
66
1
70
0
0
VERTEX
8
TRACED_VECTOR
10
250.7795
20
-1075.6832
30
0.0
0
VERTEX
8
TRACED_VECTOR
10
340.1079
20
-1074.1730
30
0.0
0
SEQEND
0
POLYLINE
8
TRACED_VECTOR
66
1
70
0
0
VERTEX
8
TRACED_VECTOR
10
189.9726
20
-1078.4110
30
0.0
0
VERTEX
8
TRACED_VECTOR
10
190.6304
20
-1115.3386
30
0.0
0
SEQEND
0
POLYLINE
8
TRACED_VECTOR
66
1
70
0
0
VERTEX
8
TRACED_VECTOR
10
683.8591
20
-1055.2563
30
0.0
0
VERTEX
8
TRACED_VECTOR
10
744.7516
20
-1098.9707
30
0.0
0
SEQEND
0
POLYLINE
8
TRACED_VECTOR
66
1
70
0
0
VERTEX
8
TRACED_VECTOR
10
587.1662
20
-1059.5939
30
0.0
0
VERTEX
8
TRACED_VECTOR
10
646.4741
20
-1101.3817
30
0.0
0
SEQEND
0
POLYLINE
8
TRACED_VECTOR
66
1
70
0
0
VERTEX
8
TRACED_VECTOR
10
108.1205
20
-1079.5858
30
0.0
0
VERTEX
8
TRACED_VECTOR
10
104.8999
20
-1085.7234
30
0.0
0
VERTEX
8
TRACED_VECTOR
10
105.1234
20
-1090.7075
30
0.0
0
VERTEX
8
TRACED_VECTOR
10
107.2289
20
-1093.1102
30
0.0
0
SEQEND
0
POLYLINE
8
TRACED_VECTOR
66
1
70
0
0
VERTEX
8
TRACED_VECTOR
10
109.5486
20
-1078.0235
30
0.0
0
VERTEX
8
TRACED_VECTOR
10
188.4103
20
-1076.9828
30
0.0
0
SEQEND
0
POLYLINE
8
TRACED_VECTOR
66
1
70
0
0
VERTEX
8
TRACED_VECTOR
10
99.5579
20
-1077.9723
30
0.0
0
VERTEX
8
TRACED_VECTOR
10
97.5866
20
-1078.5601
30
0.0
0
VERTEX
8
TRACED_VECTOR
10
105.5613
20
-1078.2024
30
0.0
0
SEQEND
0
POLYLINE
8
TRACED_VECTOR
66
1
70
0
0
VERTEX
8
TRACED_VECTOR
10
577.8816
20
-1053.0186
30
0.0
0
VERTEX
8
TRACED_VECTOR
10
585.0831
20
-1057.6897
30
0.0
0
SEQEND
0
POLYLINE
8
TRACED_VECTOR
66
1
70
0
0
VERTEX
8
TRACED_VECTOR
10
95.8454
20
-1073.1446
30
0.0
0
VERTEX
8
TRACED_VECTOR
10
96.0243
20
-1077.1320
30
0.0
0
SEQEND
0
POLYLINE
8
TRACED_VECTOR
66
1
70
0
0
VERTEX
8
TRACED_VECTOR
10
579.6294
20
-1047.4465
30
0.0
0
VERTEX
8
TRACED_VECTOR
10
577.7475
20
-1050.0281
30
0.0
0
SEQEND
0
POLYLINE
8
TRACED_VECTOR
66
1
70
0
0
VERTEX
8
TRACED_VECTOR
10
976.3468
20
-1029.1502
30
0.0
0
VERTEX
8
TRACED_VECTOR
10
935.5559
20
-1088.4134
30
0.0
0
SEQEND
0
POLYLINE
8
TRACED_VECTOR
66
1
70
0
0
VERTEX
8
TRACED_VECTOR
10
1213.0502
20
-1017.5328
30
0.0
0
VERTEX
8
TRACED_VECTOR
10
1147.6644
20
-1062.9167
30
0.0
0
SEQEND
0
POLYLINE
8
TRACED_VECTOR
66
1
70
0
0
VERTEX
8
TRACED_VECTOR
10
1215.9959
20
-1016.4018
30
0.0
0
VERTEX
8
TRACED_VECTOR
10
1285.9178
20
-1038.7355
30
0.0
0
SEQEND
0
POLYLINE
8
TRACED_VECTOR
66
1
70
0
0
VERTEX
8
TRACED_VECTOR
10
987.7210
20
-1026.6423
30
0.0
0
VERTEX
8
TRACED_VECTOR
10
1042.3643
20
-1064.6440
30
0.0
0
SEQEND
0
POLYLINE
8
TRACED_VECTOR
66
1
70
0
0
VERTEX
8
TRACED_VECTOR
10
985.7050
20
-1026.2333
30
0.0
0
VERTEX
8
TRACED_VECTOR
10
982.3055
20
-1028.3835
30
0.0
0
VERTEX
8
TRACED_VECTOR
10
978.7719
20
-1027.5432
30
0.0
0
SEQEND
0
POLYLINE
8
TRACED_VECTOR
66
1
70
0
0
VERTEX
8
TRACED_VECTOR
10
976.4204
20
-1019.6580
30
0.0
0
VERTEX
8
TRACED_VECTOR
10
976.7111
20
-1026.1374
30
0.0
0
SEQEND
0
POLYLINE
8
TRACED_VECTOR
66
1
70
0
0
VERTEX
8
TRACED_VECTOR
10
979.2991
20
-1017.0317
30
0.0
0
VERTEX
8
TRACED_VECTOR
10
977.8263
20
-1017.5972
30
0.0
0
VERTEX
8
TRACED_VECTOR
10
983.8073
20
-1017.3289
30
0.0
0
VERTEX
8
TRACED_VECTOR
10
986.4111
20
-1019.7092
30
0.0
0
VERTEX
8
TRACED_VECTOR
10
987.0661
20
-1023.1757
30
0.0
0
SEQEND
0
POLYLINE
8
TRACED_VECTOR
66
1
70
0
0
VERTEX
8
TRACED_VECTOR
10
798.8052
20
-1023.6305
30
0.0
0
VERTEX
8
TRACED_VECTOR
10
747.1990
20
-1097.8620
30
0.0
0
SEQEND
0
POLYLINE
8
TRACED_VECTOR
66
1
70
0
0
VERTEX
8
TRACED_VECTOR
10
800.7765
20
-1023.0426
30
0.0
0
VERTEX
8
TRACED_VECTOR
10
804.8980
20
-1025.8543
30
0.0
0
SEQEND
0
POLYLINE
8
TRACED_VECTOR
66
1
70
0
0
VERTEX
8
TRACED_VECTOR
10
504.5827
20
-1033.3335
30
0.0
0
VERTEX
8
TRACED_VECTOR
10
468.5840
20
-1110.3608
30
0.0
0
SEQEND
0
POLYLINE
8
TRACED_VECTOR
66
1
70
0
0
VERTEX
8
TRACED_VECTOR
10
804.5626
20
-1018.3780
30
0.0
0
VERTEX
8
TRACED_VECTOR
10
863.3721
20
-1060.1882
30
0.0
0
SEQEND
0
POLYLINE
8
TRACED_VECTOR
66
1
70
0
0
VERTEX
8
TRACED_VECTOR
10
502.4996
20
-1031.4292
30
0.0
0
VERTEX
8
TRACED_VECTOR
10
499.1224
20
-1034.0778
30
0.0
0
VERTEX
8
TRACED_VECTOR
10
497.1288
20
-1034.1673
30
0.0
0
VERTEX
8
TRACED_VECTOR
10
495.5664
20
-1032.7391
30
0.0
0
VERTEX
8
TRACED_VECTOR
10
496.6080
20
-1033.6912
30
0.0
0
SEQEND
0
POLYLINE
8
TRACED_VECTOR
66
1
70
0
0
VERTEX
8
TRACED_VECTOR
10
806.8981
20
-1014.7773
30
0.0
0
VERTEX
8
TRACED_VECTOR
10
810.0004
20
-1017.1352
30
0.0
0
SEQEND
0
POLYLINE
8
TRACED_VECTOR
66
1
70
0
0
VERTEX
8
TRACED_VECTOR
10
-223.9174
20
-1059.0224
30
0.0
0
VERTEX
8
TRACED_VECTOR
10
-220.1116
20
-1288.5848
30
0.0
0
SEQEND
0
POLYLINE
8
TRACED_VECTOR
66
1
70
0
0
VERTEX
8
TRACED_VECTOR
10
801.7351
20
-1011.0135
30
0.0
0
VERTEX
8
TRACED_VECTOR
10
804.3166
20
-1012.8954
30
0.0
0
SEQEND
0
POLYLINE
8
TRACED_VECTOR
66
1
70
0
0
VERTEX
8
TRACED_VECTOR
10
189.1807
20
-1038.4930
30
0.0
0
VERTEX
8
TRACED_VECTOR
10
189.8385
20
-1075.4205
30
0.0
0
SEQEND
0
POLYLINE
8
TRACED_VECTOR
66
1
70
0
0
VERTEX
8
TRACED_VECTOR
10
1074.8005
20
-997.2655
30
0.0
0
VERTEX
8
TRACED_VECTOR
10
1080.4172
20
-1000.0100
30
0.0
0
SEQEND
0
POLYLINE
8
TRACED_VECTOR
66
1
70
0
0
VERTEX
8
TRACED_VECTOR
10
1071.3116
20
-997.4220
30
0.0
0
VERTEX
8
TRACED_VECTOR
10
1071.1038
20
-1003.9238
30
0.0
0
VERTEX
8
TRACED_VECTOR
10
1073.3881
20
-1010.3138
30
0.0
0
VERTEX
8
TRACED_VECTOR
10
1076.6022
20
-1015.1638
30
0.0
0
VERTEX
8
TRACED_VECTOR
10
1082.3308
20
-1020.4004
30
0.0
0
VERTEX
8
TRACED_VECTOR
10
1144.7186
20
-1064.0477
30
0.0
0
SEQEND
0
POLYLINE
8
TRACED_VECTOR
66
1
70
0
0
VERTEX
8
TRACED_VECTOR
10
95.3666
20
-1040.2044
30
0.0
0
VERTEX
8
TRACED_VECTOR
10
95.5454
20
-1044.1917
30
0.0
0
SEQEND
0
POLYLINE
8
TRACED_VECTOR
66
1
70
0
0
VERTEX
8
TRACED_VECTOR
10
96.2740
20
-1038.1660
30
0.0
0
VERTEX
8
TRACED_VECTOR
10
187.6184
20
-1037.0648
30
0.0
0
SEQEND
0
POLYLINE
8
TRACED_VECTOR
66
1
70
0
0
VERTEX
8
TRACED_VECTOR
10
91.2898
20
-1038.3896
30
0.0
0
VERTEX
8
TRACED_VECTOR
10
93.8042
20
-1038.7762
30
0.0
0
SEQEND
0
POLYLINE
8
TRACED_VECTOR
66
1
70
0
0
VERTEX
8
TRACED_VECTOR
10
624.5288
20
-1012.9700
30
0.0
0
VERTEX
8
TRACED_VECTOR
10
681.7983
20
-1053.8504
30
0.0
0
SEQEND
0
POLYLINE
8
TRACED_VECTOR
66
1
70
0
0
VERTEX
8
TRACED_VECTOR
10
1067.1006
20
-992.6167
30
0.0
0
VERTEX
8
TRACED_VECTOR
10
1069.6598
20
-994.0001
30
0.0
0
SEQEND
0
POLYLINE
8
TRACED_VECTOR
66
1
70
0
0
VERTEX
8
TRACED_VECTOR
10
1556.0252
20
-970.1839
30
0.0
0
VERTEX
8
TRACED_VECTOR
10
1556.6094
20
-1016.6038
30
0.0
0
SEQEND
0
POLYLINE
8
TRACED_VECTOR
66
1
70
0
0
VERTEX
8
TRACED_VECTOR
10
1559.4694
20
-969.0306
30
0.0
0
VERTEX
8
TRACED_VECTOR
10
1563.5909
20
-971.8422
30
0.0
0
SEQEND
0
POLYLINE
8
TRACED_VECTOR
66
1
70
0
0
VERTEX
8
TRACED_VECTOR
10
512.2955
20
-1016.0072
30
0.0
0
VERTEX
8
TRACED_VECTOR
10
505.4901
20
-1031.2951
30
0.0
0
SEQEND
0
POLYLINE
8
TRACED_VECTOR
66
1
70
0
0
VERTEX
8
TRACED_VECTOR
10
1074.3309
20
-986.7987
30
0.0
0
VERTEX
8
TRACED_VECTOR
10
1071.6087
20
-992.9139
30
0.0
0
SEQEND
0
POLYLINE
8
TRACED_VECTOR
66
1
70
0
0
VERTEX
8
TRACED_VECTOR
10
612.1643
20
-1004.5352
30
0.0
0
VERTEX
8
TRACED_VECTOR
10
621.9696
20
-1011.5866
30
0.0
0
SEQEND
0
POLYLINE
8
TRACED_VECTOR
66
1
70
0
0
VERTEX
8
TRACED_VECTOR
10
919.2627
20
-981.2696
30
0.0
0
VERTEX
8
TRACED_VECTOR
10
868.1550
20
-1055.4788
30
0.0
0
SEQEND
0
POLYLINE
8
TRACED_VECTOR
66
1
70
0
0
VERTEX
8
TRACED_VECTOR
10
752.7915
20
-988.7376
30
0.0
0
VERTEX
8
TRACED_VECTOR
10
763.0952
20
-995.7667
30
0.0
0
SEQEND
0
POLYLINE
8
TRACED_VECTOR
66
1
70
0
0
VERTEX
8
TRACED_VECTOR
10
727.3722
20
-989.8779
30
0.0
0
VERTEX
8
TRACED_VECTOR
10
683.7473
20
-1052.7642
30
0.0
0
SEQEND
0
POLYLINE
8
TRACED_VECTOR
66
1
70
0
0
VERTEX
8
TRACED_VECTOR
10
921.6877
20
-979.6626
30
0.0
0
VERTEX
8
TRACED_VECTOR
10
974.8134
20
-1017.2329
30
0.0
0
SEQEND
0
POLYLINE
8
TRACED_VECTOR
66
1
70
0
0
VERTEX
8
TRACED_VECTOR
10
757.1207
20
-985.0474
30
0.0
0
VERTEX
8
TRACED_VECTOR
10
802.0034
20
-1016.9945
30
0.0
0
SEQEND
0
POLYLINE
8
TRACED_VECTOR
66
1
70
0
0
VERTEX
8
TRACED_VECTOR
10
763.5554
20
-983.7599
30
0.0
0
VERTEX
8
TRACED_VECTOR
10
766.6577
20
-986.1179
30
0.0
0
SEQEND
0
POLYLINE
8
TRACED_VECTOR
66
1
70
0
0
VERTEX
8
TRACED_VECTOR
10
647.2901
20
-985.9791
30
0.0
0
VERTEX
8
TRACED_VECTOR
10
648.3093
20
-986.4328
30
0.0
0
VERTEX
8
TRACED_VECTOR
10
648.4882
20
-990.4202
30
0.0
0
VERTEX
8
TRACED_VECTOR
10
647.5361
20
-991.4617
30
0.0
0
VERTEX
8
TRACED_VECTOR
10
645.4082
20
-988.5606
30
0.0
0
SEQEND
0
POLYLINE
8
TRACED_VECTOR
66
1
70
0
0
VERTEX
8
TRACED_VECTOR
10
642.7149
20
-984.1867
30
0.0
0
VERTEX
8
TRACED_VECTOR
10
624.4170
20
-1010.4780
30
0.0
0
SEQEND
0
POLYLINE
8
TRACED_VECTOR
66
1
70
0
0
VERTEX
8
TRACED_VECTOR
10
770.2426
20
-976.9675
30
0.0
0
VERTEX
8
TRACED_VECTOR
10
767.2968
20
-978.0985
30
0.0
0
VERTEX
8
TRACED_VECTOR
10
773.2554
20
-977.3318
30
0.0
0
VERTEX
8
TRACED_VECTOR
10
777.3769
20
-980.1434
30
0.0
0
SEQEND
0
POLYLINE
8
TRACED_VECTOR
66
1
70
0
0
VERTEX
8
TRACED_VECTOR
10
646.4563
20
-978.5252
30
0.0
0
VERTEX
8
TRACED_VECTOR
10
644.5744
20
-981.1068
30
0.0
0
SEQEND
0
POLYLINE
8
TRACED_VECTOR
66
1
70
0
0
VERTEX
8
TRACED_VECTOR
10
431.1179
20
-987.6860
30
0.0
0
VERTEX
8
TRACED_VECTOR
10
408.3333
20
-1092.0880
30
0.0
0
SEQEND
0
POLYLINE
8
TRACED_VECTOR
66
1
70
0
0
VERTEX
8
TRACED_VECTOR
10
649.9005
20
-977.3719
30
0.0
0
VERTEX
8
TRACED_VECTOR
10
651.5299
20
-980.2953
30
0.0
0
VERTEX
8
TRACED_VECTOR
10
649.1049
20
-981.9024
30
0.0
0
VERTEX
8
TRACED_VECTOR
10
648.4947
20
-979.4326
30
0.0
0
SEQEND
0
POLYLINE
8
TRACED_VECTOR
66
1
70
0
0
VERTEX
8
TRACED_VECTOR
10
1192.4306
20
-947.5402
30
0.0
0
VERTEX
8
TRACED_VECTOR
10
1214.4336
20
-1014.9736
30
0.0
0
SEQEND
0
POLYLINE
8
TRACED_VECTOR
66
1
70
0
0
VERTEX
8
TRACED_VECTOR
10
1168.5066
20
-948.6134
30
0.0
0
VERTEX
8
TRACED_VECTOR
10
1169.1168
20
-951.0831
30
0.0
0
SEQEND
0
POLYLINE
8
TRACED_VECTOR
66
1
70
0
0
VERTEX
8
TRACED_VECTOR
10
1464.0454
20
-934.8560
30
0.0
0
VERTEX
8
TRACED_VECTOR
10
1467.8465
20
-1019.5869
30
0.0
0
SEQEND
0
POLYLINE
8
TRACED_VECTOR
66
1
70
0
0
VERTEX
8
TRACED_VECTOR
10
1388.2860
20
-938.2546
30
0.0
0
VERTEX
8
TRACED_VECTOR
10
1393.5628
20
-1055.8810
30
0.0
0
SEQEND
0
POLYLINE
8
TRACED_VECTOR
66
1
70
0
0
VERTEX
8
TRACED_VECTOR
10
1313.0251
20
-941.6308
30
0.0
0
VERTEX
8
TRACED_VECTOR
10
1317.5416
20
-1042.3111
30
0.0
0
SEQEND
0
POLYLINE
8
TRACED_VECTOR
66
1
70
0
0
VERTEX
8
TRACED_VECTOR
10
1169.9347
20
-947.0511
30
0.0
0
VERTEX
8
TRACED_VECTOR
10
1185.8841
20
-946.3356
30
0.0
0
SEQEND
0
POLYLINE
8
TRACED_VECTOR
66
1
70
0
0
VERTEX
8
TRACED_VECTOR
10
1466.4704
20
-933.2490
30
0.0
0
VERTEX
8
TRACED_VECTOR
10
1514.8169
20
-931.0801
30
0.0
0
VERTEX
8
TRACED_VECTOR
10
1532.8046
20
-931.2720
30
0.0
0
VERTEX
8
TRACED_VECTOR
10
1538.3542
20
-932.5213
30
0.0
0
VERTEX
8
TRACED_VECTOR
10
1546.5525
20
-937.1478
30
0.0
0
VERTEX
8
TRACED_VECTOR
10
1553.4568
20
-946.3270
30
0.0
0
VERTEX
8
TRACED_VECTOR
10
1555.8529
20
-955.2091
30
0.0
0
VERTEX
8
TRACED_VECTOR
10
1555.8911
20
-967.1934
30
0.0
0
SEQEND
0
POLYLINE
8
TRACED_VECTOR
66
1
70
0
0
VERTEX
8
TRACED_VECTOR
10
1313.9548
20
-940.0909
30
0.0
0
VERTEX
8
TRACED_VECTOR
10
1386.7237
20
-936.8264
30
0.0
0
SEQEND
0
POLYLINE
8
TRACED_VECTOR
66
1
70
0
0
VERTEX
8
TRACED_VECTOR
10
1295.5134
20
-940.9182
30
0.0
0
VERTEX
8
TRACED_VECTOR
10
1198.8429
20
-945.7543
30
0.0
0
VERTEX
8
TRACED_VECTOR
10
1215.2907
20
-945.0164
30
0.0
0
SEQEND
0
POLYLINE
8
TRACED_VECTOR
66
1
70
0
0
VERTEX
8
TRACED_VECTOR
10
1460.9655
20
-932.9965
30
0.0
0
VERTEX
8
TRACED_VECTOR
10
1391.7079
20
-936.6028
30
0.0
0
VERTEX
8
TRACED_VECTOR
10
1393.7015
20
-936.5134
30
0.0
0
SEQEND
0
POLYLINE
8
TRACED_VECTOR
66
1
70
0
0
VERTEX
8
TRACED_VECTOR
10
560.2814
20
-972.4027
30
0.0
0
VERTEX
8
TRACED_VECTOR
10
589.4961
20
-989.0712
30
0.0
0
VERTEX
8
TRACED_VECTOR
10
608.5636
20
-1002.1996
30
0.0
0
SEQEND
0
POLYLINE
8
TRACED_VECTOR
66
1
70
0
0
VERTEX
8
TRACED_VECTOR
10
724.6919
20
-963.5289
30
0.0
0
VERTEX
8
TRACED_VECTOR
10
723.3085
20
-966.0881
30
0.0
0
SEQEND
0
POLYLINE
8
TRACED_VECTOR
66
1
70
0
0
VERTEX
8
TRACED_VECTOR
10
1465.2724
20
-928.8079
30
0.0
0
VERTEX
8
TRACED_VECTOR
10
1464.9081
20
-931.8208
30
0.0
0
SEQEND
0
POLYLINE
8
TRACED_VECTOR
66
1
70
0
0
VERTEX
8
TRACED_VECTOR
10
713.1165
20
-961.5511
30
0.0
0
VERTEX
8
TRACED_VECTOR
10
720.8164
20
-966.1999
30
0.0
0
SEQEND
0
POLYLINE
8
TRACED_VECTOR
66
1
70
0
0
VERTEX
8
TRACED_VECTOR
10
343.2465
20
-977.1447
30
0.0
0
VERTEX
8
TRACED_VECTOR
10
341.5361
20
-1072.6107
30
0.0
0
SEQEND
0
POLYLINE
8
TRACED_VECTOR
66
1
70
0
0
VERTEX
8
TRACED_VECTOR
10
1392.3917
20
-929.5803
30
0.0
0
VERTEX
8
TRACED_VECTOR
10
1390.1456
20
-935.1747
30
0.0
0
SEQEND
0
POLYLINE
8
TRACED_VECTOR
66
1
70
0
0
VERTEX
8
TRACED_VECTOR
10
327.2301
20
-976.3650
30
0.0
0
VERTEX
8
TRACED_VECTOR
10
327.8626
20
-979.3331
30
0.0
0
SEQEND
0
POLYLINE
8
TRACED_VECTOR
66
1
70
0
0
VERTEX
8
TRACED_VECTOR
10
328.6806
20
-975.3011
30
0.0
0
VERTEX
8
TRACED_VECTOR
10
342.1602
20
-975.1958
30
0.0
0
SEQEND
0
POLYLINE
8
TRACED_VECTOR
66
1
70
0
0
VERTEX
8
TRACED_VECTOR
10
272.2477
20
-975.3356
30
0.0
0
VERTEX
8
TRACED_VECTOR
10
263.8417
20
-977.2109
30
0.0
0
VERTEX
8
TRACED_VECTOR
10
256.0682
20
-982.0544
30
0.0
0
VERTEX
8
TRACED_VECTOR
10
250.8763
20
-988.7798
30
0.0
0
VERTEX
8
TRACED_VECTOR
10
248.1989
20
-995.8918
30
0.0
0
VERTEX
8
TRACED_VECTOR
10
249.2395
20
-1074.7534
30
0.0
0
VERTEX
8
TRACED_VECTOR
10
248.3423
20
-1021.3558
30
0.0
0
SEQEND
0
POLYLINE
8
TRACED_VECTOR
66
1
70
0
0
VERTEX
8
TRACED_VECTOR
10
327.9139
20
-969.3424
30
0.0
0
VERTEX
8
TRACED_VECTOR
10
327.0959
20
-973.3745
30
0.0
0
SEQEND
0
POLYLINE
8
TRACED_VECTOR
66
1
70
0
0
VERTEX
8
TRACED_VECTOR
10
717.6535
20
-951.3591
30
0.0
0
VERTEX
8
TRACED_VECTOR
10
726.9604
20
-958.4329
30
0.0
0
SEQEND
0
POLYLINE
8
TRACED_VECTOR
66
1
70
0
0
VERTEX
8
TRACED_VECTOR
10
566.1124
20
-957.6579
30
0.0
0
VERTEX
8
TRACED_VECTOR
10
559.6936
20
-970.4314
30
0.0
0
SEQEND
0
POLYLINE
8
TRACED_VECTOR
66
1
70
0
0
VERTEX
8
TRACED_VECTOR
10
578.8700
20
-952.5908
30
0.0
0
VERTEX
8
TRACED_VECTOR
10
574.4961
20
-955.2841
30
0.0
0
SEQEND
0
POLYLINE
8
TRACED_VECTOR
66
1
70
0
0
VERTEX
8
TRACED_VECTOR
10
858.3925
20
-938.0537
30
0.0
0
VERTEX
8
TRACED_VECTOR
10
806.2879
20
-1012.3076
30
0.0
0
SEQEND
0
POLYLINE
8
TRACED_VECTOR
66
1
70
0
0
VERTEX
8
TRACED_VECTOR
10
860.3414
20
-936.9674
30
0.0
0
VERTEX
8
TRACED_VECTOR
10
919.6270
20
-978.2568
30
0.0
0
SEQEND
0
POLYLINE
8
TRACED_VECTOR
66
1
70
0
0
VERTEX
8
TRACED_VECTOR
10
-225.3000
20
-983.6720
30
0.0
0
VERTEX
8
TRACED_VECTOR
10
-224.7541
20
-1018.1075
30
0.0
0
SEQEND
0
POLYLINE
8
TRACED_VECTOR
66
1
70
0
0
VERTEX
8
TRACED_VECTOR
10
187.3668
20
-964.6602
30
0.0
0
VERTEX
8
TRACED_VECTOR
10
189.0466
20
-1035.5024
30
0.0
0
SEQEND
0
POLYLINE
8
TRACED_VECTOR
66
1
70
0
0
VERTEX
8
TRACED_VECTOR
10
-226.8400
20
-982.7422
30
0.0
0
VERTEX
8
TRACED_VECTOR
10
-229.2203
20
-985.3461
30
0.0
0
VERTEX
8
TRACED_VECTOR
10
-230.0829
20
-988.3813
30
0.0
0
SEQEND
0
POLYLINE
8
TRACED_VECTOR
66
1
70
0
0
VERTEX
8
TRACED_VECTOR
10
-223.8718
20
-982.1096
30
0.0
0
VERTEX
8
TRACED_VECTOR
10
-220.1370
20
-987.4357
30
0.0
0
SEQEND
0
POLYLINE
8
TRACED_VECTOR
66
1
70
0
0
VERTEX
8
TRACED_VECTOR
10
93.5527
20
-966.3716
30
0.0
0
VERTEX
8
TRACED_VECTOR
10
93.7762
20
-971.3558
30
0.0
0
SEQEND
0
POLYLINE
8
TRACED_VECTOR
66
1
70
0
0
VERTEX
8
TRACED_VECTOR
10
88.5461
20
-966.0968
30
0.0
0
VERTEX
8
TRACED_VECTOR
10
89.7498
20
-1037.4598
30
0.0
0
SEQEND
0
POLYLINE
8
TRACED_VECTOR
66
1
70
0
0
VERTEX
8
TRACED_VECTOR
10
94.9808
20
-964.8093
30
0.0
0
VERTEX
8
TRACED_VECTOR
10
185.8045
20
-963.2320
30
0.0
0
SEQEND
0
POLYLINE
8
TRACED_VECTOR
66
1
70
0
0
VERTEX
8
TRACED_VECTOR
10
675.5471
20
-936.7672
30
0.0
0
VERTEX
8
TRACED_VECTOR
10
648.8366
20
-975.9214
30
0.0
0
SEQEND
0
POLYLINE
8
TRACED_VECTOR
66
1
70
0
0
VERTEX
8
TRACED_VECTOR
10
93.7380
20
-959.3714
30
0.0
0
VERTEX
8
TRACED_VECTOR
10
93.4185
20
-963.3811
30
0.0
0
SEQEND
0
POLYLINE
8
TRACED_VECTOR
66
1
70
0
0
VERTEX
8
TRACED_VECTOR
10
681.3268
20
-932.0131
30
0.0
0
VERTEX
8
TRACED_VECTOR
10
724.1264
20
-962.0560
30
0.0
0
SEQEND
0
POLYLINE
8
TRACED_VECTOR
66
1
70
0
0
VERTEX
8
TRACED_VECTOR
10
672.3553
20
-932.4156
30
0.0
0
VERTEX
8
TRACED_VECTOR
10
674.9369
20
-934.2975
30
0.0
0
SEQEND
0
POLYLINE
8
TRACED_VECTOR
66
1
70
0
0
VERTEX
8
TRACED_VECTOR
10
683.6177
20
-927.4156
30
0.0
0
VERTEX
8
TRACED_VECTOR
10
689.3015
20
-931.6554
30
0.0
0
SEQEND
0
POLYLINE
8
TRACED_VECTOR
66
1
70
0
0
VERTEX
8
TRACED_VECTOR
10
677.4578
20
-923.6966
30
0.0
0
VERTEX
8
TRACED_VECTOR
10
681.0362
20
-925.5337
30
0.0
0
SEQEND
0
POLYLINE
8
TRACED_VECTOR
66
1
70
0
0
VERTEX
8
TRACED_VECTOR
10
500.8617
20
-928.1228
30
0.0
0
VERTEX
8
TRACED_VECTOR
10
495.9828
20
-941.8260
30
0.0
0
SEQEND
0
POLYLINE
8
TRACED_VECTOR
66
1
70
0
0
VERTEX
8
TRACED_VECTOR
10
506.6862
20
-924.3656
30
0.0
0
VERTEX
8
TRACED_VECTOR
10
503.3091
20
-927.0142
30
0.0
0
SEQEND
0
POLYLINE
8
TRACED_VECTOR
66
1
70
0
0
VERTEX
8
TRACED_VECTOR
10
514.0954
20
-922.5349
30
0.0
0
VERTEX
8
TRACED_VECTOR
10
509.7438
20
-925.7267
30
0.0
0
SEQEND
0
POLYLINE
8
TRACED_VECTOR
66
1
70
0
0
VERTEX
8
TRACED_VECTOR
10
503.5168
20
-920.5124
30
0.0
0
VERTEX
8
TRACED_VECTOR
10
501.7244
20
-925.0876
30
0.0
0
SEQEND
0
POLYLINE
8
TRACED_VECTOR
66
1
70
0
0
VERTEX
8
TRACED_VECTOR
10
1460.4549
20
-877.0844
30
0.0
0
VERTEX
8
TRACED_VECTOR
10
1463.5572
20
-879.4423
30
0.0
0
VERTEX
8
TRACED_VECTOR
10
1467.5222
20
-878.7650
30
0.0
0
SEQEND
0
POLYLINE
8
TRACED_VECTOR
66
1
70
0
0
VERTEX
8
TRACED_VECTOR
10
913.1932
20
-901.6347
30
0.0
0
VERTEX
8
TRACED_VECTOR
10
994.6709
20
-958.9088
30
0.0
0
VERTEX
8
TRACED_VECTOR
10
1003.2781
20
-961.5192
30
0.0
0
VERTEX
8
TRACED_VECTOR
10
1011.2528
20
-961.1615
30
0.0
0
VERTEX
8
TRACED_VECTOR
10
1019.0933
20
-957.8132
30
0.0
0
VERTEX
8
TRACED_VECTOR
10
1025.8252
20
-952.0176
30
0.0
0
SEQEND
0
POLYLINE
8
TRACED_VECTOR
66
1
70
0
0
VERTEX
8
TRACED_VECTOR
10
1166.3442
20
-889.2794
30
0.0
0
VERTEX
8
TRACED_VECTOR
10
1165.9800
20
-892.2923
30
0.0
0
SEQEND
0
POLYLINE
8
TRACED_VECTOR
66
1
70
0
0
VERTEX
8
TRACED_VECTOR
10
501.4561
20
-919.1066
30
0.0
0
VERTEX
8
TRACED_VECTOR
10
497.6029
20
-922.2759
30
0.0
0
SEQEND
0
POLYLINE
8
TRACED_VECTOR
66
1
70
0
0
VERTEX
8
TRACED_VECTOR
10
1394.0537
20
-877.5661
30
0.0
0
VERTEX
8
TRACED_VECTOR
10
1392.0824
20
-878.1539
30
0.0
0
VERTEX
8
TRACED_VECTOR
10
1455.8574
20
-874.7935
30
0.0
0
SEQEND
0
POLYLINE
8
TRACED_VECTOR
66
1
70
0
0
VERTEX
8
TRACED_VECTOR
10
1324.2753
20
-880.6963
30
0.0
0
VERTEX
8
TRACED_VECTOR
10
1317.3198
20
-881.5078
30
0.0
0
VERTEX
8
TRACED_VECTOR
10
1382.5901
20
-878.0803
30
0.0
0
SEQEND
0
POLYLINE
8
TRACED_VECTOR
66
1
70
0
0
VERTEX
8
TRACED_VECTOR
10
1246.0239
20
-884.2067
30
0.0
0
VERTEX
8
TRACED_VECTOR
10
1314.3293
20
-881.6419
30
0.0
0
SEQEND
0
POLYLINE
8
TRACED_VECTOR
66
1
70
0
0
VERTEX
8
TRACED_VECTOR
10
1237.0523
20
-884.6092
30
0.0
0
VERTEX
8
TRACED_VECTOR
10
1239.5444
20
-884.4974
30
0.0
0
SEQEND
0
POLYLINE
8
TRACED_VECTOR
66
1
70
0
0
VERTEX
8
TRACED_VECTOR
10
1167.7724
20
-887.7171
30
0.0
0
VERTEX
8
TRACED_VECTOR
10
1234.0618
20
-884.7433
30
0.0
0
SEQEND
0
POLYLINE
8
TRACED_VECTOR
66
1
70
0
0
VERTEX
8
TRACED_VECTOR
10
915.8930
20
-895.0212
30
0.0
0
VERTEX
8
TRACED_VECTOR
10
913.0814
20
-899.1426
30
0.0
0
SEQEND
0
POLYLINE
8
TRACED_VECTOR
66
1
70
0
0
VERTEX
8
TRACED_VECTOR
10
1466.5989
20
-869.3175
30
0.0
0
VERTEX
8
TRACED_VECTOR
10
1469.1581
20
-870.7009
30
0.0
0
VERTEX
8
TRACED_VECTOR
10
1469.7460
20
-872.6722
30
0.0
0
SEQEND
0
POLYLINE
8
TRACED_VECTOR
66
1
70
0
0
VERTEX
8
TRACED_VECTOR
10
1463.5861
20
-868.9532
30
0.0
0
VERTEX
8
TRACED_VECTOR
10
1460.6850
20
-871.0810
30
0.0
0
VERTEX
8
TRACED_VECTOR
10
1459.8000
20
-873.6178
30
0.0
0
SEQEND
0
POLYLINE
8
TRACED_VECTOR
66
1
70
0
0
VERTEX
8
TRACED_VECTOR
10
1240.7714
20
-878.4493
30
0.0
0
VERTEX
8
TRACED_VECTOR
10
1240.9726
20
-882.9351
30
0.0
0
SEQEND
0
POLYLINE
8
TRACED_VECTOR
66
1
70
0
0
VERTEX
8
TRACED_VECTOR
10
1235.2664
20
-878.1969
30
0.0
0
VERTEX
8
TRACED_VECTOR
10
1235.4900
20
-883.1810
30
0.0
0
SEQEND
0
POLYLINE
8
TRACED_VECTOR
66
1
70
0
0
VERTEX
8
TRACED_VECTOR
10
908.2826
20
-892.3660
30
0.0
0
VERTEX
8
TRACED_VECTOR
10
906.8991
20
-894.9252
30
0.0
0
SEQEND
0
POLYLINE
8
TRACED_VECTOR
66
1
70
0
0
VERTEX
8
TRACED_VECTOR
10
327.1061
20
-917.9384
30
0.0
0
VERTEX
8
TRACED_VECTOR
10
326.9431
20
-925.4370
30
0.0
0
SEQEND
0
POLYLINE
8
TRACED_VECTOR
66
1
70
0
0
VERTEX
8
TRACED_VECTOR
10
1236.6946
20
-876.6345
30
0.0
0
VERTEX
8
TRACED_VECTOR
10
1239.2314
20
-877.5196
30
0.0
0
SEQEND
0
POLYLINE
8
TRACED_VECTOR
66
1
70
0
0
VERTEX
8
TRACED_VECTOR
10
328.5343
20
-916.3761
30
0.0
0
VERTEX
8
TRACED_VECTOR
10
337.0298
20
-916.4944
30
0.0
0
SEQEND
0
POLYLINE
8
TRACED_VECTOR
66
1
70
0
0
VERTEX
8
TRACED_VECTOR
10
794.9631
20
-893.4542
30
0.0
0
VERTEX
8
TRACED_VECTOR
10
751.3381
20
-956.3405
30
0.0
0
SEQEND
0
POLYLINE
8
TRACED_VECTOR
66
1
70
0
0
VERTEX
8
TRACED_VECTOR
10
1094.4669
20
-879.0195
30
0.0
0
VERTEX
8
TRACED_VECTOR
10
1096.2687
20
-896.9178
30
0.0
0
SEQEND
0
POLYLINE
8
TRACED_VECTOR
66
1
70
0
0
VERTEX
8
TRACED_VECTOR
10
797.4104
20
-892.3456
30
0.0
0
VERTEX
8
TRACED_VECTOR
10
858.2583
20
-935.0632
30
0.0
0
SEQEND
0
POLYLINE
8
TRACED_VECTOR
66
1
70
0
0
VERTEX
8
TRACED_VECTOR
10
1243.9473
20
-871.3150
30
0.0
0
VERTEX
8
TRACED_VECTOR
10
1244.4615
20
-882.7786
30
0.0
0
SEQEND
0
POLYLINE
8
TRACED_VECTOR
66
1
70
0
0
VERTEX
8
TRACED_VECTOR
10
337.8030
20
-911.4655
30
0.0
0
VERTEX
8
TRACED_VECTOR
10
338.4579
20
-914.9321
30
0.0
0
SEQEND
0
POLYLINE
8
TRACED_VECTOR
66
1
70
0
0
VERTEX
8
TRACED_VECTOR
10
1225.1928
20
-865.1644
30
0.0
0
VERTEX
8
TRACED_VECTOR
10
1225.9148
20
-870.1262
30
0.0
0
VERTEX
8
TRACED_VECTOR
10
1232.1194
20
-874.8421
30
0.0
0
SEQEND
0
POLYLINE
8
TRACED_VECTOR
66
1
70
0
0
VERTEX
8
TRACED_VECTOR
10
619.9582
20
-888.8195
30
0.0
0
VERTEX
8
TRACED_VECTOR
10
678.2469
20
-930.1536
30
0.0
0
SEQEND
0
POLYLINE
8
TRACED_VECTOR
66
1
70
0
0
VERTEX
8
TRACED_VECTOR
10
1158.6574
20
-862.6556
30
0.0
0
VERTEX
8
TRACED_VECTOR
10
1157.7724
20
-865.1924
30
0.0
0
VERTEX
8
TRACED_VECTOR
10
1160.7629
20
-865.0582
30
0.0
0
SEQEND
0
POLYLINE
8
TRACED_VECTOR
66
1
70
0
0
VERTEX
8
TRACED_VECTOR
10
331.7614
20
-899.2510
30
0.0
0
VERTEX
8
TRACED_VECTOR
10
330.3109
20
-900.3149
30
0.0
0
VERTEX
8
TRACED_VECTOR
10
328.1095
20
-906.9062
30
0.0
0
VERTEX
8
TRACED_VECTOR
10
325.2084
20
-909.0340
30
0.0
0
VERTEX
8
TRACED_VECTOR
10
320.6109
20
-906.7431
30
0.0
0
VERTEX
8
TRACED_VECTOR
10
319.9559
20
-903.2766
30
0.0
0
VERTEX
8
TRACED_VECTOR
10
320.0677
20
-905.7687
30
0.0
0
VERTEX
8
TRACED_VECTOR
10
322.1732
20
-908.1713
30
0.0
0
VERTEX
8
TRACED_VECTOR
10
325.2084
20
-909.0340
30
0.0
0
VERTEX
8
TRACED_VECTOR
10
327.6334
20
-907.4269
30
0.0
0
SEQEND
0
POLYLINE
8
TRACED_VECTOR
66
1
70
0
0
VERTEX
8
TRACED_VECTOR
10
623.2906
20
-885.1741
30
0.0
0
VERTEX
8
TRACED_VECTOR
10
627.3897
20
-887.4873
30
0.0
0
SEQEND
0
POLYLINE
8
TRACED_VECTOR
66
1
70
0
0
VERTEX
8
TRACED_VECTOR
10
603.8523
20
-886.0461
30
0.0
0
VERTEX
8
TRACED_VECTOR
10
567.9719
20
-954.5780
30
0.0
0
SEQEND
0
POLYLINE
8
TRACED_VECTOR
66
1
70
0
0
VERTEX
8
TRACED_VECTOR
10
605.8236
20
-885.4582
30
0.0
0
VERTEX
8
TRACED_VECTOR
10
613.0474
20
-890.6278
30
0.0
0
SEQEND
0
POLYLINE
8
TRACED_VECTOR
66
1
70
0
0
VERTEX
8
TRACED_VECTOR
10
1164.5043
20
-859.3968
30
0.0
0
VERTEX
8
TRACED_VECTOR
10
1165.7117
20
-886.3113
30
0.0
0
SEQEND
0
POLYLINE
8
TRACED_VECTOR
66
1
70
0
0
VERTEX
8
TRACED_VECTOR
10
517.0607
20
-888.4413
30
0.0
0
VERTEX
8
TRACED_VECTOR
10
518.2141
20
-891.8855
30
0.0
0
SEQEND
0
POLYLINE
8
TRACED_VECTOR
66
1
70
0
0
VERTEX
8
TRACED_VECTOR
10
514.5463
20
-888.0547
30
0.0
0
VERTEX
8
TRACED_VECTOR
10
504.4019
20
-917.9756
30
0.0
0
SEQEND
0
POLYLINE
8
TRACED_VECTOR
66
1
70
0
0
VERTEX
8
TRACED_VECTOR
10
517.9905
20
-886.9014
30
0.0
0
VERTEX
8
TRACED_VECTOR
10
519.5081
20
-887.3327
30
0.0
0
VERTEX
8
TRACED_VECTOR
10
520.6391
20
-890.2785
30
0.0
0
SEQEND
0
POLYLINE
8
TRACED_VECTOR
66
1
70
0
0
VERTEX
8
TRACED_VECTOR
10
606.1432
20
-881.4485
30
0.0
0
VERTEX
8
TRACED_VECTOR
10
605.2581
20
-883.9853
30
0.0
0
SEQEND
0
POLYLINE
8
TRACED_VECTOR
66
1
70
0
0
VERTEX
8
TRACED_VECTOR
10
608.0921
20
-880.3623
30
0.0
0
VERTEX
8
TRACED_VECTOR
10
617.8974
20
-887.4137
30
0.0
0
SEQEND
0
POLYLINE
8
TRACED_VECTOR
66
1
70
0
0
VERTEX
8
TRACED_VECTOR
10
186.0066
20
-889.8082
30
0.0
0
VERTEX
8
TRACED_VECTOR
10
187.7311
20
-961.6473
30
0.0
0
SEQEND
0
POLYLINE
8
TRACED_VECTOR
66
1
70
0
0
VERTEX
8
TRACED_VECTOR
10
86.6875
20
-891.2672
30
0.0
0
VERTEX
8
TRACED_VECTOR
10
88.4567
20
-964.1031
30
0.0
0
SEQEND
0
POLYLINE
8
TRACED_VECTOR
66
1
70
0
0
VERTEX
8
TRACED_VECTOR
10
93.1222
20
-889.9797
30
0.0
0
VERTEX
8
TRACED_VECTOR
10
184.4443
20
-888.3800
30
0.0
0
SEQEND
0
POLYLINE
8
TRACED_VECTOR
66
1
70
0
0
VERTEX
8
TRACED_VECTOR
10
734.6583
20
-851.7112
30
0.0
0
VERTEX
8
TRACED_VECTOR
10
683.5283
20
-925.4219
30
0.0
0
SEQEND
0
POLYLINE
8
TRACED_VECTOR
66
1
70
0
0
VERTEX
8
TRACED_VECTOR
10
737.0833
20
-850.1041
30
0.0
0
VERTEX
8
TRACED_VECTOR
10
794.8289
20
-890.4637
30
0.0
0
SEQEND
0
POLYLINE
8
TRACED_VECTOR
66
1
70
0
0
VERTEX
8
TRACED_VECTOR
10
829.6547
20
-842.9548
30
0.0
0
VERTEX
8
TRACED_VECTOR
10
904.9502
20
-896.0115
30
0.0
0
SEQEND
0
POLYLINE
8
TRACED_VECTOR
66
1
70
0
0
VERTEX
8
TRACED_VECTOR
10
832.8753
20
-836.8173
30
0.0
0
VERTEX
8
TRACED_VECTOR
10
830.0414
20
-840.4404
30
0.0
0
SEQEND
0
POLYLINE
8
TRACED_VECTOR
66
1
70
0
0
VERTEX
8
TRACED_VECTOR
10
559.5864
20
-845.5812
30
0.0
0
VERTEX
8
TRACED_VECTOR
10
603.9706
20
-877.5506
30
0.0
0
SEQEND
0
POLYLINE
8
TRACED_VECTOR
66
1
70
0
0
VERTEX
8
TRACED_VECTOR
10
529.5696
20
-844.4307
30
0.0
0
VERTEX
8
TRACED_VECTOR
10
515.4090
20
-885.0195
30
0.0
0
SEQEND
0
POLYLINE
8
TRACED_VECTOR
66
1
70
0
0
VERTEX
8
TRACED_VECTOR
10
822.6163
20
-830.7850
30
0.0
0
VERTEX
8
TRACED_VECTOR
10
824.2905
20
-834.7053
30
0.0
0
SEQEND
0
POLYLINE
8
TRACED_VECTOR
66
1
70
0
0
VERTEX
8
TRACED_VECTOR
10
561.8996
20
-841.4821
30
0.0
0
VERTEX
8
TRACED_VECTOR
10
568.6026
20
-846.1756
30
0.0
0
SEQEND
0
POLYLINE
8
TRACED_VECTOR
66
1
70
0
0
VERTEX
8
TRACED_VECTOR
10
523.9305
20
-841.1877
30
0.0
0
VERTEX
8
TRACED_VECTOR
10
528.4833
20
-842.4817
30
0.0
0
SEQEND
0
POLYLINE
8
TRACED_VECTOR
66
1
70
0
0
VERTEX
8
TRACED_VECTOR
10
532.8125
20
-838.7916
30
0.0
0
VERTEX
8
TRACED_VECTOR
10
557.0496
20
-844.6961
30
0.0
0
SEQEND
0
POLYLINE
8
TRACED_VECTOR
66
1
70
0
0
VERTEX
8
TRACED_VECTOR
10
825.2938
20
-823.6731
30
0.0
0
VERTEX
8
TRACED_VECTOR
10
827.0126
20
-828.5901
30
0.0
0
SEQEND
0
POLYLINE
8
TRACED_VECTOR
66
1
70
0
0
VERTEX
8
TRACED_VECTOR
10
556.1263
20
-835.2486
30
0.0
0
VERTEX
8
TRACED_VECTOR
10
558.3212
20
-839.6449
30
0.0
0
SEQEND
0
POLYLINE
8
TRACED_VECTOR
66
1
70
0
0
VERTEX
8
TRACED_VECTOR
10
959.3232
20
-816.6616
30
0.0
0
VERTEX
8
TRACED_VECTOR
10
909.9791
20
-896.7847
30
0.0
0
SEQEND
0
POLYLINE
8
TRACED_VECTOR
66
1
70
0
0
VERTEX
8
TRACED_VECTOR
10
556.2894
20
-827.7500
30
0.0
0
VERTEX
8
TRACED_VECTOR
10
558.4843
20
-832.1463
30
0.0
0
SEQEND
0
POLYLINE
8
TRACED_VECTOR
66
1
70
0
0
VERTEX
8
TRACED_VECTOR
10
493.3770
20
-828.0751
30
0.0
0
VERTEX
8
TRACED_VECTOR
10
530.7741
20
-837.8842
30
0.0
0
SEQEND
0
POLYLINE
8
TRACED_VECTOR
66
1
70
0
0
VERTEX
8
TRACED_VECTOR
10
512.2498
20
-825.7302
30
0.0
0
VERTEX
8
TRACED_VECTOR
10
513.8121
20
-827.1584
30
0.0
0
VERTEX
8
TRACED_VECTOR
10
512.4063
20
-829.2192
30
0.0
0
VERTEX
8
TRACED_VECTOR
10
508.8727
20
-828.3788
30
0.0
0
SEQEND
0
POLYLINE
8
TRACED_VECTOR
66
1
70
0
0
VERTEX
8
TRACED_VECTOR
10
1553.8517
20
-777.0059
30
0.0
0
VERTEX
8
TRACED_VECTOR
10
1554.5122
20
-847.3945
30
0.0
0
VERTEX
8
TRACED_VECTOR
10
1553.3076
20
-853.9410
30
0.0
0
VERTEX
8
TRACED_VECTOR
10
1549.1796
20
-862.1169
30
0.0
0
VERTEX
8
TRACED_VECTOR
10
1544.3967
20
-866.8263
30
0.0
0
VERTEX
8
TRACED_VECTOR
10
1534.1088
20
-871.2831
30
0.0
0
VERTEX
8
TRACED_VECTOR
10
1471.8067
20
-874.0780
30
0.0
0
SEQEND
0
POLYLINE
8
TRACED_VECTOR
66
1
70
0
0
VERTEX
8
TRACED_VECTOR
10
1461.1461
20
-781.1647
30
0.0
0
VERTEX
8
TRACED_VECTOR
10
1465.0143
20
-867.3909
30
0.0
0
SEQEND
0
POLYLINE
8
TRACED_VECTOR
66
1
70
0
0
VERTEX
8
TRACED_VECTOR
10
1387.3357
20
-783.4771
30
0.0
0
VERTEX
8
TRACED_VECTOR
10
1390.9961
20
-876.2050
30
0.0
0
SEQEND
0
POLYLINE
8
TRACED_VECTOR
66
1
70
0
0
VERTEX
8
TRACED_VECTOR
10
1311.5763
20
-786.8757
30
0.0
0
VERTEX
8
TRACED_VECTOR
10
1315.7575
20
-880.0796
30
0.0
0
SEQEND
0
POLYLINE
8
TRACED_VECTOR
66
1
70
0
0
VERTEX
8
TRACED_VECTOR
10
1542.8194
20
-776.0026
30
0.0
0
VERTEX
8
TRACED_VECTOR
10
1552.2893
20
-775.5778
30
0.0
0
SEQEND
0
POLYLINE
8
TRACED_VECTOR
66
1
70
0
0
VERTEX
8
TRACED_VECTOR
10
494.6487
20
-823.0239
30
0.0
0
VERTEX
8
TRACED_VECTOR
10
507.2880
20
-826.4523
30
0.0
0
SEQEND
0
POLYLINE
8
TRACED_VECTOR
66
1
70
0
0
VERTEX
8
TRACED_VECTOR
10
1462.5519
20
-779.1040
30
0.0
0
VERTEX
8
TRACED_VECTOR
10
1474.5139
20
-778.5674
30
0.0
0
SEQEND
0
POLYLINE
8
TRACED_VECTOR
66
1
70
0
0
VERTEX
8
TRACED_VECTOR
10
1388.2655
20
-781.9371
30
0.0
0
VERTEX
8
TRACED_VECTOR
10
1393.7480
20
-781.6911
30
0.0
0
SEQEND
0
POLYLINE
8
TRACED_VECTOR
66
1
70
0
0
VERTEX
8
TRACED_VECTOR
10
1382.2845
20
-782.2054
30
0.0
0
VERTEX
8
TRACED_VECTOR
10
1385.2750
20
-782.0712
30
0.0
0
SEQEND
0
POLYLINE
8
TRACED_VECTOR
66
1
70
0
0
VERTEX
8
TRACED_VECTOR
10
1161.4858
20
-792.1105
30
0.0
0
VERTEX
8
TRACED_VECTOR
10
1164.3701
20
-856.4063
30
0.0
0
SEQEND
0
POLYLINE
8
TRACED_VECTOR
66
1
70
0
0
VERTEX
8
TRACED_VECTOR
10
1323.4489
20
-784.3454
30
0.0
0
VERTEX
8
TRACED_VECTOR
10
1313.0045
20
-785.3133
30
0.0
0
SEQEND
0
POLYLINE
8
TRACED_VECTOR
66
1
70
0
0
VERTEX
8
TRACED_VECTOR
10
445.7368
20
-823.7198
30
0.0
0
VERTEX
8
TRACED_VECTOR
10
441.8035
20
-847.3690
30
0.0
0
VERTEX
8
TRACED_VECTOR
10
435.0138
20
-874.1429
30
0.0
0
VERTEX
8
TRACED_VECTOR
10
426.2175
20
-922.9812
30
0.0
0
SEQEND
0
POLYLINE
8
TRACED_VECTOR
66
1
70
0
0
VERTEX
8
TRACED_VECTOR
10
1087.1769
20
-794.4452
30
0.0
0
VERTEX
8
TRACED_VECTOR
10
1094.3328
20
-876.0290
30
0.0
0
SEQEND
0
POLYLINE
8
TRACED_VECTOR
66
1
70
0
0
VERTEX
8
TRACED_VECTOR
10
1012.4144
20
-797.7991
30
0.0
0
VERTEX
8
TRACED_VECTOR
10
1026.2118
20
-949.5032
30
0.0
0
SEQEND
0
POLYLINE
8
TRACED_VECTOR
66
1
70
0
0
VERTEX
8
TRACED_VECTOR
10
977.0268
20
-799.3866
30
0.0
0
VERTEX
8
TRACED_VECTOR
10
976.6402
20
-801.9010
30
0.0
0
VERTEX
8
TRACED_VECTOR
10
974.1928
20
-803.0096
30
0.0
0
SEQEND
0
POLYLINE
8
TRACED_VECTOR
66
1
70
0
0
VERTEX
8
TRACED_VECTOR
10
1162.9139
20
-790.5482
30
0.0
0
VERTEX
8
TRACED_VECTOR
10
1168.8950
20
-790.2799
30
0.0
0
SEQEND
0
POLYLINE
8
TRACED_VECTOR
66
1
70
0
0
VERTEX
8
TRACED_VECTOR
10
970.0266
20
-799.2012
30
0.0
0
VERTEX
8
TRACED_VECTOR
10
961.2051
20
-814.0801
30
0.0
0
SEQEND
0
POLYLINE
8
TRACED_VECTOR
66
1
70
0
0
VERTEX
8
TRACED_VECTOR
10
1151.9264
20
-790.5417
30
0.0
0
VERTEX
8
TRACED_VECTOR
10
1159.9234
20
-790.6823
30
0.0
0
SEQEND
0
POLYLINE
8
TRACED_VECTOR
66
1
70
0
0
VERTEX
8
TRACED_VECTOR
10
1088.6051
20
-792.8829
30
0.0
0
VERTEX
8
TRACED_VECTOR
10
1096.1037
20
-793.0459
30
0.0
0
SEQEND
0
POLYLINE
8
TRACED_VECTOR
66
1
70
0
0
VERTEX
8
TRACED_VECTOR
10
1083.1225
20
-793.1288
30
0.0
0
VERTEX
8
TRACED_VECTOR
10
1085.6146
20
-793.0170
30
0.0
0
SEQEND
0
POLYLINE
8
TRACED_VECTOR
66
1
70
0
0
VERTEX
8
TRACED_VECTOR
10
1013.8426
20
-796.2367
30
0.0
0
VERTEX
8
TRACED_VECTOR
10
1020.3220
20
-795.9461
30
0.0
0
SEQEND
0
POLYLINE
8
TRACED_VECTOR
66
1
70
0
0
VERTEX
8
TRACED_VECTOR
10
1553.6057
20
-771.5233
30
0.0
0
VERTEX
8
TRACED_VECTOR
10
1553.7175
20
-774.0154
30
0.0
0
SEQEND
0
POLYLINE
8
TRACED_VECTOR
66
1
70
0
0
VERTEX
8
TRACED_VECTOR
10
480.5141
20
-819.6626
30
0.0
0
VERTEX
8
TRACED_VECTOR
10
491.6135
20
-822.1612
30
0.0
0
SEQEND
0
POLYLINE
8
TRACED_VECTOR
66
1
70
0
0
VERTEX
8
TRACED_VECTOR
10
1460.8778
20
-775.1837
30
0.0
0
VERTEX
8
TRACED_VECTOR
10
1461.0120
20
-778.1742
30
0.0
0
SEQEND
0
POLYLINE
8
TRACED_VECTOR
66
1
70
0
0
VERTEX
8
TRACED_VECTOR
10
1386.5913
20
-778.0168
30
0.0
0
VERTEX
8
TRACED_VECTOR
10
1386.7031
20
-780.5089
30
0.0
0
SEQEND
0
POLYLINE
8
TRACED_VECTOR
66
1
70
0
0
VERTEX
8
TRACED_VECTOR
10
579.6544
20
-814.2163
30
0.0
0
VERTEX
8
TRACED_VECTOR
10
579.7885
20
-817.2068
30
0.0
0
VERTEX
8
TRACED_VECTOR
10
580.8301
20
-818.1589
30
0.0
0
VERTEX
8
TRACED_VECTOR
10
581.7822
20
-817.1174
30
0.0
0
SEQEND
0
POLYLINE
8
TRACED_VECTOR
66
1
70
0
0
VERTEX
8
TRACED_VECTOR
10
440.5961
20
-820.4545
30
0.0
0
VERTEX
8
TRACED_VECTOR
10
445.1265
20
-821.2501
30
0.0
0
SEQEND
0
POLYLINE
8
TRACED_VECTOR
66
1
70
0
0
VERTEX
8
TRACED_VECTOR
10
1311.3080
20
-780.8946
30
0.0
0
VERTEX
8
TRACED_VECTOR
10
1311.4422
20
-783.8852
30
0.0
0
SEQEND
0
POLYLINE
8
TRACED_VECTOR
66
1
70
0
0
VERTEX
8
TRACED_VECTOR
10
1462.3060
20
-773.6214
30
0.0
0
VERTEX
8
TRACED_VECTOR
10
1552.0434
20
-770.0952
30
0.0
0
SEQEND
0
POLYLINE
8
TRACED_VECTOR
66
1
70
0
0
VERTEX
8
TRACED_VECTOR
10
1236.5231
20
-783.7501
30
0.0
0
VERTEX
8
TRACED_VECTOR
10
1240.6819
20
-876.4556
30
0.0
0
SEQEND
0
POLYLINE
8
TRACED_VECTOR
66
1
70
0
0
VERTEX
8
TRACED_VECTOR
10
952.9239
20
-796.4725
30
0.0
0
VERTEX
8
TRACED_VECTOR
10
958.9944
20
-798.1978
30
0.0
0
VERTEX
8
TRACED_VECTOR
10
965.4738
20
-797.9072
30
0.0
0
SEQEND
0
POLYLINE
8
TRACED_VECTOR
66
1
70
0
0
VERTEX
8
TRACED_VECTOR
10
577.6160
20
-813.3089
30
0.0
0
VERTEX
8
TRACED_VECTOR
10
561.7654
20
-838.4916
30
0.0
0
SEQEND
0
POLYLINE
8
TRACED_VECTOR
66
1
70
0
0
VERTEX
8
TRACED_VECTOR
10
1428.3913
20
-774.6434
30
0.0
0
VERTEX
8
TRACED_VECTOR
10
1450.8424
20
-774.1357
30
0.0
0
SEQEND
0
POLYLINE
8
TRACED_VECTOR
66
1
70
0
0
VERTEX
8
TRACED_VECTOR
10
1388.0195
20
-776.4545
30
0.0
0
VERTEX
8
TRACED_VECTOR
10
1425.4008
20
-774.7776
30
0.0
0
SEQEND
0
POLYLINE
8
TRACED_VECTOR
66
1
70
0
0
VERTEX
8
TRACED_VECTOR
10
1161.2398
20
-786.6279
30
0.0
0
VERTEX
8
TRACED_VECTOR
10
1161.3516
20
-789.1200
30
0.0
0
SEQEND
0
POLYLINE
8
TRACED_VECTOR
66
1
70
0
0
VERTEX
8
TRACED_VECTOR
10
674.2865
20
-808.4728
30
0.0
0
VERTEX
8
TRACED_VECTOR
10
622.6804
20
-882.7044
30
0.0
0
SEQEND
0
POLYLINE
8
TRACED_VECTOR
66
1
70
0
0
VERTEX
8
TRACED_VECTOR
10
1312.7362
20
-779.3323
30
0.0
0
VERTEX
8
TRACED_VECTOR
10
1385.0290
20
-776.5887
30
0.0
0
SEQEND
0
POLYLINE
8
TRACED_VECTOR
66
1
70
0
0
VERTEX
8
TRACED_VECTOR
10
446.9861
20
-818.1702
30
0.0
0
VERTEX
8
TRACED_VECTOR
10
446.5994
20
-820.6846
30
0.0
0
SEQEND
0
POLYLINE
8
TRACED_VECTOR
66
1
70
0
0
VERTEX
8
TRACED_VECTOR
10
1237.9513
20
-782.1878
30
0.0
0
VERTEX
8
TRACED_VECTOR
10
1309.7457
20
-779.4665
30
0.0
0
SEQEND
0
POLYLINE
8
TRACED_VECTOR
66
1
70
0
0
VERTEX
8
TRACED_VECTOR
10
676.7339
20
-807.3642
30
0.0
0
VERTEX
8
TRACED_VECTOR
10
735.0226
20
-848.6983
30
0.0
0
SEQEND
0
POLYLINE
8
TRACED_VECTOR
66
1
70
0
0
VERTEX
8
TRACED_VECTOR
10
1162.6680
20
-785.0656
30
0.0
0
VERTEX
8
TRACED_VECTOR
10
1234.9608
20
-782.3219
30
0.0
0
SEQEND
0
POLYLINE
8
TRACED_VECTOR
66
1
70
0
0
VERTEX
8
TRACED_VECTOR
10
1150.7060
20
-785.6022
30
0.0
0
VERTEX
8
TRACED_VECTOR
10
1159.6775
20
-785.1997
30
0.0
0
SEQEND
0
POLYLINE
8
TRACED_VECTOR
66
1
70
0
0
VERTEX
8
TRACED_VECTOR
10
1087.9055
20
-788.4195
30
0.0
0
VERTEX
8
TRACED_VECTOR
10
1147.7155
20
-785.7364
30
0.0
0
SEQEND
0
POLYLINE
8
TRACED_VECTOR
66
1
70
0
0
VERTEX
8
TRACED_VECTOR
10
1061.9878
20
-789.5821
30
0.0
0
VERTEX
8
TRACED_VECTOR
10
1084.9150
20
-788.5536
30
0.0
0
SEQEND
0
POLYLINE
8
TRACED_VECTOR
66
1
70
0
0
VERTEX
8
TRACED_VECTOR
10
448.4366
20
-817.1063
30
0.0
0
VERTEX
8
TRACED_VECTOR
10
490.8626
20
-827.6885
30
0.0
0
SEQEND
0
POLYLINE
8
TRACED_VECTOR
66
1
70
0
0
VERTEX
8
TRACED_VECTOR
10
1047.5113
20
-789.7321
30
0.0
0
VERTEX
8
TRACED_VECTOR
10
1046.0384
20
-790.2976
30
0.0
0
VERTEX
8
TRACED_VECTOR
10
1055.5084
20
-789.8728
30
0.0
0
SEQEND
0
POLYLINE
8
TRACED_VECTOR
66
1
70
0
0
VERTEX
8
TRACED_VECTOR
10
1013.1206
20
-791.2749
30
0.0
0
VERTEX
8
TRACED_VECTOR
10
1043.0479
20
-790.4318
30
0.0
0
SEQEND
0
POLYLINE
8
TRACED_VECTOR
66
1
70
0
0
VERTEX
8
TRACED_VECTOR
10
975.2409
20
-792.9742
30
0.0
0
VERTEX
8
TRACED_VECTOR
10
1011.1269
20
-791.3644
30
0.0
0
SEQEND
0
POLYLINE
8
TRACED_VECTOR
66
1
70
0
0
VERTEX
8
TRACED_VECTOR
10
1549.3501
20
-765.7212
30
0.0
0
VERTEX
8
TRACED_VECTOR
10
1551.8422
20
-765.6094
30
0.0
0
SEQEND
0
POLYLINE
8
TRACED_VECTOR
66
1
70
0
0
VERTEX
8
TRACED_VECTOR
10
345.6509
20
-819.2202
30
0.0
0
VERTEX
8
TRACED_VECTOR
10
343.4421
20
-914.7085
30
0.0
0
SEQEND
0
POLYLINE
8
TRACED_VECTOR
66
1
70
0
0
VERTEX
8
TRACED_VECTOR
10
1470.5555
20
-768.2571
30
0.0
0
VERTEX
8
TRACED_VECTOR
10
1462.1048
20
-769.1357
30
0.0
0
SEQEND
0
POLYLINE
8
TRACED_VECTOR
66
1
70
0
0
VERTEX
8
TRACED_VECTOR
10
1423.7043
20
-770.3589
30
0.0
0
VERTEX
8
TRACED_VECTOR
10
1426.1964
20
-770.2471
30
0.0
0
SEQEND
0
POLYLINE
8
TRACED_VECTOR
66
1
70
0
0
VERTEX
8
TRACED_VECTOR
10
1387.8183
20
-771.9688
30
0.0
0
VERTEX
8
TRACED_VECTOR
10
1393.7993
20
-771.7004
30
0.0
0
SEQEND
0
POLYLINE
8
TRACED_VECTOR
66
1
70
0
0
VERTEX
8
TRACED_VECTOR
10
1377.8499
20
-772.4159
30
0.0
0
VERTEX
8
TRACED_VECTOR
10
1384.8278
20
-772.1029
30
0.0
0
SEQEND
0
POLYLINE
8
TRACED_VECTOR
66
1
70
0
0
VERTEX
8
TRACED_VECTOR
10
-226.5540
20
-844.3901
30
0.0
0
VERTEX
8
TRACED_VECTOR
10
-227.4614
20
-846.4285
30
0.0
0
VERTEX
8
TRACED_VECTOR
10
-224.9805
20
-979.6623
30
0.0
0
SEQEND
0
POLYLINE
8
TRACED_VECTOR
66
1
70
0
0
VERTEX
8
TRACED_VECTOR
10
1312.5350
20
-774.8466
30
0.0
0
VERTEX
8
TRACED_VECTOR
10
1320.5096
20
-774.4888
30
0.0
0
SEQEND
0
POLYLINE
8
TRACED_VECTOR
66
1
70
0
0
VERTEX
8
TRACED_VECTOR
10
1307.0524
20
-775.0925
30
0.0
0
VERTEX
8
TRACED_VECTOR
10
1309.5445
20
-774.9807
30
0.0
0
SEQEND
0
POLYLINE
8
TRACED_VECTOR
66
1
70
0
0
VERTEX
8
TRACED_VECTOR
10
347.0791
20
-817.6578
30
0.0
0
VERTEX
8
TRACED_VECTOR
10
353.0601
20
-817.3895
30
0.0
0
SEQEND
0
POLYLINE
8
TRACED_VECTOR
66
1
70
0
0
VERTEX
8
TRACED_VECTOR
10
339.6028
20
-817.9932
30
0.0
0
VERTEX
8
TRACED_VECTOR
10
344.0886
20
-817.7920
30
0.0
0
SEQEND
0
POLYLINE
8
TRACED_VECTOR
66
1
70
0
0
VERTEX
8
TRACED_VECTOR
10
243.9068
20
-822.2862
30
0.0
0
VERTEX
8
TRACED_VECTOR
10
245.7496
20
-885.6299
30
0.0
0
VERTEX
8
TRACED_VECTOR
10
247.7814
20
-897.5248
30
0.0
0
VERTEX
8
TRACED_VECTOR
10
253.7112
20
-907.2472
30
0.0
0
VERTEX
8
TRACED_VECTOR
10
261.9765
20
-913.3688
30
0.0
0
VERTEX
8
TRACED_VECTOR
10
268.5454
20
-915.0718
30
0.0
0
VERTEX
8
TRACED_VECTOR
10
325.5438
20
-916.5102
30
0.0
0
SEQEND
0
POLYLINE
8
TRACED_VECTOR
66
1
70
0
0
VERTEX
8
TRACED_VECTOR
10
1155.9873
20
-780.8705
30
0.0
0
VERTEX
8
TRACED_VECTOR
10
1150.5271
20
-781.6149
30
0.0
0
SEQEND
0
POLYLINE
8
TRACED_VECTOR
66
1
70
0
0
VERTEX
8
TRACED_VECTOR
10
1142.5301
20
-781.4742
30
0.0
0
VERTEX
8
TRACED_VECTOR
10
1147.5366
20
-781.7490
30
0.0
0
SEQEND
0
POLYLINE
8
TRACED_VECTOR
66
1
70
0
0
VERTEX
8
TRACED_VECTOR
10
1055.3071
20
-785.3871
30
0.0
0
VERTEX
8
TRACED_VECTOR
10
1059.2945
20
-785.2082
30
0.0
0
SEQEND
0
POLYLINE
8
TRACED_VECTOR
66
1
70
0
0
VERTEX
8
TRACED_VECTOR
10
1068.7420
20
-784.2849
30
0.0
0
VERTEX
8
TRACED_VECTOR
10
1062.2850
20
-785.0740
30
0.0
0
SEQEND
0
POLYLINE
8
TRACED_VECTOR
66
1
70
0
0
VERTEX
8
TRACED_VECTOR
10
1047.3101
20
-785.2464
30
0.0
0
VERTEX
8
TRACED_VECTOR
10
1051.7959
20
-785.0452
30
0.0
0
SEQEND
0
POLYLINE
8
TRACED_VECTOR
66
1
70
0
0
VERTEX
8
TRACED_VECTOR
10
1039.8338
20
-785.5818
30
0.0
0
VERTEX
8
TRACED_VECTOR
10
1043.8212
20
-785.4029
30
0.0
0
SEQEND
0
POLYLINE
8
TRACED_VECTOR
66
1
70
0
0
VERTEX
8
TRACED_VECTOR
10
975.5157
20
-787.9677
30
0.0
0
VERTEX
8
TRACED_VECTOR
10
980.0015
20
-787.7665
30
0.0
0
SEQEND
0
POLYLINE
8
TRACED_VECTOR
66
1
70
0
0
VERTEX
8
TRACED_VECTOR
10
245.3350
20
-820.7239
30
0.0
0
VERTEX
8
TRACED_VECTOR
10
257.7954
20
-820.1649
30
0.0
0
SEQEND
0
POLYLINE
8
TRACED_VECTOR
66
1
70
0
0
VERTEX
8
TRACED_VECTOR
10
589.7187
20
-804.7753
30
0.0
0
VERTEX
8
TRACED_VECTOR
10
589.2650
20
-805.7945
30
0.0
0
VERTEX
8
TRACED_VECTOR
10
589.7187
20
-804.7753
30
0.0
0
VERTEX
8
TRACED_VECTOR
10
591.2363
20
-805.2066
30
0.0
0
VERTEX
8
TRACED_VECTOR
10
591.3704
20
-808.1971
30
0.0
0
VERTEX
8
TRACED_VECTOR
10
589.4215
20
-809.2834
30
0.0
0
SEQEND
0
POLYLINE
8
TRACED_VECTOR
66
1
70
0
0
VERTEX
8
TRACED_VECTOR
10
424.6980
20
-811.1793
30
0.0
0
VERTEX
8
TRACED_VECTOR
10
445.8998
20
-816.2212
30
0.0
0
SEQEND
0
POLYLINE
8
TRACED_VECTOR
66
1
70
0
0
VERTEX
8
TRACED_VECTOR
10
587.1372
20
-802.8934
30
0.0
0
VERTEX
8
TRACED_VECTOR
10
587.2937
20
-806.3823
30
0.0
0
SEQEND
0
POLYLINE
8
TRACED_VECTOR
66
1
70
0
0
VERTEX
8
TRACED_VECTOR
10
345.9034
20
-813.7152
30
0.0
0
VERTEX
8
TRACED_VECTOR
10
346.0152
20
-816.2073
30
0.0
0
SEQEND
0
POLYLINE
8
TRACED_VECTOR
66
1
70
0
0
VERTEX
8
TRACED_VECTOR
10
585.0988
20
-801.9860
30
0.0
0
VERTEX
8
TRACED_VECTOR
10
579.5202
20
-811.2258
30
0.0
0
SEQEND
0
POLYLINE
8
TRACED_VECTOR
66
1
70
0
0
VERTEX
8
TRACED_VECTOR
10
347.3539
20
-812.6513
30
0.0
0
VERTEX
8
TRACED_VECTOR
10
421.6851
20
-810.8151
30
0.0
0
SEQEND
0
POLYLINE
8
TRACED_VECTOR
66
1
70
0
0
VERTEX
8
TRACED_VECTOR
10
243.5938
20
-815.3084
30
0.0
0
VERTEX
8
TRACED_VECTOR
10
243.7726
20
-819.2957
30
0.0
0
SEQEND
0
POLYLINE
8
TRACED_VECTOR
66
1
70
0
0
VERTEX
8
TRACED_VECTOR
10
245.5651
20
-814.7205
30
0.0
0
VERTEX
8
TRACED_VECTOR
10
344.3411
20
-812.2871
30
0.0
0
SEQEND
0
POLYLINE
8
TRACED_VECTOR
66
1
70
0
0
VERTEX
8
TRACED_VECTOR
10
424.4297
20
-805.1983
30
0.0
0
VERTEX
8
TRACED_VECTOR
10
432.5161
20
-807.3326
30
0.0
0
SEQEND
0
POLYLINE
8
TRACED_VECTOR
66
1
70
0
0
VERTEX
8
TRACED_VECTOR
10
347.1303
20
-807.6671
30
0.0
0
VERTEX
8
TRACED_VECTOR
10
353.6097
20
-807.3765
30
0.0
0
SEQEND
0
POLYLINE
8
TRACED_VECTOR
66
1
70
0
0
VERTEX
8
TRACED_VECTOR
10
340.1525
20
-807.9802
30
0.0
0
VERTEX
8
TRACED_VECTOR
10
344.1398
20
-807.8013
30
0.0
0
SEQEND
0
POLYLINE
8
TRACED_VECTOR
66
1
70
0
0
VERTEX
8
TRACED_VECTOR
10
184.1480
20
-814.9786
30
0.0
0
VERTEX
8
TRACED_VECTOR
10
185.8725
20
-886.8177
30
0.0
0
SEQEND
0
POLYLINE
8
TRACED_VECTOR
66
1
70
0
0
VERTEX
8
TRACED_VECTOR
10
245.3638
20
-810.2347
30
0.0
0
VERTEX
8
TRACED_VECTOR
10
252.3417
20
-809.9217
30
0.0
0
SEQEND
0
POLYLINE
8
TRACED_VECTOR
66
1
70
0
0
VERTEX
8
TRACED_VECTOR
10
1385.7193
20
-758.5786
30
0.0
0
VERTEX
8
TRACED_VECTOR
10
1386.2559
20
-770.5406
30
0.0
0
SEQEND
0
POLYLINE
8
TRACED_VECTOR
66
1
70
0
0
VERTEX
8
TRACED_VECTOR
10
1377.2462
20
-758.9587
30
0.0
0
VERTEX
8
TRACED_VECTOR
10
1378.8309
20
-760.8853
30
0.0
0
VERTEX
8
TRACED_VECTOR
10
1380.8022
20
-760.2974
30
0.0
0
SEQEND
0
POLYLINE
8
TRACED_VECTOR
66
1
70
0
0
VERTEX
8
TRACED_VECTOR
10
90.3338
20
-816.6900
30
0.0
0
VERTEX
8
TRACED_VECTOR
10
90.4680
20
-819.6805
30
0.0
0
SEQEND
0
POLYLINE
8
TRACED_VECTOR
66
1
70
0
0
VERTEX
8
TRACED_VECTOR
10
85.3497
20
-816.9136
30
0.0
0
VERTEX
8
TRACED_VECTOR
10
86.5533
20
-888.2767
30
0.0
0
SEQEND
0
POLYLINE
8
TRACED_VECTOR
66
1
70
0
0
VERTEX
8
TRACED_VECTOR
10
869.8355
20
-781.2219
30
0.0
0
VERTEX
8
TRACED_VECTOR
10
831.9968
20
-828.3666
30
0.0
0
SEQEND
0
POLYLINE
8
TRACED_VECTOR
66
1
70
0
0
VERTEX
8
TRACED_VECTOR
10
1060.1860
20
-771.6839
30
0.0
0
VERTEX
8
TRACED_VECTOR
10
1060.7226
20
-783.6459
30
0.0
0
SEQEND
0
POLYLINE
8
TRACED_VECTOR
66
1
70
0
0
VERTEX
8
TRACED_VECTOR
10
91.7620
20
-815.1277
30
0.0
0
VERTEX
8
TRACED_VECTOR
10
182.5857
20
-813.5504
30
0.0
0
SEQEND
0
POLYLINE
8
TRACED_VECTOR
66
1
70
0
0
VERTEX
8
TRACED_VECTOR
10
415.2122
20
-800.1182
30
0.0
0
VERTEX
8
TRACED_VECTOR
10
414.7809
20
-801.6358
30
0.0
0
VERTEX
8
TRACED_VECTOR
10
419.4008
20
-804.4251
30
0.0
0
VERTEX
8
TRACED_VECTOR
10
418.8576
20
-803.4506
30
0.0
0
SEQEND
0
POLYLINE
8
TRACED_VECTOR
66
1
70
0
0
VERTEX
8
TRACED_VECTOR
10
1393.5598
20
-755.2303
30
0.0
0
VERTEX
8
TRACED_VECTOR
10
1390.7706
20
-759.8502
30
0.0
0
SEQEND
0
POLYLINE
8
TRACED_VECTOR
66
1
70
0
0
VERTEX
8
TRACED_VECTOR
10
1383.0931
20
-755.6999
30
0.0
0
VERTEX
8
TRACED_VECTOR
10
1380.1697
20
-757.3293
30
0.0
0
SEQEND
0
POLYLINE
8
TRACED_VECTOR
66
1
70
0
0
VERTEX
8
TRACED_VECTOR
10
1053.6395
20
-770.4793
30
0.0
0
VERTEX
8
TRACED_VECTOR
10
1050.2624
20
-773.1279
30
0.0
0
VERTEX
8
TRACED_VECTOR
10
1048.0386
20
-779.2207
30
0.0
0
VERTEX
8
TRACED_VECTOR
10
1049.8087
20
-774.1471
30
0.0
0
SEQEND
0
POLYLINE
8
TRACED_VECTOR
66
1
70
0
0
VERTEX
8
TRACED_VECTOR
10
870.6087
20
-776.1930
30
0.0
0
VERTEX
8
TRACED_VECTOR
10
871.2189
20
-778.6627
30
0.0
0
SEQEND
0
POLYLINE
8
TRACED_VECTOR
66
1
70
0
0
VERTEX
8
TRACED_VECTOR
10
884.4973
20
-774.0717
30
0.0
0
VERTEX
8
TRACED_VECTOR
10
885.0852
20
-776.0430
30
0.0
0
VERTEX
8
TRACED_VECTOR
10
882.6602
20
-777.6500
30
0.0
0
VERTEX
8
TRACED_VECTOR
10
879.6697
20
-777.7842
30
0.0
0
VERTEX
8
TRACED_VECTOR
10
877.5866
20
-775.8800
30
0.0
0
SEQEND
0
POLYLINE
8
TRACED_VECTOR
66
1
70
0
0
VERTEX
8
TRACED_VECTOR
10
90.0208
20
-809.7122
30
0.0
0
VERTEX
8
TRACED_VECTOR
10
90.1997
20
-813.6995
30
0.0
0
SEQEND
0
POLYLINE
8
TRACED_VECTOR
66
1
70
0
0
VERTEX
8
TRACED_VECTOR
10
411.4773
20
-794.7921
30
0.0
0
VERTEX
8
TRACED_VECTOR
10
416.6180
20
-798.0574
30
0.0
0
SEQEND
0
POLYLINE
8
TRACED_VECTOR
66
1
70
0
0
VERTEX
8
TRACED_VECTOR
10
866.4872
20
-773.3814
30
0.0
0
VERTEX
8
TRACED_VECTOR
10
869.5001
20
-773.7456
30
0.0
0
SEQEND
0
POLYLINE
8
TRACED_VECTOR
66
1
70
0
0
VERTEX
8
TRACED_VECTOR
10
597.2527
20
-783.4617
30
0.0
0
VERTEX
8
TRACED_VECTOR
10
586.9806
20
-799.4045
30
0.0
0
SEQEND
0
POLYLINE
8
TRACED_VECTOR
66
1
70
0
0
VERTEX
8
TRACED_VECTOR
10
874.7815
20
-769.0139
30
0.0
0
VERTEX
8
TRACED_VECTOR
10
874.9603
20
-773.0013
30
0.0
0
SEQEND
0
POLYLINE
8
TRACED_VECTOR
66
1
70
0
0
VERTEX
8
TRACED_VECTOR
10
601.9462
20
-776.7586
30
0.0
0
VERTEX
8
TRACED_VECTOR
10
599.1346
20
-780.8801
30
0.0
0
SEQEND
0
POLYLINE
8
TRACED_VECTOR
66
1
70
0
0
VERTEX
8
TRACED_VECTOR
10
599.3870
20
-775.3752
30
0.0
0
VERTEX
8
TRACED_VECTOR
10
594.9907
20
-777.5701
30
0.0
0
VERTEX
8
TRACED_VECTOR
10
595.9875
20
-777.5254
30
0.0
0
SEQEND
0
POLYLINE
8
TRACED_VECTOR
66
1
70
0
0
VERTEX
8
TRACED_VECTOR
10
725.4194
20
-768.2231
30
0.0
0
VERTEX
8
TRACED_VECTOR
10
729.0425
20
-771.0571
30
0.0
0
SEQEND
0
POLYLINE
8
TRACED_VECTOR
66
1
70
0
0
VERTEX
8
TRACED_VECTOR
10
595.7416
20
-772.0428
30
0.0
0
VERTEX
8
TRACED_VECTOR
10
592.8182
20
-773.6722
30
0.0
0
SEQEND
0
POLYLINE
8
TRACED_VECTOR
66
1
70
0
0
VERTEX
8
TRACED_VECTOR
10
623.1098
20
-769.8162
30
0.0
0
VERTEX
8
TRACED_VECTOR
10
674.1524
20
-805.4823
30
0.0
0
SEQEND
0
POLYLINE
8
TRACED_VECTOR
66
1
70
0
0
VERTEX
8
TRACED_VECTOR
10
733.7360
20
-764.3540
30
0.0
0
VERTEX
8
TRACED_VECTOR
10
735.5890
20
-772.2616
30
0.0
0
VERTEX
8
TRACED_VECTOR
10
742.4932
20
-781.4409
30
0.0
0
VERTEX
8
TRACED_VECTOR
10
818.3095
20
-834.9736
30
0.0
0
SEQEND
0
POLYLINE
8
TRACED_VECTOR
66
1
70
0
0
VERTEX
8
TRACED_VECTOR
10
736.2057
20
-763.7438
30
0.0
0
VERTEX
8
TRACED_VECTOR
10
738.8096
20
-766.1241
30
0.0
0
SEQEND
0
POLYLINE
8
TRACED_VECTOR
66
1
70
0
0
VERTEX
8
TRACED_VECTOR
10
729.5474
20
-760.0472
30
0.0
0
VERTEX
8
TRACED_VECTOR
10
724.8092
20
-765.7533
30
0.0
0
VERTEX
8
TRACED_VECTOR
10
727.1671
20
-762.6510
30
0.0
0
SEQEND
0
POLYLINE
8
TRACED_VECTOR
66
1
70
0
0
VERTEX
8
TRACED_VECTOR
10
610.3587
20
-763.8958
30
0.0
0
VERTEX
8
TRACED_VECTOR
10
603.3296
20
-774.1995
30
0.0
0
SEQEND
0
POLYLINE
8
TRACED_VECTOR
66
1
70
0
0
VERTEX
8
TRACED_VECTOR
10
612.2853
20
-762.3111
30
0.0
0
VERTEX
8
TRACED_VECTOR
10
620.0075
20
-767.4583
30
0.0
0
SEQEND
0
POLYLINE
8
TRACED_VECTOR
66
1
70
0
0
VERTEX
8
TRACED_VECTOR
10
626.2186
20
-761.1866
30
0.0
0
VERTEX
8
TRACED_VECTOR
10
622.4772
20
-766.8481
30
0.0
0
SEQEND
0
POLYLINE
8
TRACED_VECTOR
66
1
70
0
0
VERTEX
8
TRACED_VECTOR
10
1806.8117
20
-704.7288
30
0.0
0
VERTEX
8
TRACED_VECTOR
10
1810.1078
20
-800.4696
30
0.0
0
SEQEND
0
POLYLINE
8
TRACED_VECTOR
66
1
70
0
0
VERTEX
8
TRACED_VECTOR
10
738.0047
20
-748.1811
30
0.0
0
VERTEX
8
TRACED_VECTOR
10
733.9885
20
-758.8491
30
0.0
0
SEQEND
0
POLYLINE
8
TRACED_VECTOR
66
1
70
0
0
VERTEX
8
TRACED_VECTOR
10
89.2866
20
-748.8159
30
0.0
0
VERTEX
8
TRACED_VECTOR
10
88.9671
20
-752.8256
30
0.0
0
SEQEND
0
POLYLINE
8
TRACED_VECTOR
66
1
70
0
0
VERTEX
8
TRACED_VECTOR
10
107.6610
20
-746.4934
30
0.0
0
VERTEX
8
TRACED_VECTOR
10
107.7728
20
-748.9854
30
0.0
0
VERTEX
8
TRACED_VECTOR
10
104.2839
20
-749.1420
30
0.0
0
VERTEX
8
TRACED_VECTOR
10
104.1944
20
-747.1483
30
0.0
0
SEQEND
0
POLYLINE
8
TRACED_VECTOR
66
1
70
0
0
VERTEX
8
TRACED_VECTOR
10
1232.5656
20
-695.5303
30
0.0
0
VERTEX
8
TRACED_VECTOR
10
1236.3890
20
-780.7596
30
0.0
0
SEQEND
0
POLYLINE
8
TRACED_VECTOR
66
1
70
0
0
VERTEX
8
TRACED_VECTOR
10
1227.0383
20
-694.7794
30
0.0
0
VERTEX
8
TRACED_VECTOR
10
1228.1627
20
-708.7127
30
0.0
0
SEQEND
0
POLYLINE
8
TRACED_VECTOR
66
1
70
0
0
VERTEX
8
TRACED_VECTOR
10
182.8325
20
-741.1235
30
0.0
0
VERTEX
8
TRACED_VECTOR
10
184.5123
20
-811.9657
30
0.0
0
SEQEND
0
POLYLINE
8
TRACED_VECTOR
66
1
70
0
0
VERTEX
8
TRACED_VECTOR
10
657.3030
20
-719.3391
30
0.0
0
VERTEX
8
TRACED_VECTOR
10
662.3766
20
-721.1092
30
0.0
0
SEQEND
0
POLYLINE
8
TRACED_VECTOR
66
1
70
0
0
VERTEX
8
TRACED_VECTOR
10
655.3094
20
-719.4286
30
0.0
0
VERTEX
8
TRACED_VECTOR
10
652.9514
20
-722.5309
30
0.0
0
SEQEND
0
POLYLINE
8
TRACED_VECTOR
66
1
70
0
0
VERTEX
8
TRACED_VECTOR
10
970.2194
20
-703.3039
30
0.0
0
VERTEX
8
TRACED_VECTOR
10
973.9534
20
-786.5395
30
0.0
0
SEQEND
0
POLYLINE
8
TRACED_VECTOR
66
1
70
0
0
VERTEX
8
TRACED_VECTOR
10
89.0183
20
-742.8349
30
0.0
0
VERTEX
8
TRACED_VECTOR
10
88.6764
20
-746.3462
30
0.0
0
SEQEND
0
POLYLINE
8
TRACED_VECTOR
66
1
70
0
0
VERTEX
8
TRACED_VECTOR
10
521.1011
20
-722.4527
30
0.0
0
VERTEX
8
TRACED_VECTOR
10
494.0608
20
-821.0526
30
0.0
0
SEQEND
0
POLYLINE
8
TRACED_VECTOR
66
1
70
0
0
VERTEX
8
TRACED_VECTOR
10
139.3137
20
-739.5798
30
0.0
0
VERTEX
8
TRACED_VECTOR
10
181.2702
20
-739.6953
30
0.0
0
SEQEND
0
POLYLINE
8
TRACED_VECTOR
66
1
70
0
0
VERTEX
8
TRACED_VECTOR
10
97.4467
20
-741.4580
30
0.0
0
VERTEX
8
TRACED_VECTOR
10
96.1974
20
-747.0076
30
0.0
0
VERTEX
8
TRACED_VECTOR
10
93.7500
20
-748.1162
30
0.0
0
VERTEX
8
TRACED_VECTOR
10
93.1845
20
-746.6434
30
0.0
0
SEQEND
0
POLYLINE
8
TRACED_VECTOR
66
1
70
0
0
VERTEX
8
TRACED_VECTOR
10
83.9671
20
-741.5632
30
0.0
0
VERTEX
8
TRACED_VECTOR
10
85.2155
20
-813.9231
30
0.0
0
SEQEND
0
POLYLINE
8
TRACED_VECTOR
66
1
70
0
0
VERTEX
8
TRACED_VECTOR
10
109.3640
20
-739.9245
30
0.0
0
VERTEX
8
TRACED_VECTOR
10
137.3201
20
-739.6692
30
0.0
0
SEQEND
0
POLYLINE
8
TRACED_VECTOR
66
1
70
0
0
VERTEX
8
TRACED_VECTOR
10
689.0005
20
-713.4224
30
0.0
0
VERTEX
8
TRACED_VECTOR
10
685.1697
20
-717.0902
30
0.0
0
SEQEND
0
POLYLINE
8
TRACED_VECTOR
66
1
70
0
0
VERTEX
8
TRACED_VECTOR
10
99.3733
20
-739.8733
30
0.0
0
VERTEX
8
TRACED_VECTOR
10
106.3735
20
-740.0587
30
0.0
0
SEQEND
0
POLYLINE
8
TRACED_VECTOR
66
1
70
0
0
VERTEX
8
TRACED_VECTOR
10
85.4176
20
-740.4993
30
0.0
0
VERTEX
8
TRACED_VECTOR
10
96.3828
20
-740.0074
30
0.0
0
SEQEND
0
POLYLINE
8
TRACED_VECTOR
66
1
70
0
0
VERTEX
8
TRACED_VECTOR
10
1513.3597
20
-675.9419
30
0.0
0
VERTEX
8
TRACED_VECTOR
10
1512.4299
20
-677.4819
30
0.0
0
VERTEX
8
TRACED_VECTOR
10
1513.5162
20
-679.4308
30
0.0
0
VERTEX
8
TRACED_VECTOR
10
1516.9604
20
-678.2775
30
0.0
0
VERTEX
8
TRACED_VECTOR
10
1517.8901
20
-676.7375
30
0.0
0
SEQEND
0
POLYLINE
8
TRACED_VECTOR
66
1
70
0
0
VERTEX
8
TRACED_VECTOR
10
672.5304
20
-713.6618
30
0.0
0
VERTEX
8
TRACED_VECTOR
10
667.6356
20
-715.8791
30
0.0
0
SEQEND
0
POLYLINE
8
TRACED_VECTOR
66
1
70
0
0
VERTEX
8
TRACED_VECTOR
10
1219.7698
20
-688.6130
30
0.0
0
VERTEX
8
TRACED_VECTOR
10
1218.9071
20
-691.6483
30
0.0
0
VERTEX
8
TRACED_VECTOR
10
1221.6004
20
-696.0222
30
0.0
0
VERTEX
8
TRACED_VECTOR
10
1221.7569
20
-699.5111
30
0.0
0
VERTEX
8
TRACED_VECTOR
10
1220.5141
20
-694.0733
30
0.0
0
SEQEND
0
POLYLINE
8
TRACED_VECTOR
66
1
70
0
0
VERTEX
8
TRACED_VECTOR
10
659.0507
20
-713.7671
30
0.0
0
VERTEX
8
TRACED_VECTOR
10
657.1912
20
-716.8470
30
0.0
0
SEQEND
0
POLYLINE
8
TRACED_VECTOR
66
1
70
0
0
VERTEX
8
TRACED_VECTOR
10
674.4793
20
-712.5755
30
0.0
0
VERTEX
8
TRACED_VECTOR
10
678.5337
20
-713.8919
30
0.0
0
SEQEND
0
POLYLINE
8
TRACED_VECTOR
66
1
70
0
0
VERTEX
8
TRACED_VECTOR
10
1525.1204
20
-670.9195
30
0.0
0
VERTEX
8
TRACED_VECTOR
10
1523.7817
20
-674.4755
30
0.0
0
SEQEND
0
POLYLINE
8
TRACED_VECTOR
66
1
70
0
0
VERTEX
8
TRACED_VECTOR
10
1456.2942
20
-673.0083
30
0.0
0
VERTEX
8
TRACED_VECTOR
10
1460.5201
20
-767.2091
30
0.0
0
SEQEND
0
POLYLINE
8
TRACED_VECTOR
66
1
70
0
0
VERTEX
8
TRACED_VECTOR
10
1526.5486
20
-669.3572
30
0.0
0
VERTEX
8
TRACED_VECTOR
10
1534.0696
20
-670.0187
30
0.0
0
VERTEX
8
TRACED_VECTOR
10
1541.2039
20
-673.1946
30
0.0
0
VERTEX
8
TRACED_VECTOR
10
1547.4532
20
-678.9072
30
0.0
0
VERTEX
8
TRACED_VECTOR
10
1551.8430
20
-687.6999
30
0.0
0
VERTEX
8
TRACED_VECTOR
10
1553.7687
20
-764.0247
30
0.0
0
SEQEND
0
POLYLINE
8
TRACED_VECTOR
66
1
70
0
0
VERTEX
8
TRACED_VECTOR
10
1520.0692
20
-669.6479
30
0.0
0
VERTEX
8
TRACED_VECTOR
10
1523.5581
20
-669.4914
30
0.0
0
SEQEND
0
POLYLINE
8
TRACED_VECTOR
66
1
70
0
0
VERTEX
8
TRACED_VECTOR
10
1382.0077
20
-675.8414
30
0.0
0
VERTEX
8
TRACED_VECTOR
10
1385.4734
20
-753.0960
30
0.0
0
SEQEND
0
POLYLINE
8
TRACED_VECTOR
66
1
70
0
0
VERTEX
8
TRACED_VECTOR
10
1306.7468
20
-679.2176
30
0.0
0
VERTEX
8
TRACED_VECTOR
10
1310.9726
20
-773.4184
30
0.0
0
SEQEND
0
POLYLINE
8
TRACED_VECTOR
66
1
70
0
0
VERTEX
8
TRACED_VECTOR
10
1235.9716
20
-682.3926
30
0.0
0
VERTEX
8
TRACED_VECTOR
10
1236.4411
20
-692.8594
30
0.0
0
SEQEND
0
POLYLINE
8
TRACED_VECTOR
66
1
70
0
0
VERTEX
8
TRACED_VECTOR
10
1231.9842
20
-682.5715
30
0.0
0
VERTEX
8
TRACED_VECTOR
10
1232.4314
20
-692.5398
30
0.0
0
SEQEND
0
POLYLINE
8
TRACED_VECTOR
66
1
70
0
0
VERTEX
8
TRACED_VECTOR
10
1227.4985
20
-682.7727
30
0.0
0
VERTEX
8
TRACED_VECTOR
10
1227.2907
20
-689.2745
30
0.0
0
SEQEND
0
POLYLINE
8
TRACED_VECTOR
66
1
70
0
0
VERTEX
8
TRACED_VECTOR
10
1144.7613
20
-686.4843
30
0.0
0
VERTEX
8
TRACED_VECTOR
10
1148.9648
20
-780.1867
30
0.0
0
SEQEND
0
POLYLINE
8
TRACED_VECTOR
66
1
70
0
0
VERTEX
8
TRACED_VECTOR
10
1057.0175
20
-689.9211
30
0.0
0
VERTEX
8
TRACED_VECTOR
10
1060.0519
20
-768.6934
30
0.0
0
SEQEND
0
POLYLINE
8
TRACED_VECTOR
66
1
70
0
0
VERTEX
8
TRACED_VECTOR
10
969.2962
20
-693.8563
30
0.0
0
VERTEX
8
TRACED_VECTOR
10
970.0852
20
-700.3134
30
0.0
0
SEQEND
0
POLYLINE
8
TRACED_VECTOR
66
1
70
0
0
VERTEX
8
TRACED_VECTOR
10
1457.7224
20
-671.4459
30
0.0
0
VERTEX
8
TRACED_VECTOR
10
1517.0563
20
-669.2836
30
0.0
0
SEQEND
0
POLYLINE
8
TRACED_VECTOR
66
1
70
0
0
VERTEX
8
TRACED_VECTOR
10
867.5968
20
-697.9192
30
0.0
0
VERTEX
8
TRACED_VECTOR
10
870.9283
20
-772.1833
30
0.0
0
SEQEND
0
POLYLINE
8
TRACED_VECTOR
66
1
70
0
0
VERTEX
8
TRACED_VECTOR
10
182.7719
20
-728.6407
30
0.0
0
VERTEX
8
TRACED_VECTOR
10
182.6984
20
-738.1330
30
0.0
0
SEQEND
0
POLYLINE
8
TRACED_VECTOR
66
1
70
0
0
VERTEX
8
TRACED_VECTOR
10
84.0854
20
-733.0678
30
0.0
0
VERTEX
8
TRACED_VECTOR
10
83.8777
20
-739.5696
30
0.0
0
SEQEND
0
POLYLINE
8
TRACED_VECTOR
66
1
70
0
0
VERTEX
8
TRACED_VECTOR
10
1383.4359
20
-674.2790
30
0.0
0
VERTEX
8
TRACED_VECTOR
10
1454.7319
20
-671.5801
30
0.0
0
SEQEND
0
POLYLINE
8
TRACED_VECTOR
66
1
70
0
0
VERTEX
8
TRACED_VECTOR
10
1308.1749
20
-677.6553
30
0.0
0
VERTEX
8
TRACED_VECTOR
10
1380.4454
20
-674.4132
30
0.0
0
SEQEND
0
POLYLINE
8
TRACED_VECTOR
66
1
70
0
0
VERTEX
8
TRACED_VECTOR
10
1237.3997
20
-680.8303
30
0.0
0
VERTEX
8
TRACED_VECTOR
10
1305.1844
20
-677.7894
30
0.0
0
SEQEND
0
POLYLINE
8
TRACED_VECTOR
66
1
70
0
0
VERTEX
8
TRACED_VECTOR
10
1146.1894
20
-684.9220
30
0.0
0
VERTEX
8
TRACED_VECTOR
10
1225.9361
20
-681.3445
30
0.0
0
SEQEND
0
POLYLINE
8
TRACED_VECTOR
66
1
70
0
0
VERTEX
8
TRACED_VECTOR
10
1058.4457
20
-688.3588
30
0.0
0
VERTEX
8
TRACED_VECTOR
10
1143.1989
20
-685.0562
30
0.0
0
SEQEND
0
POLYLINE
8
TRACED_VECTOR
66
1
70
0
0
VERTEX
8
TRACED_VECTOR
10
970.7243
20
-692.2940
30
0.0
0
VERTEX
8
TRACED_VECTOR
10
1055.4552
20
-688.4930
30
0.0
0
SEQEND
0
POLYLINE
8
TRACED_VECTOR
66
1
70
0
0
VERTEX
8
TRACED_VECTOR
10
85.5359
20
-732.0039
30
0.0
0
VERTEX
8
TRACED_VECTOR
10
86.5775
20
-732.9560
30
0.0
0
VERTEX
8
TRACED_VECTOR
10
88.5488
20
-732.3681
30
0.0
0
SEQEND
0
POLYLINE
8
TRACED_VECTOR
66
1
70
0
0
VERTEX
8
TRACED_VECTOR
10
874.5075
20
-696.1109
30
0.0
0
VERTEX
8
TRACED_VECTOR
10
967.7338
20
-692.4282
30
0.0
0
SEQEND
0
POLYLINE
8
TRACED_VECTOR
66
1
70
0
0
VERTEX
8
TRACED_VECTOR
10
869.0249
20
-696.3569
30
0.0
0
VERTEX
8
TRACED_VECTOR
10
871.5170
20
-696.2451
30
0.0
0
SEQEND
0
POLYLINE
8
TRACED_VECTOR
66
1
70
0
0
VERTEX
8
TRACED_VECTOR
10
863.5423
20
-696.6028
30
0.0
0
VERTEX
8
TRACED_VECTOR
10
866.0344
20
-696.4910
30
0.0
0
SEQEND
0
POLYLINE
8
TRACED_VECTOR
66
1
70
0
0
VERTEX
8
TRACED_VECTOR
10
33.6782
20
-733.8308
30
0.0
0
VERTEX
8
TRACED_VECTOR
10
42.9733
20
-1219.3494
30
0.0
0
SEQEND
0
POLYLINE
8
TRACED_VECTOR
66
1
70
0
0
VERTEX
8
TRACED_VECTOR
10
855.5453
20
-696.4621
30
0.0
0
VERTEX
8
TRACED_VECTOR
10
860.5295
20
-696.2385
30
0.0
0
SEQEND
0
POLYLINE
8
TRACED_VECTOR
66
1
70
0
0
VERTEX
8
TRACED_VECTOR
10
842.0881
20
-697.0658
30
0.0
0
VERTEX
8
TRACED_VECTOR
10
848.5675
20
-696.7752
30
0.0
0
SEQEND
0
POLYLINE
8
TRACED_VECTOR
66
1
70
0
0
VERTEX
8
TRACED_VECTOR
10
35.1064
20
-732.2685
30
0.0
0
VERTEX
8
TRACED_VECTOR
10
38.6177
20
-732.6104
30
0.0
0
SEQEND
0
POLYLINE
8
TRACED_VECTOR
66
1
70
0
0
VERTEX
8
TRACED_VECTOR
10
342.0865
20
-717.4984
30
0.0
0
VERTEX
8
TRACED_VECTOR
10
345.5680
20
-806.2390
30
0.0
0
SEQEND
0
POLYLINE
8
TRACED_VECTOR
66
1
70
0
0
VERTEX
8
TRACED_VECTOR
10
419.1622
20
-710.0454
30
0.0
0
VERTEX
8
TRACED_VECTOR
10
422.8673
20
-803.7701
30
0.0
0
SEQEND
0
POLYLINE
8
TRACED_VECTOR
66
1
70
0
0
VERTEX
8
TRACED_VECTOR
10
335.8595
20
-712.2841
30
0.0
0
VERTEX
8
TRACED_VECTOR
10
337.9873
20
-715.1852
30
0.0
0
VERTEX
8
TRACED_VECTOR
10
340.5242
20
-716.0702
30
0.0
0
SEQEND
0
POLYLINE
8
TRACED_VECTOR
66
1
70
0
0
VERTEX
8
TRACED_VECTOR
10
309.4434
20
-713.4692
30
0.0
0
VERTEX
8
TRACED_VECTOR
10
308.6031
20
-717.0028
30
0.0
0
SEQEND
0
POLYLINE
8
TRACED_VECTOR
66
1
70
0
0
VERTEX
8
TRACED_VECTOR
10
347.2784
20
-710.7730
30
0.0
0
VERTEX
8
TRACED_VECTOR
10
417.5999
20
-708.6172
30
0.0
0
SEQEND
0
POLYLINE
8
TRACED_VECTOR
66
1
70
0
0
VERTEX
8
TRACED_VECTOR
10
310.8716
20
-711.9068
30
0.0
0
VERTEX
8
TRACED_VECTOR
10
334.2972
20
-710.8560
30
0.0
0
SEQEND
0
POLYLINE
8
TRACED_VECTOR
66
1
70
0
0
VERTEX
8
TRACED_VECTOR
10
260.5091
20
-713.6667
30
0.0
0
VERTEX
8
TRACED_VECTOR
10
251.2404
20
-718.5773
30
0.0
0
VERTEX
8
TRACED_VECTOR
10
246.4799
20
-723.7850
30
0.0
0
VERTEX
8
TRACED_VECTOR
10
242.0100
20
-735.4722
30
0.0
0
VERTEX
8
TRACED_VECTOR
10
243.8015
20
-808.8066
30
0.0
0
VERTEX
8
TRACED_VECTOR
10
242.6742
20
-761.4123
30
0.0
0
SEQEND
0
POLYLINE
8
TRACED_VECTOR
66
1
70
0
0
VERTEX
8
TRACED_VECTOR
10
340.2111
20
-709.0924
30
0.0
0
VERTEX
8
TRACED_VECTOR
10
339.3484
20
-712.1276
30
0.0
0
VERTEX
8
TRACED_VECTOR
10
342.3837
20
-712.9903
30
0.0
0
SEQEND
0
POLYLINE
8
TRACED_VECTOR
66
1
70
0
0
VERTEX
8
TRACED_VECTOR
10
419.3923
20
-704.0420
30
0.0
0
VERTEX
8
TRACED_VECTOR
10
419.0281
20
-707.0549
30
0.0
0
SEQEND
0
POLYLINE
8
TRACED_VECTOR
66
1
70
0
0
VERTEX
8
TRACED_VECTOR
10
674.0386
20
-691.6197
30
0.0
0
VERTEX
8
TRACED_VECTOR
10
679.2017
20
-695.3834
30
0.0
0
VERTEX
8
TRACED_VECTOR
10
679.9013
20
-699.8468
30
0.0
0
VERTEX
8
TRACED_VECTOR
10
677.5434
20
-702.9491
30
0.0
0
VERTEX
8
TRACED_VECTOR
10
673.1024
20
-704.1472
30
0.0
0
VERTEX
8
TRACED_VECTOR
10
670.6997
20
-706.2526
30
0.0
0
VERTEX
8
TRACED_VECTOR
10
672.3962
20
-710.6713
30
0.0
0
SEQEND
0
POLYLINE
8
TRACED_VECTOR
66
1
70
0
0
VERTEX
8
TRACED_VECTOR
10
343.5882
20
-706.4438
30
0.0
0
VERTEX
8
TRACED_VECTOR
10
345.7161
20
-709.3449
30
0.0
0
SEQEND
0
POLYLINE
8
TRACED_VECTOR
66
1
70
0
0
VERTEX
8
TRACED_VECTOR
10
339.5562
20
-705.6258
30
0.0
0
VERTEX
8
TRACED_VECTOR
10
335.7254
20
-709.2936
30
0.0
0
VERTEX
8
TRACED_VECTOR
10
337.1535
20
-707.7313
30
0.0
0
SEQEND
0
POLYLINE
8
TRACED_VECTOR
66
1
70
0
0
VERTEX
8
TRACED_VECTOR
10
32.3590
20
-704.4242
30
0.0
0
VERTEX
8
TRACED_VECTOR
10
33.5217
20
-730.3419
30
0.0
0
SEQEND
0
POLYLINE
8
TRACED_VECTOR
66
1
70
0
0
VERTEX
8
TRACED_VECTOR
10
587.4454
20
-665.0397
30
0.0
0
VERTEX
8
TRACED_VECTOR
10
583.4292
20
-675.7076
30
0.0
0
SEQEND
0
POLYLINE
8
TRACED_VECTOR
66
1
70
0
0
VERTEX
8
TRACED_VECTOR
10
1448.2403
20
-615.9363
30
0.0
0
VERTEX
8
TRACED_VECTOR
10
1448.8282
20
-617.9076
30
0.0
0
VERTEX
8
TRACED_VECTOR
10
1451.4097
20
-619.7895
30
0.0
0
VERTEX
8
TRACED_VECTOR
10
1456.8475
20
-618.5467
30
0.0
0
VERTEX
8
TRACED_VECTOR
10
1458.2086
20
-615.4891
30
0.0
0
SEQEND
0
POLYLINE
8
TRACED_VECTOR
66
1
70
0
0
VERTEX
8
TRACED_VECTOR
10
1381.3854
20
-617.4372
30
0.0
0
VERTEX
8
TRACED_VECTOR
10
1446.2019
20
-615.0289
30
0.0
0
SEQEND
0
POLYLINE
8
TRACED_VECTOR
66
1
70
0
0
VERTEX
8
TRACED_VECTOR
10
1306.1020
20
-620.3150
30
0.0
0
VERTEX
8
TRACED_VECTOR
10
1378.3949
20
-617.5713
30
0.0
0
SEQEND
0
POLYLINE
8
TRACED_VECTOR
66
1
70
0
0
VERTEX
8
TRACED_VECTOR
10
1234.8061
20
-623.0139
30
0.0
0
VERTEX
8
TRACED_VECTOR
10
1303.1115
20
-620.4491
30
0.0
0
SEQEND
0
POLYLINE
8
TRACED_VECTOR
66
1
70
0
0
VERTEX
8
TRACED_VECTOR
10
81.9678
20
-674.7307
30
0.0
0
VERTEX
8
TRACED_VECTOR
10
83.9512
20
-730.0773
30
0.0
0
SEQEND
0
POLYLINE
8
TRACED_VECTOR
66
1
70
0
0
VERTEX
8
TRACED_VECTOR
10
1156.5323
20
-626.0259
30
0.0
0
VERTEX
8
TRACED_VECTOR
10
1223.8409
20
-623.5058
30
0.0
0
SEQEND
0
POLYLINE
8
TRACED_VECTOR
66
1
70
0
0
VERTEX
8
TRACED_VECTOR
10
1081.7474
20
-628.8813
30
0.0
0
VERTEX
8
TRACED_VECTOR
10
1153.5418
20
-626.1600
30
0.0
0
SEQEND
0
POLYLINE
8
TRACED_VECTOR
66
1
70
0
0
VERTEX
8
TRACED_VECTOR
10
1005.9656
20
-631.7815
30
0.0
0
VERTEX
8
TRACED_VECTOR
10
1078.7569
20
-629.0155
30
0.0
0
SEQEND
0
POLYLINE
8
TRACED_VECTOR
66
1
70
0
0
VERTEX
8
TRACED_VECTOR
10
83.3960
20
-673.1683
30
0.0
0
VERTEX
8
TRACED_VECTOR
10
85.8881
20
-673.0565
30
0.0
0
SEQEND
0
POLYLINE
8
TRACED_VECTOR
66
1
70
0
0
VERTEX
8
TRACED_VECTOR
10
930.6823
20
-634.6593
30
0.0
0
VERTEX
8
TRACED_VECTOR
10
1002.9751
20
-631.9157
30
0.0
0
SEQEND
0
POLYLINE
8
TRACED_VECTOR
66
1
70
0
0
VERTEX
8
TRACED_VECTOR
10
856.8719
20
-636.9717
30
0.0
0
VERTEX
8
TRACED_VECTOR
10
927.6918
20
-634.7935
30
0.0
0
SEQEND
0
POLYLINE
8
TRACED_VECTOR
66
1
70
0
0
VERTEX
8
TRACED_VECTOR
10
849.8941
20
-637.2847
30
0.0
0
VERTEX
8
TRACED_VECTOR
10
853.8814
20
-637.1058
30
0.0
0
SEQEND
0
POLYLINE
8
TRACED_VECTOR
66
1
70
0
0
VERTEX
8
TRACED_VECTOR
10
839.4273
20
-637.7542
30
0.0
0
VERTEX
8
TRACED_VECTOR
10
846.9036
20
-637.4188
30
0.0
0
SEQEND
0
POLYLINE
8
TRACED_VECTOR
66
1
70
0
0
VERTEX
8
TRACED_VECTOR
10
136.6595
20
-669.2806
30
0.0
0
VERTEX
8
TRACED_VECTOR
10
136.7713
20
-671.7727
30
0.0
0
SEQEND
0
POLYLINE
8
TRACED_VECTOR
66
1
70
0
0
VERTEX
8
TRACED_VECTOR
10
1454.9498
20
-609.6422
30
0.0
0
VERTEX
8
TRACED_VECTOR
10
1458.0968
20
-612.9970
30
0.0
0
SEQEND
0
POLYLINE
8
TRACED_VECTOR
66
1
70
0
0
VERTEX
8
TRACED_VECTOR
10
1450.9625
20
-609.8211
30
0.0
0
VERTEX
8
TRACED_VECTOR
10
1448.1285
20
-613.4442
30
0.0
0
VERTEX
8
TRACED_VECTOR
10
1449.0359
20
-611.4058
30
0.0
0
SEQEND
0
POLYLINE
8
TRACED_VECTOR
66
1
70
0
0
VERTEX
8
TRACED_VECTOR
10
180.4978
20
-666.8146
30
0.0
0
VERTEX
8
TRACED_VECTOR
10
182.6378
20
-725.6502
30
0.0
0
SEQEND
0
POLYLINE
8
TRACED_VECTOR
66
1
70
0
0
VERTEX
8
TRACED_VECTOR
10
92.2780
20
-670.7722
30
0.0
0
VERTEX
8
TRACED_VECTOR
10
89.8307
20
-671.8808
30
0.0
0
VERTEX
8
TRACED_VECTOR
10
89.4217
20
-673.8968
30
0.0
0
VERTEX
8
TRACED_VECTOR
10
93.9522
20
-674.6924
30
0.0
0
VERTEX
8
TRACED_VECTOR
10
94.5400
20
-676.6638
30
0.0
0
VERTEX
8
TRACED_VECTOR
10
93.5879
20
-677.7053
30
0.0
0
VERTEX
8
TRACED_VECTOR
10
89.5782
20
-677.3858
30
0.0
0
SEQEND
0
POLYLINE
8
TRACED_VECTOR
66
1
70
0
0
VERTEX
8
TRACED_VECTOR
10
138.0653
20
-667.2199
30
0.0
0
VERTEX
8
TRACED_VECTOR
10
178.4594
20
-665.9072
30
0.0
0
SEQEND
0
POLYLINE
8
TRACED_VECTOR
66
1
70
0
0
VERTEX
8
TRACED_VECTOR
10
93.2078
20
-669.2322
30
0.0
0
VERTEX
8
TRACED_VECTOR
10
135.0972
20
-667.8525
30
0.0
0
SEQEND
0
POLYLINE
8
TRACED_VECTOR
66
1
70
0
0
VERTEX
8
TRACED_VECTOR
10
83.2395
20
-669.6794
30
0.0
0
VERTEX
8
TRACED_VECTOR
10
89.2205
20
-669.4111
30
0.0
0
SEQEND
0
POLYLINE
8
TRACED_VECTOR
66
1
70
0
0
VERTEX
8
TRACED_VECTOR
10
1233.0425
20
-617.1000
30
0.0
0
VERTEX
8
TRACED_VECTOR
10
1233.2437
20
-621.5857
30
0.0
0
SEQEND
0
POLYLINE
8
TRACED_VECTOR
66
1
70
0
0
VERTEX
8
TRACED_VECTOR
10
1224.5023
20
-615.9848
30
0.0
0
VERTEX
8
TRACED_VECTOR
10
1225.2691
20
-621.9435
30
0.0
0
SEQEND
0
POLYLINE
8
TRACED_VECTOR
66
1
70
0
0
VERTEX
8
TRACED_VECTOR
10
416.4344
20
-649.2385
30
0.0
0
VERTEX
8
TRACED_VECTOR
10
417.0605
20
-663.1942
30
0.0
0
SEQEND
0
POLYLINE
8
TRACED_VECTOR
66
1
70
0
0
VERTEX
8
TRACED_VECTOR
10
326.6746
20
-652.2664
30
0.0
0
VERTEX
8
TRACED_VECTOR
10
330.8409
20
-656.0748
30
0.0
0
VERTEX
8
TRACED_VECTOR
10
334.3298
20
-655.9183
30
0.0
0
VERTEX
8
TRACED_VECTOR
10
335.7579
20
-654.3560
30
0.0
0
SEQEND
0
POLYLINE
8
TRACED_VECTOR
66
1
70
0
0
VERTEX
8
TRACED_VECTOR
10
1229.2853
20
-611.2755
30
0.0
0
VERTEX
8
TRACED_VECTOR
10
1229.7548
20
-621.7423
30
0.0
0
SEQEND
0
POLYLINE
8
TRACED_VECTOR
66
1
70
0
0
VERTEX
8
TRACED_VECTOR
10
1224.3011
20
-611.4991
30
0.0
0
VERTEX
8
TRACED_VECTOR
10
1224.4353
20
-614.4896
30
0.0
0
SEQEND
0
POLYLINE
8
TRACED_VECTOR
66
1
70
0
0
VERTEX
8
TRACED_VECTOR
10
338.5919
20
-650.7329
30
0.0
0
VERTEX
8
TRACED_VECTOR
10
414.8721
20
-647.8104
30
0.0
0
SEQEND
0
POLYLINE
8
TRACED_VECTOR
66
1
70
0
0
VERTEX
8
TRACED_VECTOR
10
780.5759
20
-628.4082
30
0.0
0
VERTEX
8
TRACED_VECTOR
10
786.7964
20
-644.6101
30
0.0
0
SEQEND
0
POLYLINE
8
TRACED_VECTOR
66
1
70
0
0
VERTEX
8
TRACED_VECTOR
10
333.3842
20
-645.9723
30
0.0
0
VERTEX
8
TRACED_VECTOR
10
335.9433
20
-647.3558
30
0.0
0
VERTEX
8
TRACED_VECTOR
10
336.5312
20
-649.3271
30
0.0
0
SEQEND
0
POLYLINE
8
TRACED_VECTOR
66
1
70
0
0
VERTEX
8
TRACED_VECTOR
10
329.8953
20
-646.1288
30
0.0
0
VERTEX
8
TRACED_VECTOR
10
326.5629
20
-649.7743
30
0.0
0
VERTEX
8
TRACED_VECTOR
10
327.4926
20
-648.2343
30
0.0
0
SEQEND
0
POLYLINE
8
TRACED_VECTOR
66
1
70
0
0
VERTEX
8
TRACED_VECTOR
10
1213.6396
20
-596.4954
30
0.0
0
VERTEX
8
TRACED_VECTOR
10
1213.8185
20
-600.4827
30
0.0
0
VERTEX
8
TRACED_VECTOR
10
1215.4479
20
-603.4061
30
0.0
0
VERTEX
8
TRACED_VECTOR
10
1222.1286
20
-607.6012
30
0.0
0
SEQEND
0
POLYLINE
8
TRACED_VECTOR
66
1
70
0
0
VERTEX
8
TRACED_VECTOR
10
94.5148
20
-642.7043
30
0.0
0
VERTEX
8
TRACED_VECTOR
10
90.2080
20
-646.8929
30
0.0
0
VERTEX
8
TRACED_VECTOR
10
91.4731
20
-652.8292
30
0.0
0
VERTEX
8
TRACED_VECTOR
10
90.8340
20
-660.8486
30
0.0
0
SEQEND
0
POLYLINE
8
TRACED_VECTOR
66
1
70
0
0
VERTEX
8
TRACED_VECTOR
10
1223.1161
20
-585.0830
30
0.0
0
VERTEX
8
TRACED_VECTOR
10
1224.0552
20
-606.0165
30
0.0
0
SEQEND
0
POLYLINE
8
TRACED_VECTOR
66
1
70
0
0
VERTEX
8
TRACED_VECTOR
10
413.6907
20
-576.9457
30
0.0
0
VERTEX
8
TRACED_VECTOR
10
416.7987
20
-646.2257
30
0.0
0
SEQEND
0
POLYLINE
8
TRACED_VECTOR
66
1
70
0
0
VERTEX
8
TRACED_VECTOR
10
925.5202
20
-552.9860
30
0.0
0
VERTEX
8
TRACED_VECTOR
10
929.1200
20
-633.2312
30
0.0
0
SEQEND
0
POLYLINE
8
TRACED_VECTOR
66
1
70
0
0
VERTEX
8
TRACED_VECTOR
10
409.0485
20
-573.6580
30
0.0
0
VERTEX
8
TRACED_VECTOR
10
412.1284
20
-575.5176
30
0.0
0
SEQEND
0
POLYLINE
8
TRACED_VECTOR
66
1
70
0
0
VERTEX
8
TRACED_VECTOR
10
632.6141
20
-558.6346
30
0.0
0
VERTEX
8
TRACED_VECTOR
10
588.8289
20
-662.4805
30
0.0
0
SEQEND
0
POLYLINE
8
TRACED_VECTOR
66
1
70
0
0
VERTEX
8
TRACED_VECTOR
10
1550.1325
20
-515.9762
30
0.0
0
VERTEX
8
TRACED_VECTOR
10
1551.7452
20
-585.3232
30
0.0
0
VERTEX
8
TRACED_VECTOR
10
1550.1987
20
-595.3810
30
0.0
0
VERTEX
8
TRACED_VECTOR
10
1547.9302
20
-600.4769
30
0.0
0
VERTEX
8
TRACED_VECTOR
10
1543.6680
20
-605.6623
30
0.0
0
VERTEX
8
TRACED_VECTOR
10
1536.3930
20
-610.4835
30
0.0
0
VERTEX
8
TRACED_VECTOR
10
1530.9775
20
-612.2247
30
0.0
0
VERTEX
8
TRACED_VECTOR
10
1460.1352
20
-613.9044
30
0.0
0
SEQEND
0
POLYLINE
8
TRACED_VECTOR
66
1
70
0
0
VERTEX
8
TRACED_VECTOR
10
1449.9060
20
-519.4735
30
0.0
0
VERTEX
8
TRACED_VECTOR
10
1453.8859
20
-608.1917
30
0.0
0
SEQEND
0
POLYLINE
8
TRACED_VECTOR
66
1
70
0
0
VERTEX
8
TRACED_VECTOR
10
1376.1403
20
-522.7827
30
0.0
0
VERTEX
8
TRACED_VECTOR
10
1379.8230
20
-616.0090
30
0.0
0
SEQEND
0
POLYLINE
8
TRACED_VECTOR
66
1
70
0
0
VERTEX
8
TRACED_VECTOR
10
175.9524
20
-576.6235
30
0.0
0
VERTEX
8
TRACED_VECTOR
10
180.3860
20
-664.3225
30
0.0
0
SEQEND
0
POLYLINE
8
TRACED_VECTOR
66
1
70
0
0
VERTEX
8
TRACED_VECTOR
10
77.2659
20
-581.0506
30
0.0
0
VERTEX
8
TRACED_VECTOR
10
81.5206
20
-664.7623
30
0.0
0
SEQEND
0
POLYLINE
8
TRACED_VECTOR
66
1
70
0
0
VERTEX
8
TRACED_VECTOR
10
1541.5923
20
-514.8610
30
0.0
0
VERTEX
8
TRACED_VECTOR
10
1548.5702
20
-514.5480
30
0.0
0
SEQEND
0
POLYLINE
8
TRACED_VECTOR
66
1
70
0
0
VERTEX
8
TRACED_VECTOR
10
1300.8570
20
-525.6605
30
0.0
0
VERTEX
8
TRACED_VECTOR
10
1304.5397
20
-618.8868
30
0.0
0
SEQEND
0
POLYLINE
8
TRACED_VECTOR
66
1
70
0
0
VERTEX
8
TRACED_VECTOR
10
1150.8335
20
-532.3906
30
0.0
0
VERTEX
8
TRACED_VECTOR
10
1154.9699
20
-624.5977
30
0.0
0
SEQEND
0
POLYLINE
8
TRACED_VECTOR
66
1
70
0
0
VERTEX
8
TRACED_VECTOR
10
1076.0486
20
-535.2460
30
0.0
0
VERTEX
8
TRACED_VECTOR
10
1080.1850
20
-627.4532
30
0.0
0
SEQEND
0
POLYLINE
8
TRACED_VECTOR
66
1
70
0
0
VERTEX
8
TRACED_VECTOR
10
1000.7876
20
-538.6223
30
0.0
0
VERTEX
8
TRACED_VECTOR
10
1004.4033
20
-630.3533
30
0.0
0
SEQEND
0
POLYLINE
8
TRACED_VECTOR
66
1
70
0
0
VERTEX
8
TRACED_VECTOR
10
1451.8326
20
-517.8888
30
0.0
0
VERTEX
8
TRACED_VECTOR
10
1464.2930
20
-517.3298
30
0.0
0
SEQEND
0
POLYLINE
8
TRACED_VECTOR
66
1
70
0
0
VERTEX
8
TRACED_VECTOR
10
1377.5685
20
-521.2203
30
0.0
0
VERTEX
8
TRACED_VECTOR
10
1383.5718
20
-521.4504
30
0.0
0
SEQEND
0
POLYLINE
8
TRACED_VECTOR
66
1
70
0
0
VERTEX
8
TRACED_VECTOR
10
1368.5970
20
-521.6228
30
0.0
0
VERTEX
8
TRACED_VECTOR
10
1374.5780
20
-521.3545
30
0.0
0
SEQEND
0
POLYLINE
8
TRACED_VECTOR
66
1
70
0
0
VERTEX
8
TRACED_VECTOR
10
1302.2851
20
-524.0982
30
0.0
0
VERTEX
8
TRACED_VECTOR
10
1311.2790
20
-524.1941
30
0.0
0
SEQEND
0
POLYLINE
8
TRACED_VECTOR
66
1
70
0
0
VERTEX
8
TRACED_VECTOR
10
1294.3105
20
-524.4559
30
0.0
0
VERTEX
8
TRACED_VECTOR
10
1293.3360
20
-524.9990
30
0.0
0
VERTEX
8
TRACED_VECTOR
10
1298.2978
20
-524.2770
30
0.0
0
SEQEND
0
POLYLINE
8
TRACED_VECTOR
66
1
70
0
0
VERTEX
8
TRACED_VECTOR
10
1152.2617
20
-530.8283
30
0.0
0
VERTEX
8
TRACED_VECTOR
10
1160.2587
20
-530.9689
30
0.0
0
SEQEND
0
POLYLINE
8
TRACED_VECTOR
66
1
70
0
0
VERTEX
8
TRACED_VECTOR
10
1145.2838
20
-531.1413
30
0.0
0
VERTEX
8
TRACED_VECTOR
10
1149.2712
20
-530.9624
30
0.0
0
SEQEND
0
POLYLINE
8
TRACED_VECTOR
66
1
70
0
0
VERTEX
8
TRACED_VECTOR
10
851.7163
20
-544.3108
30
0.0
0
VERTEX
8
TRACED_VECTOR
10
855.3096
20
-635.5435
30
0.0
0
SEQEND
0
POLYLINE
8
TRACED_VECTOR
66
1
70
0
0
VERTEX
8
TRACED_VECTOR
10
92.6273
20
-578.3638
30
0.0
0
VERTEX
8
TRACED_VECTOR
10
79.1924
20
-579.4659
30
0.0
0
VERTEX
8
TRACED_VECTOR
10
160.9552
20
-576.2975
30
0.0
0
SEQEND
0
POLYLINE
8
TRACED_VECTOR
66
1
70
0
0
VERTEX
8
TRACED_VECTOR
10
1077.4768
20
-533.6837
30
0.0
0
VERTEX
8
TRACED_VECTOR
10
1086.4706
20
-533.7797
30
0.0
0
SEQEND
0
POLYLINE
8
TRACED_VECTOR
66
1
70
0
0
VERTEX
8
TRACED_VECTOR
10
1071.4958
20
-533.9520
30
0.0
0
VERTEX
8
TRACED_VECTOR
10
1074.4863
20
-533.8179
30
0.0
0
SEQEND
0
POLYLINE
8
TRACED_VECTOR
66
1
70
0
0
VERTEX
8
TRACED_VECTOR
10
1002.2158
20
-537.0600
30
0.0
0
VERTEX
8
TRACED_VECTOR
10
1010.6889
20
-536.6798
30
0.0
0
SEQEND
0
POLYLINE
8
TRACED_VECTOR
66
1
70
0
0
VERTEX
8
TRACED_VECTOR
10
995.2380
20
-537.3730
30
0.0
0
VERTEX
8
TRACED_VECTOR
10
999.2253
20
-537.1941
30
0.0
0
SEQEND
0
POLYLINE
8
TRACED_VECTOR
66
1
70
0
0
VERTEX
8
TRACED_VECTOR
10
748.0232
20
-548.4631
30
0.0
0
VERTEX
8
TRACED_VECTOR
10
779.4897
20
-626.4593
30
0.0
0
SEQEND
0
POLYLINE
8
TRACED_VECTOR
66
1
70
0
0
VERTEX
8
TRACED_VECTOR
10
403.1187
20
-563.9357
30
0.0
0
VERTEX
8
TRACED_VECTOR
10
408.2594
20
-567.2010
30
0.0
0
SEQEND
0
POLYLINE
8
TRACED_VECTOR
66
1
70
0
0
VERTEX
8
TRACED_VECTOR
10
1439.8035
20
-516.9302
30
0.0
0
VERTEX
8
TRACED_VECTOR
10
1439.9153
20
-519.4223
30
0.0
0
VERTEX
8
TRACED_VECTOR
10
1441.9760
20
-520.8281
30
0.0
0
SEQEND
0
POLYLINE
8
TRACED_VECTOR
66
1
70
0
0
VERTEX
8
TRACED_VECTOR
10
943.3803
20
-539.1999
30
0.0
0
VERTEX
8
TRACED_VECTOR
10
955.3423
20
-538.6633
30
0.0
0
SEQEND
0
POLYLINE
8
TRACED_VECTOR
66
1
70
0
0
VERTEX
8
TRACED_VECTOR
10
641.3396
20
-552.7496
30
0.0
0
VERTEX
8
TRACED_VECTOR
10
724.7719
20
-675.8594
30
0.0
0
SEQEND
0
POLYLINE
8
TRACED_VECTOR
66
1
70
0
0
VERTEX
8
TRACED_VECTOR
10
634.8602
20
-553.0402
30
0.0
0
VERTEX
8
TRACED_VECTOR
10
633.4991
20
-556.0978
30
0.0
0
SEQEND
0
POLYLINE
8
TRACED_VECTOR
66
1
70
0
0
VERTEX
8
TRACED_VECTOR
10
524.2117
20
-558.0040
30
0.0
0
VERTEX
8
TRACED_VECTOR
10
505.9864
20
-652.7125
30
0.0
0
SEQEND
0
POLYLINE
8
TRACED_VECTOR
66
1
70
0
0
VERTEX
8
TRACED_VECTOR
10
1441.7748
20
-516.3423
30
0.0
0
VERTEX
8
TRACED_VECTOR
10
1444.9665
20
-520.6939
30
0.0
0
SEQEND
0
POLYLINE
8
TRACED_VECTOR
66
1
70
0
0
VERTEX
8
TRACED_VECTOR
10
898.9988
20
-540.6915
30
0.0
0
VERTEX
8
TRACED_VECTOR
10
905.4782
20
-540.4008
30
0.0
0
SEQEND
0
POLYLINE
8
TRACED_VECTOR
66
1
70
0
0
VERTEX
8
TRACED_VECTOR
10
853.1444
20
-542.7485
30
0.0
0
VERTEX
8
TRACED_VECTOR
10
859.6239
20
-542.4578
30
0.0
0
SEQEND
0
POLYLINE
8
TRACED_VECTOR
66
1
70
0
0
VERTEX
8
TRACED_VECTOR
10
845.1698
20
-543.1063
30
0.0
0
VERTEX
8
TRACED_VECTOR
10
850.1539
20
-542.8827
30
0.0
0
SEQEND
0
POLYLINE
8
TRACED_VECTOR
66
1
70
0
0
VERTEX
8
TRACED_VECTOR
10
1445.7398
20
-515.6650
30
0.0
0
VERTEX
8
TRACED_VECTOR
10
1446.3947
20
-519.1316
30
0.0
0
SEQEND
0
POLYLINE
8
TRACED_VECTOR
66
1
70
0
0
VERTEX
8
TRACED_VECTOR
10
748.9530
20
-546.9232
30
0.0
0
VERTEX
8
TRACED_VECTOR
10
755.9308
20
-546.6101
30
0.0
0
SEQEND
0
POLYLINE
8
TRACED_VECTOR
66
1
70
0
0
VERTEX
8
TRACED_VECTOR
10
739.4830
20
-547.3480
30
0.0
0
VERTEX
8
TRACED_VECTOR
10
745.4640
20
-547.0797
30
0.0
0
SEQEND
0
POLYLINE
8
TRACED_VECTOR
66
1
70
0
0
VERTEX
8
TRACED_VECTOR
10
413.0200
20
-561.9932
30
0.0
0
VERTEX
8
TRACED_VECTOR
10
413.5566
20
-573.9552
30
0.0
0
SEQEND
0
POLYLINE
8
TRACED_VECTOR
66
1
70
0
0
VERTEX
8
TRACED_VECTOR
10
329.2859
20
-565.7496
30
0.0
0
VERTEX
8
TRACED_VECTOR
10
332.3203
20
-644.5218
30
0.0
0
SEQEND
0
POLYLINE
8
TRACED_VECTOR
66
1
70
0
0
VERTEX
8
TRACED_VECTOR
10
625.8216
20
-551.9474
30
0.0
0
VERTEX
8
TRACED_VECTOR
10
633.2979
20
-551.6121
30
0.0
0
SEQEND
0
POLYLINE
8
TRACED_VECTOR
66
1
70
0
0
VERTEX
8
TRACED_VECTOR
10
234.5644
20
-569.4994
30
0.0
0
VERTEX
8
TRACED_VECTOR
10
237.8577
20
-631.7791
30
0.0
0
VERTEX
8
TRACED_VECTOR
10
242.3369
20
-642.5654
30
0.0
0
VERTEX
8
TRACED_VECTOR
10
248.6086
20
-648.7765
30
0.0
0
VERTEX
8
TRACED_VECTOR
10
256.2637
20
-652.4285
30
0.0
0
VERTEX
8
TRACED_VECTOR
10
260.7942
20
-653.2241
30
0.0
0
VERTEX
8
TRACED_VECTOR
10
324.6363
20
-651.3590
30
0.0
0
SEQEND
0
POLYLINE
8
TRACED_VECTOR
66
1
70
0
0
VERTEX
8
TRACED_VECTOR
10
526.6143
20
-555.8985
30
0.0
0
VERTEX
8
TRACED_VECTOR
10
537.1034
20
-555.9274
30
0.0
0
SEQEND
0
POLYLINE
8
TRACED_VECTOR
66
1
70
0
0
VERTEX
8
TRACED_VECTOR
10
1225.3724
20
-524.0525
30
0.0
0
VERTEX
8
TRACED_VECTOR
10
1229.1735
20
-608.7834
30
0.0
0
SEQEND
0
POLYLINE
8
TRACED_VECTOR
66
1
70
0
0
VERTEX
8
TRACED_VECTOR
10
398.9972
20
-561.1240
30
0.0
0
VERTEX
8
TRACED_VECTOR
10
407.9687
20
-560.7216
30
0.0
0
SEQEND
0
POLYLINE
8
TRACED_VECTOR
66
1
70
0
0
VERTEX
8
TRACED_VECTOR
10
330.7141
20
-564.1872
30
0.0
0
VERTEX
8
TRACED_VECTOR
10
333.7046
20
-564.0531
30
0.0
0
SEQEND
0
POLYLINE
8
TRACED_VECTOR
66
1
70
0
0
VERTEX
8
TRACED_VECTOR
10
316.2600
20
-564.8357
30
0.0
0
VERTEX
8
TRACED_VECTOR
10
327.7236
20
-564.3214
30
0.0
0
SEQEND
0
POLYLINE
8
TRACED_VECTOR
66
1
70
0
0
VERTEX
8
TRACED_VECTOR
10
1445.1519
20
-513.6937
30
0.0
0
VERTEX
8
TRACED_VECTOR
10
1448.1424
20
-513.5596
30
0.0
0
SEQEND
0
POLYLINE
8
TRACED_VECTOR
66
1
70
0
0
VERTEX
8
TRACED_VECTOR
10
235.9925
20
-567.9371
30
0.0
0
VERTEX
8
TRACED_VECTOR
10
249.9482
20
-567.3110
30
0.0
0
SEQEND
0
POLYLINE
8
TRACED_VECTOR
66
1
70
0
0
VERTEX
8
TRACED_VECTOR
10
1453.6026
20
-512.8152
30
0.0
0
VERTEX
8
TRACED_VECTOR
10
1451.1329
20
-513.4254
30
0.0
0
VERTEX
8
TRACED_VECTOR
10
1545.8545
20
-509.6756
30
0.0
0
SEQEND
0
POLYLINE
8
TRACED_VECTOR
66
1
70
0
0
VERTEX
8
TRACED_VECTOR
10
1377.3449
20
-516.2362
30
0.0
0
VERTEX
8
TRACED_VECTOR
10
1439.6693
20
-513.9397
30
0.0
0
SEQEND
0
POLYLINE
8
TRACED_VECTOR
66
1
70
0
0
VERTEX
8
TRACED_VECTOR
10
1302.0839
20
-519.6124
30
0.0
0
VERTEX
8
TRACED_VECTOR
10
1374.3544
20
-516.3703
30
0.0
0
SEQEND
0
POLYLINE
8
TRACED_VECTOR
66
1
70
0
0
VERTEX
8
TRACED_VECTOR
10
1226.8006
20
-522.4902
30
0.0
0
VERTEX
8
TRACED_VECTOR
10
1299.0934
20
-519.7466
30
0.0
0
SEQEND
0
POLYLINE
8
TRACED_VECTOR
66
1
70
0
0
VERTEX
8
TRACED_VECTOR
10
1152.0381
20
-525.8441
30
0.0
0
VERTEX
8
TRACED_VECTOR
10
1223.8101
20
-522.6244
30
0.0
0
SEQEND
0
POLYLINE
8
TRACED_VECTOR
66
1
70
0
0
VERTEX
8
TRACED_VECTOR
10
1123.6283
20
-527.1186
30
0.0
0
VERTEX
8
TRACED_VECTOR
10
1149.0476
20
-525.9782
30
0.0
0
SEQEND
0
POLYLINE
8
TRACED_VECTOR
66
1
70
0
0
VERTEX
8
TRACED_VECTOR
10
1077.2755
20
-529.1980
30
0.0
0
VERTEX
8
TRACED_VECTOR
10
1121.6346
20
-527.2080
30
0.0
0
SEQEND
0
POLYLINE
8
TRACED_VECTOR
66
1
70
0
0
VERTEX
8
TRACED_VECTOR
10
1001.9922
20
-532.0758
30
0.0
0
VERTEX
8
TRACED_VECTOR
10
1073.7866
20
-529.3545
30
0.0
0
SEQEND
0
POLYLINE
8
TRACED_VECTOR
66
1
70
0
0
VERTEX
8
TRACED_VECTOR
10
944.1759
20
-534.6694
30
0.0
0
VERTEX
8
TRACED_VECTOR
10
999.0017
20
-532.2099
30
0.0
0
SEQEND
0
POLYLINE
8
TRACED_VECTOR
66
1
70
0
0
VERTEX
8
TRACED_VECTOR
10
906.2962
20
-536.3687
30
0.0
0
VERTEX
8
TRACED_VECTOR
10
906.9064
20
-538.8385
30
0.0
0
SEQEND
0
POLYLINE
8
TRACED_VECTOR
66
1
70
0
0
VERTEX
8
TRACED_VECTOR
10
852.9209
20
-537.7643
30
0.0
0
VERTEX
8
TRACED_VECTOR
10
904.2578
20
-535.4613
30
0.0
0
SEQEND
0
POLYLINE
8
TRACED_VECTOR
66
1
70
0
0
VERTEX
8
TRACED_VECTOR
10
778.6567
20
-541.0959
30
0.0
0
VERTEX
8
TRACED_VECTOR
10
849.9304
20
-537.8985
30
0.0
0
SEQEND
0
POLYLINE
8
TRACED_VECTOR
66
1
70
0
0
VERTEX
8
TRACED_VECTOR
10
1550.1837
20
-505.9855
30
0.0
0
VERTEX
8
TRACED_VECTOR
10
1550.2955
20
-508.4775
30
0.0
0
SEQEND
0
POLYLINE
8
TRACED_VECTOR
66
1
70
0
0
VERTEX
8
TRACED_VECTOR
10
747.2341
20
-542.0061
30
0.0
0
VERTEX
8
TRACED_VECTOR
10
776.6631
20
-541.1853
30
0.0
0
SEQEND
0
POLYLINE
8
TRACED_VECTOR
66
1
70
0
0
VERTEX
8
TRACED_VECTOR
10
702.8750
20
-543.9960
30
0.0
0
VERTEX
8
TRACED_VECTOR
10
744.2436
20
-542.1402
30
0.0
0
SEQEND
0
POLYLINE
8
TRACED_VECTOR
66
1
70
0
0
VERTEX
8
TRACED_VECTOR
10
638.5792
20
-546.8804
30
0.0
0
VERTEX
8
TRACED_VECTOR
10
700.8813
20
-544.0855
30
0.0
0
SEQEND
0
POLYLINE
8
TRACED_VECTOR
66
1
70
0
0
VERTEX
8
TRACED_VECTOR
10
629.6077
20
-547.2828
30
0.0
0
VERTEX
8
TRACED_VECTOR
10
636.0871
20
-546.9922
30
0.0
0
SEQEND
0
POLYLINE
8
TRACED_VECTOR
66
1
70
0
0
VERTEX
8
TRACED_VECTOR
10
553.8260
20
-550.1830
30
0.0
0
VERTEX
8
TRACED_VECTOR
10
626.6172
20
-547.4170
30
0.0
0
SEQEND
0
POLYLINE
8
TRACED_VECTOR
66
1
70
0
0
VERTEX
8
TRACED_VECTOR
10
526.9115
20
-551.3904
30
0.0
0
VERTEX
8
TRACED_VECTOR
10
551.3339
20
-550.2948
30
0.0
0
SEQEND
0
POLYLINE
8
TRACED_VECTOR
66
1
70
0
0
VERTEX
8
TRACED_VECTOR
10
479.0411
20
-553.0385
30
0.0
0
VERTEX
8
TRACED_VECTOR
10
523.9210
20
-551.5245
30
0.0
0
SEQEND
0
POLYLINE
8
TRACED_VECTOR
66
1
70
0
0
VERTEX
8
TRACED_VECTOR
10
1541.1451
20
-504.8927
30
0.0
0
VERTEX
8
TRACED_VECTOR
10
1548.6214
20
-504.5573
30
0.0
0
SEQEND
0
POLYLINE
8
TRACED_VECTOR
66
1
70
0
0
VERTEX
8
TRACED_VECTOR
10
419.7071
20
-555.2008
30
0.0
0
VERTEX
8
TRACED_VECTOR
10
413.7485
20
-555.9675
30
0.0
0
VERTEX
8
TRACED_VECTOR
10
470.0696
20
-553.4409
30
0.0
0
SEQEND
0
POLYLINE
8
TRACED_VECTOR
66
1
70
0
0
VERTEX
8
TRACED_VECTOR
10
408.2435
20
-555.7150
30
0.0
0
VERTEX
8
TRACED_VECTOR
10
403.2817
20
-556.4370
30
0.0
0
VERTEX
8
TRACED_VECTOR
10
405.7738
20
-556.3253
30
0.0
0
SEQEND
0
POLYLINE
8
TRACED_VECTOR
66
1
70
0
0
VERTEX
8
TRACED_VECTOR
10
330.4905
20
-559.2031
30
0.0
0
VERTEX
8
TRACED_VECTOR
10
400.7897
20
-556.5488
30
0.0
0
SEQEND
0
POLYLINE
8
TRACED_VECTOR
66
1
70
0
0
VERTEX
8
TRACED_VECTOR
10
1450.9093
20
-508.4413
30
0.0
0
VERTEX
8
TRACED_VECTOR
10
1462.3953
20
-508.4254
30
0.0
0
SEQEND
0
POLYLINE
8
TRACED_VECTOR
66
1
70
0
0
VERTEX
8
TRACED_VECTOR
10
1377.1436
20
-511.7504
30
0.0
0
VERTEX
8
TRACED_VECTOR
10
1385.6391
20
-511.8687
30
0.0
0
SEQEND
0
POLYLINE
8
TRACED_VECTOR
66
1
70
0
0
VERTEX
8
TRACED_VECTOR
10
1365.6800
20
-512.2647
30
0.0
0
VERTEX
8
TRACED_VECTOR
10
1374.1531
20
-511.8846
30
0.0
0
SEQEND
0
POLYLINE
8
TRACED_VECTOR
66
1
70
0
0
VERTEX
8
TRACED_VECTOR
10
1123.4494
20
-523.1312
30
0.0
0
VERTEX
8
TRACED_VECTOR
10
1123.0628
20
-525.6457
30
0.0
0
SEQEND
0
POLYLINE
8
TRACED_VECTOR
66
1
70
0
0
VERTEX
8
TRACED_VECTOR
10
235.7689
20
-562.9529
30
0.0
0
VERTEX
8
TRACED_VECTOR
10
327.5000
20
-559.3372
30
0.0
0
SEQEND
0
POLYLINE
8
TRACED_VECTOR
66
1
70
0
0
VERTEX
8
TRACED_VECTOR
10
1301.8603
20
-514.6282
30
0.0
0
VERTEX
8
TRACED_VECTOR
10
1306.3684
20
-514.9254
30
0.0
0
SEQEND
0
POLYLINE
8
TRACED_VECTOR
66
1
70
0
0
VERTEX
8
TRACED_VECTOR
10
1290.3967
20
-515.1425
30
0.0
0
VERTEX
8
TRACED_VECTOR
10
1298.8698
20
-514.7624
30
0.0
0
SEQEND
0
POLYLINE
8
TRACED_VECTOR
66
1
70
0
0
VERTEX
8
TRACED_VECTOR
10
1151.8368
20
-521.3583
30
0.0
0
VERTEX
8
TRACED_VECTOR
10
1156.3226
20
-521.1571
30
0.0
0
SEQEND
0
POLYLINE
8
TRACED_VECTOR
66
1
70
0
0
VERTEX
8
TRACED_VECTOR
10
1142.3669
20
-521.7832
30
0.0
0
VERTEX
8
TRACED_VECTOR
10
1148.8463
20
-521.4925
30
0.0
0
SEQEND
0
POLYLINE
8
TRACED_VECTOR
66
1
70
0
0
VERTEX
8
TRACED_VECTOR
10
1126.4176
20
-522.4987
30
0.0
0
VERTEX
8
TRACED_VECTOR
10
1135.8875
20
-522.0738
30
0.0
0
SEQEND
0
POLYLINE
8
TRACED_VECTOR
66
1
70
0
0
VERTEX
8
TRACED_VECTOR
10
1077.0519
20
-524.2138
30
0.0
0
VERTEX
8
TRACED_VECTOR
10
1084.0521
20
-524.3992
30
0.0
0
SEQEND
0
POLYLINE
8
TRACED_VECTOR
66
1
70
0
0
VERTEX
8
TRACED_VECTOR
10
1070.5725
20
-524.5045
30
0.0
0
VERTEX
8
TRACED_VECTOR
10
1074.0614
20
-524.3480
30
0.0
0
SEQEND
0
POLYLINE
8
TRACED_VECTOR
66
1
70
0
0
VERTEX
8
TRACED_VECTOR
10
1001.7910
20
-527.5900
30
0.0
0
VERTEX
8
TRACED_VECTOR
10
1006.7975
20
-527.8649
30
0.0
0
SEQEND
0
POLYLINE
8
TRACED_VECTOR
66
1
70
0
0
VERTEX
8
TRACED_VECTOR
10
993.8163
20
-527.9478
30
0.0
0
VERTEX
8
TRACED_VECTOR
10
992.8418
20
-528.4909
30
0.0
0
VERTEX
8
TRACED_VECTOR
10
997.8037
20
-527.7689
30
0.0
0
SEQEND
0
POLYLINE
8
TRACED_VECTOR
66
1
70
0
0
VERTEX
8
TRACED_VECTOR
10
943.9746
20
-530.1837
30
0.0
0
VERTEX
8
TRACED_VECTOR
10
952.4477
20
-529.8036
30
0.0
0
SEQEND
0
POLYLINE
8
TRACED_VECTOR
66
1
70
0
0
VERTEX
8
TRACED_VECTOR
10
896.6250
20
-532.3078
30
0.0
0
VERTEX
8
TRACED_VECTOR
10
904.5997
20
-531.9501
30
0.0
0
SEQEND
0
POLYLINE
8
TRACED_VECTOR
66
1
70
0
0
VERTEX
8
TRACED_VECTOR
10
835.7958
20
-534.5372
30
0.0
0
VERTEX
8
TRACED_VECTOR
10
849.7515
20
-533.9112
30
0.0
0
SEQEND
0
POLYLINE
8
TRACED_VECTOR
66
1
70
0
0
VERTEX
8
TRACED_VECTOR
10
779.4523
20
-536.5654
30
0.0
0
VERTEX
8
TRACED_VECTOR
10
787.9478
20
-536.6837
30
0.0
0
SEQEND
0
POLYLINE
8
TRACED_VECTOR
66
1
70
0
0
VERTEX
8
TRACED_VECTOR
10
703.1946
20
-539.9863
30
0.0
0
VERTEX
8
TRACED_VECTOR
10
708.2011
20
-540.2612
30
0.0
0
SEQEND
0
POLYLINE
8
TRACED_VECTOR
66
1
70
0
0
VERTEX
8
TRACED_VECTOR
10
688.2420
20
-540.6571
30
0.0
0
VERTEX
8
TRACED_VECTOR
10
700.2041
20
-540.1205
30
0.0
0
SEQEND
0
POLYLINE
8
TRACED_VECTOR
66
1
70
0
0
VERTEX
8
TRACED_VECTOR
10
612.9587
20
-543.5349
30
0.0
0
VERTEX
8
TRACED_VECTOR
10
626.4160
20
-542.9312
30
0.0
0
SEQEND
0
POLYLINE
8
TRACED_VECTOR
66
1
70
0
0
VERTEX
8
TRACED_VECTOR
10
554.1455
20
-546.1733
30
0.0
0
VERTEX
8
TRACED_VECTOR
10
562.1202
20
-545.8156
30
0.0
0
SEQEND
0
POLYLINE
8
TRACED_VECTOR
66
1
70
0
0
VERTEX
8
TRACED_VECTOR
10
478.8622
20
-549.0511
30
0.0
0
VERTEX
8
TRACED_VECTOR
10
488.8529
20
-549.1024
30
0.0
0
SEQEND
0
POLYLINE
8
TRACED_VECTOR
66
1
70
0
0
VERTEX
8
TRACED_VECTOR
10
403.5789
20
-551.9289
30
0.0
0
VERTEX
8
TRACED_VECTOR
10
407.0902
20
-552.2708
30
0.0
0
SEQEND
0
POLYLINE
8
TRACED_VECTOR
66
1
70
0
0
VERTEX
8
TRACED_VECTOR
10
391.1185
20
-552.4879
30
0.0
0
VERTEX
8
TRACED_VECTOR
10
390.1440
20
-553.0310
30
0.0
0
VERTEX
8
TRACED_VECTOR
10
399.5916
20
-552.1078
30
0.0
0
SEQEND
0
POLYLINE
8
TRACED_VECTOR
66
1
70
0
0
VERTEX
8
TRACED_VECTOR
10
321.8386
20
-555.5958
30
0.0
0
VERTEX
8
TRACED_VECTOR
10
327.3211
20
-555.3499
30
0.0
0
SEQEND
0
POLYLINE
8
TRACED_VECTOR
66
1
70
0
0
VERTEX
8
TRACED_VECTOR
10
335.7719
20
-554.4714
30
0.0
0
VERTEX
8
TRACED_VECTOR
10
330.3116
20
-555.2157
30
0.0
0
SEQEND
0
POLYLINE
8
TRACED_VECTOR
66
1
70
0
0
VERTEX
8
TRACED_VECTOR
10
235.5677
20
-558.4671
30
0.0
0
VERTEX
8
TRACED_VECTOR
10
245.0376
20
-558.0423
30
0.0
0
SEQEND
0
POLYLINE
8
TRACED_VECTOR
66
1
70
0
0
VERTEX
8
TRACED_VECTOR
10
758.2952
20
-532.5203
30
0.0
0
VERTEX
8
TRACED_VECTOR
10
756.5475
20
-538.0923
30
0.0
0
VERTEX
8
TRACED_VECTOR
10
746.0584
20
-538.0634
30
0.0
0
SEQEND
0
POLYLINE
8
TRACED_VECTOR
66
1
70
0
0
VERTEX
8
TRACED_VECTOR
10
1075.0201
20
-512.3189
30
0.0
0
VERTEX
8
TRACED_VECTOR
10
1075.4896
20
-522.7856
30
0.0
0
SEQEND
0
POLYLINE
8
TRACED_VECTOR
66
1
70
0
0
VERTEX
8
TRACED_VECTOR
10
1078.8733
20
-509.1495
30
0.0
0
VERTEX
8
TRACED_VECTOR
10
1076.4482
20
-510.7565
30
0.0
0
VERTEX
8
TRACED_VECTOR
10
1081.3653
20
-509.0377
30
0.0
0
VERTEX
8
TRACED_VECTOR
10
1081.9532
20
-511.0090
30
0.0
0
VERTEX
8
TRACED_VECTOR
10
1080.5250
20
-512.5713
30
0.0
0
SEQEND
0
POLYLINE
8
TRACED_VECTOR
66
1
70
0
0
VERTEX
8
TRACED_VECTOR
10
777.1969
20
-519.6863
30
0.0
0
VERTEX
8
TRACED_VECTOR
10
777.8900
20
-535.1372
30
0.0
0
SEQEND
0
POLYLINE
8
TRACED_VECTOR
66
1
70
0
0
VERTEX
8
TRACED_VECTOR
10
793.0791
20
-517.4755
30
0.0
0
VERTEX
8
TRACED_VECTOR
10
790.6318
20
-518.5842
30
0.0
0
VERTEX
8
TRACED_VECTOR
10
778.6474
20
-518.6224
30
0.0
0
SEQEND
0
POLYLINE
8
TRACED_VECTOR
66
1
70
0
0
VERTEX
8
TRACED_VECTOR
10
174.3425
20
-540.7375
30
0.0
0
VERTEX
8
TRACED_VECTOR
10
175.8182
20
-573.6330
30
0.0
0
SEQEND
0
POLYLINE
8
TRACED_VECTOR
66
1
70
0
0
VERTEX
8
TRACED_VECTOR
10
165.7577
20
-538.6255
30
0.0
0
VERTEX
8
TRACED_VECTOR
10
164.3742
20
-541.1847
30
0.0
0
VERTEX
8
TRACED_VECTOR
10
165.0068
20
-544.1528
30
0.0
0
VERTEX
8
TRACED_VECTOR
10
167.0228
20
-544.5618
30
0.0
0
VERTEX
8
TRACED_VECTOR
10
168.4286
20
-542.5011
30
0.0
0
VERTEX
8
TRACED_VECTOR
10
168.2945
20
-539.5106
30
0.0
0
VERTEX
8
TRACED_VECTOR
10
168.3392
20
-540.5074
30
0.0
0
SEQEND
0
POLYLINE
8
TRACED_VECTOR
66
1
70
0
0
VERTEX
8
TRACED_VECTOR
10
169.2019
20
-537.4722
30
0.0
0
VERTEX
8
TRACED_VECTOR
10
172.2371
20
-538.3349
30
0.0
0
SEQEND
0
POLYLINE
8
TRACED_VECTOR
66
1
70
0
0
VERTEX
8
TRACED_VECTOR
10
174.4385
20
-531.7436
30
0.0
0
VERTEX
8
TRACED_VECTOR
10
174.2084
20
-537.7470
30
0.0
0
SEQEND
0
POLYLINE
8
TRACED_VECTOR
66
1
70
0
0
VERTEX
8
TRACED_VECTOR
10
167.7355
20
-527.0501
30
0.0
0
VERTEX
8
TRACED_VECTOR
10
166.3073
20
-528.6125
30
0.0
0
VERTEX
8
TRACED_VECTOR
10
166.3967
20
-530.6061
30
0.0
0
VERTEX
8
TRACED_VECTOR
10
168.9783
20
-532.4880
30
0.0
0
VERTEX
8
TRACED_VECTOR
10
171.9464
20
-531.8554
30
0.0
0
VERTEX
8
TRACED_VECTOR
10
168.9783
20
-532.4880
30
0.0
0
VERTEX
8
TRACED_VECTOR
10
167.9367
20
-531.5359
30
0.0
0
SEQEND
0
POLYLINE
8
TRACED_VECTOR
66
1
70
0
0
VERTEX
8
TRACED_VECTOR
10
101.2131
20
-502.5663
30
0.0
0
VERTEX
8
TRACED_VECTOR
10
100.3281
20
-505.1031
30
0.0
0
VERTEX
8
TRACED_VECTOR
10
98.2673
20
-503.6973
30
0.0
0
SEQEND
0
POLYLINE
8
TRACED_VECTOR
66
1
70
0
0
VERTEX
8
TRACED_VECTOR
10
96.3473
20
-494.2944
30
0.0
0
VERTEX
8
TRACED_VECTOR
10
100.5358
20
-498.6013
30
0.0
0
VERTEX
8
TRACED_VECTOR
10
100.6029
20
-500.0965
30
0.0
0
SEQEND
0
POLYLINE
8
TRACED_VECTOR
66
1
70
0
0
VERTEX
8
TRACED_VECTOR
10
98.2962
20
-493.2081
30
0.0
0
VERTEX
8
TRACED_VECTOR
10
100.3793
20
-495.1124
30
0.0
0
SEQEND
0
POLYLINE
8
TRACED_VECTOR
66
1
70
0
0
VERTEX
8
TRACED_VECTOR
10
171.9948
20
-488.4037
30
0.0
0
VERTEX
8
TRACED_VECTOR
10
173.7836
20
-528.2771
30
0.0
0
SEQEND
0
POLYLINE
8
TRACED_VECTOR
66
1
70
0
0
VERTEX
8
TRACED_VECTOR
10
73.3083
20
-492.8308
30
0.0
0
VERTEX
8
TRACED_VECTOR
10
77.1541
20
-578.5585
30
0.0
0
SEQEND
0
POLYLINE
8
TRACED_VECTOR
66
1
70
0
0
VERTEX
8
TRACED_VECTOR
10
103.1239
20
-489.4956
30
0.0
0
VERTEX
8
TRACED_VECTOR
10
170.4325
20
-486.9756
30
0.0
0
SEQEND
0
POLYLINE
8
TRACED_VECTOR
66
1
70
0
0
VERTEX
8
TRACED_VECTOR
10
76.7078
20
-490.6807
30
0.0
0
VERTEX
8
TRACED_VECTOR
10
74.2380
20
-491.2909
30
0.0
0
VERTEX
8
TRACED_VECTOR
10
92.6571
20
-489.9652
30
0.0
0
SEQEND
0
POLYLINE
8
TRACED_VECTOR
66
1
70
0
0
VERTEX
8
TRACED_VECTOR
10
774.3573
20
-456.3873
30
0.0
0
VERTEX
8
TRACED_VECTOR
10
776.9956
20
-515.2005
30
0.0
0
SEQEND
0
POLYLINE
8
TRACED_VECTOR
66
1
70
0
0
VERTEX
8
TRACED_VECTOR
10
91.3472
20
-483.0321
30
0.0
0
VERTEX
8
TRACED_VECTOR
10
95.4017
20
-484.3484
30
0.0
0
SEQEND
0
POLYLINE
8
TRACED_VECTOR
66
1
70
0
0
VERTEX
8
TRACED_VECTOR
10
1207.7564
20
-431.9507
30
0.0
0
VERTEX
8
TRACED_VECTOR
10
1212.1015
20
-439.7465
30
0.0
0
SEQEND
0
POLYLINE
8
TRACED_VECTOR
66
1
70
0
0
VERTEX
8
TRACED_VECTOR
10
1209.2069
20
-430.8868
30
0.0
0
VERTEX
8
TRACED_VECTOR
10
1212.2421
20
-431.7495
30
0.0
0
VERTEX
8
TRACED_VECTOR
10
1215.8876
20
-435.0819
30
0.0
0
SEQEND
0
POLYLINE
8
TRACED_VECTOR
66
1
70
0
0
VERTEX
8
TRACED_VECTOR
10
1445.6419
20
-413.2884
30
0.0
0
VERTEX
8
TRACED_VECTOR
10
1449.3470
20
-507.0131
30
0.0
0
SEQEND
0
POLYLINE
8
TRACED_VECTOR
66
1
70
0
0
VERTEX
8
TRACED_VECTOR
10
1371.3554
20
-416.1215
30
0.0
0
VERTEX
8
TRACED_VECTOR
10
1375.5813
20
-510.3222
30
0.0
0
SEQEND
0
POLYLINE
8
TRACED_VECTOR
66
1
70
0
0
VERTEX
8
TRACED_VECTOR
10
1296.0721
20
-418.9993
30
0.0
0
VERTEX
8
TRACED_VECTOR
10
1300.2980
20
-513.2001
30
0.0
0
SEQEND
0
POLYLINE
8
TRACED_VECTOR
66
1
70
0
0
VERTEX
8
TRACED_VECTOR
10
1447.0701
20
-411.7260
30
0.0
0
VERTEX
8
TRACED_VECTOR
10
1528.8775
20
-409.5544
30
0.0
0
VERTEX
8
TRACED_VECTOR
10
1538.5487
20
-413.6153
30
0.0
0
VERTEX
8
TRACED_VECTOR
10
1546.9482
20
-422.7275
30
0.0
0
VERTEX
8
TRACED_VECTOR
10
1549.9098
20
-433.0824
30
0.0
0
VERTEX
8
TRACED_VECTOR
10
1550.0496
20
-502.9950
30
0.0
0
SEQEND
0
POLYLINE
8
TRACED_VECTOR
66
1
70
0
0
VERTEX
8
TRACED_VECTOR
10
1225.2746
20
-421.6759
30
0.0
0
VERTEX
8
TRACED_VECTOR
10
1225.8112
20
-433.6379
30
0.0
0
SEQEND
0
POLYLINE
8
TRACED_VECTOR
66
1
70
0
0
VERTEX
8
TRACED_VECTOR
10
1221.2872
20
-421.8547
30
0.0
0
VERTEX
8
TRACED_VECTOR
10
1225.2383
20
-521.0620
30
0.0
0
SEQEND
0
POLYLINE
8
TRACED_VECTOR
66
1
70
0
0
VERTEX
8
TRACED_VECTOR
10
1217.2999
20
-422.0336
30
0.0
0
VERTEX
8
TRACED_VECTOR
10
1217.8365
20
-433.9956
30
0.0
0
SEQEND
0
POLYLINE
8
TRACED_VECTOR
66
1
70
0
0
VERTEX
8
TRACED_VECTOR
10
1146.0263
20
-425.2310
30
0.0
0
VERTEX
8
TRACED_VECTOR
10
1150.2745
20
-519.9302
30
0.0
0
SEQEND
0
POLYLINE
8
TRACED_VECTOR
66
1
70
0
0
VERTEX
8
TRACED_VECTOR
10
1372.2852
20
-414.5815
30
0.0
0
VERTEX
8
TRACED_VECTOR
10
1444.0796
20
-411.8602
30
0.0
0
SEQEND
0
POLYLINE
8
TRACED_VECTOR
66
1
70
0
0
VERTEX
8
TRACED_VECTOR
10
1071.2414
20
-428.0864
30
0.0
0
VERTEX
8
TRACED_VECTOR
10
1074.8859
20
-509.3284
30
0.0
0
SEQEND
0
POLYLINE
8
TRACED_VECTOR
66
1
70
0
0
VERTEX
8
TRACED_VECTOR
10
1297.5003
20
-417.4369
30
0.0
0
VERTEX
8
TRACED_VECTOR
10
1370.2915
20
-414.6709
30
0.0
0
SEQEND
0
POLYLINE
8
TRACED_VECTOR
66
1
70
0
0
VERTEX
8
TRACED_VECTOR
10
995.4596
20
-430.9866
30
0.0
0
VERTEX
8
TRACED_VECTOR
10
1000.2287
20
-526.1619
30
0.0
0
SEQEND
0
POLYLINE
8
TRACED_VECTOR
66
1
70
0
0
VERTEX
8
TRACED_VECTOR
10
1226.7027
20
-420.1135
30
0.0
0
VERTEX
8
TRACED_VECTOR
10
1294.5098
20
-417.5711
30
0.0
0
SEQEND
0
POLYLINE
8
TRACED_VECTOR
66
1
70
0
0
VERTEX
8
TRACED_VECTOR
10
1146.9560
20
-423.6910
30
0.0
0
VERTEX
8
TRACED_VECTOR
10
1215.7376
20
-420.6054
30
0.0
0
SEQEND
0
POLYLINE
8
TRACED_VECTOR
66
1
70
0
0
VERTEX
8
TRACED_VECTOR
10
920.6748
20
-433.8420
30
0.0
0
VERTEX
8
TRACED_VECTOR
10
924.2522
20
-513.5887
30
0.0
0
SEQEND
0
POLYLINE
8
TRACED_VECTOR
66
1
70
0
0
VERTEX
8
TRACED_VECTOR
10
846.4106
20
-437.1736
30
0.0
0
VERTEX
8
TRACED_VECTOR
10
851.1797
20
-532.3488
30
0.0
0
SEQEND
0
POLYLINE
8
TRACED_VECTOR
66
1
70
0
0
VERTEX
8
TRACED_VECTOR
10
1072.6695
20
-426.5241
30
0.0
0
VERTEX
8
TRACED_VECTOR
10
1144.9624
20
-423.7804
30
0.0
0
SEQEND
0
POLYLINE
8
TRACED_VECTOR
66
1
70
0
0
VERTEX
8
TRACED_VECTOR
10
773.1210
20
-439.9619
30
0.0
0
VERTEX
8
TRACED_VECTOR
10
774.7215
20
-453.3745
30
0.0
0
SEQEND
0
POLYLINE
8
TRACED_VECTOR
66
1
70
0
0
VERTEX
8
TRACED_VECTOR
10
996.3894
20
-429.4466
30
0.0
0
VERTEX
8
TRACED_VECTOR
10
1069.6790
20
-426.6582
30
0.0
0
SEQEND
0
POLYLINE
8
TRACED_VECTOR
66
1
70
0
0
VERTEX
8
TRACED_VECTOR
10
697.3393
20
-442.8621
30
0.0
0
VERTEX
8
TRACED_VECTOR
10
701.6322
20
-538.5582
30
0.0
0
SEQEND
0
POLYLINE
8
TRACED_VECTOR
66
1
70
0
0
VERTEX
8
TRACED_VECTOR
10
623.5736
20
-446.1713
30
0.0
0
VERTEX
8
TRACED_VECTOR
10
627.8442
20
-541.3689
30
0.0
0
SEQEND
0
POLYLINE
8
TRACED_VECTOR
66
1
70
0
0
VERTEX
8
TRACED_VECTOR
10
921.1061
20
-432.3244
30
0.0
0
VERTEX
8
TRACED_VECTOR
10
994.3957
20
-429.5361
30
0.0
0
SEQEND
0
POLYLINE
8
TRACED_VECTOR
66
1
70
0
0
VERTEX
8
TRACED_VECTOR
10
847.3404
20
-435.6336
30
0.0
0
VERTEX
8
TRACED_VECTOR
10
919.1124
20
-432.4139
30
0.0
0
SEQEND
0
POLYLINE
8
TRACED_VECTOR
66
1
70
0
0
VERTEX
8
TRACED_VECTOR
10
548.2903
20
-449.0491
30
0.0
0
VERTEX
8
TRACED_VECTOR
10
552.5832
20
-544.7451
30
0.0
0
SEQEND
0
POLYLINE
8
TRACED_VECTOR
66
1
70
0
0
VERTEX
8
TRACED_VECTOR
10
774.0508
20
-438.4220
30
0.0
0
VERTEX
8
TRACED_VECTOR
10
844.3499
20
-435.7677
30
0.0
0
SEQEND
0
POLYLINE
8
TRACED_VECTOR
66
1
70
0
0
VERTEX
8
TRACED_VECTOR
10
473.0069
20
-451.9269
30
0.0
0
VERTEX
8
TRACED_VECTOR
10
477.2999
20
-547.6229
30
0.0
0
SEQEND
0
POLYLINE
8
TRACED_VECTOR
66
1
70
0
0
VERTEX
8
TRACED_VECTOR
10
698.2690
20
-441.3221
30
0.0
0
VERTEX
8
TRACED_VECTOR
10
772.0571
20
-438.5114
30
0.0
0
SEQEND
0
POLYLINE
8
TRACED_VECTOR
66
1
70
0
0
VERTEX
8
TRACED_VECTOR
10
398.2221
20
-454.7824
30
0.0
0
VERTEX
8
TRACED_VECTOR
10
402.0166
20
-550.5008
30
0.0
0
SEQEND
0
POLYLINE
8
TRACED_VECTOR
66
1
70
0
0
VERTEX
8
TRACED_VECTOR
10
624.9794
20
-444.1105
30
0.0
0
VERTEX
8
TRACED_VECTOR
10
696.2754
20
-441.4116
30
0.0
0
SEQEND
0
POLYLINE
8
TRACED_VECTOR
66
1
70
0
0
VERTEX
8
TRACED_VECTOR
10
549.7184
20
-447.4868
30
0.0
0
VERTEX
8
TRACED_VECTOR
10
622.4873
20
-444.2223
30
0.0
0
SEQEND
0
POLYLINE
8
TRACED_VECTOR
66
1
70
0
0
VERTEX
8
TRACED_VECTOR
10
324.4340
20
-457.5931
30
0.0
0
VERTEX
8
TRACED_VECTOR
10
328.7493
20
-553.7876
30
0.0
0
SEQEND
0
POLYLINE
8
TRACED_VECTOR
66
1
70
0
0
VERTEX
8
TRACED_VECTOR
10
474.4128
20
-449.8662
30
0.0
0
VERTEX
8
TRACED_VECTOR
10
546.7279
20
-447.6209
30
0.0
0
SEQEND
0
POLYLINE
8
TRACED_VECTOR
66
1
70
0
0
VERTEX
8
TRACED_VECTOR
10
399.1518
20
-453.2424
30
0.0
0
VERTEX
8
TRACED_VECTOR
10
471.9207
20
-449.9780
30
0.0
0
SEQEND
0
POLYLINE
8
TRACED_VECTOR
66
1
70
0
0
VERTEX
8
TRACED_VECTOR
10
325.3638
20
-456.0531
30
0.0
0
VERTEX
8
TRACED_VECTOR
10
397.1581
20
-453.3318
30
0.0
0
SEQEND
0
POLYLINE
8
TRACED_VECTOR
66
1
70
0
0
VERTEX
8
TRACED_VECTOR
10
250.6012
20
-459.4070
30
0.0
0
VERTEX
8
TRACED_VECTOR
10
239.8596
20
-464.8831
30
0.0
0
VERTEX
8
TRACED_VECTOR
10
233.6932
20
-472.1516
30
0.0
0
VERTEX
8
TRACED_VECTOR
10
230.5844
20
-480.7812
30
0.0
0
VERTEX
8
TRACED_VECTOR
10
234.0277
20
-557.5374
30
0.0
0
VERTEX
8
TRACED_VECTOR
10
230.2649
20
-484.7909
30
0.0
0
SEQEND
0
POLYLINE
8
TRACED_VECTOR
66
1
70
0
0
VERTEX
8
TRACED_VECTOR
10
170.4968
20
-455.0098
30
0.0
0
VERTEX
8
TRACED_VECTOR
10
171.8607
20
-485.4132
30
0.0
0
SEQEND
0
POLYLINE
8
TRACED_VECTOR
66
1
70
0
0
VERTEX
8
TRACED_VECTOR
10
161.4582
20
-453.9170
30
0.0
0
VERTEX
8
TRACED_VECTOR
10
161.6147
20
-457.4059
30
0.0
0
VERTEX
8
TRACED_VECTOR
10
164.0621
20
-456.2973
30
0.0
0
VERTEX
8
TRACED_VECTOR
10
163.9503
20
-453.8052
30
0.0
0
SEQEND
0
POLYLINE
8
TRACED_VECTOR
66
1
70
0
0
VERTEX
8
TRACED_VECTOR
10
163.8385
20
-451.3131
30
0.0
0
VERTEX
8
TRACED_VECTOR
10
166.3306
20
-451.2013
30
0.0
0
VERTEX
8
TRACED_VECTOR
10
168.4137
20
-453.1056
30
0.0
0
SEQEND
0
POLYLINE
8
TRACED_VECTOR
66
1
70
0
0
VERTEX
8
TRACED_VECTOR
10
170.0272
20
-444.5430
30
0.0
0
VERTEX
8
TRACED_VECTOR
10
170.3626
20
-452.0193
30
0.0
0
SEQEND
0
POLYLINE
8
TRACED_VECTOR
66
1
70
0
0
VERTEX
8
TRACED_VECTOR
10
164.3881
20
-441.3001
30
0.0
0
VERTEX
8
TRACED_VECTOR
10
162.9600
20
-442.8624
30
0.0
0
VERTEX
8
TRACED_VECTOR
10
163.0494
20
-444.8561
30
0.0
0
VERTEX
8
TRACED_VECTOR
10
164.5894
20
-445.7858
30
0.0
0
VERTEX
8
TRACED_VECTOR
10
167.0814
20
-445.6740
30
0.0
0
VERTEX
8
TRACED_VECTOR
10
167.5351
20
-444.6548
30
0.0
0
VERTEX
8
TRACED_VECTOR
10
165.0878
20
-445.7635
30
0.0
0
SEQEND
0
POLYLINE
8
TRACED_VECTOR
66
1
70
0
0
VERTEX
8
TRACED_VECTOR
10
1437.9523
20
-353.2035
30
0.0
0
VERTEX
8
TRACED_VECTOR
10
1441.1216
20
-357.0567
30
0.0
0
VERTEX
8
TRACED_VECTOR
10
1445.6074
20
-356.8554
30
0.0
0
VERTEX
8
TRACED_VECTOR
10
1448.4414
20
-353.2324
30
0.0
0
SEQEND
0
POLYLINE
8
TRACED_VECTOR
66
1
70
0
0
VERTEX
8
TRACED_VECTOR
10
1370.5766
20
-354.2283
30
0.0
0
VERTEX
8
TRACED_VECTOR
10
1436.3899
20
-351.7753
30
0.0
0
SEQEND
0
POLYLINE
8
TRACED_VECTOR
66
1
70
0
0
VERTEX
8
TRACED_VECTOR
10
1295.3156
20
-357.6046
30
0.0
0
VERTEX
8
TRACED_VECTOR
10
1367.5861
20
-354.3625
30
0.0
0
SEQEND
0
POLYLINE
8
TRACED_VECTOR
66
1
70
0
0
VERTEX
8
TRACED_VECTOR
10
1224.5180
20
-360.2811
30
0.0
0
VERTEX
8
TRACED_VECTOR
10
1292.3251
20
-357.7387
30
0.0
0
SEQEND
0
POLYLINE
8
TRACED_VECTOR
66
1
70
0
0
VERTEX
8
TRACED_VECTOR
10
1144.7713
20
-363.8586
30
0.0
0
VERTEX
8
TRACED_VECTOR
10
1213.0545
20
-360.7954
30
0.0
0
SEQEND
0
POLYLINE
8
TRACED_VECTOR
66
1
70
0
0
VERTEX
8
TRACED_VECTOR
10
1070.9833
20
-366.6693
30
0.0
0
VERTEX
8
TRACED_VECTOR
10
1142.7777
20
-363.9480
30
0.0
0
SEQEND
0
POLYLINE
8
TRACED_VECTOR
66
1
70
0
0
VERTEX
8
TRACED_VECTOR
10
995.2016
20
-369.5695
30
0.0
0
VERTEX
8
TRACED_VECTOR
10
1067.9928
20
-366.8035
30
0.0
0
SEQEND
0
POLYLINE
8
TRACED_VECTOR
66
1
70
0
0
VERTEX
8
TRACED_VECTOR
10
922.4103
20
-372.3355
30
0.0
0
VERTEX
8
TRACED_VECTOR
10
920.4390
20
-372.9234
30
0.0
0
VERTEX
8
TRACED_VECTOR
10
990.2174
20
-369.7931
30
0.0
0
SEQEND
0
POLYLINE
8
TRACED_VECTOR
66
1
70
0
0
VERTEX
8
TRACED_VECTOR
10
846.1525
20
-375.7565
30
0.0
0
VERTEX
8
TRACED_VECTOR
10
917.4485
20
-373.0575
30
0.0
0
SEQEND
0
POLYLINE
8
TRACED_VECTOR
66
1
70
0
0
VERTEX
8
TRACED_VECTOR
10
772.3868
20
-379.0656
30
0.0
0
VERTEX
8
TRACED_VECTOR
10
843.1620
20
-375.8906
30
0.0
0
SEQEND
0
POLYLINE
8
TRACED_VECTOR
66
1
70
0
0
VERTEX
8
TRACED_VECTOR
10
326.3037
20
-399.0771
30
0.0
0
VERTEX
8
TRACED_VECTOR
10
326.3932
20
-401.0708
30
0.0
0
VERTEX
8
TRACED_VECTOR
10
324.4666
20
-402.6554
30
0.0
0
SEQEND
0
POLYLINE
8
TRACED_VECTOR
66
1
70
0
0
VERTEX
8
TRACED_VECTOR
10
697.1035
20
-381.9435
30
0.0
0
VERTEX
8
TRACED_VECTOR
10
769.3963
20
-379.1998
30
0.0
0
SEQEND
0
POLYLINE
8
TRACED_VECTOR
66
1
70
0
0
VERTEX
8
TRACED_VECTOR
10
316.3130
20
-399.0259
30
0.0
0
VERTEX
8
TRACED_VECTOR
10
318.4632
20
-402.4253
30
0.0
0
VERTEX
8
TRACED_VECTOR
10
322.4953
20
-403.2433
30
0.0
0
SEQEND
0
POLYLINE
8
TRACED_VECTOR
66
1
70
0
0
VERTEX
8
TRACED_VECTOR
10
623.3155
20
-384.7542
30
0.0
0
VERTEX
8
TRACED_VECTOR
10
694.1130
20
-382.0776
30
0.0
0
SEQEND
0
POLYLINE
8
TRACED_VECTOR
66
1
70
0
0
VERTEX
8
TRACED_VECTOR
10
547.5561
20
-388.1528
30
0.0
0
VERTEX
8
TRACED_VECTOR
10
620.8458
20
-385.3644
30
0.0
0
SEQEND
0
POLYLINE
8
TRACED_VECTOR
66
1
70
0
0
VERTEX
8
TRACED_VECTOR
10
472.2952
20
-391.5290
30
0.0
0
VERTEX
8
TRACED_VECTOR
10
544.5656
20
-388.2869
30
0.0
0
SEQEND
0
POLYLINE
8
TRACED_VECTOR
66
1
70
0
0
VERTEX
8
TRACED_VECTOR
10
397.5103
20
-394.3845
30
0.0
0
VERTEX
8
TRACED_VECTOR
10
469.3047
20
-391.6632
30
0.0
0
SEQEND
0
POLYLINE
8
TRACED_VECTOR
66
1
70
0
0
VERTEX
8
TRACED_VECTOR
10
328.2303
20
-397.4924
30
0.0
0
VERTEX
8
TRACED_VECTOR
10
394.5198
20
-394.5186
30
0.0
0
SEQEND
0
POLYLINE
8
TRACED_VECTOR
66
1
70
0
0
VERTEX
8
TRACED_VECTOR
10
1444.1634
20
-346.9318
30
0.0
0
VERTEX
8
TRACED_VECTOR
10
1447.8088
20
-350.2642
30
0.0
0
SEQEND
0
POLYLINE
8
TRACED_VECTOR
66
1
70
0
0
VERTEX
8
TRACED_VECTOR
10
1440.6745
20
-347.0883
30
0.0
0
VERTEX
8
TRACED_VECTOR
10
1438.3165
20
-350.1906
30
0.0
0
VERTEX
8
TRACED_VECTOR
10
1439.2463
20
-348.6507
30
0.0
0
SEQEND
0
POLYLINE
8
TRACED_VECTOR
66
1
70
0
0
VERTEX
8
TRACED_VECTOR
10
1222.6874
20
-352.8720
30
0.0
0
VERTEX
8
TRACED_VECTOR
10
1222.9557
20
-358.8530
30
0.0
0
SEQEND
0
POLYLINE
8
TRACED_VECTOR
66
1
70
0
0
VERTEX
8
TRACED_VECTOR
10
323.0449
20
-393.2302
30
0.0
0
VERTEX
8
TRACED_VECTOR
10
326.1919
20
-396.5850
30
0.0
0
SEQEND
0
POLYLINE
8
TRACED_VECTOR
66
1
70
0
0
VERTEX
8
TRACED_VECTOR
10
320.0321
20
-392.8660
30
0.0
0
VERTEX
8
TRACED_VECTOR
10
316.6773
20
-396.0130
30
0.0
0
VERTEX
8
TRACED_VECTOR
10
317.6294
20
-394.9714
30
0.0
0
SEQEND
0
POLYLINE
8
TRACED_VECTOR
66
1
70
0
0
VERTEX
8
TRACED_VECTOR
10
168.4686
20
-398.6663
30
0.0
0
VERTEX
8
TRACED_VECTOR
10
169.9154
20
-442.0510
30
0.0
0
SEQEND
0
POLYLINE
8
TRACED_VECTOR
66
1
70
0
0
VERTEX
8
TRACED_VECTOR
10
68.7629
20
-402.6397
30
0.0
0
VERTEX
8
TRACED_VECTOR
10
72.6757
20
-489.8627
30
0.0
0
SEQEND
0
POLYLINE
8
TRACED_VECTOR
66
1
70
0
0
VERTEX
8
TRACED_VECTOR
10
75.1752
20
-400.8538
30
0.0
0
VERTEX
8
TRACED_VECTOR
10
166.4079
20
-397.2605
30
0.0
0
SEQEND
0
POLYLINE
8
TRACED_VECTOR
66
1
70
0
0
VERTEX
8
TRACED_VECTOR
10
1213.9684
20
-347.7695
30
0.0
0
VERTEX
8
TRACED_VECTOR
10
1214.4826
20
-359.2331
30
0.0
0
SEQEND
0
POLYLINE
8
TRACED_VECTOR
66
1
70
0
0
VERTEX
8
TRACED_VECTOR
10
74.3190
20
-392.9015
30
0.0
0
VERTEX
8
TRACED_VECTOR
10
74.0889
20
-398.9049
30
0.0
0
SEQEND
0
POLYLINE
8
TRACED_VECTOR
66
1
70
0
0
VERTEX
8
TRACED_VECTOR
10
27.6951
20
-355.5389
30
0.0
0
VERTEX
8
TRACED_VECTOR
10
38.2225
20
-367.5521
30
0.0
0
VERTEX
8
TRACED_VECTOR
10
43.6091
20
-376.3001
30
0.0
0
SEQEND
0
POLYLINE
8
TRACED_VECTOR
66
1
70
0
0
VERTEX
8
TRACED_VECTOR
10
19.8835
20
-348.3980
30
0.0
0
VERTEX
8
TRACED_VECTOR
10
24.5705
20
-352.6826
30
0.0
0
SEQEND
0
POLYLINE
8
TRACED_VECTOR
66
1
70
0
0
VERTEX
8
TRACED_VECTOR
10
65.8562
20
-337.8455
30
0.0
0
VERTEX
8
TRACED_VECTOR
10
68.6511
20
-400.1477
30
0.0
0
SEQEND
0
POLYLINE
8
TRACED_VECTOR
66
1
70
0
0
VERTEX
8
TRACED_VECTOR
10
59.2202
20
-334.6473
30
0.0
0
VERTEX
8
TRACED_VECTOR
10
64.2938
20
-336.4174
30
0.0
0
SEQEND
0
POLYLINE
8
TRACED_VECTOR
66
1
70
0
0
VERTEX
8
TRACED_VECTOR
10
841.0128
20
-294.5816
30
0.0
0
VERTEX
8
TRACED_VECTOR
10
844.5902
20
-374.3283
30
0.0
0
SEQEND
0
POLYLINE
8
TRACED_VECTOR
66
1
70
0
0
VERTEX
8
TRACED_VECTOR
10
1547.7744
20
-251.8888
30
0.0
0
VERTEX
8
TRACED_VECTOR
10
1549.6554
20
-327.2168
30
0.0
0
VERTEX
8
TRACED_VECTOR
10
1547.5211
20
-335.3033
30
0.0
0
VERTEX
8
TRACED_VECTOR
10
1540.9010
20
-343.5910
30
0.0
0
VERTEX
8
TRACED_VECTOR
10
1535.0765
20
-347.3482
30
0.0
0
VERTEX
8
TRACED_VECTOR
10
1529.1626
20
-349.1118
30
0.0
0
VERTEX
8
TRACED_VECTOR
10
1472.7744
20
-350.1431
30
0.0
0
VERTEX
8
TRACED_VECTOR
10
1449.8696
20
-351.6700
30
0.0
0
SEQEND
0
POLYLINE
8
TRACED_VECTOR
66
1
70
0
0
VERTEX
8
TRACED_VECTOR
10
1439.5956
20
-256.2423
30
0.0
0
VERTEX
8
TRACED_VECTOR
10
1443.0995
20
-345.4813
30
0.0
0
SEQEND
0
POLYLINE
8
TRACED_VECTOR
66
1
70
0
0
VERTEX
8
TRACED_VECTOR
10
1364.8331
20
-259.5962
30
0.0
0
VERTEX
8
TRACED_VECTOR
10
1369.0142
20
-352.8001
30
0.0
0
SEQEND
0
POLYLINE
8
TRACED_VECTOR
66
1
70
0
0
VERTEX
8
TRACED_VECTOR
10
1290.0705
20
-262.9501
30
0.0
0
VERTEX
8
TRACED_VECTOR
10
1293.7533
20
-356.1764
30
0.0
0
SEQEND
0
POLYLINE
8
TRACED_VECTOR
66
1
70
0
0
VERTEX
8
TRACED_VECTOR
10
1140.0247
20
-269.1818
30
0.0
0
VERTEX
8
TRACED_VECTOR
10
1143.7074
20
-362.4081
30
0.0
0
SEQEND
0
POLYLINE
8
TRACED_VECTOR
66
1
70
0
0
VERTEX
8
TRACED_VECTOR
10
1065.2622
20
-272.5356
30
0.0
0
VERTEX
8
TRACED_VECTOR
10
1069.4210
20
-365.2412
30
0.0
0
SEQEND
0
POLYLINE
8
TRACED_VECTOR
66
1
70
0
0
VERTEX
8
TRACED_VECTOR
10
1530.7612
20
-251.1538
30
0.0
0
VERTEX
8
TRACED_VECTOR
10
1546.2121
20
-250.4606
30
0.0
0
SEQEND
0
POLYLINE
8
TRACED_VECTOR
66
1
70
0
0
VERTEX
8
TRACED_VECTOR
10
989.4804
20
-275.4358
30
0.0
0
VERTEX
8
TRACED_VECTOR
10
993.6392
20
-368.1413
30
0.0
0
SEQEND
0
POLYLINE
8
TRACED_VECTOR
66
1
70
0
0
VERTEX
8
TRACED_VECTOR
10
914.7179
20
-278.7897
30
0.0
0
VERTEX
8
TRACED_VECTOR
10
918.8767
20
-371.4952
30
0.0
0
SEQEND
0
POLYLINE
8
TRACED_VECTOR
66
1
70
0
0
VERTEX
8
TRACED_VECTOR
10
164.6005
20
-312.4402
30
0.0
0
VERTEX
8
TRACED_VECTOR
10
168.3568
20
-396.1742
30
0.0
0
SEQEND
0
POLYLINE
8
TRACED_VECTOR
66
1
70
0
0
VERTEX
8
TRACED_VECTOR
10
1441.0238
20
-254.6800
30
0.0
0
VERTEX
8
TRACED_VECTOR
10
1455.9763
20
-254.0092
30
0.0
0
SEQEND
0
POLYLINE
8
TRACED_VECTOR
66
1
70
0
0
VERTEX
8
TRACED_VECTOR
10
1366.2612
20
-258.0339
30
0.0
0
VERTEX
8
TRACED_VECTOR
10
1381.2361
20
-257.8615
30
0.0
0
SEQEND
0
POLYLINE
8
TRACED_VECTOR
66
1
70
0
0
VERTEX
8
TRACED_VECTOR
10
767.6625
20
-284.8872
30
0.0
0
VERTEX
8
TRACED_VECTOR
10
770.8245
20
-377.6375
30
0.0
0
SEQEND
0
POLYLINE
8
TRACED_VECTOR
66
1
70
0
0
VERTEX
8
TRACED_VECTOR
10
1293.9684
20
-260.7775
30
0.0
0
VERTEX
8
TRACED_VECTOR
10
1291.4987
20
-261.3877
30
0.0
0
SEQEND
0
POLYLINE
8
TRACED_VECTOR
66
1
70
0
0
VERTEX
8
TRACED_VECTOR
10
1274.5302
20
-261.6495
30
0.0
0
VERTEX
8
TRACED_VECTOR
10
1288.4858
20
-261.0235
30
0.0
0
SEQEND
0
POLYLINE
8
TRACED_VECTOR
66
1
70
0
0
VERTEX
8
TRACED_VECTOR
10
1120.0209
20
-268.5809
30
0.0
0
VERTEX
8
TRACED_VECTOR
10
1138.4624
20
-267.7536
30
0.0
0
SEQEND
0
POLYLINE
8
TRACED_VECTOR
66
1
70
0
0
VERTEX
8
TRACED_VECTOR
10
691.3824
20
-287.8097
30
0.0
0
VERTEX
8
TRACED_VECTOR
10
695.5412
20
-380.5153
30
0.0
0
SEQEND
0
POLYLINE
8
TRACED_VECTOR
66
1
70
0
0
VERTEX
8
TRACED_VECTOR
10
617.6167
20
-291.1189
30
0.0
0
VERTEX
8
TRACED_VECTOR
10
621.7531
20
-383.3260
30
0.0
0
SEQEND
0
POLYLINE
8
TRACED_VECTOR
66
1
70
0
0
VERTEX
8
TRACED_VECTOR
10
1048.2265
20
-271.3022
30
0.0
0
VERTEX
8
TRACED_VECTOR
10
1063.6998
20
-271.1075
30
0.0
0
SEQEND
0
POLYLINE
8
TRACED_VECTOR
66
1
70
0
0
VERTEX
8
TRACED_VECTOR
10
978.4482
20
-274.4325
30
0.0
0
VERTEX
8
TRACED_VECTOR
10
987.9181
20
-274.0076
30
0.0
0
SEQEND
0
POLYLINE
8
TRACED_VECTOR
66
1
70
0
0
VERTEX
8
TRACED_VECTOR
10
916.1461
20
-277.2273
30
0.0
0
VERTEX
8
TRACED_VECTOR
10
927.6097
20
-276.7131
30
0.0
0
SEQEND
0
POLYLINE
8
TRACED_VECTOR
66
1
70
0
0
VERTEX
8
TRACED_VECTOR
10
542.3334
20
-293.9967
30
0.0
0
VERTEX
8
TRACED_VECTOR
10
545.9938
20
-386.7246
30
0.0
0
SEQEND
0
POLYLINE
8
TRACED_VECTOR
66
1
70
0
0
VERTEX
8
TRACED_VECTOR
10
995.8704
20
-273.1515
30
0.0
0
VERTEX
8
TRACED_VECTOR
10
990.9086
20
-273.8735
30
0.0
0
SEQEND
0
POLYLINE
8
TRACED_VECTOR
66
1
70
0
0
VERTEX
8
TRACED_VECTOR
10
858.8058
20
-279.3002
30
0.0
0
VERTEX
8
TRACED_VECTOR
10
871.2885
20
-279.2397
30
0.0
0
SEQEND
0
POLYLINE
8
TRACED_VECTOR
66
1
70
0
0
VERTEX
8
TRACED_VECTOR
10
807.9672
20
-281.5809
30
0.0
0
VERTEX
8
TRACED_VECTOR
10
820.4277
20
-281.0219
30
0.0
0
SEQEND
0
POLYLINE
8
TRACED_VECTOR
66
1
70
0
0
VERTEX
8
TRACED_VECTOR
10
769.0907
20
-283.3249
30
0.0
0
VERTEX
8
TRACED_VECTOR
10
783.0464
20
-282.6988
30
0.0
0
SEQEND
0
POLYLINE
8
TRACED_VECTOR
66
1
70
0
0
VERTEX
8
TRACED_VECTOR
10
466.5517
20
-296.8969
30
0.0
0
VERTEX
8
TRACED_VECTOR
10
470.7328
20
-390.1008
30
0.0
0
SEQEND
0
POLYLINE
8
TRACED_VECTOR
66
1
70
0
0
VERTEX
8
TRACED_VECTOR
10
392.2875
20
-300.2284
30
0.0
0
VERTEX
8
TRACED_VECTOR
10
395.9479
20
-392.9563
30
0.0
0
SEQEND
0
POLYLINE
8
TRACED_VECTOR
66
1
70
0
0
VERTEX
8
TRACED_VECTOR
10
318.5218
20
-303.5376
30
0.0
0
VERTEX
8
TRACED_VECTOR
10
321.9586
20
-391.2813
30
0.0
0
SEQEND
0
POLYLINE
8
TRACED_VECTOR
66
1
70
0
0
VERTEX
8
TRACED_VECTOR
10
692.8106
20
-286.2474
30
0.0
0
VERTEX
8
TRACED_VECTOR
10
698.3155
20
-286.4999
30
0.0
0
SEQEND
0
POLYLINE
8
TRACED_VECTOR
66
1
70
0
0
VERTEX
8
TRACED_VECTOR
10
683.8391
20
-286.6499
30
0.0
0
VERTEX
8
TRACED_VECTOR
10
682.3662
20
-287.2154
30
0.0
0
VERTEX
8
TRACED_VECTOR
10
688.3248
20
-286.4486
30
0.0
0
SEQEND
0
POLYLINE
8
TRACED_VECTOR
66
1
70
0
0
VERTEX
8
TRACED_VECTOR
10
600.1050
20
-290.4062
30
0.0
0
VERTEX
8
TRACED_VECTOR
10
615.5560
20
-289.7131
30
0.0
0
SEQEND
0
POLYLINE
8
TRACED_VECTOR
66
1
70
0
0
VERTEX
8
TRACED_VECTOR
10
543.7616
20
-292.4344
30
0.0
0
VERTEX
8
TRACED_VECTOR
10
552.7554
20
-292.5303
30
0.0
0
SEQEND
0
POLYLINE
8
TRACED_VECTOR
66
1
70
0
0
VERTEX
8
TRACED_VECTOR
10
538.2790
20
-292.6803
30
0.0
0
VERTEX
8
TRACED_VECTOR
10
540.2726
20
-292.5909
30
0.0
0
SEQEND
0
POLYLINE
8
TRACED_VECTOR
66
1
70
0
0
VERTEX
8
TRACED_VECTOR
10
222.7811
20
-306.8337
30
0.0
0
VERTEX
8
TRACED_VECTOR
10
225.1130
20
-347.6815
30
0.0
0
VERTEX
8
TRACED_VECTOR
10
225.5471
20
-379.6249
30
0.0
0
VERTEX
8
TRACED_VECTOR
10
227.8538
20
-386.5133
30
0.0
0
VERTEX
8
TRACED_VECTOR
10
233.1734
20
-393.7660
30
0.0
0
VERTEX
8
TRACED_VECTOR
10
239.8764
20
-398.4595
30
0.0
0
VERTEX
8
TRACED_VECTOR
10
247.9628
20
-400.5938
30
0.0
0
VERTEX
8
TRACED_VECTOR
10
314.7507
20
-397.5977
30
0.0
0
SEQEND
0
POLYLINE
8
TRACED_VECTOR
66
1
70
0
0
VERTEX
8
TRACED_VECTOR
10
1215.6052
20
-261.7958
30
0.0
0
VERTEX
8
TRACED_VECTOR
10
1219.4668
20
-359.0095
30
0.0
0
SEQEND
0
POLYLINE
8
TRACED_VECTOR
66
1
70
0
0
VERTEX
8
TRACED_VECTOR
10
467.9798
20
-295.3346
30
0.0
0
VERTEX
8
TRACED_VECTOR
10
473.4848
20
-295.5870
30
0.0
0
SEQEND
0
POLYLINE
8
TRACED_VECTOR
66
1
70
0
0
VERTEX
8
TRACED_VECTOR
10
459.0083
20
-295.7370
30
0.0
0
VERTEX
8
TRACED_VECTOR
10
464.4909
20
-295.4911
30
0.0
0
SEQEND
0
POLYLINE
8
TRACED_VECTOR
66
1
70
0
0
VERTEX
8
TRACED_VECTOR
10
393.7157
20
-298.6661
30
0.0
0
VERTEX
8
TRACED_VECTOR
10
397.2270
20
-299.0080
30
0.0
0
SEQEND
0
POLYLINE
8
TRACED_VECTOR
66
1
70
0
0
VERTEX
8
TRACED_VECTOR
10
380.7569
20
-299.2474
30
0.0
0
VERTEX
8
TRACED_VECTOR
10
379.7824
20
-299.7905
30
0.0
0
VERTEX
8
TRACED_VECTOR
10
389.7284
20
-298.8449
30
0.0
0
SEQEND
0
POLYLINE
8
TRACED_VECTOR
66
1
70
0
0
VERTEX
8
TRACED_VECTOR
10
319.9277
20
-301.4768
30
0.0
0
VERTEX
8
TRACED_VECTOR
10
322.9405
20
-301.8411
30
0.0
0
SEQEND
0
POLYLINE
8
TRACED_VECTOR
66
1
70
0
0
VERTEX
8
TRACED_VECTOR
10
305.4736
20
-302.1252
30
0.0
0
VERTEX
8
TRACED_VECTOR
10
316.4387
20
-301.6333
30
0.0
0
SEQEND
0
POLYLINE
8
TRACED_VECTOR
66
1
70
0
0
VERTEX
8
TRACED_VECTOR
10
1440.8449
20
-250.6927
30
0.0
0
VERTEX
8
TRACED_VECTOR
10
1546.5316
20
-246.4509
30
0.0
0
SEQEND
0
POLYLINE
8
TRACED_VECTOR
66
1
70
0
0
VERTEX
8
TRACED_VECTOR
10
224.2093
20
-305.2714
30
0.0
0
VERTEX
8
TRACED_VECTOR
10
239.1841
20
-305.0990
30
0.0
0
SEQEND
0
POLYLINE
8
TRACED_VECTOR
66
1
70
0
0
VERTEX
8
TRACED_VECTOR
10
1366.0600
20
-253.5481
30
0.0
0
VERTEX
8
TRACED_VECTOR
10
1430.8766
20
-251.1398
30
0.0
0
SEQEND
0
POLYLINE
8
TRACED_VECTOR
66
1
70
0
0
VERTEX
8
TRACED_VECTOR
10
1291.2975
20
-256.9020
30
0.0
0
VERTEX
8
TRACED_VECTOR
10
1363.0695
20
-253.6823
30
0.0
0
SEQEND
0
POLYLINE
8
TRACED_VECTOR
66
1
70
0
0
VERTEX
8
TRACED_VECTOR
10
1219.0047
20
-259.6456
30
0.0
0
VERTEX
8
TRACED_VECTOR
10
1217.0334
20
-260.2335
30
0.0
0
VERTEX
8
TRACED_VECTOR
10
1286.3133
20
-257.1256
30
0.0
0
SEQEND
0
POLYLINE
8
TRACED_VECTOR
66
1
70
0
0
VERTEX
8
TRACED_VECTOR
10
1141.2516
20
-263.1337
30
0.0
0
VERTEX
8
TRACED_VECTOR
10
1214.0429
20
-260.3677
30
0.0
0
SEQEND
0
POLYLINE
8
TRACED_VECTOR
66
1
70
0
0
VERTEX
8
TRACED_VECTOR
10
1066.4891
20
-266.4875
30
0.0
0
VERTEX
8
TRACED_VECTOR
10
1138.2835
20
-263.7662
30
0.0
0
SEQEND
0
POLYLINE
8
TRACED_VECTOR
66
1
70
0
0
VERTEX
8
TRACED_VECTOR
10
990.7074
20
-269.3877
30
0.0
0
VERTEX
8
TRACED_VECTOR
10
1063.0002
20
-266.6441
30
0.0
0
SEQEND
0
POLYLINE
8
TRACED_VECTOR
66
1
70
0
0
VERTEX
8
TRACED_VECTOR
10
915.9448
20
-272.7416
30
0.0
0
VERTEX
8
TRACED_VECTOR
10
987.7169
20
-269.5219
30
0.0
0
SEQEND
0
POLYLINE
8
TRACED_VECTOR
66
1
70
0
0
VERTEX
8
TRACED_VECTOR
10
158.3512
20
-306.7275
30
0.0
0
VERTEX
8
TRACED_VECTOR
10
158.9390
20
-308.6988
30
0.0
0
VERTEX
8
TRACED_VECTOR
10
163.0381
20
-311.0120
30
0.0
0
SEQEND
0
POLYLINE
8
TRACED_VECTOR
66
1
70
0
0
VERTEX
8
TRACED_VECTOR
10
64.6488
20
-310.9310
30
0.0
0
VERTEX
8
TRACED_VECTOR
10
65.7220
20
-334.8550
30
0.0
0
SEQEND
0
POLYLINE
8
TRACED_VECTOR
66
1
70
0
0
VERTEX
8
TRACED_VECTOR
10
859.1029
20
-274.7921
30
0.0
0
VERTEX
8
TRACED_VECTOR
10
912.9543
20
-272.8757
30
0.0
0
SEQEND
0
POLYLINE
8
TRACED_VECTOR
66
1
70
0
0
VERTEX
8
TRACED_VECTOR
10
768.8671
20
-278.3407
30
0.0
0
VERTEX
8
TRACED_VECTOR
10
819.7057
20
-276.0601
30
0.0
0
SEQEND
0
POLYLINE
8
TRACED_VECTOR
66
1
70
0
0
VERTEX
8
TRACED_VECTOR
10
692.5870
20
-281.2632
30
0.0
0
VERTEX
8
TRACED_VECTOR
10
765.8766
20
-278.4749
30
0.0
0
SEQEND
0
POLYLINE
8
TRACED_VECTOR
66
1
70
0
0
VERTEX
8
TRACED_VECTOR
10
673.6471
20
-282.1129
30
0.0
0
VERTEX
8
TRACED_VECTOR
10
689.5965
20
-281.3974
30
0.0
0
SEQEND
0
POLYLINE
8
TRACED_VECTOR
66
1
70
0
0
VERTEX
8
TRACED_VECTOR
10
630.7609
20
-283.5374
30
0.0
0
VERTEX
8
TRACED_VECTOR
10
618.8213
20
-284.5724
30
0.0
0
VERTEX
8
TRACED_VECTOR
10
658.1962
20
-282.8060
30
0.0
0
SEQEND
0
POLYLINE
8
TRACED_VECTOR
66
1
70
0
0
VERTEX
8
TRACED_VECTOR
10
543.5380
20
-287.4502
30
0.0
0
VERTEX
8
TRACED_VECTOR
10
615.8308
20
-284.7066
30
0.0
0
SEQEND
0
POLYLINE
8
TRACED_VECTOR
66
1
70
0
0
VERTEX
8
TRACED_VECTOR
10
68.5467
20
-308.7585
30
0.0
0
VERTEX
8
TRACED_VECTOR
10
66.0770
20
-309.3687
30
0.0
0
VERTEX
8
TRACED_VECTOR
10
154.3191
20
-305.9096
30
0.0
0
SEQEND
0
POLYLINE
8
TRACED_VECTOR
66
1
70
0
0
VERTEX
8
TRACED_VECTOR
10
1534.8668
20
-242.4794
30
0.0
0
VERTEX
8
TRACED_VECTOR
10
1546.3304
20
-241.9652
30
0.0
0
SEQEND
0
POLYLINE
8
TRACED_VECTOR
66
1
70
0
0
VERTEX
8
TRACED_VECTOR
10
470.2483
20
-290.2386
30
0.0
0
VERTEX
8
TRACED_VECTOR
10
467.7786
20
-290.8488
30
0.0
0
VERTEX
8
TRACED_VECTOR
10
538.0554
20
-287.6962
30
0.0
0
SEQEND
0
POLYLINE
8
TRACED_VECTOR
66
1
70
0
0
VERTEX
8
TRACED_VECTOR
10
393.4921
20
-293.6819
30
0.0
0
VERTEX
8
TRACED_VECTOR
10
464.7881
20
-290.9830
30
0.0
0
SEQEND
0
POLYLINE
8
TRACED_VECTOR
66
1
70
0
0
VERTEX
8
TRACED_VECTOR
10
1440.6437
20
-246.2069
30
0.0
0
VERTEX
8
TRACED_VECTOR
10
1451.1104
20
-245.7374
30
0.0
0
SEQEND
0
POLYLINE
8
TRACED_VECTOR
66
1
70
0
0
VERTEX
8
TRACED_VECTOR
10
321.6977
20
-296.4032
30
0.0
0
VERTEX
8
TRACED_VECTOR
10
319.7264
20
-296.9911
30
0.0
0
VERTEX
8
TRACED_VECTOR
10
388.5080
20
-293.9055
30
0.0
0
SEQEND
0
POLYLINE
8
TRACED_VECTOR
66
1
70
0
0
VERTEX
8
TRACED_VECTOR
10
224.5064
20
-300.7632
30
0.0
0
VERTEX
8
TRACED_VECTOR
10
316.7359
20
-297.1252
30
0.0
0
SEQEND
0
POLYLINE
8
TRACED_VECTOR
66
1
70
0
0
VERTEX
8
TRACED_VECTOR
10
1347.4173
20
-249.8896
30
0.0
0
VERTEX
8
TRACED_VECTOR
10
1362.8683
20
-249.1965
30
0.0
0
SEQEND
0
POLYLINE
8
TRACED_VECTOR
66
1
70
0
0
VERTEX
8
TRACED_VECTOR
10
1291.0739
20
-251.9178
30
0.0
0
VERTEX
8
TRACED_VECTOR
10
1298.0517
20
-251.6048
30
0.0
0
SEQEND
0
POLYLINE
8
TRACED_VECTOR
66
1
70
0
0
VERTEX
8
TRACED_VECTOR
10
1277.1182
20
-252.5439
30
0.0
0
VERTEX
8
TRACED_VECTOR
10
1288.0834
20
-252.0520
30
0.0
0
SEQEND
0
POLYLINE
8
TRACED_VECTOR
66
1
70
0
0
VERTEX
8
TRACED_VECTOR
10
1224.7844
20
-254.8916
30
0.0
0
VERTEX
8
TRACED_VECTOR
10
1219.3242
20
-255.6359
30
0.0
0
SEQEND
0
POLYLINE
8
TRACED_VECTOR
66
1
70
0
0
VERTEX
8
TRACED_VECTOR
10
1203.3525
20
-255.8530
30
0.0
0
VERTEX
8
TRACED_VECTOR
10
1207.8383
20
-255.6518
30
0.0
0
SEQEND
0
POLYLINE
8
TRACED_VECTOR
66
1
70
0
0
VERTEX
8
TRACED_VECTOR
10
1141.0504
20
-258.6479
30
0.0
0
VERTEX
8
TRACED_VECTOR
10
1148.0282
20
-258.3349
30
0.0
0
SEQEND
0
POLYLINE
8
TRACED_VECTOR
66
1
70
0
0
VERTEX
8
TRACED_VECTOR
10
1124.6026
20
-259.3858
30
0.0
0
VERTEX
8
TRACED_VECTOR
10
1138.0599
20
-258.7821
30
0.0
0
SEQEND
0
POLYLINE
8
TRACED_VECTOR
66
1
70
0
0
VERTEX
8
TRACED_VECTOR
10
1073.7418
20
-261.1680
30
0.0
0
VERTEX
8
TRACED_VECTOR
10
1077.7291
20
-260.9891
30
0.0
0
SEQEND
0
POLYLINE
8
TRACED_VECTOR
66
1
70
0
0
VERTEX
8
TRACED_VECTOR
10
1065.7671
20
-261.5257
30
0.0
0
VERTEX
8
TRACED_VECTOR
10
1070.7513
20
-261.3021
30
0.0
0
SEQEND
0
POLYLINE
8
TRACED_VECTOR
66
1
70
0
0
VERTEX
8
TRACED_VECTOR
10
1055.3003
20
-261.9953
30
0.0
0
VERTEX
8
TRACED_VECTOR
10
1053.8274
20
-262.5608
30
0.0
0
VERTEX
8
TRACED_VECTOR
10
1061.2813
20
-261.7270
30
0.0
0
SEQEND
0
POLYLINE
8
TRACED_VECTOR
66
1
70
0
0
VERTEX
8
TRACED_VECTOR
10
990.5061
20
-264.9020
30
0.0
0
VERTEX
8
TRACED_VECTOR
10
999.9761
20
-264.4771
30
0.0
0
SEQEND
0
POLYLINE
8
TRACED_VECTOR
66
1
70
0
0
VERTEX
8
TRACED_VECTOR
10
978.0457
20
-265.4609
30
0.0
0
VERTEX
8
TRACED_VECTOR
10
977.0712
20
-266.0041
30
0.0
0
VERTEX
8
TRACED_VECTOR
10
986.5188
20
-265.0808
30
0.0
0
SEQEND
0
POLYLINE
8
TRACED_VECTOR
66
1
70
0
0
VERTEX
8
TRACED_VECTOR
10
915.7436
20
-268.2558
30
0.0
0
VERTEX
8
TRACED_VECTOR
10
923.7183
20
-267.8981
30
0.0
0
SEQEND
0
POLYLINE
8
TRACED_VECTOR
66
1
70
0
0
VERTEX
8
TRACED_VECTOR
10
906.2737
20
-268.6807
30
0.0
0
VERTEX
8
TRACED_VECTOR
10
912.7531
20
-268.3900
30
0.0
0
SEQEND
0
POLYLINE
8
TRACED_VECTOR
66
1
70
0
0
VERTEX
8
TRACED_VECTOR
10
858.9241
20
-270.8048
30
0.0
0
VERTEX
8
TRACED_VECTOR
10
877.3655
20
-269.9775
30
0.0
0
SEQEND
0
POLYLINE
8
TRACED_VECTOR
66
1
70
0
0
VERTEX
8
TRACED_VECTOR
10
801.6061
20
-273.3761
30
0.0
0
VERTEX
8
TRACED_VECTOR
10
820.0476
20
-272.5488
30
0.0
0
SEQEND
0
POLYLINE
8
TRACED_VECTOR
66
1
70
0
0
VERTEX
8
TRACED_VECTOR
10
768.7106
20
-274.8518
30
0.0
0
VERTEX
8
TRACED_VECTOR
10
772.6979
20
-274.6729
30
0.0
0
SEQEND
0
POLYLINE
8
TRACED_VECTOR
66
1
70
0
0
VERTEX
8
TRACED_VECTOR
10
763.7041
20
-274.5770
30
0.0
0
VERTEX
8
TRACED_VECTOR
10
752.7613
20
-275.5673
30
0.0
0
VERTEX
8
TRACED_VECTOR
10
754.2565
20
-275.5002
30
0.0
0
SEQEND
0
POLYLINE
8
TRACED_VECTOR
66
1
70
0
0
VERTEX
8
TRACED_VECTOR
10
692.4305
20
-277.7743
30
0.0
0
VERTEX
8
TRACED_VECTOR
10
700.9259
20
-277.8926
30
0.0
0
SEQEND
0
POLYLINE
8
TRACED_VECTOR
66
1
70
0
0
VERTEX
8
TRACED_VECTOR
10
684.4558
20
-278.1321
30
0.0
0
VERTEX
8
TRACED_VECTOR
10
688.9416
20
-277.9308
30
0.0
0
SEQEND
0
POLYLINE
8
TRACED_VECTOR
66
1
70
0
0
VERTEX
8
TRACED_VECTOR
10
675.4843
20
-278.5345
30
0.0
0
VERTEX
8
TRACED_VECTOR
10
679.4940
20
-278.8541
30
0.0
0
SEQEND
0
POLYLINE
8
TRACED_VECTOR
66
1
70
0
0
VERTEX
8
TRACED_VECTOR
10
660.0334
20
-279.2277
30
0.0
0
VERTEX
8
TRACED_VECTOR
10
671.4970
20
-278.7134
30
0.0
0
SEQEND
0
POLYLINE
8
TRACED_VECTOR
66
1
70
0
0
VERTEX
8
TRACED_VECTOR
10
618.6648
20
-281.0835
30
0.0
0
VERTEX
8
TRACED_VECTOR
10
631.1476
20
-281.0229
30
0.0
0
SEQEND
0
POLYLINE
8
TRACED_VECTOR
66
1
70
0
0
VERTEX
8
TRACED_VECTOR
10
613.1822
20
-281.3294
30
0.0
0
VERTEX
8
TRACED_VECTOR
10
615.6743
20
-281.2176
30
0.0
0
SEQEND
0
POLYLINE
8
TRACED_VECTOR
66
1
70
0
0
VERTEX
8
TRACED_VECTOR
10
526.9337
20
-284.6992
30
0.0
0
VERTEX
8
TRACED_VECTOR
10
539.8925
20
-284.1178
30
0.0
0
SEQEND
0
POLYLINE
8
TRACED_VECTOR
66
1
70
0
0
VERTEX
8
TRACED_VECTOR
10
165.0830
20
-300.9319
30
0.0
0
VERTEX
8
TRACED_VECTOR
10
167.6422
20
-302.3154
30
0.0
0
VERTEX
8
TRACED_VECTOR
10
168.7732
20
-305.2611
30
0.0
0
VERTEX
8
TRACED_VECTOR
10
167.9552
20
-309.2932
30
0.0
0
VERTEX
8
TRACED_VECTOR
10
166.0063
20
-310.3795
30
0.0
0
SEQEND
0
POLYLINE
8
TRACED_VECTOR
66
1
70
0
0
VERTEX
8
TRACED_VECTOR
10
467.5997
20
-286.8615
30
0.0
0
VERTEX
8
TRACED_VECTOR
10
478.5873
20
-286.8680
30
0.0
0
SEQEND
0
POLYLINE
8
TRACED_VECTOR
66
1
70
0
0
VERTEX
8
TRACED_VECTOR
10
462.1171
20
-287.1074
30
0.0
0
VERTEX
8
TRACED_VECTOR
10
464.6092
20
-286.9956
30
0.0
0
SEQEND
0
POLYLINE
8
TRACED_VECTOR
66
1
70
0
0
VERTEX
8
TRACED_VECTOR
10
375.8910
20
-290.9756
30
0.0
0
VERTEX
8
TRACED_VECTOR
10
389.8467
20
-290.3495
30
0.0
0
SEQEND
0
POLYLINE
8
TRACED_VECTOR
66
1
70
0
0
VERTEX
8
TRACED_VECTOR
10
161.5718
20
-300.5900
30
0.0
0
VERTEX
8
TRACED_VECTOR
10
158.2617
20
-304.7338
30
0.0
0
VERTEX
8
TRACED_VECTOR
10
159.1915
20
-303.1939
30
0.0
0
SEQEND
0
POLYLINE
8
TRACED_VECTOR
66
1
70
0
0
VERTEX
8
TRACED_VECTOR
10
319.5476
20
-293.0037
30
0.0
0
VERTEX
8
TRACED_VECTOR
10
333.0048
20
-292.4000
30
0.0
0
SEQEND
0
POLYLINE
8
TRACED_VECTOR
66
1
70
0
0
VERTEX
8
TRACED_VECTOR
10
224.3052
20
-296.2775
30
0.0
0
VERTEX
8
TRACED_VECTOR
10
237.7848
20
-296.1722
30
0.0
0
SEQEND
0
POLYLINE
8
TRACED_VECTOR
66
1
70
0
0
VERTEX
8
TRACED_VECTOR
10
1073.5629
20
-257.1807
30
0.0
0
VERTEX
8
TRACED_VECTOR
10
1072.6778
20
-259.7175
30
0.0
0
SEQEND
0
POLYLINE
8
TRACED_VECTOR
66
1
70
0
0
VERTEX
8
TRACED_VECTOR
10
989.1739
20
-257.4704
30
0.0
0
VERTEX
8
TRACED_VECTOR
10
988.9438
20
-263.4738
30
0.0
0
SEQEND
0
POLYLINE
8
TRACED_VECTOR
66
1
70
0
0
VERTEX
8
TRACED_VECTOR
10
986.1163
20
-256.1093
30
0.0
0
VERTEX
8
TRACED_VECTOR
10
982.8286
20
-260.7516
30
0.0
0
VERTEX
8
TRACED_VECTOR
10
983.2823
20
-259.7324
30
0.0
0
SEQEND
0
POLYLINE
8
TRACED_VECTOR
66
1
70
0
0
VERTEX
8
TRACED_VECTOR
10
691.0535
20
-269.3460
30
0.0
0
VERTEX
8
TRACED_VECTOR
10
690.8681
20
-276.3462
30
0.0
0
SEQEND
0
POLYLINE
8
TRACED_VECTOR
66
1
70
0
0
VERTEX
8
TRACED_VECTOR
10
1217.8355
20
-244.7155
30
0.0
0
VERTEX
8
TRACED_VECTOR
10
1218.2379
20
-253.6870
30
0.0
0
SEQEND
0
POLYLINE
8
TRACED_VECTOR
66
1
70
0
0
VERTEX
8
TRACED_VECTOR
10
992.5510
20
-254.8218
30
0.0
0
VERTEX
8
TRACED_VECTOR
10
991.0781
20
-255.3873
30
0.0
0
VERTEX
8
TRACED_VECTOR
10
994.0463
20
-254.7548
30
0.0
0
VERTEX
8
TRACED_VECTOR
10
995.0878
20
-255.7069
30
0.0
0
VERTEX
8
TRACED_VECTOR
10
994.2028
20
-258.2437
30
0.0
0
SEQEND
0
POLYLINE
8
TRACED_VECTOR
66
1
70
0
0
VERTEX
8
TRACED_VECTOR
10
1209.8161
20
-244.0764
30
0.0
0
VERTEX
8
TRACED_VECTOR
10
1209.7648
20
-254.0671
30
0.0
0
SEQEND
0
POLYLINE
8
TRACED_VECTOR
66
1
70
0
0
VERTEX
8
TRACED_VECTOR
10
1064.2113
20
-249.1100
30
0.0
0
VERTEX
8
TRACED_VECTOR
10
1064.2048
20
-260.0976
30
0.0
0
SEQEND
0
POLYLINE
8
TRACED_VECTOR
66
1
70
0
0
VERTEX
8
TRACED_VECTOR
10
682.8776
20
-265.2180
30
0.0
0
VERTEX
8
TRACED_VECTOR
10
678.9350
20
-266.3937
30
0.0
0
VERTEX
8
TRACED_VECTOR
10
676.5547
20
-268.9975
30
0.0
0
VERTEX
8
TRACED_VECTOR
10
674.3309
20
-275.0903
30
0.0
0
VERTEX
8
TRACED_VECTOR
10
676.5547
20
-268.9975
30
0.0
0
SEQEND
0
POLYLINE
8
TRACED_VECTOR
66
1
70
0
0
VERTEX
8
TRACED_VECTOR
10
1074.4321
20
-243.1579
30
0.0
0
VERTEX
8
TRACED_VECTOR
10
1065.5947
20
-246.5509
30
0.0
0
VERTEX
8
TRACED_VECTOR
10
1074.4321
20
-243.1579
30
0.0
0
VERTEX
8
TRACED_VECTOR
10
1077.4226
20
-243.0237
30
0.0
0
VERTEX
8
TRACED_VECTOR
10
1078.4865
20
-244.4743
30
0.0
0
SEQEND
0
POLYLINE
8
TRACED_VECTOR
66
1
70
0
0
VERTEX
8
TRACED_VECTOR
10
768.2699
20
-253.8959
30
0.0
0
VERTEX
8
TRACED_VECTOR
10
771.9825
20
-258.7236
30
0.0
0
VERTEX
8
TRACED_VECTOR
10
773.8867
20
-256.6405
30
0.0
0
SEQEND
0
POLYLINE
8
TRACED_VECTOR
66
1
70
0
0
VERTEX
8
TRACED_VECTOR
10
766.2763
20
-253.9854
30
0.0
0
VERTEX
8
TRACED_VECTOR
10
766.6275
20
-272.9476
30
0.0
0
SEQEND
0
POLYLINE
8
TRACED_VECTOR
66
1
70
0
0
VERTEX
8
TRACED_VECTOR
10
769.6981
20
-252.3336
30
0.0
0
VERTEX
8
TRACED_VECTOR
10
772.2349
20
-253.2186
30
0.0
0
SEQEND
0
POLYLINE
8
TRACED_VECTOR
66
1
70
0
0
VERTEX
8
TRACED_VECTOR
10
1197.4683
20
-169.2179
30
0.0
0
VERTEX
8
TRACED_VECTOR
10
1196.5833
20
-171.7547
30
0.0
0
VERTEX
8
TRACED_VECTOR
10
1200.3629
20
-178.0776
30
0.0
0
VERTEX
8
TRACED_VECTOR
10
1196.5609
20
-171.2563
30
0.0
0
SEQEND
0
POLYLINE
8
TRACED_VECTOR
66
1
70
0
0
VERTEX
8
TRACED_VECTOR
10
1434.9225
20
-152.0732
30
0.0
0
VERTEX
8
TRACED_VECTOR
10
1438.6053
20
-245.2995
30
0.0
0
SEQEND
0
POLYLINE
8
TRACED_VECTOR
66
1
70
0
0
VERTEX
8
TRACED_VECTOR
10
1360.6361
20
-154.9063
30
0.0
0
VERTEX
8
TRACED_VECTOR
10
1364.2964
20
-247.6342
30
0.0
0
SEQEND
0
POLYLINE
8
TRACED_VECTOR
66
1
70
0
0
VERTEX
8
TRACED_VECTOR
10
1285.3751
20
-158.2825
30
0.0
0
VERTEX
8
TRACED_VECTOR
10
1289.5115
20
-250.4896
30
0.0
0
SEQEND
0
POLYLINE
8
TRACED_VECTOR
66
1
70
0
0
VERTEX
8
TRACED_VECTOR
10
1214.5999
20
-161.4575
30
0.0
0
VERTEX
8
TRACED_VECTOR
10
1215.1812
20
-174.4164
30
0.0
0
SEQEND
0
POLYLINE
8
TRACED_VECTOR
66
1
70
0
0
VERTEX
8
TRACED_VECTOR
10
1211.1110
20
-161.6140
30
0.0
0
VERTEX
8
TRACED_VECTOR
10
1215.2474
20
-253.8212
30
0.0
0
SEQEND
0
POLYLINE
8
TRACED_VECTOR
66
1
70
0
0
VERTEX
8
TRACED_VECTOR
10
1206.1268
20
-161.8376
30
0.0
0
VERTEX
8
TRACED_VECTOR
10
1206.5740
20
-171.8060
30
0.0
0
SEQEND
0
POLYLINE
8
TRACED_VECTOR
66
1
70
0
0
VERTEX
8
TRACED_VECTOR
10
1135.8277
20
-164.4918
30
0.0
0
VERTEX
8
TRACED_VECTOR
10
1139.4881
20
-257.2197
30
0.0
0
SEQEND
0
POLYLINE
8
TRACED_VECTOR
66
1
70
0
0
VERTEX
8
TRACED_VECTOR
10
1436.3507
20
-150.5109
30
0.0
0
VERTEX
8
TRACED_VECTOR
10
1519.1103
20
-147.2977
30
0.0
0
VERTEX
8
TRACED_VECTOR
10
1530.1649
20
-148.7994
30
0.0
0
VERTEX
8
TRACED_VECTOR
10
1537.3439
20
-152.9721
30
0.0
0
VERTEX
8
TRACED_VECTOR
10
1542.5964
20
-158.7296
30
0.0
0
VERTEX
8
TRACED_VECTOR
10
1546.5772
20
-169.5382
30
0.0
0
VERTEX
8
TRACED_VECTOR
10
1547.7586
20
-240.4028
30
0.0
0
SEQEND
0
POLYLINE
8
TRACED_VECTOR
66
1
70
0
0
VERTEX
8
TRACED_VECTOR
10
1060.5444
20
-167.3697
30
0.0
0
VERTEX
8
TRACED_VECTOR
10
1064.0548
20
-245.6211
30
0.0
0
SEQEND
0
POLYLINE
8
TRACED_VECTOR
66
1
70
0
0
VERTEX
8
TRACED_VECTOR
10
985.2834
20
-170.7459
30
0.0
0
VERTEX
8
TRACED_VECTOR
10
988.5413
20
-254.5023
30
0.0
0
SEQEND
0
POLYLINE
8
TRACED_VECTOR
66
1
70
0
0
VERTEX
8
TRACED_VECTOR
10
910.0225
20
-174.1221
30
0.0
0
VERTEX
8
TRACED_VECTOR
10
914.1813
20
-266.8277
30
0.0
0
SEQEND
0
POLYLINE
8
TRACED_VECTOR
66
1
70
0
0
VERTEX
8
TRACED_VECTOR
10
1362.0642
20
-153.3440
30
0.0
0
VERTEX
8
TRACED_VECTOR
10
1433.3602
20
-150.6450
30
0.0
0
SEQEND
0
POLYLINE
8
TRACED_VECTOR
66
1
70
0
0
VERTEX
8
TRACED_VECTOR
10
1286.8033
20
-156.7202
30
0.0
0
VERTEX
8
TRACED_VECTOR
10
1359.0737
20
-153.4781
30
0.0
0
SEQEND
0
POLYLINE
8
TRACED_VECTOR
66
1
70
0
0
VERTEX
8
TRACED_VECTOR
10
1216.0281
20
-159.8952
30
0.0
0
VERTEX
8
TRACED_VECTOR
10
1283.8128
20
-156.8543
30
0.0
0
SEQEND
0
POLYLINE
8
TRACED_VECTOR
66
1
70
0
0
VERTEX
8
TRACED_VECTOR
10
835.7360
20
-176.9552
30
0.0
0
VERTEX
8
TRACED_VECTOR
10
839.2464
20
-255.2067
30
0.0
0
SEQEND
0
POLYLINE
8
TRACED_VECTOR
66
1
70
0
0
VERTEX
8
TRACED_VECTOR
10
1137.2559
20
-162.9295
30
0.0
0
VERTEX
8
TRACED_VECTOR
10
1204.5645
20
-160.4094
30
0.0
0
SEQEND
0
POLYLINE
8
TRACED_VECTOR
66
1
70
0
0
VERTEX
8
TRACED_VECTOR
10
762.9448
20
-179.7212
30
0.0
0
VERTEX
8
TRACED_VECTOR
10
765.6437
20
-251.0172
30
0.0
0
SEQEND
0
POLYLINE
8
TRACED_VECTOR
66
1
70
0
0
VERTEX
8
TRACED_VECTOR
10
687.1854
20
-183.1198
30
0.0
0
VERTEX
8
TRACED_VECTOR
10
690.8747
20
-265.3586
30
0.0
0
SEQEND
0
POLYLINE
8
TRACED_VECTOR
66
1
70
0
0
VERTEX
8
TRACED_VECTOR
10
1061.4741
20
-165.8297
30
0.0
0
VERTEX
8
TRACED_VECTOR
10
1134.2654
20
-163.0637
30
0.0
0
SEQEND
0
POLYLINE
8
TRACED_VECTOR
66
1
70
0
0
VERTEX
8
TRACED_VECTOR
10
986.7116
20
-169.1836
30
0.0
0
VERTEX
8
TRACED_VECTOR
10
1059.4805
20
-165.9191
30
0.0
0
SEQEND
0
POLYLINE
8
TRACED_VECTOR
66
1
70
0
0
VERTEX
8
TRACED_VECTOR
10
911.4506
20
-172.5598
30
0.0
0
VERTEX
8
TRACED_VECTOR
10
983.7211
20
-169.3177
30
0.0
0
SEQEND
0
POLYLINE
8
TRACED_VECTOR
66
1
70
0
0
VERTEX
8
TRACED_VECTOR
10
613.3973
20
-185.9306
30
0.0
0
VERTEX
8
TRACED_VECTOR
10
617.1024
20
-279.6553
30
0.0
0
SEQEND
0
POLYLINE
8
TRACED_VECTOR
66
1
70
0
0
VERTEX
8
TRACED_VECTOR
10
537.6380
20
-189.3292
30
0.0
0
VERTEX
8
TRACED_VECTOR
10
541.8191
20
-282.5331
30
0.0
0
SEQEND
0
POLYLINE
8
TRACED_VECTOR
66
1
70
0
0
VERTEX
8
TRACED_VECTOR
10
462.8754
20
-192.6830
30
0.0
0
VERTEX
8
TRACED_VECTOR
10
466.0374
20
-285.4333
30
0.0
0
SEQEND
0
POLYLINE
8
TRACED_VECTOR
66
1
70
0
0
VERTEX
8
TRACED_VECTOR
10
837.1642
20
-175.3929
30
0.0
0
VERTEX
8
TRACED_VECTOR
10
908.4601
20
-172.6940
30
0.0
0
SEQEND
0
POLYLINE
8
TRACED_VECTOR
66
1
70
0
0
VERTEX
8
TRACED_VECTOR
10
388.0905
20
-195.5385
30
0.0
0
VERTEX
8
TRACED_VECTOR
10
391.7733
20
-288.7648
30
0.0
0
SEQEND
0
POLYLINE
8
TRACED_VECTOR
66
1
70
0
0
VERTEX
8
TRACED_VECTOR
10
314.3248
20
-198.8477
30
0.0
0
VERTEX
8
TRACED_VECTOR
10
317.5315
20
-292.5947
30
0.0
0
SEQEND
0
POLYLINE
8
TRACED_VECTOR
66
1
70
0
0
VERTEX
8
TRACED_VECTOR
10
59.6338
20
-210.2732
30
0.0
0
VERTEX
8
TRACED_VECTOR
10
64.5146
20
-307.9405
30
0.0
0
SEQEND
0
POLYLINE
8
TRACED_VECTOR
66
1
70
0
0
VERTEX
8
TRACED_VECTOR
10
763.3761
20
-178.2036
30
0.0
0
VERTEX
8
TRACED_VECTOR
10
834.1737
20
-175.5271
30
0.0
0
SEQEND
0
POLYLINE
8
TRACED_VECTOR
66
1
70
0
0
VERTEX
8
TRACED_VECTOR
10
688.6136
20
-181.5575
30
0.0
0
VERTEX
8
TRACED_VECTOR
10
761.3824
20
-178.2931
30
0.0
0
SEQEND
0
POLYLINE
8
TRACED_VECTOR
66
1
70
0
0
VERTEX
8
TRACED_VECTOR
10
9.2713
20
-212.0330
30
0.0
0
VERTEX
8
TRACED_VECTOR
10
32.2025
20
-700.9353
30
0.0
0
SEQEND
0
POLYLINE
8
TRACED_VECTOR
66
1
70
0
0
VERTEX
8
TRACED_VECTOR
10
613.8287
20
-184.4130
30
0.0
0
VERTEX
8
TRACED_VECTOR
10
685.6231
20
-181.6917
30
0.0
0
SEQEND
0
POLYLINE
8
TRACED_VECTOR
66
1
70
0
0
VERTEX
8
TRACED_VECTOR
10
539.0661
20
-187.7668
30
0.0
0
VERTEX
8
TRACED_VECTOR
10
611.8350
20
-184.5024
30
0.0
0
SEQEND
0
POLYLINE
8
TRACED_VECTOR
66
1
70
0
0
VERTEX
8
TRACED_VECTOR
10
463.7828
20
-190.6447
30
0.0
0
VERTEX
8
TRACED_VECTOR
10
536.0756
20
-187.9010
30
0.0
0
SEQEND
0
POLYLINE
8
TRACED_VECTOR
66
1
70
0
0
VERTEX
8
TRACED_VECTOR
10
389.0203
20
-193.9985
30
0.0
0
VERTEX
8
TRACED_VECTOR
10
461.3131
20
-191.2549
30
0.0
0
SEQEND
0
POLYLINE
8
TRACED_VECTOR
66
1
70
0
0
VERTEX
8
TRACED_VECTOR
10
315.2546
20
-197.3077
30
0.0
0
VERTEX
8
TRACED_VECTOR
10
387.0266
20
-194.0880
30
0.0
0
SEQEND
0
POLYLINE
8
TRACED_VECTOR
66
1
70
0
0
VERTEX
8
TRACED_VECTOR
10
240.4921
20
-200.6616
30
0.0
0
VERTEX
8
TRACED_VECTOR
10
235.5750
20
-202.3804
30
0.0
0
VERTEX
8
TRACED_VECTOR
10
226.8494
20
-208.2655
30
0.0
0
VERTEX
8
TRACED_VECTOR
10
223.0857
20
-213.4285
30
0.0
0
VERTEX
8
TRACED_VECTOR
10
219.5455
20
-223.5757
30
0.0
0
VERTEX
8
TRACED_VECTOR
10
222.2668
20
-295.3701
30
0.0
0
VERTEX
8
TRACED_VECTOR
10
219.5390
20
-234.5632
30
0.0
0
VERTEX
8
TRACED_VECTOR
10
219.9992
20
-222.5565
30
0.0
0
SEQEND
0
POLYLINE
8
TRACED_VECTOR
66
1
70
0
0
VERTEX
8
TRACED_VECTOR
10
61.5604
20
-208.6885
30
0.0
0
VERTEX
8
TRACED_VECTOR
10
136.8437
20
-205.8107
30
0.0
0
VERTEX
8
TRACED_VECTOR
10
143.3902
20
-207.0153
30
0.0
0
VERTEX
8
TRACED_VECTOR
10
150.0261
20
-210.2135
30
0.0
0
VERTEX
8
TRACED_VECTOR
10
156.8186
20
-216.9007
30
0.0
0
VERTEX
8
TRACED_VECTOR
10
160.8218
20
-228.2078
30
0.0
0
VERTEX
8
TRACED_VECTOR
10
163.9968
20
-298.9830
30
0.0
0
SEQEND
0
POLYLINE
8
TRACED_VECTOR
66
1
70
0
0
VERTEX
8
TRACED_VECTOR
10
10.6995
20
-210.4707
30
0.0
0
VERTEX
8
TRACED_VECTOR
10
58.5699
20
-208.8227
30
0.0
0
SEQEND
0
POLYLINE
8
TRACED_VECTOR
66
1
70
0
0
VERTEX
8
TRACED_VECTOR
10
1428.6834
20
-90.9244
30
0.0
0
VERTEX
8
TRACED_VECTOR
10
1430.7889
20
-93.3271
30
0.0
0
SEQEND
0
POLYLINE
8
TRACED_VECTOR
66
1
70
0
0
VERTEX
8
TRACED_VECTOR
10
1361.8061
20
-91.9269
30
0.0
0
VERTEX
8
TRACED_VECTOR
10
1359.3364
20
-92.5371
30
0.0
0
VERTEX
8
TRACED_VECTOR
10
1424.6290
20
-89.6080
30
0.0
0
SEQEND
0
POLYLINE
8
TRACED_VECTOR
66
1
70
0
0
VERTEX
8
TRACED_VECTOR
10
1284.5515
20
-95.3925
30
0.0
0
VERTEX
8
TRACED_VECTOR
10
1357.3427
20
-92.6265
30
0.0
0
SEQEND
0
POLYLINE
8
TRACED_VECTOR
66
1
70
0
0
VERTEX
8
TRACED_VECTOR
10
1213.7763
20
-98.5675
30
0.0
0
VERTEX
8
TRACED_VECTOR
10
1281.5610
20
-95.5267
30
0.0
0
SEQEND
0
POLYLINE
8
TRACED_VECTOR
66
1
70
0
0
VERTEX
8
TRACED_VECTOR
10
1204.8048
20
-98.9700
30
0.0
0
VERTEX
8
TRACED_VECTOR
10
1207.2969
20
-98.8582
30
0.0
0
SEQEND
0
POLYLINE
8
TRACED_VECTOR
66
1
70
0
0
VERTEX
8
TRACED_VECTOR
10
1134.5057
20
-101.6242
30
0.0
0
VERTEX
8
TRACED_VECTOR
10
1201.8143
20
-99.1042
30
0.0
0
SEQEND
0
POLYLINE
8
TRACED_VECTOR
66
1
70
0
0
VERTEX
8
TRACED_VECTOR
10
1059.2447
20
-105.0005
30
0.0
0
VERTEX
8
TRACED_VECTOR
10
1131.5152
20
-101.7584
30
0.0
0
SEQEND
0
POLYLINE
8
TRACED_VECTOR
66
1
70
0
0
VERTEX
8
TRACED_VECTOR
10
986.4535
20
-107.7665
30
0.0
0
VERTEX
8
TRACED_VECTOR
10
983.9838
20
-108.3767
30
0.0
0
VERTEX
8
TRACED_VECTOR
10
1053.7621
20
-105.2464
30
0.0
0
SEQEND
0
POLYLINE
8
TRACED_VECTOR
66
1
70
0
0
VERTEX
8
TRACED_VECTOR
10
909.1989
20
-111.2322
30
0.0
0
VERTEX
8
TRACED_VECTOR
10
981.9901
20
-108.4661
30
0.0
0
SEQEND
0
POLYLINE
8
TRACED_VECTOR
66
1
70
0
0
VERTEX
8
TRACED_VECTOR
10
835.4108
20
-114.0429
30
0.0
0
VERTEX
8
TRACED_VECTOR
10
906.2084
20
-111.3663
30
0.0
0
SEQEND
0
POLYLINE
8
TRACED_VECTOR
66
1
70
0
0
VERTEX
8
TRACED_VECTOR
10
762.1435
20
-117.3297
30
0.0
0
VERTEX
8
TRACED_VECTOR
10
832.9187
20
-114.1547
30
0.0
0
SEQEND
0
POLYLINE
8
TRACED_VECTOR
66
1
70
0
0
VERTEX
8
TRACED_VECTOR
10
306.5905
20
-137.7660
30
0.0
0
VERTEX
8
TRACED_VECTOR
10
308.1975
20
-140.1910
30
0.0
0
VERTEX
8
TRACED_VECTOR
10
311.2551
20
-141.5521
30
0.0
0
VERTEX
8
TRACED_VECTOR
10
315.1977
20
-140.3764
30
0.0
0
VERTEX
8
TRACED_VECTOR
10
316.5588
20
-137.3188
30
0.0
0
SEQEND
0
POLYLINE
8
TRACED_VECTOR
66
1
70
0
0
VERTEX
8
TRACED_VECTOR
10
686.3618
20
-120.2299
30
0.0
0
VERTEX
8
TRACED_VECTOR
10
759.1530
20
-117.4639
30
0.0
0
SEQEND
0
POLYLINE
8
TRACED_VECTOR
66
1
70
0
0
VERTEX
8
TRACED_VECTOR
10
612.0977
20
-123.5614
30
0.0
0
VERTEX
8
TRACED_VECTOR
10
683.3713
20
-120.3640
30
0.0
0
SEQEND
0
POLYLINE
8
TRACED_VECTOR
66
1
70
0
0
VERTEX
8
TRACED_VECTOR
10
537.3128
20
-126.4168
30
0.0
0
VERTEX
8
TRACED_VECTOR
10
609.1072
20
-123.6955
30
0.0
0
SEQEND
0
POLYLINE
8
TRACED_VECTOR
66
1
70
0
0
VERTEX
8
TRACED_VECTOR
10
462.0295
20
-129.2947
30
0.0
0
VERTEX
8
TRACED_VECTOR
10
534.3223
20
-126.5510
30
0.0
0
SEQEND
0
POLYLINE
8
TRACED_VECTOR
66
1
70
0
0
VERTEX
8
TRACED_VECTOR
10
386.2701
20
-132.6933
30
0.0
0
VERTEX
8
TRACED_VECTOR
10
459.0390
20
-129.4288
30
0.0
0
SEQEND
0
POLYLINE
8
TRACED_VECTOR
66
1
70
0
0
VERTEX
8
TRACED_VECTOR
10
5.9780
20
-149.7533
30
0.0
0
VERTEX
8
TRACED_VECTOR
10
9.1372
20
-209.0425
30
0.0
0
SEQEND
0
POLYLINE
8
TRACED_VECTOR
66
1
70
0
0
VERTEX
8
TRACED_VECTOR
10
325.4409
20
-134.9227
30
0.0
0
VERTEX
8
TRACED_VECTOR
10
318.4854
20
-135.7341
30
0.0
0
VERTEX
8
TRACED_VECTOR
10
377.2763
20
-132.5973
30
0.0
0
SEQEND
0
POLYLINE
8
TRACED_VECTOR
66
1
70
0
0
VERTEX
8
TRACED_VECTOR
10
237.1988
20
-138.3818
30
0.0
0
VERTEX
8
TRACED_VECTOR
10
305.0282
20
-136.3378
30
0.0
0
SEQEND
0
POLYLINE
8
TRACED_VECTOR
66
1
70
0
0
VERTEX
8
TRACED_VECTOR
10
163.4107
20
-141.1925
30
0.0
0
VERTEX
8
TRACED_VECTOR
10
234.2083
20
-138.5160
30
0.0
0
SEQEND
0
POLYLINE
8
TRACED_VECTOR
66
1
70
0
0
VERTEX
8
TRACED_VECTOR
10
58.7208
20
-145.3896
30
0.0
0
VERTEX
8
TRACED_VECTOR
10
159.9218
20
-141.3491
30
0.0
0
SEQEND
0
POLYLINE
8
TRACED_VECTOR
66
1
70
0
0
VERTEX
8
TRACED_VECTOR
10
8.8791
20
-147.6255
30
0.0
0
VERTEX
8
TRACED_VECTOR
10
7.9046
20
-148.1686
30
0.0
0
VERTEX
8
TRACED_VECTOR
10
54.2574
20
-146.0892
30
0.0
0
SEQEND
0
POLYLINE
8
TRACED_VECTOR
66
1
70
0
0
VERTEX
8
TRACED_VECTOR
10
1424.7697
20
-81.6110
30
0.0
0
VERTEX
8
TRACED_VECTOR
10
1429.4120
20
-84.8987
30
0.0
0
SEQEND
0
POLYLINE
8
TRACED_VECTOR
66
1
70
0
0
VERTEX
8
TRACED_VECTOR
10
313.7984
20
-131.4496
30
0.0
0
VERTEX
8
TRACED_VECTOR
10
315.8592
20
-132.8554
30
0.0
0
VERTEX
8
TRACED_VECTOR
10
316.4470
20
-134.8267
30
0.0
0
SEQEND
0
POLYLINE
8
TRACED_VECTOR
66
1
70
0
0
VERTEX
8
TRACED_VECTOR
10
309.7887
20
-131.1300
30
0.0
0
VERTEX
8
TRACED_VECTOR
10
306.4563
20
-134.7755
30
0.0
0
VERTEX
8
TRACED_VECTOR
10
307.4085
20
-133.7339
30
0.0
0
SEQEND
0
POLYLINE
8
TRACED_VECTOR
66
1
70
0
0
VERTEX
8
TRACED_VECTOR
10
1211.4025
20
-90.1839
30
0.0
0
VERTEX
8
TRACED_VECTOR
10
1212.2140
20
-97.1394
30
0.0
0
SEQEND
0
POLYLINE
8
TRACED_VECTOR
66
1
70
0
0
VERTEX
8
TRACED_VECTOR
10
1202.8177
20
-88.0719
30
0.0
0
VERTEX
8
TRACED_VECTOR
10
1203.2425
20
-97.5418
30
0.0
0
SEQEND
0
POLYLINE
8
TRACED_VECTOR
66
1
70
0
0
VERTEX
8
TRACED_VECTOR
10
1421.9199
20
-73.7481
30
0.0
0
VERTEX
8
TRACED_VECTOR
10
1428.0574
20
-76.9687
30
0.0
0
VERTEX
8
TRACED_VECTOR
10
1428.6005
20
-77.9432
30
0.0
0
VERTEX
8
TRACED_VECTOR
10
1425.6771
20
-79.5726
30
0.0
0
SEQEND
0
POLYLINE
8
TRACED_VECTOR
66
1
70
0
0
VERTEX
8
TRACED_VECTOR
10
-515.9278
20
-127.2195
30
0.0
0
VERTEX
8
TRACED_VECTOR
10
-455.0130
20
-1585.2902
30
0.0
0
VERTEX
8
TRACED_VECTOR
10
-453.9715
20
-1586.2423
30
0.0
0
VERTEX
8
TRACED_VECTOR
10
115.8085
20
-1562.6794
30
0.0
0
SEQEND
0
POLYLINE
8
TRACED_VECTOR
66
1
70
0
0
VERTEX
8
TRACED_VECTOR
10
904.6628
20
-43.5145
30
0.0
0
VERTEX
8
TRACED_VECTOR
10
907.6366
20
-109.8040
30
0.0
0
SEQEND
0
POLYLINE
8
TRACED_VECTOR
66
1
70
0
0
VERTEX
8
TRACED_VECTOR
10
906.0910
20
-41.9522
30
0.0
0
VERTEX
8
TRACED_VECTOR
10
908.5830
20
-41.8404
30
0.0
0
SEQEND
0
POLYLINE
8
TRACED_VECTOR
66
1
70
0
0
VERTEX
8
TRACED_VECTOR
10
979.8119
20
-37.6462
30
0.0
0
VERTEX
8
TRACED_VECTOR
10
982.9199
20
-106.9262
30
0.0
0
SEQEND
0
POLYLINE
8
TRACED_VECTOR
66
1
70
0
0
VERTEX
8
TRACED_VECTOR
10
961.2811
20
-36.4798
30
0.0
0
VERTEX
8
TRACED_VECTOR
10
978.2496
20
-36.2181
30
0.0
0
SEQEND
0
POLYLINE
8
TRACED_VECTOR
66
1
70
0
0
VERTEX
8
TRACED_VECTOR
10
902.4679
20
-39.1182
30
0.0
0
VERTEX
8
TRACED_VECTOR
10
902.6020
20
-42.1087
30
0.0
0
SEQEND
0
POLYLINE
8
TRACED_VECTOR
66
1
70
0
0
VERTEX
8
TRACED_VECTOR
10
1418.5660
20
1.0144
30
0.0
0
VERTEX
8
TRACED_VECTOR
10
1422.6875
20
-1.7972
30
0.0
0
SEQEND
0
POLYLINE
8
TRACED_VECTOR
66
1
70
0
0
VERTEX
8
TRACED_VECTOR
10
1423.5054
20
2.2348
30
0.0
0
VERTEX
8
TRACED_VECTOR
10
1424.1157
20
-0.2349
30
0.0
0
SEQEND
0
POLYLINE
8
TRACED_VECTOR
66
1
70
0
0
VERTEX
8
TRACED_VECTOR
10
1000.8032
20
-15.7289
30
0.0
0
VERTEX
8
TRACED_VECTOR
10
999.3974
20
-17.7897
30
0.0
0
SEQEND
0
POLYLINE
8
TRACED_VECTOR
66
1
70
0
0
VERTEX
8
TRACED_VECTOR
10
1544.2854
20
15.1444
30
0.0
0
VERTEX
8
TRACED_VECTOR
10
1545.3037
20
-63.2189
30
0.0
0
VERTEX
8
TRACED_VECTOR
10
1541.8529
20
-75.3598
30
0.0
0
VERTEX
8
TRACED_VECTOR
10
1536.1626
20
-82.1075
30
0.0
0
VERTEX
8
TRACED_VECTOR
10
1525.3987
20
-87.0852
30
0.0
0
VERTEX
8
TRACED_VECTOR
10
1503.4013
20
-86.5737
30
0.0
0
VERTEX
8
TRACED_VECTOR
10
1436.5910
20
-89.0714
30
0.0
0
SEQEND
0
POLYLINE
8
TRACED_VECTOR
66
1
70
0
0
VERTEX
8
TRACED_VECTOR
10
1428.1319
20
10.4331
30
0.0
0
VERTEX
8
TRACED_VECTOR
10
1432.3801
20
-84.2661
30
0.0
0
SEQEND
0
POLYLINE
8
TRACED_VECTOR
66
1
70
0
0
VERTEX
8
TRACED_VECTOR
10
1417.6651
20
9.9635
30
0.0
0
VERTEX
8
TRACED_VECTOR
10
1419.7929
20
7.0625
30
0.0
0
VERTEX
8
TRACED_VECTOR
10
1423.8921
20
4.7493
30
0.0
0
SEQEND
0
POLYLINE
8
TRACED_VECTOR
66
1
70
0
0
VERTEX
8
TRACED_VECTOR
10
1353.8677
20
7.1016
30
0.0
0
VERTEX
8
TRACED_VECTOR
10
1358.2725
20
-91.0866
30
0.0
0
SEQEND
0
POLYLINE
8
TRACED_VECTOR
66
1
70
0
0
VERTEX
8
TRACED_VECTOR
10
1279.0829
20
4.2461
30
0.0
0
VERTEX
8
TRACED_VECTOR
10
1282.9892
20
-93.9644
30
0.0
0
SEQEND
0
POLYLINE
8
TRACED_VECTOR
66
1
70
0
0
VERTEX
8
TRACED_VECTOR
10
1208.8061
20
1.0935
30
0.0
0
VERTEX
8
TRACED_VECTOR
10
1208.7996
20
-9.8941
30
0.0
0
SEQEND
0
POLYLINE
8
TRACED_VECTOR
66
1
70
0
0
VERTEX
8
TRACED_VECTOR
10
1204.8187
20
0.9146
30
0.0
0
VERTEX
8
TRACED_VECTOR
10
1208.7251
20
-97.2959
30
0.0
0
SEQEND
0
POLYLINE
8
TRACED_VECTOR
66
1
70
0
0
VERTEX
8
TRACED_VECTOR
10
1199.8346
20
0.6910
30
0.0
0
VERTEX
8
TRACED_VECTOR
10
1200.2594
20
-8.7789
30
0.0
0
SEQEND
0
POLYLINE
8
TRACED_VECTOR
66
1
70
0
0
VERTEX
8
TRACED_VECTOR
10
1129.0594
20
-2.4840
30
0.0
0
VERTEX
8
TRACED_VECTOR
10
1132.9433
20
-100.1961
30
0.0
0
SEQEND
0
POLYLINE
8
TRACED_VECTOR
66
1
70
0
0
VERTEX
8
TRACED_VECTOR
10
1053.7761
20
-5.3618
30
0.0
0
VERTEX
8
TRACED_VECTOR
10
1057.6824
20
-103.5723
30
0.0
0
SEQEND
0
POLYLINE
8
TRACED_VECTOR
66
1
70
0
0
VERTEX
8
TRACED_VECTOR
10
978.5151
20
-8.7380
30
0.0
0
VERTEX
8
TRACED_VECTOR
10
979.6554
20
-34.1573
30
0.0
0
SEQEND
0
POLYLINE
8
TRACED_VECTOR
66
1
70
0
0
VERTEX
8
TRACED_VECTOR
10
903.2542
20
-12.1143
30
0.0
0
VERTEX
8
TRACED_VECTOR
10
904.3498
20
-36.5367
30
0.0
0
SEQEND
0
POLYLINE
8
TRACED_VECTOR
66
1
70
0
0
VERTEX
8
TRACED_VECTOR
10
1429.5600
20
11.9954
30
0.0
0
VERTEX
8
TRACED_VECTOR
10
1542.7230
20
16.5725
30
0.0
0
SEQEND
0
POLYLINE
8
TRACED_VECTOR
66
1
70
0
0
VERTEX
8
TRACED_VECTOR
10
1419.0933
20
11.5259
30
0.0
0
VERTEX
8
TRACED_VECTOR
10
1426.5695
20
11.8613
30
0.0
0
SEQEND
0
POLYLINE
8
TRACED_VECTOR
66
1
70
0
0
VERTEX
8
TRACED_VECTOR
10
1355.2959
20
8.6639
30
0.0
0
VERTEX
8
TRACED_VECTOR
10
1416.1028
20
11.3917
30
0.0
0
SEQEND
0
POLYLINE
8
TRACED_VECTOR
66
1
70
0
0
VERTEX
8
TRACED_VECTOR
10
829.9645
20
-14.9027
30
0.0
0
VERTEX
8
TRACED_VECTOR
10
833.8485
20
-112.6147
30
0.0
0
SEQEND
0
POLYLINE
8
TRACED_VECTOR
66
1
70
0
0
VERTEX
8
TRACED_VECTOR
10
757.6941
20
-18.1447
30
0.0
0
VERTEX
8
TRACED_VECTOR
10
761.0796
20
-115.8792
30
0.0
0
SEQEND
0
POLYLINE
8
TRACED_VECTOR
66
1
70
0
0
VERTEX
8
TRACED_VECTOR
10
680.4394
20
-21.6104
30
0.0
0
VERTEX
8
TRACED_VECTOR
10
684.7995
20
-118.8017
30
0.0
0
SEQEND
0
POLYLINE
8
TRACED_VECTOR
66
1
70
0
0
VERTEX
8
TRACED_VECTOR
10
1314.4034
20
7.3289
30
0.0
0
VERTEX
8
TRACED_VECTOR
10
1311.9337
20
6.7187
30
0.0
0
VERTEX
8
TRACED_VECTOR
10
1349.8133
20
8.4179
30
0.0
0
SEQEND
0
POLYLINE
8
TRACED_VECTOR
66
1
70
0
0
VERTEX
8
TRACED_VECTOR
10
1280.5110
20
5.8084
30
0.0
0
VERTEX
8
TRACED_VECTOR
10
1309.4192
20
7.1053
30
0.0
0
SEQEND
0
POLYLINE
8
TRACED_VECTOR
66
1
70
0
0
VERTEX
8
TRACED_VECTOR
10
1210.2342
20
2.6558
30
0.0
0
VERTEX
8
TRACED_VECTOR
10
1277.5205
20
5.6743
30
0.0
0
SEQEND
0
POLYLINE
8
TRACED_VECTOR
66
1
70
0
0
VERTEX
8
TRACED_VECTOR
10
1130.4875
20
-0.9217
30
0.0
0
VERTEX
8
TRACED_VECTOR
10
1198.2722
20
2.1192
30
0.0
0
SEQEND
0
POLYLINE
8
TRACED_VECTOR
66
1
70
0
0
VERTEX
8
TRACED_VECTOR
10
606.6514
20
-24.4211
30
0.0
0
VERTEX
8
TRACED_VECTOR
10
610.5354
20
-122.1332
30
0.0
0
SEQEND
0
POLYLINE
8
TRACED_VECTOR
66
1
70
0
0
VERTEX
8
TRACED_VECTOR
10
531.3904
20
-27.7974
30
0.0
0
VERTEX
8
TRACED_VECTOR
10
535.7505
20
-124.9887
30
0.0
0
SEQEND
0
POLYLINE
8
TRACED_VECTOR
66
1
70
0
0
VERTEX
8
TRACED_VECTOR
10
1055.2042
20
-3.7995
30
0.0
0
VERTEX
8
TRACED_VECTOR
10
1127.4970
20
-1.0558
30
0.0
0
SEQEND
0
POLYLINE
8
TRACED_VECTOR
66
1
70
0
0
VERTEX
8
TRACED_VECTOR
10
979.9433
20
-7.1757
30
0.0
0
VERTEX
8
TRACED_VECTOR
10
1052.2137
20
-3.9336
30
0.0
0
SEQEND
0
POLYLINE
8
TRACED_VECTOR
66
1
70
0
0
VERTEX
8
TRACED_VECTOR
10
904.6823
20
-10.5519
30
0.0
0
VERTEX
8
TRACED_VECTOR
10
976.9528
20
-7.3099
30
0.0
0
SEQEND
0
POLYLINE
8
TRACED_VECTOR
66
1
70
0
0
VERTEX
8
TRACED_VECTOR
10
456.1071
20
-30.6752
30
0.0
0
VERTEX
8
TRACED_VECTOR
10
460.4672
20
-127.8665
30
0.0
0
SEQEND
0
POLYLINE
8
TRACED_VECTOR
66
1
70
0
0
VERTEX
8
TRACED_VECTOR
10
831.3927
20
-13.3403
30
0.0
0
VERTEX
8
TRACED_VECTOR
10
901.6918
20
-10.6861
30
0.0
0
SEQEND
0
POLYLINE
8
TRACED_VECTOR
66
1
70
0
0
VERTEX
8
TRACED_VECTOR
10
758.6238
20
-16.6048
30
0.0
0
VERTEX
8
TRACED_VECTOR
10
828.4022
20
-13.4745
30
0.0
0
SEQEND
0
POLYLINE
8
TRACED_VECTOR
66
1
70
0
0
VERTEX
8
TRACED_VECTOR
10
681.8676
20
-20.0481
30
0.0
0
VERTEX
8
TRACED_VECTOR
10
755.6333
20
-16.7389
30
0.0
0
SEQEND
0
POLYLINE
8
TRACED_VECTOR
66
1
70
0
0
VERTEX
8
TRACED_VECTOR
10
380.8238
20
-33.5530
30
0.0
0
VERTEX
8
TRACED_VECTOR
10
385.2062
20
-131.2427
30
0.0
0
SEQEND
0
POLYLINE
8
TRACED_VECTOR
66
1
70
0
0
VERTEX
8
TRACED_VECTOR
10
607.5811
20
-22.8812
30
0.0
0
VERTEX
8
TRACED_VECTOR
10
678.8771
20
-20.1822
30
0.0
0
SEQEND
0
POLYLINE
8
TRACED_VECTOR
66
1
70
0
0
VERTEX
8
TRACED_VECTOR
10
308.0326
20
-36.3190
30
0.0
0
VERTEX
8
TRACED_VECTOR
10
312.2138
20
-129.5230
30
0.0
0
SEQEND
0
POLYLINE
8
TRACED_VECTOR
66
1
70
0
0
VERTEX
8
TRACED_VECTOR
10
231.2764
20
-39.7623
30
0.0
0
VERTEX
8
TRACED_VECTOR
10
235.6364
20
-136.9536
30
0.0
0
SEQEND
0
POLYLINE
8
TRACED_VECTOR
66
1
70
0
0
VERTEX
8
TRACED_VECTOR
10
157.5107
20
-43.0715
30
0.0
0
VERTEX
8
TRACED_VECTOR
10
161.8484
20
-139.7644
30
0.0
0
SEQEND
0
POLYLINE
8
TRACED_VECTOR
66
1
70
0
0
VERTEX
8
TRACED_VECTOR
10
536.7836
20
-25.5578
30
0.0
0
VERTEX
8
TRACED_VECTOR
10
532.8186
20
-26.2350
30
0.0
0
VERTEX
8
TRACED_VECTOR
10
601.6001
20
-23.1495
30
0.0
0
SEQEND
0
POLYLINE
8
TRACED_VECTOR
66
1
70
0
0
VERTEX
8
TRACED_VECTOR
10
457.5353
20
-29.1129
30
0.0
0
VERTEX
8
TRACED_VECTOR
10
529.8281
20
-26.3692
30
0.0
0
SEQEND
0
POLYLINE
8
TRACED_VECTOR
66
1
70
0
0
VERTEX
8
TRACED_VECTOR
10
382.2520
20
-31.9907
30
0.0
0
VERTEX
8
TRACED_VECTOR
10
454.5448
20
-29.2470
30
0.0
0
SEQEND
0
POLYLINE
8
TRACED_VECTOR
66
1
70
0
0
VERTEX
8
TRACED_VECTOR
10
309.4608
20
-34.7567
30
0.0
0
VERTEX
8
TRACED_VECTOR
10
379.2615
20
-32.1248
30
0.0
0
SEQEND
0
POLYLINE
8
TRACED_VECTOR
66
1
70
0
0
VERTEX
8
TRACED_VECTOR
10
232.7046
20
-38.2000
30
0.0
0
VERTEX
8
TRACED_VECTOR
10
307.4671
20
-34.8461
30
0.0
0
SEQEND
0
POLYLINE
8
TRACED_VECTOR
66
1
70
0
0
VERTEX
8
TRACED_VECTOR
10
158.9389
20
-41.5092
30
0.0
0
VERTEX
8
TRACED_VECTOR
10
230.7109
20
-38.2894
30
0.0
0
SEQEND
0
POLYLINE
8
TRACED_VECTOR
66
1
70
0
0
VERTEX
8
TRACED_VECTOR
10
66.2110
20
-45.1696
30
0.0
0
VERTEX
8
TRACED_VECTOR
10
155.9484
20
-41.6433
30
0.0
0
SEQEND
0
POLYLINE
8
TRACED_VECTOR
66
1
70
0
0
VERTEX
8
TRACED_VECTOR
10
53.2521
20
-45.7509
30
0.0
0
VERTEX
8
TRACED_VECTOR
10
52.3000
20
-46.7924
30
0.0
0
VERTEX
8
TRACED_VECTOR
10
56.6824
20
-144.4822
30
0.0
0
VERTEX
8
TRACED_VECTOR
10
56.2352
20
-134.5138
30
0.0
0
SEQEND
0
POLYLINE
8
TRACED_VECTOR
66
1
70
0
0
VERTEX
8
TRACED_VECTOR
10
1313.0935
20
14.2620
30
0.0
0
VERTEX
8
TRACED_VECTOR
10
1310.8474
20
8.6676
30
0.0
0
SEQEND
0
POLYLINE
8
TRACED_VECTOR
66
1
70
0
0
VERTEX
8
TRACED_VECTOR
10
67.8692
20
-37.6039
30
0.0
0
VERTEX
8
TRACED_VECTOR
10
64.6486
20
-43.7414
30
0.0
0
SEQEND
0
POLYLINE
8
TRACED_VECTOR
66
1
70
0
0
VERTEX
8
TRACED_VECTOR
10
91.7392
20
-13.0603
30
0.0
0
VERTEX
8
TRACED_VECTOR
10
85.3939
20
-16.3415
30
0.0
0
VERTEX
8
TRACED_VECTOR
10
89.3142
20
-14.6674
30
0.0
0
SEQEND
0
POLYLINE
8
TRACED_VECTOR
66
1
70
0
0
VERTEX
8
TRACED_VECTOR
10
1624.3553
20
67.1801
30
0.0
0
VERTEX
8
TRACED_VECTOR
10
1634.1667
20
-808.3624
30
0.0
0
VERTEX
8
TRACED_VECTOR
10
1636.4082
20
-925.1261
30
0.0
0
VERTEX
8
TRACED_VECTOR
10
1635.1394
20
-963.6383
30
0.0
0
VERTEX
8
TRACED_VECTOR
10
1636.9346
20
-992.5242
30
0.0
0
VERTEX
8
TRACED_VECTOR
10
1636.3179
20
-1001.0420
30
0.0
0
VERTEX
8
TRACED_VECTOR
10
1638.2119
20
-1054.3949
30
0.0
0
VERTEX
8
TRACED_VECTOR
10
1639.0700
20
-1173.7178
30
0.0
0
SEQEND
0
POLYLINE
8
TRACED_VECTOR
66
1
70
0
0
VERTEX
8
TRACED_VECTOR
10
1543.5223
20
65.5515
30
0.0
0
VERTEX
8
TRACED_VECTOR
10
1544.1512
20
18.1349
30
0.0
0
SEQEND
0
POLYLINE
8
TRACED_VECTOR
66
1
70
0
0
VERTEX
8
TRACED_VECTOR
10
1530.5635
20
64.9702
30
0.0
0
VERTEX
8
TRACED_VECTOR
10
1530.6753
20
62.4781
30
0.0
0
VERTEX
8
TRACED_VECTOR
10
1532.7360
20
61.0723
30
0.0
0
SEQEND
0
POLYLINE
8
TRACED_VECTOR
66
1
70
0
0
VERTEX
8
TRACED_VECTOR
10
1355.0984
20
57.5982
30
0.0
0
VERTEX
8
TRACED_VECTOR
10
1355.2325
20
54.6077
30
0.0
0
VERTEX
8
TRACED_VECTOR
10
1353.8044
20
53.0454
30
0.0
0
SEQEND
0
POLYLINE
8
TRACED_VECTOR
66
1
70
0
0
VERTEX
8
TRACED_VECTOR
10
1544.9505
20
67.1139
30
0.0
0
VERTEX
8
TRACED_VECTOR
10
1623.2243
20
70.1258
30
0.0
0
SEQEND
0
POLYLINE
8
TRACED_VECTOR
66
1
70
0
0
VERTEX
8
TRACED_VECTOR
10
1531.9917
20
66.5325
30
0.0
0
VERTEX
8
TRACED_VECTOR
10
1541.9600
20
66.9797
30
0.0
0
SEQEND
0
POLYLINE
8
TRACED_VECTOR
66
1
70
0
0
VERTEX
8
TRACED_VECTOR
10
-416.3200
20
-20.8694
30
0.0
0
VERTEX
8
TRACED_VECTOR
10
-414.4642
20
-62.2380
30
0.0
0
SEQEND
0
POLYLINE
8
TRACED_VECTOR
66
1
70
0
0
VERTEX
8
TRACED_VECTOR
10
1356.5266
20
59.1605
30
0.0
0
VERTEX
8
TRACED_VECTOR
10
1529.0012
20
66.3984
30
0.0
0
SEQEND
0
POLYLINE
8
TRACED_VECTOR
66
1
70
0
0
VERTEX
8
TRACED_VECTOR
10
1222.9508
20
53.1683
30
0.0
0
VERTEX
8
TRACED_VECTOR
10
1353.5361
20
59.0264
30
0.0
0
SEQEND
0
POLYLINE
8
TRACED_VECTOR
66
1
70
0
0
VERTEX
8
TRACED_VECTOR
10
1165.6329
20
50.5970
30
0.0
0
VERTEX
8
TRACED_VECTOR
10
1219.9603
20
53.0341
30
0.0
0
SEQEND
0
POLYLINE
8
TRACED_VECTOR
66
1
70
0
0
VERTEX
8
TRACED_VECTOR
10
-0.2313
20
-0.2059
30
0.0
0
VERTEX
8
TRACED_VECTOR
10
6.3423
20
-146.7404
30
0.0
0
SEQEND
0
POLYLINE
8
TRACED_VECTOR
66
1
70
0
0
VERTEX
8
TRACED_VECTOR
10
1160.0609
20
52.3447
30
0.0
0
VERTEX
8
TRACED_VECTOR
10
1162.5530
20
52.4565
30
0.0
0
SEQEND
0
POLYLINE
8
TRACED_VECTOR
66
1
70
0
0
VERTEX
8
TRACED_VECTOR
10
231.9639
20
11.7088
30
0.0
0
VERTEX
8
TRACED_VECTOR
10
1155.6646
20
50.1498
30
0.0
0
SEQEND
0
POLYLINE
8
TRACED_VECTOR
66
1
70
0
0
VERTEX
8
TRACED_VECTOR
10
2.1490
20
2.3980
30
0.0
0
VERTEX
8
TRACED_VECTOR
10
228.9734
20
11.5746
30
0.0
0
SEQEND
0
POLYLINE
8
TRACED_VECTOR
66
1
70
0
0
VERTEX
8
TRACED_VECTOR
10
-412.5562
20
-15.7064
30
0.0
0
VERTEX
8
TRACED_VECTOR
10
-414.9365
20
-18.3103
30
0.0
0
SEQEND
0
POLYLINE
8
TRACED_VECTOR
66
1
70
0
0
VERTEX
8
TRACED_VECTOR
10
-50.2295
20
1.0471
30
0.0
0
VERTEX
8
TRACED_VECTOR
10
-1.8607
20
2.7176
30
0.0
0
SEQEND
0
POLYLINE
8
TRACED_VECTOR
66
1
70
0
0
VERTEX
8
TRACED_VECTOR
10
-422.0485
20
-15.6328
30
0.0
0
VERTEX
8
TRACED_VECTOR
10
-417.8823
20
-19.4413
30
0.0
0
SEQEND
0
POLYLINE
8
TRACED_VECTOR
66
1
70
0
0
VERTEX
8
TRACED_VECTOR
10
-223.2025
20
-6.2131
30
0.0
0
VERTEX
8
TRACED_VECTOR
10
-149.9129
20
-3.4247
30
0.0
0
SEQEND
0
POLYLINE
8
TRACED_VECTOR
66
1
70
0
0
VERTEX
8
TRACED_VECTOR
10
-317.4033
20
-10.4390
30
0.0
0
VERTEX
8
TRACED_VECTOR
10
-239.6279
20
-7.4493
30
0.0
0
SEQEND
0
POLYLINE
8
TRACED_VECTOR
66
1
70
0
0
VERTEX
8
TRACED_VECTOR
10
-410.1089
20
-14.5978
30
0.0
0
VERTEX
8
TRACED_VECTOR
10
-338.8352
20
-11.4004
30
0.0
0
SEQEND
0
POLYLINE
8
TRACED_VECTOR
66
1
70
0
0
VERTEX
8
TRACED_VECTOR
10
-455.9856
20
-16.1564
30
0.0
0
VERTEX
8
TRACED_VECTOR
10
-424.5853
20
-14.7478
30
0.0
0
SEQEND
0
POLYLINE
8
TRACED_VECTOR
66
1
70
0
0
VERTEX
8
TRACED_VECTOR
10
1221.6633
20
59.6030
30
0.0
0
VERTEX
8
TRACED_VECTOR
10
1221.3885
20
54.5964
30
0.0
0
SEQEND
0
POLYLINE
8
TRACED_VECTOR
66
1
70
0
0
VERTEX
8
TRACED_VECTOR
10
0.3631
20
8.8104
30
0.0
0
VERTEX
8
TRACED_VECTOR
10
0.1106
20
3.3054
30
0.0
0
SEQEND
0
POLYLINE
8
TRACED_VECTOR
66
1
70
0
0
VERTEX
8
TRACED_VECTOR
10
-415.8150
20
-9.8595
30
0.0
0
VERTEX
8
TRACED_VECTOR
10
-412.6904
20
-12.7159
30
0.0
0
SEQEND
0
POLYLINE
8
TRACED_VECTOR
66
1
70
0
0
VERTEX
8
TRACED_VECTOR
10
-418.3295
20
-9.4729
30
0.0
0
VERTEX
8
TRACED_VECTOR
10
-422.1603
20
-13.1407
30
0.0
0
SEQEND
0
POLYLINE
8
TRACED_VECTOR
66
1
70
0
0
VERTEX
8
TRACED_VECTOR
10
7.8011
20
21.1301
30
0.0
0
VERTEX
8
TRACED_VECTOR
10
2.4974
20
16.8968
30
0.0
0
VERTEX
8
TRACED_VECTOR
10
1.1810
20
12.8424
30
0.0
0
VERTEX
8
TRACED_VECTOR
10
2.0661
20
15.3792
30
0.0
0
SEQEND
0
POLYLINE
8
TRACED_VECTOR
66
1
70
0
0
VERTEX
8
TRACED_VECTOR
10
-417.5879
20
18.5279
30
0.0
0
VERTEX
8
TRACED_VECTOR
10
-416.9237
20
-7.4122
30
0.0
0
SEQEND
0
POLYLINE
8
TRACED_VECTOR
66
1
70
0
0
VERTEX
8
TRACED_VECTOR
10
866.6284
20
114.0942
30
0.0
0
VERTEX
8
TRACED_VECTOR
10
868.1907
20
112.6660
30
0.0
0
VERTEX
8
TRACED_VECTOR
10
867.8935
20
108.1579
30
0.0
0
VERTEX
8
TRACED_VECTOR
10
865.9669
20
106.5732
30
0.0
0
SEQEND
0
POLYLINE
8
TRACED_VECTOR
66
1
70
0
0
VERTEX
8
TRACED_VECTOR
10
841.7075
20
112.9762
30
0.0
0
VERTEX
8
TRACED_VECTOR
10
842.4519
20
107.5160
30
0.0
0
SEQEND
0
POLYLINE
8
TRACED_VECTOR
66
1
70
0
0
VERTEX
8
TRACED_VECTOR
10
862.1203
20
114.3914
30
0.0
0
VERTEX
8
TRACED_VECTOR
10
861.7784
20
110.8801
30
0.0
0
VERTEX
8
TRACED_VECTOR
10
863.4748
20
106.4614
30
0.0
0
SEQEND
0
POLYLINE
8
TRACED_VECTOR
66
1
70
0
0
VERTEX
8
TRACED_VECTOR
10
1719.7839
20
155.3636
30
0.0
0
VERTEX
8
TRACED_VECTOR
10
1737.2334
20
-255.8751
30
0.0
0
VERTEX
8
TRACED_VECTOR
10
1736.6325
20
-275.8788
30
0.0
0
VERTEX
8
TRACED_VECTOR
10
1738.0505
20
-329.7526
30
0.0
0
VERTEX
8
TRACED_VECTOR
10
1743.8834
20
-426.3784
30
0.0
0
VERTEX
8
TRACED_VECTOR
10
1787.8565
20
-1495.6615
30
0.0
0
VERTEX
8
TRACED_VECTOR
10
1786.9043
20
-1496.7031
30
0.0
0
VERTEX
8
TRACED_VECTOR
10
164.6757
20
-1560.9867
30
0.0
0
SEQEND
0
POLYLINE
8
TRACED_VECTOR
66
1
70
0
0
VERTEX
8
TRACED_VECTOR
10
1299.6185
20
136.5148
30
0.0
0
VERTEX
8
TRACED_VECTOR
10
1300.2734
20
133.0482
30
0.0
0
VERTEX
8
TRACED_VECTOR
10
1301.3150
20
132.0961
30
0.0
0
VERTEX
8
TRACED_VECTOR
10
1302.7879
20
132.6616
30
0.0
0
SEQEND
0
POLYLINE
8
TRACED_VECTOR
66
1
70
0
0
VERTEX
8
TRACED_VECTOR
10
136.8119
20
84.3509
30
0.0
0
VERTEX
8
TRACED_VECTOR
10
137.6233
20
77.3954
30
0.0
0
SEQEND
0
POLYLINE
8
TRACED_VECTOR
66
1
70
0
0
VERTEX
8
TRACED_VECTOR
10
156.2278
20
85.7213
30
0.0
0
VERTEX
8
TRACED_VECTOR
10
155.2757
20
84.6797
30
0.0
0
VERTEX
8
TRACED_VECTOR
10
155.4322
20
81.1908
30
0.0
0
VERTEX
8
TRACED_VECTOR
10
159.0776
20
77.8584
30
0.0
0
VERTEX
8
TRACED_VECTOR
10
161.0266
20
78.9447
30
0.0
0
VERTEX
8
TRACED_VECTOR
10
161.2119
20
85.9449
30
0.0
0
SEQEND
0
POLYLINE
8
TRACED_VECTOR
66
1
70
0
0
VERTEX
8
TRACED_VECTOR
10
1483.4449
20
146.7590
30
0.0
0
VERTEX
8
TRACED_VECTOR
10
1301.0467
20
138.0771
30
0.0
0
VERTEX
8
TRACED_VECTOR
10
1535.8010
20
148.6083
30
0.0
0
SEQEND
0
POLYLINE
8
TRACED_VECTOR
66
1
70
0
0
VERTEX
8
TRACED_VECTOR
10
1172.4327
20
132.8069
30
0.0
0
VERTEX
8
TRACED_VECTOR
10
1298.0562
20
137.9430
30
0.0
0
SEQEND
0
POLYLINE
8
TRACED_VECTOR
66
1
70
0
0
VERTEX
8
TRACED_VECTOR
10
851.5771
20
137.8906
30
0.0
0
VERTEX
8
TRACED_VECTOR
10
848.6984
20
135.2643
30
0.0
0
VERTEX
8
TRACED_VECTOR
10
845.9473
20
118.6600
30
0.0
0
VERTEX
8
TRACED_VECTOR
10
843.0910
20
115.5354
30
0.0
0
SEQEND
0
POLYLINE
8
TRACED_VECTOR
66
1
70
0
0
VERTEX
8
TRACED_VECTOR
10
148.7422
20
107.8594
30
0.0
0
VERTEX
8
TRACED_VECTOR
10
151.3014
20
106.4759
30
0.0
0
VERTEX
8
TRACED_VECTOR
10
155.0744
20
89.1655
30
0.0
0
VERTEX
8
TRACED_VECTOR
10
156.6368
20
87.7373
30
0.0
0
SEQEND
0
POLYLINE
8
TRACED_VECTOR
66
1
70
0
0
VERTEX
8
TRACED_VECTOR
10
853.0565
20
149.4436
30
0.0
0
VERTEX
8
TRACED_VECTOR
10
852.5068
20
139.4305
30
0.0
0
SEQEND
0
POLYLINE
8
TRACED_VECTOR
66
1
70
0
0
VERTEX
8
TRACED_VECTOR
10
874.4661
20
150.9034
30
0.0
0
VERTEX
8
TRACED_VECTOR
10
875.0763
20
148.4337
30
0.0
0
VERTEX
8
TRACED_VECTOR
10
868.4208
20
118.6694
30
0.0
0
VERTEX
8
TRACED_VECTOR
10
866.5166
20
116.5863
30
0.0
0
SEQEND
0
POLYLINE
8
TRACED_VECTOR
66
1
70
0
0
VERTEX
8
TRACED_VECTOR
10
147.2758
20
118.2814
30
0.0
0
VERTEX
8
TRACED_VECTOR
10
147.6336
20
110.3068
30
0.0
0
SEQEND
0
POLYLINE
8
TRACED_VECTOR
66
1
70
0
0
VERTEX
8
TRACED_VECTOR
10
170.1136
20
121.3036
30
0.0
0
VERTEX
8
TRACED_VECTOR
10
163.0491
20
89.5232
30
0.0
0
VERTEX
8
TRACED_VECTOR
10
161.5986
20
88.4593
30
0.0
0
SEQEND
0
POLYLINE
8
TRACED_VECTOR
66
1
70
0
0
VERTEX
8
TRACED_VECTOR
10
1169.2447
20
181.6070
30
0.0
0
VERTEX
8
TRACED_VECTOR
10
1170.8704
20
134.2350
30
0.0
0
SEQEND
0
POLYLINE
8
TRACED_VECTOR
66
1
70
0
0
VERTEX
8
TRACED_VECTOR
10
1612.8134
20
202.0051
30
0.0
0
VERTEX
8
TRACED_VECTOR
10
1697.0458
20
205.7838
30
0.0
0
VERTEX
8
TRACED_VECTOR
10
1716.5288
20
205.6589
30
0.0
0
VERTEX
8
TRACED_VECTOR
10
1718.1582
20
202.7355
30
0.0
0
VERTEX
8
TRACED_VECTOR
10
1719.6498
20
158.3541
30
0.0
0
SEQEND
0
POLYLINE
8
TRACED_VECTOR
66
1
70
0
0
VERTEX
8
TRACED_VECTOR
10
868.1562
20
169.0989
30
0.0
0
VERTEX
8
TRACED_VECTOR
10
864.6896
20
168.4440
30
0.0
0
SEQEND
0
POLYLINE
8
TRACED_VECTOR
66
1
70
0
0
VERTEX
8
TRACED_VECTOR
10
1170.6729
20
183.1693
30
0.0
0
VERTEX
8
TRACED_VECTOR
10
1609.8229
20
201.8709
30
0.0
0
SEQEND
0
POLYLINE
8
TRACED_VECTOR
66
1
70
0
0
VERTEX
8
TRACED_VECTOR
10
1160.7045
20
182.7222
30
0.0
0
VERTEX
8
TRACED_VECTOR
10
1167.6824
20
183.0352
30
0.0
0
SEQEND
0
POLYLINE
8
TRACED_VECTOR
66
1
70
0
0
VERTEX
8
TRACED_VECTOR
10
1123.3233
20
181.0452
30
0.0
0
VERTEX
8
TRACED_VECTOR
10
1156.7172
20
182.5433
30
0.0
0
SEQEND
0
POLYLINE
8
TRACED_VECTOR
66
1
70
0
0
VERTEX
8
TRACED_VECTOR
10
1089.9294
20
179.5472
30
0.0
0
VERTEX
8
TRACED_VECTOR
10
1120.3328
20
180.9111
30
0.0
0
SEQEND
0
POLYLINE
8
TRACED_VECTOR
66
1
70
0
0
VERTEX
8
TRACED_VECTOR
10
874.5909
20
170.3864
30
0.0
0
VERTEX
8
TRACED_VECTOR
10
1078.4658
20
179.0329
30
0.0
0
SEQEND
0
POLYLINE
8
TRACED_VECTOR
66
1
70
0
0
VERTEX
8
TRACED_VECTOR
10
865.0539
20
171.4568
30
0.0
0
VERTEX
8
TRACED_VECTOR
10
867.5460
20
171.5686
30
0.0
0
SEQEND
0
POLYLINE
8
TRACED_VECTOR
66
1
70
0
0
VERTEX
8
TRACED_VECTOR
10
-521.7431
20
113.7394
30
0.0
0
VERTEX
8
TRACED_VECTOR
10
-524.7113
20
113.1068
30
0.0
0
VERTEX
8
TRACED_VECTOR
10
-525.5963
20
110.5700
30
0.0
0
VERTEX
8
TRACED_VECTOR
10
-519.6777
20
-32.4980
30
0.0
0
VERTEX
8
TRACED_VECTOR
10
-520.4509
20
-37.5269
30
0.0
0
VERTEX
8
TRACED_VECTOR
10
-516.0843
20
-123.7306
30
0.0
0
VERTEX
8
TRACED_VECTOR
10
-525.5963
20
110.5700
30
0.0
0
VERTEX
8
TRACED_VECTOR
10
-524.7113
20
113.1068
30
0.0
0
VERTEX
8
TRACED_VECTOR
10
-449.9711
20
116.9591
30
0.0
0
VERTEX
8
TRACED_VECTOR
10
-410.5514
20
117.7287
30
0.0
0
VERTEX
8
TRACED_VECTOR
10
622.3472
20
160.0695
30
0.0
0
SEQEND
0
POLYLINE
8
TRACED_VECTOR
66
1
70
0
0
VERTEX
8
TRACED_VECTOR
10
1765.8916
20
240.8351
30
0.0
0
VERTEX
8
TRACED_VECTOR
10
1780.8592
20
-115.0793
30
0.0
0
VERTEX
8
TRACED_VECTOR
10
1792.2904
20
-436.6923
30
0.0
0
VERTEX
8
TRACED_VECTOR
10
1806.9161
20
-796.1180
30
0.0
0
VERTEX
8
TRACED_VECTOR
10
1837.9217
20
-1498.4098
30
0.0
0
SEQEND
0
POLYLINE
8
TRACED_VECTOR
66
1
70
0
0
VERTEX
8
TRACED_VECTOR
10
-823.3841
20
124.6793
30
0.0
0
VERTEX
8
TRACED_VECTOR
10
-809.5764
20
-238.7784
30
0.0
0
VERTEX
8
TRACED_VECTOR
10
-777.7630
20
-992.4742
30
0.0
0
VERTEX
8
TRACED_VECTOR
10
-753.3253
20
-1615.1534
30
0.0
0
SEQEND
0
ARC
8
CURVE
10
1190.2022
20
-1587.4146
30
0.0
40
147.9061
50
113.2244
51
145.0135
0
POLYLINE
8
TRACED_VECTOR
66
1
70
0
0
VERTEX
8
TRACED_VECTOR
10
1132.1643
20
-1452.1608
30
0.0
0
VERTEX
8
TRACED_VECTOR
10
1121.8317
20
-1455.6208
30
0.0
0
VERTEX
8
TRACED_VECTOR
10
1107.2370
20
-1464.2663
30
0.0
0
VERTEX
8
TRACED_VECTOR
10
1096.1535
20
-1473.2536
30
0.0
0
VERTEX
8
TRACED_VECTOR
10
1071.3314
20
-1498.8387
30
0.0
0
VERTEX
8
TRACED_VECTOR
10
1067.4558
20
-1501.5097
30
0.0
0
SEQEND
0
ARC
8
CURVE
10
1161.1356
20
-1450.2455
30
0.0
40
15.5846
50
119.6239
51
149.9324
0
POLYLINE
8
TRACED_VECTOR
66
1
70
0
0
VERTEX
8
TRACED_VECTOR
10
1153.4462
20
-1436.7229
30
0.0
0
VERTEX
8
TRACED_VECTOR
10
1148.1202
20
-1440.4577
30
0.0
0
VERTEX
8
TRACED_VECTOR
10
1144.6247
20
-1451.6018
30
0.0
0
VERTEX
8
TRACED_VECTOR
10
1147.7112
20
-1442.4738
30
0.0
0
SEQEND
0
ARC
8
CURVE
10
120.0230
20
-1499.6114
30
0.0
40
61.1137
50
136.0077
51
181.1949
0
POLYLINE
8
TRACED_VECTOR
66
1
70
0
0
VERTEX
8
TRACED_VECTOR
10
73.5082
20
-1454.7047
30
0.0
0
VERTEX
8
TRACED_VECTOR
10
71.9170
20
-1463.7656
30
0.0
0
VERTEX
8
TRACED_VECTOR
10
64.4118
20
-1474.5901
30
0.0
0
VERTEX
8
TRACED_VECTOR
10
60.1879
20
-1491.7599
30
0.0
0
VERTEX
8
TRACED_VECTOR
10
55.6062
20
-1500.9550
30
0.0
0
SEQEND
0
ARC
8
CURVE
10
-249.4245
20
-602.4287
30
0.0
40
803.8555
50
268.5118
51
275.8107
0
POLYLINE
8
TRACED_VECTOR
66
1
70
0
0
VERTEX
8
TRACED_VECTOR
10
-270.2933
20
-1405.7026
30
0.0
0
VERTEX
8
TRACED_VECTOR
10
-268.7310
20
-1407.1307
30
0.0
0
VERTEX
8
TRACED_VECTOR
10
-169.5237
20
-1403.1797
30
0.0
0
VERTEX
8
TRACED_VECTOR
10
-168.0955
20
-1401.6173
30
0.0
0
SEQEND
0
ARC
8
CURVE
10
-90.9464
20
-2172.5022
30
0.0
40
782.4030
50
95.7539
51
88.4406
0
POLYLINE
8
TRACED_VECTOR
66
1
70
0
0
VERTEX
8
TRACED_VECTOR
10
-169.4724
20
-1393.1890
30
0.0
0
VERTEX
8
TRACED_VECTOR
10
-170.4245
20
-1394.2305
30
0.0
0
VERTEX
8
TRACED_VECTOR
10
-169.4724
20
-1393.1890
30
0.0
0
VERTEX
8
TRACED_VECTOR
10
-70.2651
20
-1389.2379
30
0.0
0
VERTEX
8
TRACED_VECTOR
10
-69.6773
20
-1391.2092
30
0.0
0
SEQEND
0
ARC
8
CURVE
10
283.3712
20
-1554.1033
30
0.0
40
277.7053
50
74.9382
51
54.0044
0
POLYLINE
8
TRACED_VECTOR
66
1
70
0
0
VERTEX
8
TRACED_VECTOR
10
355.5916
20
-1285.7319
30
0.0
0
VERTEX
8
TRACED_VECTOR
10
384.9916
20
-1295.4002
30
0.0
0
VERTEX
8
TRACED_VECTOR
10
406.3947
20
-1304.9279
30
0.0
0
VERTEX
8
TRACED_VECTOR
10
432.0087
20
-1319.2608
30
0.0
0
VERTEX
8
TRACED_VECTOR
10
446.4562
20
-1329.6000
30
0.0
0
SEQEND
0
ARC
8
CURVE
10
1787.5737
20
-1418.5349
30
0.0
40
207.8675
50
106.7346
51
126.4110
0
POLYLINE
8
TRACED_VECTOR
66
1
70
0
0
VERTEX
8
TRACED_VECTOR
10
1727.4873
20
-1218.6945
30
0.0
0
VERTEX
8
TRACED_VECTOR
10
1687.3103
20
-1235.9789
30
0.0
0
VERTEX
8
TRACED_VECTOR
10
1664.0123
20
-1251.0078
30
0.0
0
SEQEND
0
ARC
8
CURVE
10
285.2054
20
-1542.8278
30
0.0
40
266.3429
50
90.8475
51
75.2329
0
POLYLINE
8
TRACED_VECTOR
66
1
70
0
0
VERTEX
8
TRACED_VECTOR
10
281.2669
20
-1276.5806
30
0.0
0
VERTEX
8
TRACED_VECTOR
10
296.2417
20
-1276.4082
30
0.0
0
VERTEX
8
TRACED_VECTOR
10
318.8047
20
-1278.3926
30
0.0
0
VERTEX
8
TRACED_VECTOR
10
353.0771
20
-1285.3452
30
0.0
0
SEQEND
0
ARC
8
CURVE
10
290.5736
20
-1536.6499
30
0.0
40
318.0440
50
64.2412
51
51.7567
0
POLYLINE
8
TRACED_VECTOR
66
1
70
0
0
VERTEX
8
TRACED_VECTOR
10
428.9007
20
-1249.9809
30
0.0
0
VERTEX
8
TRACED_VECTOR
10
458.0931
20
-1266.1510
30
0.0
0
VERTEX
8
TRACED_VECTOR
10
487.4866
20
-1286.8069
30
0.0
0
SEQEND
0
ARC
8
CURVE
10
292.7796
20
-1526.5729
30
0.0
40
307.9687
50
78.8472
51
64.3366
0
POLYLINE
8
TRACED_VECTOR
66
1
70
0
0
VERTEX
8
TRACED_VECTOR
10
352.3430
20
-1224.4489
30
0.0
0
VERTEX
8
TRACED_VECTOR
10
369.9888
20
-1228.1521
30
0.0
0
VERTEX
8
TRACED_VECTOR
10
394.2929
20
-1235.5520
30
0.0
0
VERTEX
8
TRACED_VECTOR
10
426.3416
20
-1248.5974
30
0.0
0
SEQEND
0
ARC
8
CURVE
10
287.1643
20
-1526.9656
30
0.0
40
309.5267
50
91.3062
51
78.3343
0
POLYLINE
8
TRACED_VECTOR
66
1
70
0
0
VERTEX
8
TRACED_VECTOR
10
280.1014
20
-1217.2019
30
0.0
0
VERTEX
8
TRACED_VECTOR
10
316.1216
20
-1218.5826
30
0.0
0
VERTEX
8
TRACED_VECTOR
10
349.8062
20
-1223.5639
30
0.0
0
SEQEND
0
ARC
8
CURVE
10
283.4818
20
-1196.7446
30
0.0
40
17.5719
50
124.0865
51
219.9304
0
POLYLINE
8
TRACED_VECTOR
66
1
70
0
0
VERTEX
8
TRACED_VECTOR
10
273.5297
20
-1182.0379
30
0.0
0
VERTEX
8
TRACED_VECTOR
10
270.6063
20
-1183.6673
30
0.0
0
VERTEX
8
TRACED_VECTOR
10
266.3889
20
-1189.8495
30
0.0
0
VERTEX
8
TRACED_VECTOR
10
268.3089
20
-1199.2524
30
0.0
0
VERTEX
8
TRACED_VECTOR
10
267.3056
20
-1210.2846
30
0.0
0
SEQEND
0
ARC
8
CURVE
10
1006.3610
20
-1091.3932
30
0.0
40
42.7932
50
221.4733
51
254.5878
0
POLYLINE
8
TRACED_VECTOR
66
1
70
0
0
VERTEX
8
TRACED_VECTOR
10
974.4129
20
-1119.6320
30
0.0
0
VERTEX
8
TRACED_VECTOR
10
982.7453
20
-1127.2489
30
0.0
0
VERTEX
8
TRACED_VECTOR
10
994.9756
20
-1132.6933
30
0.0
0
SEQEND
0
ARC
8
CURVE
10
448.0036
20
-1214.6518
30
0.0
40
104.0906
50
78.3114
51
42.2690
0
POLYLINE
8
TRACED_VECTOR
66
1
70
0
0
VERTEX
8
TRACED_VECTOR
10
469.1718
20
-1112.3321
30
0.0
0
VERTEX
8
TRACED_VECTOR
10
492.4567
20
-1119.2782
30
0.0
0
VERTEX
8
TRACED_VECTOR
10
526.0165
20
-1143.7426
30
0.0
0
SEQEND
0
ARC
8
CURVE
10
300.6187
20
-1380.2162
30
0.0
40
266.4692
50
100.5008
51
77.5168
0
POLYLINE
8
TRACED_VECTOR
66
1
70
0
0
VERTEX
8
TRACED_VECTOR
10
251.5714
20
-1115.6013
30
0.0
0
VERTEX
8
TRACED_VECTOR
10
336.9125
20
-1114.2699
30
0.0
0
VERTEX
8
TRACED_VECTOR
10
358.1590
20
-1120.3087
30
0.0
0
SEQEND
0
ARC
8
CURVE
10
86.9349
20
-1103.9181
30
0.0
40
22.9933
50
22.5067
51
328.1064
0
POLYLINE
8
TRACED_VECTOR
66
1
70
0
0
VERTEX
8
TRACED_VECTOR
10
108.3152
20
-1095.0591
30
0.0
0
VERTEX
8
TRACED_VECTOR
10
110.1682
20
-1102.9667
30
0.0
0
VERTEX
8
TRACED_VECTOR
10
107.2830
20
-1116.5805
30
0.0
0
SEQEND
0
ARC
8
CURVE
10
1094.3941
20
-987.0745
30
0.0
40
17.5913
50
230.3833
51
287.3084
0
POLYLINE
8
TRACED_VECTOR
66
1
70
0
0
VERTEX
8
TRACED_VECTOR
10
1082.9540
20
-1000.8951
30
0.0
0
VERTEX
8
TRACED_VECTOR
10
1093.6220
20
-1004.9113
30
0.0
0
VERTEX
8
TRACED_VECTOR
10
1099.5583
20
-1003.6461
30
0.0
0
SEQEND
0
ARC
8
CURVE
10
137.1928
20
-1058.0083
30
0.0
40
48.4151
50
158.6030
51
205.9024
0
POLYLINE
8
TRACED_VECTOR
66
1
70
0
0
VERTEX
8
TRACED_VECTOR
10
89.8393
20
-1039.4535
30
0.0
0
VERTEX
8
TRACED_VECTOR
10
90.5417
20
-1077.3779
30
0.0
0
VERTEX
8
TRACED_VECTOR
10
94.5961
20
-1078.6943
30
0.0
0
SEQEND
0
ARC
8
CURVE
10
342.2558
20
-1381.2636
30
0.0
40
404.4991
50
64.9137
51
54.8241
0
POLYLINE
8
TRACED_VECTOR
66
1
70
0
0
VERTEX
8
TRACED_VECTOR
10
513.7461
20
-1014.9433
30
0.0
0
VERTEX
8
TRACED_VECTOR
10
546.4720
20
-1031.9537
30
0.0
0
VERTEX
8
TRACED_VECTOR
10
575.2778
20
-1050.6383
30
0.0
0
SEQEND
0
ARC
8
CURVE
10
740.1194
20
-973.3679
30
0.0
40
18.5561
50
236.2270
51
306.7488
0
POLYLINE
8
TRACED_VECTOR
66
1
70
0
0
VERTEX
8
TRACED_VECTOR
10
729.8196
20
-988.7693
30
0.0
0
VERTEX
8
TRACED_VECTOR
10
737.4523
20
-991.9228
30
0.0
0
VERTEX
8
TRACED_VECTOR
10
744.4302
20
-991.6098
30
0.0
0
VERTEX
8
TRACED_VECTOR
10
751.2739
20
-988.3063
30
0.0
0
SEQEND
0
ARC
8
CURVE
10
-224.7043
20
-1038.5919
30
0.0
40
19.2178
50
85.4618
51
276.6955
0
POLYLINE
8
TRACED_VECTOR
66
1
70
0
0
VERTEX
8
TRACED_VECTOR
10
-223.1917
20
-1019.5356
30
0.0
0
VERTEX
8
TRACED_VECTOR
10
-215.6260
20
-1021.1939
30
0.0
0
VERTEX
8
TRACED_VECTOR
10
-209.3991
20
-1026.4082
30
0.0
0
VERTEX
8
TRACED_VECTOR
10
-206.0732
20
-1033.7503
30
0.0
0
VERTEX
8
TRACED_VECTOR
10
-205.7154
20
-1041.7250
30
0.0
0
VERTEX
8
TRACED_VECTOR
10
-208.3706
20
-1049.3354
30
0.0
0
VERTEX
8
TRACED_VECTOR
10
-212.6551
20
-1054.0223
30
0.0
0
VERTEX
8
TRACED_VECTOR
10
-218.0259
20
-1056.7604
30
0.0
0
VERTEX
8
TRACED_VECTOR
10
-222.4893
20
-1057.4600
30
0.0
0
SEQEND
0
ARC
8
CURVE
10
-224.8392
20
-1038.6423
30
0.0
40
19.0134
50
97.0471
51
265.0737
0
POLYLINE
8
TRACED_VECTOR
66
1
70
0
0
VERTEX
8
TRACED_VECTOR
10
-227.1791
20
-1019.7145
30
0.0
0
VERTEX
8
TRACED_VECTOR
10
-233.5914
20
-1021.5004
30
0.0
0
VERTEX
8
TRACED_VECTOR
10
-237.4669
20
-1024.1714
30
0.0
0
VERTEX
8
TRACED_VECTOR
10
-242.6589
20
-1030.8968
30
0.0
0
VERTEX
8
TRACED_VECTOR
10
-243.8411
20
-1037.9417
30
0.0
0
VERTEX
8
TRACED_VECTOR
10
-243.0296
20
-1044.8971
30
0.0
0
VERTEX
8
TRACED_VECTOR
10
-239.7708
20
-1050.7440
30
0.0
0
VERTEX
8
TRACED_VECTOR
10
-234.0646
20
-1055.4822
30
0.0
0
VERTEX
8
TRACED_VECTOR
10
-225.4798
20
-1057.5942
30
0.0
0
VERTEX
8
TRACED_VECTOR
10
-226.4766
20
-1057.6389
30
0.0
0
SEQEND
0
ARC
8
CURVE
10
346.3067
20
-1366.8257
30
0.0
40
389.6776
50
77.2170
51
64.8811
0
POLYLINE
8
TRACED_VECTOR
66
1
70
0
0
VERTEX
8
TRACED_VECTOR
10
432.5684
20
-986.6221
30
0.0
0
VERTEX
8
TRACED_VECTOR
10
451.2558
20
-991.2774
30
0.0
0
VERTEX
8
TRACED_VECTOR
10
478.6175
20
-1000.0383
30
0.0
0
VERTEX
8
TRACED_VECTOR
10
511.7077
20
-1014.0359
30
0.0
0
SEQEND
0
ARC
8
CURVE
10
740.2136
20
-973.6056
30
0.0
40
18.2565
50
164.3594
51
226.7411
0
POLYLINE
8
TRACED_VECTOR
66
1
70
0
0
VERTEX
8
TRACED_VECTOR
10
722.4234
20
-968.6249
30
0.0
0
VERTEX
8
TRACED_VECTOR
10
722.3722
20
-978.6156
30
0.0
0
VERTEX
8
TRACED_VECTOR
10
724.5895
20
-983.5103
30
0.0
0
VERTEX
8
TRACED_VECTOR
10
727.7365
20
-986.8651
30
0.0
0
SEQEND
0
ARC
8
CURVE
10
1152.2860
20
-1045.2111
30
0.0
40
97.3659
50
97.5065
51
120.6750
0
POLYLINE
8
TRACED_VECTOR
66
1
70
0
0
VERTEX
8
TRACED_VECTOR
10
1139.5313
20
-948.4150
30
0.0
0
VERTEX
8
TRACED_VECTOR
10
1122.7193
20
-952.1657
30
0.0
0
VERTEX
8
TRACED_VECTOR
10
1101.1914
20
-962.1210
30
0.0
0
VERTEX
8
TRACED_VECTOR
10
1088.1366
20
-971.6962
30
0.0
0
VERTEX
8
TRACED_VECTOR
10
1076.7112
20
-984.1948
30
0.0
0
VERTEX
8
TRACED_VECTOR
10
1088.1366
20
-971.6962
30
0.0
0
VERTEX
8
TRACED_VECTOR
10
1102.6643
20
-961.5555
30
0.0
0
SEQEND
0
ARC
8
CURVE
10
740.6707
20
-973.3972
30
0.0
40
17.8823
50
51.2679
51
343.3644
0
POLYLINE
8
TRACED_VECTOR
66
1
70
0
0
VERTEX
8
TRACED_VECTOR
10
751.9707
20
-959.3086
30
0.0
0
VERTEX
8
TRACED_VECTOR
10
756.1816
20
-964.1139
30
0.0
0
VERTEX
8
TRACED_VECTOR
10
757.8557
20
-968.0342
30
0.0
0
VERTEX
8
TRACED_VECTOR
10
758.6672
20
-974.9897
30
0.0
0
VERTEX
8
TRACED_VECTOR
10
757.8269
20
-978.5233
30
0.0
0
SEQEND
0
ARC
8
CURVE
10
338.4896
20
-1370.7806
30
0.0
40
395.3382
50
89.1034
51
76.5372
0
POLYLINE
8
TRACED_VECTOR
66
1
70
0
0
VERTEX
8
TRACED_VECTOR
10
344.6747
20
-975.5824
30
0.0
0
VERTEX
8
TRACED_VECTOR
10
356.6590
20
-975.5442
30
0.0
0
VERTEX
8
TRACED_VECTOR
10
389.7558
20
-978.5543
30
0.0
0
VERTEX
8
TRACED_VECTOR
10
430.5524
20
-986.2131
30
0.0
0
SEQEND
0
ARC
8
CURVE
10
740.2785
20
-973.6814
30
0.0
40
18.3527
50
102.2978
51
85.2724
0
POLYLINE
8
TRACED_VECTOR
66
1
70
0
0
VERTEX
8
TRACED_VECTOR
10
736.3185
20
-955.5160
30
0.0
0
VERTEX
8
TRACED_VECTOR
10
728.9764
20
-958.8419
30
0.0
0
VERTEX
8
TRACED_VECTOR
10
736.3185
20
-955.5160
30
0.0
0
VERTEX
8
TRACED_VECTOR
10
741.8011
20
-955.2701
30
0.0
0
SEQEND
0
ARC
8
CURVE
10
361.5528
20
-1332.9253
30
0.0
40
411.3707
50
70.7743
51
61.4450
0
POLYLINE
8
TRACED_VECTOR
66
1
70
0
0
VERTEX
8
TRACED_VECTOR
10
497.0915
20
-944.2734
30
0.0
0
VERTEX
8
TRACED_VECTOR
10
521.4850
20
-953.6669
30
0.0
0
VERTEX
8
TRACED_VECTOR
10
558.2430
20
-971.4953
30
0.0
0
SEQEND
0
ARC
8
CURVE
10
1147.1430
20
-1040.4220
30
0.0
40
150.2393
50
110.5240
51
142.0184
0
POLYLINE
8
TRACED_VECTOR
66
1
70
0
0
VERTEX
8
TRACED_VECTOR
10
1094.3868
20
-899.4994
30
0.0
0
VERTEX
8
TRACED_VECTOR
10
1077.2552
20
-907.2598
30
0.0
0
VERTEX
8
TRACED_VECTOR
10
1055.4078
20
-921.2248
30
0.0
0
VERTEX
8
TRACED_VECTOR
10
1041.9440
20
-932.8160
30
0.0
0
VERTEX
8
TRACED_VECTOR
10
1030.9947
20
-944.7938
30
0.0
0
VERTEX
8
TRACED_VECTOR
10
1028.6815
20
-948.8930
30
0.0
0
VERTEX
8
TRACED_VECTOR
10
1028.6368
20
-947.8961
30
0.0
0
SEQEND
0
ARC
8
CURVE
10
339.7101
20
-1378.0363
30
0.0
40
461.1497
50
79.1189
51
70.3914
0
POLYLINE
8
TRACED_VECTOR
66
1
70
0
0
VERTEX
8
TRACED_VECTOR
10
426.8054
20
-924.9525
30
0.0
0
VERTEX
8
TRACED_VECTOR
10
465.6754
20
-934.1960
30
0.0
0
VERTEX
8
TRACED_VECTOR
10
494.5547
20
-943.3883
30
0.0
0
SEQEND
0
ARC
8
CURVE
10
1144.7533
20
-1012.6654
30
0.0
40
123.3961
50
94.5733
51
98.2960
0
POLYLINE
8
TRACED_VECTOR
66
1
70
0
0
VERTEX
8
TRACED_VECTOR
10
1134.8769
20
-889.1928
30
0.0
0
VERTEX
8
TRACED_VECTOR
10
1118.5186
20
-891.9243
30
0.0
0
VERTEX
8
TRACED_VECTOR
10
1097.8310
20
-898.3460
30
0.0
0
VERTEX
8
TRACED_VECTOR
10
1113.5791
20
-893.1448
30
0.0
0
VERTEX
8
TRACED_VECTOR
10
1126.9469
20
-890.5474
30
0.0
0
SEQEND
0
ARC
8
CURVE
10
340.6628
20
-1347.6632
30
0.0
40
431.0984
50
89.4199
51
78.8192
0
POLYLINE
8
TRACED_VECTOR
66
1
70
0
0
VERTEX
8
TRACED_VECTOR
10
345.0268
20
-916.6351
30
0.0
0
VERTEX
8
TRACED_VECTOR
10
389.5871
20
-919.1308
30
0.0
0
VERTEX
8
TRACED_VECTOR
10
424.2909
20
-924.5659
30
0.0
0
SEQEND
0
ARC
8
CURVE
10
1020.6674
20
-61.2625
30
0.0
40
733.7145
50
258.3464
51
266.1762
0
POLYLINE
8
TRACED_VECTOR
66
1
70
0
0
VERTEX
8
TRACED_VECTOR
10
872.3052
20
-780.6117
30
0.0
0
VERTEX
8
TRACED_VECTOR
10
949.7322
20
-792.1209
30
0.0
0
VERTEX
8
TRACED_VECTOR
10
971.7520
20
-793.1307
30
0.0
0
SEQEND
0
ARC
8
CURVE
10
1063.2410
20
-753.8164
30
0.0
40
15.9459
50
312.1799
51
264.3022
0
POLYLINE
8
TRACED_VECTOR
66
1
70
0
0
VERTEX
8
TRACED_VECTOR
10
1073.8957
20
-765.5752
30
0.0
0
VERTEX
8
TRACED_VECTOR
10
1069.0457
20
-768.7893
30
0.0
0
VERTEX
8
TRACED_VECTOR
10
1061.6142
20
-770.1215
30
0.0
0
SEQEND
0
ARC
8
CURVE
10
752.0029
20
-742.1574
30
0.0
40
24.6379
50
234.1493
51
288.5788
0
POLYLINE
8
TRACED_VECTOR
66
1
70
0
0
VERTEX
8
TRACED_VECTOR
10
737.1578
20
-762.7023
30
0.0
0
VERTEX
8
TRACED_VECTOR
10
751.3371
20
-767.0604
30
0.0
0
VERTEX
8
TRACED_VECTOR
10
756.3213
20
-766.8368
30
0.0
0
VERTEX
8
TRACED_VECTOR
10
759.7431
20
-765.1850
30
0.0
0
SEQEND
0
ARC
8
CURVE
10
670.0507
20
-699.7927
30
0.0
40
22.8162
50
304.9407
51
256.9715
0
POLYLINE
8
TRACED_VECTOR
66
1
70
0
0
VERTEX
8
TRACED_VECTOR
10
683.2431
20
-718.6749
30
0.0
0
VERTEX
8
TRACED_VECTOR
10
672.4344
20
-722.6557
30
0.0
0
VERTEX
8
TRACED_VECTOR
10
664.9134
20
-721.9942
30
0.0
0
SEQEND
0
ARC
8
CURVE
10
436.3018
20
-1027.3729
30
0.0
40
318.1045
50
74.2581
51
56.8676
0
POLYLINE
8
TRACED_VECTOR
66
1
70
0
0
VERTEX
8
TRACED_VECTOR
10
522.5516
20
-721.3888
30
0.0
0
VERTEX
8
TRACED_VECTOR
10
544.3189
20
-727.9036
30
0.0
0
VERTEX
8
TRACED_VECTOR
10
573.3324
20
-740.0863
30
0.0
0
VERTEX
8
TRACED_VECTOR
10
610.2245
20
-760.9053
30
0.0
0
SEQEND
0
ARC
8
CURVE
10
844.5830
20
-834.1152
30
0.0
40
137.3228
50
97.0832
51
133.0108
0
POLYLINE
8
TRACED_VECTOR
66
1
70
0
0
VERTEX
8
TRACED_VECTOR
10
827.6340
20
-697.7143
30
0.0
0
VERTEX
8
TRACED_VECTOR
10
805.3617
20
-702.2093
30
0.0
0
VERTEX
8
TRACED_VECTOR
10
781.8178
20
-711.7557
30
0.0
0
VERTEX
8
TRACED_VECTOR
10
759.4943
20
-726.2414
30
0.0
0
VERTEX
8
TRACED_VECTOR
10
739.8642
20
-745.1012
30
0.0
0
VERTEX
8
TRACED_VECTOR
10
750.8359
20
-733.6217
30
0.0
0
SEQEND
0
ARC
8
CURVE
10
433.9139
20
-1025.5983
30
0.0
40
317.0910
50
92.4059
51
74.1548
0
POLYLINE
8
TRACED_VECTOR
66
1
70
0
0
VERTEX
8
TRACED_VECTOR
10
420.5904
20
-708.4831
30
0.0
0
VERTEX
8
TRACED_VECTOR
10
443.5623
20
-708.4514
30
0.0
0
VERTEX
8
TRACED_VECTOR
10
469.1157
20
-710.3016
30
0.0
0
VERTEX
8
TRACED_VECTOR
10
492.7425
20
-713.7364
30
0.0
0
VERTEX
8
TRACED_VECTOR
10
520.5132
20
-720.4814
30
0.0
0
SEQEND
0
ARC
8
CURVE
10
833.4280
20
-823.8824
30
0.0
40
181.6109
50
126.4989
51
141.4816
0
POLYLINE
8
TRACED_VECTOR
66
1
70
0
0
VERTEX
8
TRACED_VECTOR
10
725.3597
20
-677.8307
30
0.0
0
VERTEX
8
TRACED_VECTOR
10
706.1162
20
-694.1760
30
0.0
0
VERTEX
8
TRACED_VECTOR
10
691.3808
20
-710.8185
30
0.0
0
SEQEND
0
ARC
8
CURVE
10
452.3323
20
-999.6472
30
0.0
40
347.0985
50
67.6863
51
54.3516
0
POLYLINE
8
TRACED_VECTOR
66
1
70
0
0
VERTEX
8
TRACED_VECTOR
10
584.0618
20
-678.6758
30
0.0
0
VERTEX
8
TRACED_VECTOR
10
601.3657
20
-685.8903
30
0.0
0
VERTEX
8
TRACED_VECTOR
10
621.8167
20
-696.4595
30
0.0
0
VERTEX
8
TRACED_VECTOR
10
654.7215
20
-717.4572
30
0.0
0
SEQEND
0
ARC
8
CURVE
10
847.7177
20
-839.0759
30
0.0
40
202.4162
50
107.7756
51
126.4872
0
POLYLINE
8
TRACED_VECTOR
66
1
70
0
0
VERTEX
8
TRACED_VECTOR
10
785.8666
20
-646.1500
30
0.0
0
VERTEX
8
TRACED_VECTOR
10
756.9296
20
-657.9360
30
0.0
0
VERTEX
8
TRACED_VECTOR
10
742.3124
20
-666.0830
30
0.0
0
VERTEX
8
TRACED_VECTOR
10
727.2863
20
-676.2460
30
0.0
0
SEQEND
0
ARC
8
CURVE
10
427.2088
20
-1050.1759
30
0.0
40
403.4333
50
78.5841
51
67.5509
0
POLYLINE
8
TRACED_VECTOR
66
1
70
0
0
VERTEX
8
TRACED_VECTOR
10
507.0727
20
-654.6615
30
0.0
0
VERTEX
8
TRACED_VECTOR
10
545.9650
20
-664.4034
30
0.0
0
VERTEX
8
TRACED_VECTOR
10
581.4803
20
-676.7939
30
0.0
0
SEQEND
0
ARC
8
CURVE
10
831.9136
20
-776.2197
30
0.0
40
137.5440
50
93.7115
51
102.6977
0
POLYLINE
8
TRACED_VECTOR
66
1
70
0
0
VERTEX
8
TRACED_VECTOR
10
822.9796
20
-638.4921
30
0.0
0
VERTEX
8
TRACED_VECTOR
10
807.5957
20
-640.6805
30
0.0
0
VERTEX
8
TRACED_VECTOR
10
788.3363
20
-645.5398
30
0.0
0
VERTEX
8
TRACED_VECTOR
10
801.6594
20
-641.9456
30
0.0
0
SEQEND
0
ARC
8
CURVE
10
432.9203
20
-1036.5460
30
0.0
40
389.0607
50
92.1440
51
79.3858
0
POLYLINE
8
TRACED_VECTOR
66
1
70
0
0
VERTEX
8
TRACED_VECTOR
10
418.3610
20
-647.6539
30
0.0
0
VERTEX
8
TRACED_VECTOR
10
460.8382
20
-648.2454
30
0.0
0
VERTEX
8
TRACED_VECTOR
10
489.9476
20
-651.4343
30
0.0
0
VERTEX
8
TRACED_VECTOR
10
504.5582
20
-654.2748
30
0.0
0
SEQEND
0
ARC
8
CURVE
10
925.3165
20
-534.8386
30
0.0
40
16.7579
50
339.1112
51
273.9043
0
POLYLINE
8
TRACED_VECTOR
66
1
70
0
0
VERTEX
8
TRACED_VECTOR
10
940.9553
20
-540.8070
30
0.0
0
VERTEX
8
TRACED_VECTOR
10
935.7857
20
-548.0307
30
0.0
0
VERTEX
8
TRACED_VECTOR
10
931.4117
20
-550.7241
30
0.0
0
VERTEX
8
TRACED_VECTOR
10
926.4499
20
-551.4461
30
0.0
0
SEQEND
0
ARC
8
CURVE
10
922.7611
20
-535.8548
30
0.0
40
15.8246
50
200.2187
51
276.1699
0
POLYLINE
8
TRACED_VECTOR
66
1
70
0
0
VERTEX
8
TRACED_VECTOR
10
908.0150
20
-541.2858
30
0.0
0
VERTEX
8
TRACED_VECTOR
10
910.2099
20
-545.6821
30
0.0
0
VERTEX
8
TRACED_VECTOR
10
913.8554
20
-549.0146
30
0.0
0
VERTEX
8
TRACED_VECTOR
10
919.9705
20
-551.7367
30
0.0
0
VERTEX
8
TRACED_VECTOR
10
924.4563
20
-551.5355
30
0.0
0
SEQEND
0
ARC
8
CURVE
10
1102.6059
20
-467.7459
30
0.0
40
44.8074
50
298.7777
51
284.6336
0
POLYLINE
8
TRACED_VECTOR
66
1
70
0
0
VERTEX
8
TRACED_VECTOR
10
1124.2292
20
-507.1148
30
0.0
0
VERTEX
8
TRACED_VECTOR
10
1109.4779
20
-512.2713
30
0.0
0
VERTEX
8
TRACED_VECTOR
10
1098.4904
20
-512.2648
30
0.0
0
VERTEX
8
TRACED_VECTOR
10
1109.4779
20
-512.2713
30
0.0
0
VERTEX
8
TRACED_VECTOR
10
1113.9189
20
-511.0733
30
0.0
0
SEQEND
0
ARC
8
CURVE
10
922.8858
20
-534.7890
30
0.0
40
19.9365
50
81.5742
51
16.1390
0
POLYLINE
8
TRACED_VECTOR
66
1
70
0
0
VERTEX
8
TRACED_VECTOR
10
925.8145
20
-515.0169
30
0.0
0
VERTEX
8
TRACED_VECTOR
10
933.4250
20
-517.6720
30
0.0
0
VERTEX
8
TRACED_VECTOR
10
939.1535
20
-522.9087
30
0.0
0
VERTEX
8
TRACED_VECTOR
10
941.9362
20
-529.2763
30
0.0
0
SEQEND
0
ARC
8
CURVE
10
924.2041
20
-533.3590
30
0.0
40
18.1492
50
102.0778
51
162.3307
0
POLYLINE
8
TRACED_VECTOR
66
1
70
0
0
VERTEX
8
TRACED_VECTOR
10
920.3320
20
-515.2629
30
0.0
0
VERTEX
8
TRACED_VECTOR
10
911.0856
20
-520.6719
30
0.0
0
VERTEX
8
TRACED_VECTOR
10
908.2516
20
-524.2949
30
0.0
0
VERTEX
8
TRACED_VECTOR
10
906.0279
20
-530.3877
30
0.0
0
VERTEX
8
TRACED_VECTOR
10
906.9129
20
-527.8509
30
0.0
0
SEQEND
0
ARC
8
CURVE
10
778.1189
20
-534.6306
30
0.0
40
19.0658
50
113.1268
51
150.9562
0
POLYLINE
8
TRACED_VECTOR
66
1
70
0
0
VERTEX
8
TRACED_VECTOR
10
770.5833
20
-516.9865
30
0.0
0
VERTEX
8
TRACED_VECTOR
10
764.7588
20
-520.7437
30
0.0
0
VERTEX
8
TRACED_VECTOR
10
760.9951
20
-525.9067
30
0.0
0
VERTEX
8
TRACED_VECTOR
10
759.7011
20
-530.4596
30
0.0
0
VERTEX
8
TRACED_VECTOR
10
761.4711
20
-525.3859
30
0.0
0
SEQEND
0
ARC
8
CURVE
10
22.7113
20
-390.1645
30
0.0
40
24.7325
50
26.9447
51
330.7495
0
POLYLINE
8
TRACED_VECTOR
66
1
70
0
0
VERTEX
8
TRACED_VECTOR
10
45.2161
20
-378.7251
30
0.0
0
VERTEX
8
TRACED_VECTOR
10
47.0244
20
-385.6358
30
0.0
0
VERTEX
8
TRACED_VECTOR
10
47.4492
20
-395.1057
30
0.0
0
VERTEX
8
TRACED_VECTOR
10
44.2734
20
-402.2401
30
0.0
0
SEQEND
0
ARC
8
CURVE
10
113.2594
20
-345.7442
30
0.0
40
72.1633
50
164.8980
51
195.0941
0
POLYLINE
8
TRACED_VECTOR
66
1
70
0
0
VERTEX
8
TRACED_VECTOR
10
44.9068
20
-327.2987
30
0.0
0
VERTEX
8
TRACED_VECTOR
10
42.0281
20
-329.9249
30
0.0
0
VERTEX
8
TRACED_VECTOR
10
40.5487
20
-341.4780
30
0.0
0
VERTEX
8
TRACED_VECTOR
10
46.1012
20
-376.1883
30
0.0
0
VERTEX
8
TRACED_VECTOR
10
44.5677
20
-364.2710
30
0.0
0
SEQEND
0
ARC
8
CURVE
10
840.1981
20
-275.6552
30
0.0
40
17.4260
50
344.1447
51
274.0938
0
POLYLINE
8
TRACED_VECTOR
66
1
70
0
0
VERTEX
8
TRACED_VECTOR
10
856.8568
20
-280.3865
30
0.0
0
VERTEX
8
TRACED_VECTOR
10
855.0644
20
-284.9617
30
0.0
0
VERTEX
8
TRACED_VECTOR
10
850.7799
20
-289.6487
30
0.0
0
VERTEX
8
TRACED_VECTOR
10
845.9075
20
-292.3644
30
0.0
0
VERTEX
8
TRACED_VECTOR
10
841.4441
20
-293.0640
30
0.0
0
SEQEND
0
ARC
8
CURVE
10
838.4138
20
-276.5143
30
0.0
40
16.6660
50
198.7547
51
273.5650
0
POLYLINE
8
TRACED_VECTOR
66
1
70
0
0
VERTEX
8
TRACED_VECTOR
10
822.4660
20
-281.9293
30
0.0
0
VERTEX
8
TRACED_VECTOR
10
825.1817
20
-286.8017
30
0.0
0
VERTEX
8
TRACED_VECTOR
10
829.8687
20
-291.0862
30
0.0
0
VERTEX
8
TRACED_VECTOR
10
834.4439
20
-292.8786
30
0.0
0
VERTEX
8
TRACED_VECTOR
10
839.4504
20
-293.1534
30
0.0
0
SEQEND
0
ARC
8
CURVE
10
701.9969
20
-242.7964
30
0.0
40
26.7131
50
249.1530
51
296.3812
0
POLYLINE
8
TRACED_VECTOR
66
1
70
0
0
VERTEX
8
TRACED_VECTOR
10
692.4817
20
-267.7836
30
0.0
0
VERTEX
8
TRACED_VECTOR
10
698.0537
20
-269.5313
30
0.0
0
VERTEX
8
TRACED_VECTOR
10
708.0221
20
-269.0842
30
0.0
0
VERTEX
8
TRACED_VECTOR
10
713.9136
20
-266.8222
30
0.0
0
SEQEND
0
ARC
8
CURVE
10
1030.1724
20
-182.8697
30
0.0
40
72.4863
50
295.7347
51
269.4856
0
POLYLINE
8
TRACED_VECTOR
66
1
70
0
0
VERTEX
8
TRACED_VECTOR
10
1061.6745
20
-248.2250
30
0.0
0
VERTEX
8
TRACED_VECTOR
10
1050.8882
20
-252.7042
30
0.0
0
VERTEX
8
TRACED_VECTOR
10
1037.5203
20
-255.3016
30
0.0
0
VERTEX
8
TRACED_VECTOR
10
1028.5265
20
-255.2056
30
0.0
0
VERTEX
8
TRACED_VECTOR
10
1029.5233
20
-255.1609
30
0.0
0
SEQEND
0
ARC
8
CURVE
10
838.5690
20
-276.2710
30
0.0
40
19.5824
50
83.4929
51
19.1862
0
POLYLINE
8
TRACED_VECTOR
66
1
70
0
0
VERTEX
8
TRACED_VECTOR
10
840.8087
20
-256.6348
30
0.0
0
VERTEX
8
TRACED_VECTOR
10
849.9591
20
-260.2197
30
0.0
0
VERTEX
8
TRACED_VECTOR
10
855.1892
20
-265.4787
30
0.0
0
VERTEX
8
TRACED_VECTOR
10
856.8857
20
-269.8974
30
0.0
0
SEQEND
0
ARC
8
CURVE
10
840.0152
20
-275.4238
30
0.0
40
18.5938
50
99.7383
51
164.6512
0
POLYLINE
8
TRACED_VECTOR
66
1
70
0
0
VERTEX
8
TRACED_VECTOR
10
836.8214
20
-256.8137
30
0.0
0
VERTEX
8
TRACED_VECTOR
10
828.9809
20
-260.1620
30
0.0
0
VERTEX
8
TRACED_VECTOR
10
824.2203
20
-265.3697
30
0.0
0
VERTEX
8
TRACED_VECTOR
10
821.9965
20
-271.4625
30
0.0
0
VERTEX
8
TRACED_VECTOR
10
821.9518
20
-270.4657
30
0.0
0
SEQEND
0
ARC
8
CURVE
10
975.2769
20
-15.4278
30
0.0
40
20.8638
50
343.8818
51
286.7545
0
POLYLINE
8
TRACED_VECTOR
66
1
70
0
0
VERTEX
8
TRACED_VECTOR
10
996.0650
20
-21.4351
30
0.0
0
VERTEX
8
TRACED_VECTOR
10
989.0136
20
-31.2404
30
0.0
0
VERTEX
8
TRACED_VECTOR
10
986.1348
20
-33.8666
30
0.0
0
VERTEX
8
TRACED_VECTOR
10
981.1954
20
-35.0871
30
0.0
0
SEQEND
0
ARC
8
CURVE
10
1298.6963
20
35.0903
30
0.0
40
23.8782
50
352.9021
51
309.4001
0
POLYLINE
8
TRACED_VECTOR
66
1
70
0
0
VERTEX
8
TRACED_VECTOR
10
1322.2793
20
32.1538
30
0.0
0
VERTEX
8
TRACED_VECTOR
10
1321.5060
20
27.1249
30
0.0
0
VERTEX
8
TRACED_VECTOR
10
1314.5217
20
15.8243
30
0.0
0
SEQEND
0
ARC
8
CURVE
10
1282.4849
20
91.1803
30
0.0
40
61.2984
50
297.2907
51
273.6789
0
POLYLINE
8
TRACED_VECTOR
66
1
70
0
0
VERTEX
8
TRACED_VECTOR
10
1311.1352
20
35.6492
30
0.0
0
VERTEX
8
TRACED_VECTOR
10
1284.9427
20
29.4800
30
0.0
0
VERTEX
8
TRACED_VECTOR
10
1277.4218
20
30.1414
30
0.0
0
VERTEX
8
TRACED_VECTOR
10
1281.4538
20
29.3235
30
0.0
0
VERTEX
8
TRACED_VECTOR
10
1286.4156
20
30.0455
30
0.0
0
SEQEND
0
ARC
8
CURVE
10
102.2911
20
-47.4438
30
0.0
40
34.5376
50
122.9390
51
158.3582
0
POLYLINE
8
TRACED_VECTOR
66
1
70
0
0
VERTEX
8
TRACED_VECTOR
10
83.4897
20
-18.4246
30
0.0
0
VERTEX
8
TRACED_VECTOR
10
74.3775
20
-26.8241
30
0.0
0
VERTEX
8
TRACED_VECTOR
10
69.7288
20
-34.5239
30
0.0
0
SEQEND
0
ARC
8
CURVE
10
1319.2982
20
69.5159
30
0.0
40
36.3201
50
327.7994
51
277.0215
0
POLYLINE
8
TRACED_VECTOR
66
1
70
0
0
VERTEX
8
TRACED_VECTOR
10
1350.4496
20
49.8983
30
0.0
0
VERTEX
8
TRACED_VECTOR
10
1337.5066
20
37.8311
30
0.0
0
VERTEX
8
TRACED_VECTOR
10
1331.6374
20
35.0707
30
0.0
0
VERTEX
8
TRACED_VECTOR
10
1323.7075
20
33.7161
30
0.0
0
SEQEND
0
ARC
8
CURVE
10
97.3892
20
12.4394
30
0.0
40
31.6879
50
201.5925
51
242.9325
0
POLYLINE
8
TRACED_VECTOR
66
1
70
0
0
VERTEX
8
TRACED_VECTOR
10
68.1413
20
0.8637
30
0.0
0
VERTEX
8
TRACED_VECTOR
10
67.6876
20
-0.1555
30
0.0
0
VERTEX
8
TRACED_VECTOR
10
73.5055
20
-7.3858
30
0.0
0
VERTEX
8
TRACED_VECTOR
10
73.5726
20
-8.8811
30
0.0
0
VERTEX
8
TRACED_VECTOR
10
82.8795
20
-15.9549
30
0.0
0
SEQEND
0
ARC
8
CURVE
10
840.4292
20
121.6648
30
0.0
40
19.7026
50
50.2301
51
346.2652
0
POLYLINE
8
TRACED_VECTOR
66
1
70
0
0
VERTEX
8
TRACED_VECTOR
10
853.5931
20
137.4816
30
0.0
0
VERTEX
8
TRACED_VECTOR
10
856.1746
20
135.5997
30
0.0
0
VERTEX
8
TRACED_VECTOR
10
860.4685
20
117.8132
30
0.0
0
VERTEX
8
TRACED_VECTOR
10
862.0308
20
116.3850
30
0.0
0
SEQEND
0
ARC
8
CURVE
10
157.8167
20
93.5144
30
0.0
40
17.7582
50
128.1910
51
199.9207
0
POLYLINE
8
TRACED_VECTOR
66
1
70
0
0
VERTEX
8
TRACED_VECTOR
10
146.2278
20
108.2460
30
0.0
0
VERTEX
8
TRACED_VECTOR
10
143.3490
20
105.6198
30
0.0
0
VERTEX
8
TRACED_VECTOR
10
140.5980
20
89.0155
30
0.0
0
VERTEX
8
TRACED_VECTOR
10
138.2177
20
86.4116
30
0.0
0
SEQEND
0
ARC
8
CURVE
10
894.9502
20
149.3279
30
0.0
40
64.3457
50
182.1364
51
211.9559
0
POLYLINE
8
TRACED_VECTOR
66
1
70
0
0
VERTEX
8
TRACED_VECTOR
10
829.1996
20
146.8751
30
0.0
0
VERTEX
8
TRACED_VECTOR
10
837.4742
20
118.2799
30
0.0
0
VERTEX
8
TRACED_VECTOR
10
840.5989
20
115.4236
30
0.0
0
SEQEND
0
ARC
8
CURVE
10
191.3106
20
121.8292
30
0.0
40
66.2671
50
182.2085
51
212.3710
0
POLYLINE
8
TRACED_VECTOR
66
1
70
0
0
VERTEX
8
TRACED_VECTOR
10
123.7608
20
119.2242
30
0.0
0
VERTEX
8
TRACED_VECTOR
10
132.6233
20
88.6578
30
0.0
0
VERTEX
8
TRACED_VECTOR
10
135.2272
20
86.2775
30
0.0
0
SEQEND
0
POLYLINE
8
LOT_LINE
66
1
70
1
0
VERTEX
8
LOT_LINE
10
52.0569
20
-47.8548
30
0.0
0
VERTEX
8
LOT_LINE
10
155.4655
20
-43.5056
30
0.0
0
VERTEX
8
LOT_LINE
10
159.6676
20
-143.4173
30
0.0
0
VERTEX
8
LOT_LINE
10
56.2590
20
-147.7665
30
0.0
0
SEQEND
0
TEXT
8
TEXT-LABELS
7
STANDARD
10
105.8622
20
-95.6360
30
0.0
40
8.0
1
1
50
0.0
0
TEXT
8
DIM-LABELS
7
STANDARD
10
103.9082
20
-49.1771
30
0.0
40
5.5
1
103.5'
50
0.0
0
TEXT
8
DIM-LABELS
7
STANDARD
10
154.0696
20
-93.6085
30
0.0
40
5.5
1
100.0'
50
0.0
0
TEXT
8
DIM-LABELS
7
STANDARD
10
107.8162
20
-142.0950
30
0.0
40
5.5
1
103.5'
50
0.0
0
TEXT
8
DIM-LABELS
7
STANDARD
10
57.6548
20
-97.6636
30
0.0
40
5.5
1
100.0'
50
0.0
0
POLYLINE
8
LOT_LINE
66
1
70
1
0
VERTEX
8
LOT_LINE
10
155.4655
20
-43.5056
30
0.0
0
VERTEX
8
LOT_LINE
10
230.3992
20
-40.3540
30
0.0
0
VERTEX
8
LOT_LINE
10
234.6013
20
-140.2657
30
0.0
0
VERTEX
8
LOT_LINE
10
159.6676
20
-143.4173
30
0.0
0
SEQEND
0
TEXT
8
TEXT-LABELS
7
STANDARD
10
195.0334
20
-91.8857
30
0.0
40
8.0
1
2
50
0.0
0
TEXT
8
DIM-LABELS
7
STANDARD
10
193.0794
20
-45.4267
30
0.0
40
5.5
1
75.0'
50
0.0
0
TEXT
8
DIM-LABELS
7
STANDARD
10
229.0034
20
-90.4570
30
0.0
40
5.5
1
100.0'
50
0.0
0
TEXT
8
DIM-LABELS
7
STANDARD
10
196.9874
20
-138.3446
30
0.0
40
5.5
1
75.0'
50
0.0
0
TEXT
8
DIM-LABELS
7
STANDARD
10
161.0634
20
-93.3144
30
0.0
40
5.5
1
100.0'
50
0.0
0
POLYLINE
8
LOT_LINE
66
1
70
1
0
VERTEX
8
LOT_LINE
10
230.3992
20
-40.3540
30
0.0
0
VERTEX
8
LOT_LINE
10
305.3330
20
-37.2025
30
0.0
0
VERTEX
8
LOT_LINE
10
309.5351
20
-137.1141
30
0.0
0
VERTEX
8
LOT_LINE
10
234.6013
20
-140.2657
30
0.0
0
SEQEND
0
TEXT
8
TEXT-LABELS
7
STANDARD
10
269.9671
20
-88.7341
30
0.0
40
8.0
1
3
50
0.0
0
TEXT
8
DIM-LABELS
7
STANDARD
10
268.0132
20
-42.2752
30
0.0
40
5.5
1
75.0'
50
0.0
0
TEXT
8
DIM-LABELS
7
STANDARD
10
303.9371
20
-87.3054
30
0.0
40
5.5
1
100.0'
50
0.0
0
TEXT
8
DIM-LABELS
7
STANDARD
10
271.9211
20
-135.1930
30
0.0
40
5.5
1
75.0'
50
0.0
0
TEXT
8
DIM-LABELS
7
STANDARD
10
235.9972
20
-90.1628
30
0.0
40
5.5
1
100.0'
50
0.0
0
POLYLINE
8
LOT_LINE
66
1
70
1
0
VERTEX
8
LOT_LINE
10
305.3330
20
-37.2025
30
0.0
0
VERTEX
8
LOT_LINE
10
380.2667
20
-34.0509
30
0.0
0
VERTEX
8
LOT_LINE
10
384.4688
20
-133.9626
30
0.0
0
VERTEX
8
LOT_LINE
10
309.5351
20
-137.1141
30
0.0
0
SEQEND
0
TEXT
8
TEXT-LABELS
7
STANDARD
10
344.9009
20
-85.5825
30
0.0
40
8.0
1
4
50
0.0
0
TEXT
8
DIM-LABELS
7
STANDARD
10
342.9469
20
-39.1236
30
0.0
40
5.5
1
75.0'
50
0.0
0
TEXT
8
DIM-LABELS
7
STANDARD
10
378.8709
20
-84.1538
30
0.0
40
5.5
1
100.0'
50
0.0
0
TEXT
8
DIM-LABELS
7
STANDARD
10
346.8549
20
-132.0415
30
0.0
40
5.5
1
75.0'
50
0.0
0
TEXT
8
DIM-LABELS
7
STANDARD
10
310.9309
20
-87.0112
30
0.0
40
5.5
1
100.0'
50
0.0
0
POLYLINE
8
LOT_LINE
66
1
70
1
0
VERTEX
8
LOT_LINE
10
380.2667
20
-34.0509
30
0.0
0
VERTEX
8
LOT_LINE
10
455.2005
20
-30.8993
30
0.0
0
VERTEX
8
LOT_LINE
10
459.4026
20
-130.8110
30
0.0
0
VERTEX
8
LOT_LINE
10
384.4688
20
-133.9626
30
0.0
0
SEQEND
0
TEXT
8
TEXT-LABELS
7
STANDARD
10
419.8347
20
-82.4309
30
0.0
40
8.0
1
5
50
0.0
0
TEXT
8
DIM-LABELS
7
STANDARD
10
417.8807
20
-35.9720
30
0.0
40
5.5
1
75.0'
50
0.0
0
TEXT
8
DIM-LABELS
7
STANDARD
10
453.8046
20
-81.0022
30
0.0
40
5.5
1
100.0'
50
0.0
0
TEXT
8
DIM-LABELS
7
STANDARD
10
421.7886
20
-128.8899
30
0.0
40
5.5
1
75.0'
50
0.0
0
TEXT
8
DIM-LABELS
7
STANDARD
10
385.8647
20
-83.8597
30
0.0
40
5.5
1
100.0'
50
0.0
0
POLYLINE
8
LOT_LINE
66
1
70
1
0
VERTEX
8
LOT_LINE
10
455.2005
20
-30.8993
30
0.0
0
VERTEX
8
LOT_LINE
10
530.1342
20
-27.7478
30
0.0
0
VERTEX
8
LOT_LINE
10
534.3363
20
-127.6594
30
0.0
0
VERTEX
8
LOT_LINE
10
459.4026
20
-130.8110
30
0.0
0
SEQEND
0
TEXT
8
TEXT-LABELS
7
STANDARD
10
494.7684
20
-79.2794
30
0.0
40
8.0
1
6
50
0.0
0
TEXT
8
DIM-LABELS
7
STANDARD
10
492.8144
20
-32.8204
30
0.0
40
5.5
1
75.0'
50
0.0
0
TEXT
8
DIM-LABELS
7
STANDARD
10
528.7384
20
-77.8507
30
0.0
40
5.5
1
100.0'
50
0.0
0
TEXT
8
DIM-LABELS
7
STANDARD
10
496.7224
20
-125.7383
30
0.0
40
5.5
1
75.0'
50
0.0
0
TEXT
8
DIM-LABELS
7
STANDARD
10
460.7984
20
-80.7081
30
0.0
40
5.5
1
100.0'
50
0.0
0
POLYLINE
8
LOT_LINE
66
1
70
1
0
VERTEX
8
LOT_LINE
10
530.1342
20
-27.7478
30
0.0
0
VERTEX
8
LOT_LINE
10
605.0680
20
-24.5962
30
0.0
0
VERTEX
8
LOT_LINE
10
609.2701
20
-124.5079
30
0.0
0
VERTEX
8
LOT_LINE
10
534.3363
20
-127.6594
30
0.0
0
SEQEND
0
TEXT
8
TEXT-LABELS
7
STANDARD
10
569.7022
20
-76.1278
30
0.0
40
8.0
1
7
50
0.0
0
TEXT
8
DIM-LABELS
7
STANDARD
10
567.7482
20
-29.6689
30
0.0
40
5.5
1
75.0'
50
0.0
0
TEXT
8
DIM-LABELS
7
STANDARD
10
603.6721
20
-74.6991
30
0.0
40
5.5
1
100.0'
50
0.0
0
TEXT
8
DIM-LABELS
7
STANDARD
10
571.6561
20
-122.5867
30
0.0
40
5.5
1
75.0'
50
0.0
0
TEXT
8
DIM-LABELS
7
STANDARD
10
535.7322
20
-77.5565
30
0.0
40
5.5
1
100.0'
50
0.0
0
POLYLINE
8
LOT_LINE
66
1
70
1
0
VERTEX
8
LOT_LINE
10
605.0680
20
-24.5962
30
0.0
0
VERTEX
8
LOT_LINE
10
680.0017
20
-21.4446
30
0.0
0
VERTEX
8
LOT_LINE
10
684.2038
20
-121.3563
30
0.0
0
VERTEX
8
LOT_LINE
10
609.2701
20
-124.5079
30
0.0
0
SEQEND
0
TEXT
8
TEXT-LABELS
7
STANDARD
10
644.6359
20
-72.9762
30
0.0
40
8.0
1
8
50
0.0
0
TEXT
8
DIM-LABELS
7
STANDARD
10
642.6819
20
-26.5173
30
0.0
40
5.5
1
75.0'
50
0.0
0
TEXT
8
DIM-LABELS
7
STANDARD
10
678.6059
20
-71.5475
30
0.0
40
5.5
1
100.0'
50
0.0
0
TEXT
8
DIM-LABELS
7
STANDARD
10
646.5899
20
-119.4352
30
0.0
40
5.5
1
75.0'
50
0.0
0
TEXT
8
DIM-LABELS
7
STANDARD
10
610.6660
20
-74.4049
30
0.0
40
5.5
1
100.0'
50
0.0
0
POLYLINE
8
LOT_LINE
66
1
70
1
0
VERTEX
8
LOT_LINE
10
680.0017
20
-21.4446
30
0.0
0
VERTEX
8
LOT_LINE
10
754.9355
20
-18.2930
30
0.0
0
VERTEX
8
LOT_LINE
10
759.1376
20
-118.2047
30
0.0
0
VERTEX
8
LOT_LINE
10
684.2038
20
-121.3563
30
0.0
0
SEQEND
0
TEXT
8
TEXT-LABELS
7
STANDARD
10
719.5697
20
-69.8247
30
0.0
40
8.0
1
9
50
0.0
0
TEXT
8
DIM-LABELS
7
STANDARD
10
717.6157
20
-23.3657
30
0.0
40
5.5
1
75.0'
50
0.0
0
TEXT
8
DIM-LABELS
7
STANDARD
10
753.5396
20
-68.3959
30
0.0
40
5.5
1
100.0'
50
0.0
0
TEXT
8
DIM-LABELS
7
STANDARD
10
721.5237
20
-116.2836
30
0.0
40
5.5
1
75.0'
50
0.0
0
TEXT
8
DIM-LABELS
7
STANDARD
10
685.5997
20
-71.2534
30
0.0
40
5.5
1
100.0'
50
0.0
0
POLYLINE
8
LOT_LINE
66
1
70
1
0
VERTEX
8
LOT_LINE
10
754.9355
20
-18.2930
30
0.0
0
VERTEX
8
LOT_LINE
10
829.8693
20
-15.1415
30
0.0
0
VERTEX
8
LOT_LINE
10
834.0714
20
-115.0531
30
0.0
0
VERTEX
8
LOT_LINE
10
759.1376
20
-118.2047
30
0.0
0
SEQEND
0
TEXT
8
TEXT-LABELS
7
STANDARD
10
794.5034
20
-66.6731
30
0.0
40
8.0
1
10
50
0.0
0
TEXT
8
DIM-LABELS
7
STANDARD
10
792.5495
20
-20.2142
30
0.0
40
5.5
1
75.0'
50
0.0
0
TEXT
8
DIM-LABELS
7
STANDARD
10
828.4734
20
-65.2444
30
0.0
40
5.5
1
100.0'
50
0.0
0
TEXT
8
DIM-LABELS
7
STANDARD
10
796.4574
20
-113.1320
30
0.0
40
5.5
1
75.0'
50
0.0
0
TEXT
8
DIM-LABELS
7
STANDARD
10
760.5335
20
-68.1018
30
0.0
40
5.5
1
100.0'
50
0.0
0
POLYLINE
8
LOT_LINE
66
1
70
1
0
VERTEX
8
LOT_LINE
10
829.8693
20
-15.1415
30
0.0
0
VERTEX
8
LOT_LINE
10
904.8030
20
-11.9899
30
0.0
0
VERTEX
8
LOT_LINE
10
909.0051
20
-111.9016
30
0.0
0
VERTEX
8
LOT_LINE
10
834.0714
20
-115.0531
30
0.0
0
SEQEND
0
TEXT
8
TEXT-LABELS
7
STANDARD
10
869.4372
20
-63.5215
30
0.0
40
8.0
1
11
50
0.0
0
TEXT
8
DIM-LABELS
7
STANDARD
10
867.4832
20
-17.0626
30
0.0
40
5.5
1
75.0'
50
0.0
0
TEXT
8
DIM-LABELS
7
STANDARD
10
903.4072
20
-62.0928
30
0.0
40
5.5
1
100.0'
50
0.0
0
TEXT
8
DIM-LABELS
7
STANDARD
10
871.3912
20
-109.9804
30
0.0
40
5.5
1
75.0'
50
0.0
0
TEXT
8
DIM-LABELS
7
STANDARD
10
835.4672
20
-64.9502
30
0.0
40
5.5
1
100.0'
50
0.0
0
POLYLINE
8
LOT_LINE
66
1
70
1
0
VERTEX
8
LOT_LINE
10
904.8030
20
-11.9899
30
0.0
0
VERTEX
8
LOT_LINE
10
979.7368
20
-8.8383
30
0.0
0
VERTEX
8
LOT_LINE
10
983.9389
20
-108.7500
30
0.0
0
VERTEX
8
LOT_LINE
10
909.0051
20
-111.9016
30
0.0
0
SEQEND
0
TEXT
8
TEXT-LABELS
7
STANDARD
10
944.3709
20
-60.3699
30
0.0
40
8.0
1
12
50
0.0
0
TEXT
8
DIM-LABELS
7
STANDARD
10
942.4170
20
-13.9110
30
0.0
40
5.5
1
75.0'
50
0.0
0
TEXT
8
DIM-LABELS
7
STANDARD
10
978.3409
20
-58.9412
30
0.0
40
5.5
1
100.0'
50
0.0
0
TEXT
8
DIM-LABELS
7
STANDARD
10
946.3249
20
-106.8289
30
0.0
40
5.5
1
75.0'
50
0.0
0
TEXT
8
DIM-LABELS
7
STANDARD
10
910.4010
20
-61.7987
30
0.0
40
5.5
1
100.0'
50
0.0
0
POLYLINE
8
LOT_LINE
66
1
70
1
0
VERTEX
8
LOT_LINE
10
979.7368
20
-8.8383
30
0.0
0
VERTEX
8
LOT_LINE
10
1054.6705
20
-5.6867
30
0.0
0
VERTEX
8
LOT_LINE
10
1058.8726
20
-105.5984
30
0.0
0
VERTEX
8
LOT_LINE
10
983.9389
20
-108.7500
30
0.0
0
SEQEND
0
TEXT
8
TEXT-LABELS
7
STANDARD
10
1019.3047
20
-57.2184
30
0.0
40
8.0
1
13
50
0.0
0
TEXT
8
DIM-LABELS
7
STANDARD
10
1017.3507
20
-10.7594
30
0.0
40
5.5
1
75.0'
50
0.0
0
TEXT
8
DIM-LABELS
7
STANDARD
10
1053.2747
20
-55.7897
30
0.0
40
5.5
1
100.0'
50
0.0
0
TEXT
8
DIM-LABELS
7
STANDARD
10
1021.2587
20
-103.6773
30
0.0
40
5.5
1
75.0'
50
0.0
0
TEXT
8
DIM-LABELS
7
STANDARD
10
985.3347
20
-58.6471
30
0.0
40
5.5
1
100.0'
50
0.0
0
POLYLINE
8
LOT_LINE
66
1
70
1
0
VERTEX
8
LOT_LINE
10
1054.6705
20
-5.6867
30
0.0
0
VERTEX
8
LOT_LINE
10
1129.6043
20
-2.5352
30
0.0
0
VERTEX
8
LOT_LINE
10
1133.8064
20
-102.4468
30
0.0
0
VERTEX
8
LOT_LINE
10
1058.8726
20
-105.5984
30
0.0
0
SEQEND
0
TEXT
8
TEXT-LABELS
7
STANDARD
10
1094.2384
20
-54.0668
30
0.0
40
8.0
1
14
50
0.0
0
TEXT
8
DIM-LABELS
7
STANDARD
10
1092.2845
20
-7.6079
30
0.0
40
5.5
1
75.0'
50
0.0
0
TEXT
8
DIM-LABELS
7
STANDARD
10
1128.2084
20
-52.6381
30
0.0
40
5.5
1
100.0'
50
0.0
0
TEXT
8
DIM-LABELS
7
STANDARD
10
1096.1924
20
-100.5257
30
0.0
40
5.5
1
75.0'
50
0.0
0
TEXT
8
DIM-LABELS
7
STANDARD
10
1060.2685
20
-55.4955
30
0.0
40
5.5
1
100.0'
50
0.0
0
POLYLINE
8
LOT_LINE
66
1
70
1
0
VERTEX
8
LOT_LINE
10
1129.6043
20
-2.5352
30
0.0
0
VERTEX
8
LOT_LINE
10
1204.5380
20
0.6164
30
0.0
0
VERTEX
8
LOT_LINE
10
1208.7401
20
-99.2953
30
0.0
0
VERTEX
8
LOT_LINE
10
1133.8064
20
-102.4468
30
0.0
0
SEQEND
0
TEXT
8
TEXT-LABELS
7
STANDARD
10
1169.1722
20
-50.9152
30
0.0
40
8.0
1
15
50
0.0
0
TEXT
8
DIM-LABELS
7
STANDARD
10
1167.2182
20
-4.4563
30
0.0
40
5.5
1
75.0'
50
0.0
0
TEXT
8
DIM-LABELS
7
STANDARD
10
1203.1422
20
-49.4865
30
0.0
40
5.5
1
100.0'
50
0.0
0
TEXT
8
DIM-LABELS
7
STANDARD
10
1171.1262
20
-97.3741
30
0.0
40
5.5
1
75.0'
50
0.0
0
TEXT
8
DIM-LABELS
7
STANDARD
10
1135.2022
20
-52.3439
30
0.0
40
5.5
1
100.0'
50
0.0
0
POLYLINE
8
LOT_LINE
66
1
70
1
0
VERTEX
8
LOT_LINE
10
1204.5380
20
0.6164
30
0.0
0
VERTEX
8
LOT_LINE
10
1279.4718
20
3.7680
30
0.0
0
VERTEX
8
LOT_LINE
10
1283.6739
20
-96.1437
30
0.0
0
VERTEX
8
LOT_LINE
10
1208.7401
20
-99.2953
30
0.0
0
SEQEND
0
TEXT
8
TEXT-LABELS
7
STANDARD
10
1244.1060
20
-47.7636
30
0.0
40
8.0
1
16
50
0.0
0
TEXT
8
DIM-LABELS
7
STANDARD
10
1242.1520
20
-1.3047
30
0.0
40
5.5
1
75.0'
50
0.0
0
TEXT
8
DIM-LABELS
7
STANDARD
10
1278.0759
20
-46.3349
30
0.0
40
5.5
1
100.0'
50
0.0
0
TEXT
8
DIM-LABELS
7
STANDARD
10
1246.0599
20
-94.2226
30
0.0
40
5.5
1
75.0'
50
0.0
0
TEXT
8
DIM-LABELS
7
STANDARD
10
1210.1360
20
-49.1924
30
0.0
40
5.5
1
100.0'
50
0.0
0
POLYLINE
8
LOT_LINE
66
1
70
1
0
VERTEX
8
LOT_LINE
10
1279.4718
20
3.7680
30
0.0
0
VERTEX
8
LOT_LINE
10
1354.4055
20
6.9195
30
0.0
0
VERTEX
8
LOT_LINE
10
1358.6076
20
-92.9921
30
0.0
0
VERTEX
8
LOT_LINE
10
1283.6739
20
-96.1437
30
0.0
0
SEQEND
0
TEXT
8
TEXT-LABELS
7
STANDARD
10
1319.0397
20
-44.6121
30
0.0
40
8.0
1
17
50
0.0
0
TEXT
8
DIM-LABELS
7
STANDARD
10
1317.0857
20
1.8469
30
0.0
40
5.5
1
75.0'
50
0.0
0
TEXT
8
DIM-LABELS
7
STANDARD
10
1353.0097
20
-43.1834
30
0.0
40
5.5
1
100.0'
50
0.0
0
TEXT
8
DIM-LABELS
7
STANDARD
10
1320.9937
20
-91.0710
30
0.0
40
5.5
1
75.0'
50
0.0
0
TEXT
8
DIM-LABELS
7
STANDARD
10
1285.0697
20
-46.0408
30
0.0
40
5.5
1
100.0'
50
0.0
0
POLYLINE
8
LOT_LINE
66
1
70
1
0
VERTEX
8
LOT_LINE
10
1354.4055
20
6.9195
30
0.0
0
VERTEX
8
LOT_LINE
10
1429.3393
20
10.0711
30
0.0
0
VERTEX
8
LOT_LINE
10
1433.5414
20
-89.8406
30
0.0
0
VERTEX
8
LOT_LINE
10
1358.6076
20
-92.9921
30
0.0
0
SEQEND
0
TEXT
8
TEXT-LABELS
7
STANDARD
10
1393.9735
20
-41.4605
30
0.0
40
8.0
1
18
50
0.0
0
TEXT
8
DIM-LABELS
7
STANDARD
10
1392.0195
20
4.9984
30
0.0
40
5.5
1
75.0'
50
0.0
0
TEXT
8
DIM-LABELS
7
STANDARD
10
1427.9434
20
-40.0318
30
0.0
40
5.5
1
100.0'
50
0.0
0
TEXT
8
DIM-LABELS
7
STANDARD
10
1395.9274
20
-87.9194
30
0.0
40
5.5
1
75.0'
50
0.0
0
TEXT
8
DIM-LABELS
7
STANDARD
10
1360.0035
20
-42.8892
30
0.0
40
5.5
1
100.0'
50
0.0
0
POLYLINE
8
CURVE
66
1
70
0
0
VERTEX
8
CURVE
10
1504.2731
20
13.2227
30
0.0
0
VERTEX
8
CURVE
10
1504.6849
20
6.9863
30
0.0
0
VERTEX
8
CURVE
10
1505.0769
20
0.7486
30
0.0
0
VERTEX
8
CURVE
10
1505.4491
20
-5.4903
30
0.0
0
VERTEX
8
CURVE
10
1505.8013
20
-11.7304
30
0.0
0
VERTEX
8
CURVE
10
1506.1336
20
-17.9715
30
0.0
0
VERTEX
8
CURVE
10
1506.4460
20
-24.2137
30
0.0
0
VERTEX
8
CURVE
10
1506.7385
20
-30.4569
30
0.0
0
VERTEX
8
CURVE
10
1507.0111
20
-36.7009
30
0.0
0
VERTEX
8
CURVE
10
1507.2637
20
-42.9458
30
0.0
0
VERTEX
8
CURVE
10
1507.4965
20
-49.1915
30
0.0
0
VERTEX
8
CURVE
10
1507.7093
20
-55.4379
30
0.0
0
VERTEX
8
CURVE
10
1507.9023
20
-61.6849
30
0.0
0
VERTEX
8
CURVE
10
1508.0753
20
-67.9325
30
0.0
0
VERTEX
8
CURVE
10
1508.2283
20
-74.1806
30
0.0
0
VERTEX
8
CURVE
10
1508.3615
20
-80.4292
30
0.0
0
VERTEX
8
CURVE
10
1508.4747
20
-86.6781
30
0.0
0
SEQEND
0
POLYLINE
8
LOT_LINE
66
1
70
1
0
VERTEX
8
LOT_LINE
10
1429.3393
20
10.0711
30
0.0
0
VERTEX
8
LOT_LINE
10
1504.2731
20
13.2227
30
0.0
0
VERTEX
8
LOT_LINE
10
1504.6849
20
6.9863
30
0.0
0
VERTEX
8
LOT_LINE
10
1505.0769
20
0.7486
30
0.0
0
VERTEX
8
LOT_LINE
10
1505.4491
20
-5.4903
30
0.0
0
VERTEX
8
LOT_LINE
10
1505.8013
20
-11.7304
30
0.0
0
VERTEX
8
LOT_LINE
10
1506.1336
20
-17.9715
30
0.0
0
VERTEX
8
LOT_LINE
10
1506.4460
20
-24.2137
30
0.0
0
VERTEX
8
LOT_LINE
10
1506.7385
20
-30.4569
30
0.0
0
VERTEX
8
LOT_LINE
10
1507.0111
20
-36.7009
30
0.0
0
VERTEX
8
LOT_LINE
10
1507.2637
20
-42.9458
30
0.0
0
VERTEX
8
LOT_LINE
10
1507.4965
20
-49.1915
30
0.0
0
VERTEX
8
LOT_LINE
10
1507.7093
20
-55.4379
30
0.0
0
VERTEX
8
LOT_LINE
10
1507.9023
20
-61.6849
30
0.0
0
VERTEX
8
LOT_LINE
10
1508.0753
20
-67.9325
30
0.0
0
VERTEX
8
LOT_LINE
10
1508.2283
20
-74.1806
30
0.0
0
VERTEX
8
LOT_LINE
10
1508.3615
20
-80.4292
30
0.0
0
VERTEX
8
LOT_LINE
10
1508.4751
20
-86.6890
30
0.0
0
VERTEX
8
LOT_LINE
10
1433.5414
20
-89.8406
30
0.0
0
SEQEND
0
ARC
8
CURVE
10
-451.1175
20
-119.0616
30
0.0
40
1959.8600
50
0.9464
51
3.8702
0
TEXT
8
TEXT-LABELS
7
STANDARD
10
1468.9072
20
-38.3089
30
0.0
40
8.0
1
19
50
0.0
0
TEXT
8
DIM-LABELS
7
STANDARD
10
1466.9532
20
8.1500
30
0.0
40
5.5
1
75.0'
50
0.0
0
TEXT
8
DIM-LABELS
7
STANDARD
10
1502.8772
20
-36.8802
30
0.0
40
5.5
1
100.0'
50
0.0
0
TEXT
8
DIM-LABELS
7
STANDARD
10
1470.8612
20
-84.7679
30
0.0
40
5.5
1
75.0'
50
0.0
0
TEXT
8
DIM-LABELS
7
STANDARD
10
1434.9373
20
-39.7376
30
0.0
40
5.5
1
100.0'
50
0.0
0
POLYLINE
8
LOT_LINE
66
1
70
1
0
VERTEX
8
LOT_LINE
10
218.6389
20
-200.9901
30
0.0
0
VERTEX
8
LOT_LINE
10
312.0563
20
-197.0611
30
0.0
0
VERTEX
8
LOT_LINE
10
316.2584
20
-296.9728
30
0.0
0
VERTEX
8
LOT_LINE
10
222.8410
20
-300.9018
30
0.0
0
SEQEND
0
TEXT
8
TEXT-LABELS
7
STANDARD
10
267.4487
20
-248.9815
30
0.0
40
8.0
1
1
50
0.0
0
TEXT
8
DIM-LABELS
7
STANDARD
10
265.4947
20
-202.5225
30
0.0
40
5.5
1
93.5'
50
0.0
0
TEXT
8
DIM-LABELS
7
STANDARD
10
310.6605
20
-247.1641
30
0.0
40
5.5
1
100.0'
50
0.0
0
TEXT
8
DIM-LABELS
7
STANDARD
10
269.4026
20
-295.4404
30
0.0
40
5.5
1
93.5'
50
0.0
0
TEXT
8
DIM-LABELS
7
STANDARD
10
224.2369
20
-250.7989
30
0.0
40
5.5
1
100.0'
50
0.0
0
POLYLINE
8
LOT_LINE
66
1
70
1
0
VERTEX
8
LOT_LINE
10
312.0563
20
-197.0611
30
0.0
0
VERTEX
8
LOT_LINE
10
386.9901
20
-193.9096
30
0.0
0
VERTEX
8
LOT_LINE
10
391.1922
20
-293.8212
30
0.0
0
VERTEX
8
LOT_LINE
10
316.2584
20
-296.9728
30
0.0
0
SEQEND
0
TEXT
8
TEXT-LABELS
7
STANDARD
10
351.6243
20
-245.4412
30
0.0
40
8.0
1
2
50
0.0
0
TEXT
8
DIM-LABELS
7
STANDARD
10
349.6703
20
-198.9823
30
0.0
40
5.5
1
75.0'
50
0.0
0
TEXT
8
DIM-LABELS
7
STANDARD
10
385.5942
20
-244.0125
30
0.0
40
5.5
1
100.0'
50
0.0
0
TEXT
8
DIM-LABELS
7
STANDARD
10
353.5782
20
-291.9001
30
0.0
40
5.5
1
75.0'
50
0.0
0
TEXT
8
DIM-LABELS
7
STANDARD
10
317.6543
20
-246.8699
30
0.0
40
5.5
1
100.0'
50
0.0
0
POLYLINE
8
LOT_LINE
66
1
70
1
0
VERTEX
8
LOT_LINE
10
386.9901
20
-193.9096
30
0.0
0
VERTEX
8
LOT_LINE
10
461.9238
20
-190.7580
30
0.0
0
VERTEX
8
LOT_LINE
10
466.1259
20
-290.6697
30
0.0
0
VERTEX
8
LOT_LINE
10
391.1922
20
-293.8212
30
0.0
0
SEQEND
0
TEXT
8
TEXT-LABELS
7
STANDARD
10
426.5580
20
-242.2896
30
0.0
40
8.0
1
3
50
0.0
0
TEXT
8
DIM-LABELS
7
STANDARD
10
424.6040
20
-195.8307
30
0.0
40
5.5
1
75.0'
50
0.0
0
TEXT
8
DIM-LABELS
7
STANDARD
10
460.5280
20
-240.8609
30
0.0
40
5.5
1
100.0'
50
0.0
0
TEXT
8
DIM-LABELS
7
STANDARD
10
428.5120
20
-288.7486
30
0.0
40
5.5
1
75.0'
50
0.0
0
TEXT
8
DIM-LABELS
7
STANDARD
10
392.5880
20
-243.7183
30
0.0
40
5.5
1
100.0'
50
0.0
0
POLYLINE
8
LOT_LINE
66
1
70
1
0
VERTEX
8
LOT_LINE
10
461.9238
20
-190.7580
30
0.0
0
VERTEX
8
LOT_LINE
10
536.8576
20
-187.6064
30
0.0
0
VERTEX
8
LOT_LINE
10
541.0597
20
-287.5181
30
0.0
0
VERTEX
8
LOT_LINE
10
466.1259
20
-290.6697
30
0.0
0
SEQEND
0
TEXT
8
TEXT-LABELS
7
STANDARD
10
501.4918
20
-239.1381
30
0.0
40
8.0
1
4
50
0.0
0
TEXT
8
DIM-LABELS
7
STANDARD
10
499.5378
20
-192.6791
30
0.0
40
5.5
1
75.0'
50
0.0
0
TEXT
8
DIM-LABELS
7
STANDARD
10
535.4617
20
-237.7093
30
0.0
40
5.5
1
100.0'
50
0.0
0
TEXT
8
DIM-LABELS
7
STANDARD
10
503.4457
20
-285.5970
30
0.0
40
5.5
1
75.0'
50
0.0
0
TEXT
8
DIM-LABELS
7
STANDARD
10
467.5218
20
-240.5668
30
0.0
40
5.5
1
100.0'
50
0.0
0
POLYLINE
8
LOT_LINE
66
1
70
1
0
VERTEX
8
LOT_LINE
10
536.8576
20
-187.6064
30
0.0
0
VERTEX
8
LOT_LINE
10
611.7913
20
-184.4549
30
0.0
0
VERTEX
8
LOT_LINE
10
615.9934
20
-284.3665
30
0.0
0
VERTEX
8
LOT_LINE
10
541.0597
20
-287.5181
30
0.0
0
SEQEND
0
TEXT
8
TEXT-LABELS
7
STANDARD
10
576.4255
20
-235.9865
30
0.0
40
8.0
1
5
50
0.0
0
TEXT
8
DIM-LABELS
7
STANDARD
10
574.4715
20
-189.5276
30
0.0
40
5.5
1
75.0'
50
0.0
0
TEXT
8
DIM-LABELS
7
STANDARD
10
610.3955
20
-234.5578
30
0.0
40
5.5
1
100.0'
50
0.0
0
TEXT
8
DIM-LABELS
7
STANDARD
10
578.3795
20
-282.4454
30
0.0
40
5.5
1
75.0'
50
0.0
0
TEXT
8
DIM-LABELS
7
STANDARD
10
542.4556
20
-237.4152
30
0.0
40
5.5
1
100.0'
50
0.0
0
POLYLINE
8
LOT_LINE
66
1
70
1
0
VERTEX
8
LOT_LINE
10
611.7913
20
-184.4549
30
0.0
0
VERTEX
8
LOT_LINE
10
686.7251
20
-181.3033
30
0.0
0
VERTEX
8
LOT_LINE
10
690.9272
20
-281.2150
30
0.0
0
VERTEX
8
LOT_LINE
10
615.9934
20
-284.3665
30
0.0
0
SEQEND
0
TEXT
8
TEXT-LABELS
7
STANDARD
10
651.3593
20
-232.8349
30
0.0
40
8.0
1
6
50
0.0
0
TEXT
8
DIM-LABELS
7
STANDARD
10
649.4053
20
-186.3760
30
0.0
40
5.5
1
75.0'
50
0.0
0
TEXT
8
DIM-LABELS
7
STANDARD
10
685.3292
20
-231.4062
30
0.0
40
5.5
1
100.0'
50
0.0
0
TEXT
8
DIM-LABELS
7
STANDARD
10
653.3133
20
-279.2938
30
0.0
40
5.5
1
75.0'
50
0.0
0
TEXT
8
DIM-LABELS
7
STANDARD
10
617.3893
20
-234.2636
30
0.0
40
5.5
1
100.0'
50
0.0
0
POLYLINE
8
LOT_LINE
66
1
70
1
0
VERTEX
8
LOT_LINE
10
686.7251
20
-181.3033
30
0.0
0
VERTEX
8
LOT_LINE
10
761.6589
20
-178.1517
30
0.0
0
VERTEX
8
LOT_LINE
10
765.8610
20
-278.0634
30
0.0
0
VERTEX
8
LOT_LINE
10
690.9272
20
-281.2150
30
0.0
0
SEQEND
0
TEXT
8
TEXT-LABELS
7
STANDARD
10
726.2930
20
-229.6833
30
0.0
40
8.0
1
7
50
0.0
0
TEXT
8
DIM-LABELS
7
STANDARD
10
724.3391
20
-183.2244
30
0.0
40
5.5
1
75.0'
50
0.0
0
TEXT
8
DIM-LABELS
7
STANDARD
10
760.2630
20
-228.2546
30
0.0
40
5.5
1
100.0'
50
0.0
0
TEXT
8
DIM-LABELS
7
STANDARD
10
728.2470
20
-276.1423
30
0.0
40
5.5
1
75.0'
50
0.0
0
TEXT
8
DIM-LABELS
7
STANDARD
10
692.3231
20
-231.1120
30
0.0
40
5.5
1
100.0'
50
0.0
0
POLYLINE
8
LOT_LINE
66
1
70
1
0
VERTEX
8
LOT_LINE
10
761.6589
20
-178.1517
30
0.0
0
VERTEX
8
LOT_LINE
10
836.5926
20
-175.0001
30
0.0
0
VERTEX
8
LOT_LINE
10
840.7947
20
-274.9118
30
0.0
0
VERTEX
8
LOT_LINE
10
765.8610
20
-278.0634
30
0.0
0
SEQEND
0
TEXT
8
TEXT-LABELS
7
STANDARD
10
801.2268
20
-226.5318
30
0.0
40
8.0
1
8
50
0.0
0
TEXT
8
DIM-LABELS
7
STANDARD
10
799.2728
20
-180.0728
30
0.0
40
5.5
1
75.0'
50
0.0
0
TEXT
8
DIM-LABELS
7
STANDARD
10
835.1968
20
-225.1030
30
0.0
40
5.5
1
100.0'
50
0.0
0
TEXT
8
DIM-LABELS
7
STANDARD
10
803.1808
20
-272.9907
30
0.0
40
5.5
1
75.0'
50
0.0
0
TEXT
8
DIM-LABELS
7
STANDARD
10
767.2568
20
-227.9605
30
0.0
40
5.5
1
100.0'
50
0.0
0
POLYLINE
8
LOT_LINE
66
1
70
1
0
VERTEX
8
LOT_LINE
10
836.5926
20
-175.0001
30
0.0
0
VERTEX
8
LOT_LINE
10
911.5264
20
-171.8486
30
0.0
0
VERTEX
8
LOT_LINE
10
915.7285
20
-271.7602
30
0.0
0
VERTEX
8
LOT_LINE
10
840.7947
20
-274.9118
30
0.0
0
SEQEND
0
TEXT
8
TEXT-LABELS
7
STANDARD
10
876.1605
20
-223.3802
30
0.0
40
8.0
1
9
50
0.0
0
TEXT
8
DIM-LABELS
7
STANDARD
10
874.2066
20
-176.9213
30
0.0
40
5.5
1
75.0'
50
0.0
0
TEXT
8
DIM-LABELS
7
STANDARD
10
910.1305
20
-221.9515
30
0.0
40
5.5
1
100.0'
50
0.0
0
TEXT
8
DIM-LABELS
7
STANDARD
10
878.1145
20
-269.8391
30
0.0
40
5.5
1
75.0'
50
0.0
0
TEXT
8
DIM-LABELS
7
STANDARD
10
842.1906
20
-224.8089
30
0.0
40
5.5
1
100.0'
50
0.0
0
POLYLINE
8
LOT_LINE
66
1
70
1
0
VERTEX
8
LOT_LINE
10
911.5264
20
-171.8486
30
0.0
0
VERTEX
8
LOT_LINE
10
986.4601
20
-168.6970
30
0.0
0
VERTEX
8
LOT_LINE
10
990.6622
20
-268.6087
30
0.0
0
VERTEX
8
LOT_LINE
10
915.7285
20
-271.7602
30
0.0
0
SEQEND
0
TEXT
8
TEXT-LABELS
7
STANDARD
10
951.0943
20
-220.2286
30
0.0
40
8.0
1
10
50
0.0
0
TEXT
8
DIM-LABELS
7
STANDARD
10
949.1403
20
-173.7697
30
0.0
40
5.5
1
75.0'
50
0.0
0
TEXT
8
DIM-LABELS
7
STANDARD
10
985.0643
20
-218.7999
30
0.0
40
5.5
1
100.0'
50
0.0
0
TEXT
8
DIM-LABELS
7
STANDARD
10
953.0483
20
-266.6875
30
0.0
40
5.5
1
75.0'
50
0.0
0
TEXT
8
DIM-LABELS
7
STANDARD
10
917.1243
20
-221.6573
30
0.0
40
5.5
1
100.0'
50
0.0
0
POLYLINE
8
LOT_LINE
66
1
70
1
0
VERTEX
8
LOT_LINE
10
986.4601
20
-168.6970
30
0.0
0
VERTEX
8
LOT_LINE
10
1061.3939
20
-165.5454
30
0.0
0
VERTEX
8
LOT_LINE
10
1065.5960
20
-265.4571
30
0.0
0
VERTEX
8
LOT_LINE
10
990.6622
20
-268.6087
30
0.0
0
SEQEND
0
TEXT
8
TEXT-LABELS
7
STANDARD
10
1026.0280
20
-217.0770
30
0.0
40
8.0
1
11
50
0.0
0
TEXT
8
DIM-LABELS
7
STANDARD
10
1024.0741
20
-170.6181
30
0.0
40
5.5
1
75.0'
50
0.0
0
TEXT
8
DIM-LABELS
7
STANDARD
10
1059.9980
20
-215.6483
30
0.0
40
5.5
1
100.0'
50
0.0
0
TEXT
8
DIM-LABELS
7
STANDARD
10
1027.9820
20
-263.5360
30
0.0
40
5.5
1
75.0'
50
0.0
0
TEXT
8
DIM-LABELS
7
STANDARD
10
992.0581
20
-218.5058
30
0.0
40
5.5
1
100.0'
50
0.0
0
POLYLINE
8
LOT_LINE
66
1
70
1
0
VERTEX
8
LOT_LINE
10
1061.3939
20
-165.5454
30
0.0
0
VERTEX
8
LOT_LINE
10
1136.3276
20
-162.3938
30
0.0
0
VERTEX
8
LOT_LINE
10
1140.5297
20
-262.3055
30
0.0
0
VERTEX
8
LOT_LINE
10
1065.5960
20
-265.4571
30
0.0
0
SEQEND
0
TEXT
8
TEXT-LABELS
7
STANDARD
10
1100.9618
20
-213.9255
30
0.0
40
8.0
1
12
50
0.0
0
TEXT
8
DIM-LABELS
7
STANDARD
10
1099.0078
20
-167.4665
30
0.0
40
5.5
1
75.0'
50
0.0
0
TEXT
8
DIM-LABELS
7
STANDARD
10
1134.9318
20
-212.4968
30
0.0
40
5.5
1
100.0'
50
0.0
0
TEXT
8
DIM-LABELS
7
STANDARD
10
1102.9158
20
-260.3844
30
0.0
40
5.5
1
75.0'
50
0.0
0
TEXT
8
DIM-LABELS
7
STANDARD
10
1066.9918
20
-215.3542
30
0.0
40
5.5
1
100.0'
50
0.0
0
POLYLINE
8
LOT_LINE
66
1
70
1
0
VERTEX
8
LOT_LINE
10
1136.3276
20
-162.3938
30
0.0
0
VERTEX
8
LOT_LINE
10
1211.2614
20
-159.2423
30
0.0
0
VERTEX
8
LOT_LINE
10
1215.4635
20
-259.1539
30
0.0
0
VERTEX
8
LOT_LINE
10
1140.5297
20
-262.3055
30
0.0
0
SEQEND
0
TEXT
8
TEXT-LABELS
7
STANDARD
10
1175.8956
20
-210.7739
30
0.0
40
8.0
1
13
50
0.0
0
TEXT
8
DIM-LABELS
7
STANDARD
10
1173.9416
20
-164.3150
30
0.0
40
5.5
1
75.0'
50
0.0
0
TEXT
8
DIM-LABELS
7
STANDARD
10
1209.8655
20
-209.3452
30
0.0
40
5.5
1
100.0'
50
0.0
0
TEXT
8
DIM-LABELS
7
STANDARD
10
1177.8495
20
-257.2328
30
0.0
40
5.5
1
75.0'
50
0.0
0
TEXT
8
DIM-LABELS
7
STANDARD
10
1141.9256
20
-212.2026
30
0.0
40
5.5
1
100.0'
50
0.0
0
POLYLINE
8
LOT_LINE
66
1
70
1
0
VERTEX
8
LOT_LINE
10
1211.2614
20
-159.2423
30
0.0
0
VERTEX
8
LOT_LINE
10
1286.1951
20
-156.0907
30
0.0
0
VERTEX
8
LOT_LINE
10
1290.3972
20
-256.0024
30
0.0
0
VERTEX
8
LOT_LINE
10
1215.4635
20
-259.1539
30
0.0
0
SEQEND
0
TEXT
8
TEXT-LABELS
7
STANDARD
10
1250.8293
20
-207.6223
30
0.0
40
8.0
1
14
50
0.0
0
TEXT
8
DIM-LABELS
7
STANDARD
10
1248.8753
20
-161.1634
30
0.0
40
5.5
1
75.0'
50
0.0
0
TEXT
8
DIM-LABELS
7
STANDARD
10
1284.7993
20
-206.1936
30
0.0
40
5.5
1
100.0'
50
0.0
0
TEXT
8
DIM-LABELS
7
STANDARD
10
1252.7833
20
-254.0813
30
0.0
40
5.5
1
75.0'
50
0.0
0
TEXT
8
DIM-LABELS
7
STANDARD
10
1216.8593
20
-209.0510
30
0.0
40
5.5
1
100.0'
50
0.0
0
POLYLINE
8
LOT_LINE
66
1
70
1
0
VERTEX
8
LOT_LINE
10
1286.1951
20
-156.0907
30
0.0
0
VERTEX
8
LOT_LINE
10
1361.1289
20
-152.9391
30
0.0
0
VERTEX
8
LOT_LINE
10
1365.3310
20
-252.8508
30
0.0
0
VERTEX
8
LOT_LINE
10
1290.3972
20
-256.0024
30
0.0
0
SEQEND
0
TEXT
8
TEXT-LABELS
7
STANDARD
10
1325.7631
20
-204.4708
30
0.0
40
8.0
1
15
50
0.0
0
TEXT
8
DIM-LABELS
7
STANDARD
10
1323.8091
20
-158.0118
30
0.0
40
5.5
1
75.0'
50
0.0
0
TEXT
8
DIM-LABELS
7
STANDARD
10
1359.7330
20
-203.0420
30
0.0
40
5.5
1
100.0'
50
0.0
0
TEXT
8
DIM-LABELS
7
STANDARD
10
1327.7170
20
-250.9297
30
0.0
40
5.5
1
75.0'
50
0.0
0
TEXT
8
DIM-LABELS
7
STANDARD
10
1291.7931
20
-205.8995
30
0.0
40
5.5
1
100.0'
50
0.0
0
POLYLINE
8
LOT_LINE
66
1
70
1
0
VERTEX
8
LOT_LINE
10
1361.1289
20
-152.9391
30
0.0
0
VERTEX
8
LOT_LINE
10
1436.0627
20
-149.7876
30
0.0
0
VERTEX
8
LOT_LINE
10
1440.2647
20
-249.6992
30
0.0
0
VERTEX
8
LOT_LINE
10
1365.3310
20
-252.8508
30
0.0
0
SEQEND
0
TEXT
8
TEXT-LABELS
7
STANDARD
10
1400.6968
20
-201.3192
30
0.0
40
8.0
1
16
50
0.0
0
TEXT
8
DIM-LABELS
7
STANDARD
10
1398.7428
20
-154.8603
30
0.0
40
5.5
1
75.0'
50
0.0
0
TEXT
8
DIM-LABELS
7
STANDARD
10
1434.6668
20
-199.8905
30
0.0
40
5.5
1
100.0'
50
0.0
0
TEXT
8
DIM-LABELS
7
STANDARD
10
1402.6508
20
-247.7781
30
0.0
40
5.5
1
75.0'
50
0.0
0
TEXT
8
DIM-LABELS
7
STANDARD
10
1366.7269
20
-202.7479
30
0.0
40
5.5
1
100.0'
50
0.0
0
POLYLINE
8
CURVE
66
1
70
0
0
VERTEX
8
CURVE
10
1510.9964
20
-146.6360
30
0.0
0
VERTEX
8
CURVE
10
1511.4083
20
-152.8724
30
0.0
0
VERTEX
8
CURVE
10
1511.8003
20
-159.1101
30
0.0
0
VERTEX
8
CURVE
10
1512.1724
20
-165.3490
30
0.0
0
VERTEX
8
CURVE
10
1512.5246
20
-171.5891
30
0.0
0
VERTEX
8
CURVE
10
1512.8569
20
-177.8302
30
0.0
0
VERTEX
8
CURVE
10
1513.1693
20
-184.0724
30
0.0
0
VERTEX
8
CURVE
10
1513.4618
20
-190.3156
30
0.0
0
VERTEX
8
CURVE
10
1513.7344
20
-196.5596
30
0.0
0
VERTEX
8
CURVE
10
1513.9871
20
-202.8045
30
0.0
0
VERTEX
8
CURVE
10
1514.2199
20
-209.0502
30
0.0
0
VERTEX
8
CURVE
10
1514.4327
20
-215.2965
30
0.0
0
VERTEX
8
CURVE
10
1514.6256
20
-221.5435
30
0.0
0
VERTEX
8
CURVE
10
1514.7986
20
-227.7912
30
0.0
0
VERTEX
8
CURVE
10
1514.9517
20
-234.0393
30
0.0
0
VERTEX
8
CURVE
10
1515.0848
20
-240.2879
30
0.0
0
VERTEX
8
CURVE
10
1515.1980
20
-246.5368
30
0.0
0
SEQEND
0
POLYLINE
8
LOT_LINE
66
1
70
1
0
VERTEX
8
LOT_LINE
10
1436.0627
20
-149.7876
30
0.0
0
VERTEX
8
LOT_LINE
10
1510.9964
20
-146.6360
30
0.0
0
VERTEX
8
LOT_LINE
10
1511.4083
20
-152.8724
30
0.0
0
VERTEX
8
LOT_LINE
10
1511.8003
20
-159.1101
30
0.0
0
VERTEX
8
LOT_LINE
10
1512.1724
20
-165.3490
30
0.0
0
VERTEX
8
LOT_LINE
10
1512.5246
20
-171.5891
30
0.0
0
VERTEX
8
LOT_LINE
10
1512.8569
20
-177.8302
30
0.0
0
VERTEX
8
LOT_LINE
10
1513.1693
20
-184.0724
30
0.0
0
VERTEX
8
LOT_LINE
10
1513.4618
20
-190.3156
30
0.0
0
VERTEX
8
LOT_LINE
10
1513.7344
20
-196.5596
30
0.0
0
VERTEX
8
LOT_LINE
10
1513.9871
20
-202.8045
30
0.0
0
VERTEX
8
LOT_LINE
10
1514.2199
20
-209.0502
30
0.0
0
VERTEX
8
LOT_LINE
10
1514.4327
20
-215.2965
30
0.0
0
VERTEX
8
LOT_LINE
10
1514.6256
20
-221.5435
30
0.0
0
VERTEX
8
LOT_LINE
10
1514.7986
20
-227.7912
30
0.0
0
VERTEX
8
LOT_LINE
10
1514.9517
20
-234.0393
30
0.0
0
VERTEX
8
LOT_LINE
10
1515.0848
20
-240.2879
30
0.0
0
VERTEX
8
LOT_LINE
10
1515.1985
20
-246.5477
30
0.0
0
VERTEX
8
LOT_LINE
10
1440.2647
20
-249.6992
30
0.0
0
SEQEND
0
ARC
8
CURVE
10
-444.3941
20
-278.9202
30
0.0
40
1959.8600
50
0.9464
51
3.8702
0
TEXT
8
TEXT-LABELS
7
STANDARD
10
1475.6306
20
-198.1676
30
0.0
40
8.0
1
17
50
0.0
0
TEXT
8
DIM-LABELS
7
STANDARD
10
1473.6766
20
-151.7087
30
0.0
40
5.5
1
75.0'
50
0.0
0
TEXT
8
DIM-LABELS
7
STANDARD
10
1509.6005
20
-196.7389
30
0.0
40
5.5
1
100.0'
50
0.0
0
TEXT
8
DIM-LABELS
7
STANDARD
10
1477.5846
20
-244.6265
30
0.0
40
5.5
1
75.0'
50
0.0
0
TEXT
8
DIM-LABELS
7
STANDARD
10
1441.6606
20
-199.5963
30
0.0
40
5.5
1
100.0'
50
0.0
0
POLYLINE
8
LOT_LINE
66
1
70
1
0
VERTEX
8
LOT_LINE
10
222.8410
20
-300.9018
30
0.0
0
VERTEX
8
LOT_LINE
10
316.2584
20
-296.9728
30
0.0
0
VERTEX
8
LOT_LINE
10
320.4605
20
-396.8845
30
0.0
0
VERTEX
8
LOT_LINE
10
227.0431
20
-400.8135
30
0.0
0
SEQEND
0
TEXT
8
TEXT-LABELS
7
STANDARD
10
271.6508
20
-348.8931
30
0.0
40
8.0
1
34
50
0.0
0
TEXT
8
DIM-LABELS
7
STANDARD
10
269.6968
20
-302.4342
30
0.0
40
5.5
1
93.5'
50
0.0
0
TEXT
8
DIM-LABELS
7
STANDARD
10
314.8626
20
-347.0757
30
0.0
40
5.5
1
100.0'
50
0.0
0
TEXT
8
DIM-LABELS
7
STANDARD
10
273.6047
20
-395.3521
30
0.0
40
5.5
1
93.5'
50
0.0
0
TEXT
8
DIM-LABELS
7
STANDARD
10
228.4390
20
-350.7105
30
0.0
40
5.5
1
100.0'
50
0.0
0
POLYLINE
8
LOT_LINE
66
1
70
1
0
VERTEX
8
LOT_LINE
10
316.2584
20
-296.9728
30
0.0
0
VERTEX
8
LOT_LINE
10
391.1922
20
-293.8212
30
0.0
0
VERTEX
8
LOT_LINE
10
395.3943
20
-393.7329
30
0.0
0
VERTEX
8
LOT_LINE
10
320.4605
20
-396.8845
30
0.0
0
SEQEND
0
TEXT
8
TEXT-LABELS
7
STANDARD
10
355.8264
20
-345.3529
30
0.0
40
8.0
1
33
50
0.0
0
TEXT
8
DIM-LABELS
7
STANDARD
10
353.8724
20
-298.8939
30
0.0
40
5.5
1
75.0'
50
0.0
0
TEXT
8
DIM-LABELS
7
STANDARD
10
389.7963
20
-343.9242
30
0.0
40
5.5
1
100.0'
50
0.0
0
TEXT
8
DIM-LABELS
7
STANDARD
10
357.7803
20
-391.8118
30
0.0
40
5.5
1
75.0'
50
0.0
0
TEXT
8
DIM-LABELS
7
STANDARD
10
321.8564
20
-346.7816
30
0.0
40
5.5
1
100.0'
50
0.0
0
POLYLINE
8
LOT_LINE
66
1
70
1
0
VERTEX
8
LOT_LINE
10
391.1922
20
-293.8212
30
0.0
0
VERTEX
8
LOT_LINE
10
466.1259
20
-290.6697
30
0.0
0
VERTEX
8
LOT_LINE
10
470.3280
20
-390.5813
30
0.0
0
VERTEX
8
LOT_LINE
10
395.3943
20
-393.7329
30
0.0
0
SEQEND
0
TEXT
8
TEXT-LABELS
7
STANDARD
10
430.7601
20
-342.2013
30
0.0
40
8.0
1
32
50
0.0
0
TEXT
8
DIM-LABELS
7
STANDARD
10
428.8061
20
-295.7424
30
0.0
40
5.5
1
75.0'
50
0.0
0
TEXT
8
DIM-LABELS
7
STANDARD
10
464.7301
20
-340.7726
30
0.0
40
5.5
1
100.0'
50
0.0
0
TEXT
8
DIM-LABELS
7
STANDARD
10
432.7141
20
-388.6602
30
0.0
40
5.5
1
75.0'
50
0.0
0
TEXT
8
DIM-LABELS
7
STANDARD
10
396.7901
20
-343.6300
30
0.0
40
5.5
1
100.0'
50
0.0
0
POLYLINE
8
LOT_LINE
66
1
70
1
0
VERTEX
8
LOT_LINE
10
466.1259
20
-290.6697
30
0.0
0
VERTEX
8
LOT_LINE
10
541.0597
20
-287.5181
30
0.0
0
VERTEX
8
LOT_LINE
10
545.2618
20
-387.4298
30
0.0
0
VERTEX
8
LOT_LINE
10
470.3280
20
-390.5813
30
0.0
0
SEQEND
0
TEXT
8
TEXT-LABELS
7
STANDARD
10
505.6939
20
-339.0497
30
0.0
40
8.0
1
31
50
0.0
0
TEXT
8
DIM-LABELS
7
STANDARD
10
503.7399
20
-292.5908
30
0.0
40
5.5
1
75.0'
50
0.0
0
TEXT
8
DIM-LABELS
7
STANDARD
10
539.6638
20
-337.6210
30
0.0
40
5.5
1
100.0'
50
0.0
0
TEXT
8
DIM-LABELS
7
STANDARD
10
507.6478
20
-385.5087
30
0.0
40
5.5
1
75.0'
50
0.0
0
TEXT
8
DIM-LABELS
7
STANDARD
10
471.7239
20
-340.4784
30
0.0
40
5.5
1
100.0'
50
0.0
0
POLYLINE
8
LOT_LINE
66
1
70
1
0
VERTEX
8
LOT_LINE
10
541.0597
20
-287.5181
30
0.0
0
VERTEX
8
LOT_LINE
10
615.9934
20
-284.3665
30
0.0
0
VERTEX
8
LOT_LINE
10
620.1955
20
-384.2782
30
0.0
0
VERTEX
8
LOT_LINE
10
545.2618
20
-387.4298
30
0.0
0
SEQEND
0
TEXT
8
TEXT-LABELS
7
STANDARD
10
580.6276
20
-335.8982
30
0.0
40
8.0
1
30
50
0.0
0
TEXT
8
DIM-LABELS
7
STANDARD
10
578.6736
20
-289.4392
30
0.0
40
5.5
1
75.0'
50
0.0
0
TEXT
8
DIM-LABELS
7
STANDARD
10
614.5976
20
-334.4694
30
0.0
40
5.5
1
100.0'
50
0.0
0
TEXT
8
DIM-LABELS
7
STANDARD
10
582.5816
20
-382.3571
30
0.0
40
5.5
1
75.0'
50
0.0
0
TEXT
8
DIM-LABELS
7
STANDARD
10
546.6576
20
-337.3269
30
0.0
40
5.5
1
100.0'
50
0.0
0
POLYLINE
8
LOT_LINE
66
1
70
1
0
VERTEX
8
LOT_LINE
10
615.9934
20
-284.3665
30
0.0
0
VERTEX
8
LOT_LINE
10
690.9272
20
-281.2150
30
0.0
0
VERTEX
8
LOT_LINE
10
695.1293
20
-381.1266
30
0.0
0
VERTEX
8
LOT_LINE
10
620.1955
20
-384.2782
30
0.0
0
SEQEND
0
TEXT
8
TEXT-LABELS
7
STANDARD
10
655.5614
20
-332.7466
30
0.0
40
8.0
1
29
50
0.0
0
TEXT
8
DIM-LABELS
7
STANDARD
10
653.6074
20
-286.2877
30
0.0
40
5.5
1
75.0'
50
0.0
0
TEXT
8
DIM-LABELS
7
STANDARD
10
689.5313
20
-331.3179
30
0.0
40
5.5
1
100.0'
50
0.0
0
TEXT
8
DIM-LABELS
7
STANDARD
10
657.5153
20
-379.2055
30
0.0
40
5.5
1
75.0'
50
0.0
0
TEXT
8
DIM-LABELS
7
STANDARD
10
621.5914
20
-334.1753
30
0.0
40
5.5
1
100.0'
50
0.0
0
POLYLINE
8
LOT_LINE
66
1
70
1
0
VERTEX
8
LOT_LINE
10
690.9272
20
-281.2150
30
0.0
0
VERTEX
8
LOT_LINE
10
765.8610
20
-278.0634
30
0.0
0
VERTEX
8
LOT_LINE
10
770.0631
20
-377.9751
30
0.0
0
VERTEX
8
LOT_LINE
10
695.1293
20
-381.1266
30
0.0
0
SEQEND
0
TEXT
8
TEXT-LABELS
7
STANDARD
10
730.4951
20
-329.5950
30
0.0
40
8.0
1
28
50
0.0
0
TEXT
8
DIM-LABELS
7
STANDARD
10
728.5412
20
-283.1361
30
0.0
40
5.5
1
75.0'
50
0.0
0
TEXT
8
DIM-LABELS
7
STANDARD
10
764.4651
20
-328.1663
30
0.0
40
5.5
1
100.0'
50
0.0
0
TEXT
8
DIM-LABELS
7
STANDARD
10
732.4491
20
-376.0539
30
0.0
40
5.5
1
75.0'
50
0.0
0
TEXT
8
DIM-LABELS
7
STANDARD
10
696.5252
20
-331.0237
30
0.0
40
5.5
1
100.0'
50
0.0
0
POLYLINE
8
LOT_LINE
66
1
70
1
0
VERTEX
8
LOT_LINE
10
765.8610
20
-278.0634
30
0.0
0
VERTEX
8
LOT_LINE
10
840.7947
20
-274.9118
30
0.0
0
VERTEX
8
LOT_LINE
10
844.9968
20
-374.8235
30
0.0
0
VERTEX
8
LOT_LINE
10
770.0631
20
-377.9751
30
0.0
0
SEQEND
0
TEXT
8
TEXT-LABELS
7
STANDARD
10
805.4289
20
-326.4434
30
0.0
40
8.0
1
27
50
0.0
0
TEXT
8
DIM-LABELS
7
STANDARD
10
803.4749
20
-279.9845
30
0.0
40
5.5
1
75.0'
50
0.0
0
TEXT
8
DIM-LABELS
7
STANDARD
10
839.3989
20
-325.0147
30
0.0
40
5.5
1
100.0'
50
0.0
0
TEXT
8
DIM-LABELS
7
STANDARD
10
807.3829
20
-372.9024
30
0.0
40
5.5
1
75.0'
50
0.0
0
TEXT
8
DIM-LABELS
7
STANDARD
10
771.4589
20
-327.8721
30
0.0
40
5.5
1
100.0'
50
0.0
0
POLYLINE
8
LOT_LINE
66
1
70
1
0
VERTEX
8
LOT_LINE
10
840.7947
20
-274.9118
30
0.0
0
VERTEX
8
LOT_LINE
10
915.7285
20
-271.7602
30
0.0
0
VERTEX
8
LOT_LINE
10
919.9306
20
-371.6719
30
0.0
0
VERTEX
8
LOT_LINE
10
844.9968
20
-374.8235
30
0.0
0
SEQEND
0
TEXT
8
TEXT-LABELS
7
STANDARD
10
880.3626
20
-323.2919
30
0.0
40
8.0
1
26
50
0.0
0
TEXT
8
DIM-LABELS
7
STANDARD
10
878.4087
20
-276.8329
30
0.0
40
5.5
1
75.0'
50
0.0
0
TEXT
8
DIM-LABELS
7
STANDARD
10
914.3326
20
-321.8631
30
0.0
40
5.5
1
100.0'
50
0.0
0
TEXT
8
DIM-LABELS
7
STANDARD
10
882.3166
20
-369.7508
30
0.0
40
5.5
1
75.0'
50
0.0
0
TEXT
8
DIM-LABELS
7
STANDARD
10
846.3927
20
-324.7206
30
0.0
40
5.5
1
100.0'
50
0.0
0
POLYLINE
8
LOT_LINE
66
1
70
1
0
VERTEX
8
LOT_LINE
10
915.7285
20
-271.7602
30
0.0
0
VERTEX
8
LOT_LINE
10
990.6622
20
-268.6087
30
0.0
0
VERTEX
8
LOT_LINE
10
994.8643
20
-368.5203
30
0.0
0
VERTEX
8
LOT_LINE
10
919.9306
20
-371.6719
30
0.0
0
SEQEND
0
TEXT
8
TEXT-LABELS
7
STANDARD
10
955.2964
20
-320.1403
30
0.0
40
8.0
1
25
50
0.0
0
TEXT
8
DIM-LABELS
7
STANDARD
10
953.3424
20
-273.6814
30
0.0
40
5.5
1
75.0'
50
0.0
0
TEXT
8
DIM-LABELS
7
STANDARD
10
989.2664
20
-318.7116
30
0.0
40
5.5
1
100.0'
50
0.0
0
TEXT
8
DIM-LABELS
7
STANDARD
10
957.2504
20
-366.5992
30
0.0
40
5.5
1
75.0'
50
0.0
0
TEXT
8
DIM-LABELS
7
STANDARD
10
921.3264
20
-321.5690
30
0.0
40
5.5
1
100.0'
50
0.0
0
POLYLINE
8
LOT_LINE
66
1
70
1
0
VERTEX
8
LOT_LINE
10
990.6622
20
-268.6087
30
0.0
0
VERTEX
8
LOT_LINE
10
1065.5960
20
-265.4571
30
0.0
0
VERTEX
8
LOT_LINE
10
1069.7981
20
-365.3688
30
0.0
0
VERTEX
8
LOT_LINE
10
994.8643
20
-368.5203
30
0.0
0
SEQEND
0
TEXT
8
TEXT-LABELS
7
STANDARD
10
1030.2301
20
-316.9887
30
0.0
40
8.0
1
24
50
0.0
0
TEXT
8
DIM-LABELS
7
STANDARD
10
1028.2762
20
-270.5298
30
0.0
40
5.5
1
75.0'
50
0.0
0
TEXT
8
DIM-LABELS
7
STANDARD
10
1064.2001
20
-315.5600
30
0.0
40
5.5
1
100.0'
50
0.0
0
TEXT
8
DIM-LABELS
7
STANDARD
10
1032.1841
20
-363.4476
30
0.0
40
5.5
1
75.0'
50
0.0
0
TEXT
8
DIM-LABELS
7
STANDARD
10
996.2602
20
-318.4174
30
0.0
40
5.5
1
100.0'
50
0.0
0
POLYLINE
8
LOT_LINE
66
1
70
1
0
VERTEX
8
LOT_LINE
10
1065.5960
20
-265.4571
30
0.0
0
VERTEX
8
LOT_LINE
10
1140.5297
20
-262.3055
30
0.0
0
VERTEX
8
LOT_LINE
10
1144.7318
20
-362.2172
30
0.0
0
VERTEX
8
LOT_LINE
10
1069.7981
20
-365.3688
30
0.0
0
SEQEND
0
TEXT
8
TEXT-LABELS
7
STANDARD
10
1105.1639
20
-313.8371
30
0.0
40
8.0
1
23
50
0.0
0
TEXT
8
DIM-LABELS
7
STANDARD
10
1103.2099
20
-267.3782
30
0.0
40
5.5
1
75.0'
50
0.0
0
TEXT
8
DIM-LABELS
7
STANDARD
10
1139.1339
20
-312.4084
30
0.0
40
5.5
1
100.0'
50
0.0
0
TEXT
8
DIM-LABELS
7
STANDARD
10
1107.1179
20
-360.2961
30
0.0
40
5.5
1
75.0'
50
0.0
0
TEXT
8
DIM-LABELS
7
STANDARD
10
1071.1939
20
-315.2659
30
0.0
40
5.5
1
100.0'
50
0.0
0
POLYLINE
8
LOT_LINE
66
1
70
1
0
VERTEX
8
LOT_LINE
10
1140.5297
20
-262.3055
30
0.0
0
VERTEX
8
LOT_LINE
10
1215.4635
20
-259.1539
30
0.0
0
VERTEX
8
LOT_LINE
10
1219.6656
20
-359.0656
30
0.0
0
VERTEX
8
LOT_LINE
10
1144.7318
20
-362.2172
30
0.0
0
SEQEND
0
TEXT
8
TEXT-LABELS
7
STANDARD
10
1180.0977
20
-310.6856
30
0.0
40
8.0
1
22
50
0.0
0
TEXT
8
DIM-LABELS
7
STANDARD
10
1178.1437
20
-264.2266
30
0.0
40
5.5
1
75.0'
50
0.0
0
TEXT
8
DIM-LABELS
7
STANDARD
10
1214.0676
20
-309.2569
30
0.0
40
5.5
1
100.0'
50
0.0
0
TEXT
8
DIM-LABELS
7
STANDARD
10
1182.0516
20
-357.1445
30
0.0
40
5.5
1
75.0'
50
0.0
0
TEXT
8
DIM-LABELS
7
STANDARD
10
1146.1277
20
-312.1143
30
0.0
40
5.5
1
100.0'
50
0.0
0
POLYLINE
8
LOT_LINE
66
1
70
1
0
VERTEX
8
LOT_LINE
10
1215.4635
20
-259.1539
30
0.0
0
VERTEX
8
LOT_LINE
10
1290.3972
20
-256.0024
30
0.0
0
VERTEX
8
LOT_LINE
10
1294.5993
20
-355.9140
30
0.0
0
VERTEX
8
LOT_LINE
10
1219.6656
20
-359.0656
30
0.0
0
SEQEND
0
TEXT
8
TEXT-LABELS
7
STANDARD
10
1255.0314
20
-307.5340
30
0.0
40
8.0
1
21
50
0.0
0
TEXT
8
DIM-LABELS
7
STANDARD
10
1253.0774
20
-261.0751
30
0.0
40
5.5
1
75.0'
50
0.0
0
TEXT
8
DIM-LABELS
7
STANDARD
10
1289.0014
20
-306.1053
30
0.0
40
5.5
1
100.0'
50
0.0
0
TEXT
8
DIM-LABELS
7
STANDARD
10
1256.9854
20
-353.9929
30
0.0
40
5.5
1
75.0'
50
0.0
0
TEXT
8
DIM-LABELS
7
STANDARD
10
1221.0614
20
-308.9627
30
0.0
40
5.5
1
100.0'
50
0.0
0
POLYLINE
8
LOT_LINE
66
1
70
1
0
VERTEX
8
LOT_LINE
10
1290.3972
20
-256.0024
30
0.0
0
VERTEX
8
LOT_LINE
10
1365.3310
20
-252.8508
30
0.0
0
VERTEX
8
LOT_LINE
10
1369.5331
20
-352.7625
30
0.0
0
VERTEX
8
LOT_LINE
10
1294.5993
20
-355.9140
30
0.0
0
SEQEND
0
TEXT
8
TEXT-LABELS
7
STANDARD
10
1329.9652
20
-304.3824
30
0.0
40
8.0
1
20
50
0.0
0
TEXT
8
DIM-LABELS
7
STANDARD
10
1328.0112
20
-257.9235
30
0.0
40
5.5
1
75.0'
50
0.0
0
TEXT
8
DIM-LABELS
7
STANDARD
10
1363.9351
20
-302.9537
30
0.0
40
5.5
1
100.0'
50
0.0
0
TEXT
8
DIM-LABELS
7
STANDARD
10
1331.9191
20
-350.8414
30
0.0
40
5.5
1
75.0'
50
0.0
0
TEXT
8
DIM-LABELS
7
STANDARD
10
1295.9952
20
-305.8111
30
0.0
40
5.5
1
100.0'
50
0.0
0
POLYLINE
8
LOT_LINE
66
1
70
1
0
VERTEX
8
LOT_LINE
10
1365.3310
20
-252.8508
30
0.0
0
VERTEX
8
LOT_LINE
10
1440.2647
20
-249.6992
30
0.0
0
VERTEX
8
LOT_LINE
10
1444.4668
20
-349.6109
30
0.0
0
VERTEX
8
LOT_LINE
10
1369.5331
20
-352.7625
30
0.0
0
SEQEND
0
TEXT
8
TEXT-LABELS
7
STANDARD
10
1404.8989
20
-301.2309
30
0.0
40
8.0
1
19
50
0.0
0
TEXT
8
DIM-LABELS
7
STANDARD
10
1402.9449
20
-254.7719
30
0.0
40
5.5
1
75.0'
50
0.0
0
TEXT
8
DIM-LABELS
7
STANDARD
10
1438.8689
20
-299.8021
30
0.0
40
5.5
1
100.0'
50
0.0
0
TEXT
8
DIM-LABELS
7
STANDARD
10
1406.8529
20
-347.6898
30
0.0
40
5.5
1
75.0'
50
0.0
0
TEXT
8
DIM-LABELS
7
STANDARD
10
1370.9290
20
-302.6596
30
0.0
40
5.5
1
100.0'
50
0.0
0
POLYLINE
8
CURVE
66
1
70
0
0
VERTEX
8
CURVE
10
1515.1985
20
-246.5477
30
0.0
0
VERTEX
8
CURVE
10
1515.6104
20
-252.7841
30
0.0
0
VERTEX
8
CURVE
10
1516.0024
20
-259.0218
30
0.0
0
VERTEX
8
CURVE
10
1516.3745
20
-265.2607
30
0.0
0
VERTEX
8
CURVE
10
1516.7267
20
-271.5007
30
0.0
0
VERTEX
8
CURVE
10
1517.0590
20
-277.7419
30
0.0
0
VERTEX
8
CURVE
10
1517.3714
20
-283.9841
30
0.0
0
VERTEX
8
CURVE
10
1517.6639
20
-290.2272
30
0.0
0
VERTEX
8
CURVE
10
1517.9365
20
-296.4713
30
0.0
0
VERTEX
8
CURVE
10
1518.1892
20
-302.7162
30
0.0
0
VERTEX
8
CURVE
10
1518.4220
20
-308.9618
30
0.0
0
VERTEX
8
CURVE
10
1518.6348
20
-315.2082
30
0.0
0
VERTEX
8
CURVE
10
1518.8277
20
-321.4552
30
0.0
0
VERTEX
8
CURVE
10
1519.0007
20
-327.7028
30
0.0
0
VERTEX
8
CURVE
10
1519.1538
20
-333.9509
30
0.0
0
VERTEX
8
CURVE
10
1519.2869
20
-340.1995
30
0.0
0
VERTEX
8
CURVE
10
1519.4001
20
-346.4485
30
0.0
0
SEQEND
0
POLYLINE
8
LOT_LINE
66
1
70
1
0
VERTEX
8
LOT_LINE
10
1440.2647
20
-249.6992
30
0.0
0
VERTEX
8
LOT_LINE
10
1515.1985
20
-246.5477
30
0.0
0
VERTEX
8
LOT_LINE
10
1515.6104
20
-252.7841
30
0.0
0
VERTEX
8
LOT_LINE
10
1516.0024
20
-259.0218
30
0.0
0
VERTEX
8
LOT_LINE
10
1516.3745
20
-265.2607
30
0.0
0
VERTEX
8
LOT_LINE
10
1516.7267
20
-271.5007
30
0.0
0
VERTEX
8
LOT_LINE
10
1517.0590
20
-277.7419
30
0.0
0
VERTEX
8
LOT_LINE
10
1517.3714
20
-283.9841
30
0.0
0
VERTEX
8
LOT_LINE
10
1517.6639
20
-290.2272
30
0.0
0
VERTEX
8
LOT_LINE
10
1517.9365
20
-296.4713
30
0.0
0
VERTEX
8
LOT_LINE
10
1518.1892
20
-302.7162
30
0.0
0
VERTEX
8
LOT_LINE
10
1518.4220
20
-308.9618
30
0.0
0
VERTEX
8
LOT_LINE
10
1518.6348
20
-315.2082
30
0.0
0
VERTEX
8
LOT_LINE
10
1518.8277
20
-321.4552
30
0.0
0
VERTEX
8
LOT_LINE
10
1519.0007
20
-327.7028
30
0.0
0
VERTEX
8
LOT_LINE
10
1519.1538
20
-333.9509
30
0.0
0
VERTEX
8
LOT_LINE
10
1519.2869
20
-340.1995
30
0.0
0
VERTEX
8
LOT_LINE
10
1519.4006
20
-346.4593
30
0.0
0
VERTEX
8
LOT_LINE
10
1444.4668
20
-349.6109
30
0.0
0
SEQEND
0
ARC
8
CURVE
10
-440.1920
20
-378.8319
30
0.0
40
1959.8600
50
0.9464
51
3.8702
0
TEXT
8
TEXT-LABELS
7
STANDARD
10
1479.8327
20
-298.0793
30
0.0
40
8.0
1
18
50
0.0
0
TEXT
8
DIM-LABELS
7
STANDARD
10
1477.8787
20
-251.6204
30
0.0
40
5.5
1
75.0'
50
0.0
0
TEXT
8
DIM-LABELS
7
STANDARD
10
1513.8026
20
-296.6506
30
0.0
40
5.5
1
100.0'
50
0.0
0
TEXT
8
DIM-LABELS
7
STANDARD
10
1481.7866
20
-344.5382
30
0.0
40
5.5
1
75.0'
50
0.0
0
TEXT
8
DIM-LABELS
7
STANDARD
10
1445.8627
20
-299.5080
30
0.0
40
5.5
1
100.0'
50
0.0
0
POLYLINE
8
LOT_LINE
66
1
70
1
0
VERTEX
8
LOT_LINE
10
229.5644
20
-460.7605
30
0.0
0
VERTEX
8
LOT_LINE
10
322.9818
20
-456.8315
30
0.0
0
VERTEX
8
LOT_LINE
10
327.1839
20
-556.7432
30
0.0
0
VERTEX
8
LOT_LINE
10
233.7665
20
-560.6721
30
0.0
0
SEQEND
0
TEXT
8
TEXT-LABELS
7
STANDARD
10
278.3741
20
-508.7518
30
0.0
40
8.0
1
1
50
0.0
0
TEXT
8
DIM-LABELS
7
STANDARD
10
276.4201
20
-462.2929
30
0.0
40
5.5
1
93.5'
50
0.0
0
TEXT
8
DIM-LABELS
7
STANDARD
10
321.5859
20
-506.9344
30
0.0
40
5.5
1
100.0'
50
0.0
0
TEXT
8
DIM-LABELS
7
STANDARD
10
280.3281
20
-555.2107
30
0.0
40
5.5
1
93.5'
50
0.0
0
TEXT
8
DIM-LABELS
7
STANDARD
10
235.1623
20
-510.5692
30
0.0
40
5.5
1
100.0'
50
0.0
0
POLYLINE
8
LOT_LINE
66
1
70
1
0
VERTEX
8
LOT_LINE
10
322.9818
20
-456.8315
30
0.0
0
VERTEX
8
LOT_LINE
10
397.9155
20
-453.6799
30
0.0
0
VERTEX
8
LOT_LINE
10
402.1176
20
-553.5916
30
0.0
0
VERTEX
8
LOT_LINE
10
327.1839
20
-556.7432
30
0.0
0
SEQEND
0
TEXT
8
TEXT-LABELS
7
STANDARD
10
362.5497
20
-505.2115
30
0.0
40
8.0
1
2
50
0.0
0
TEXT
8
DIM-LABELS
7
STANDARD
10
360.5957
20
-458.7526
30
0.0
40
5.5
1
75.0'
50
0.0
0
TEXT
8
DIM-LABELS
7
STANDARD
10
396.5197
20
-503.7828
30
0.0
40
5.5
1
100.0'
50
0.0
0
TEXT
8
DIM-LABELS
7
STANDARD
10
364.5037
20
-551.6705
30
0.0
40
5.5
1
75.0'
50
0.0
0
TEXT
8
DIM-LABELS
7
STANDARD
10
328.5797
20
-506.6403
30
0.0
40
5.5
1
100.0'
50
0.0
0
POLYLINE
8
LOT_LINE
66
1
70
1
0
VERTEX
8
LOT_LINE
10
397.9155
20
-453.6799
30
0.0
0
VERTEX
8
LOT_LINE
10
472.8493
20
-450.5284
30
0.0
0
VERTEX
8
LOT_LINE
10
477.0514
20
-550.4400
30
0.0
0
VERTEX
8
LOT_LINE
10
402.1176
20
-553.5916
30
0.0
0
SEQEND
0
TEXT
8
TEXT-LABELS
7
STANDARD
10
437.4835
20
-502.0600
30
0.0
40
8.0
1
3
50
0.0
0
TEXT
8
DIM-LABELS
7
STANDARD
10
435.5295
20
-455.6010
30
0.0
40
5.5
1
75.0'
50
0.0
0
TEXT
8
DIM-LABELS
7
STANDARD
10
471.4534
20
-500.6313
30
0.0
40
5.5
1
100.0'
50
0.0
0
TEXT
8
DIM-LABELS
7
STANDARD
10
439.4374
20
-548.5189
30
0.0
40
5.5
1
75.0'
50
0.0
0
TEXT
8
DIM-LABELS
7
STANDARD
10
403.5135
20
-503.4887
30
0.0
40
5.5
1
100.0'
50
0.0
0
POLYLINE
8
LOT_LINE
66
1
70
1
0
VERTEX
8
LOT_LINE
10
472.8493
20
-450.5284
30
0.0
0
VERTEX
8
LOT_LINE
10
547.7830
20
-447.3768
30
0.0
0
VERTEX
8
LOT_LINE
10
551.9851
20
-547.2885
30
0.0
0
VERTEX
8
LOT_LINE
10
477.0514
20
-550.4400
30
0.0
0
SEQEND
0
TEXT
8
TEXT-LABELS
7
STANDARD
10
512.4172
20
-498.9084
30
0.0
40
8.0
1
4
50
0.0
0
TEXT
8
DIM-LABELS
7
STANDARD
10
510.4632
20
-452.4495
30
0.0
40
5.5
1
75.0'
50
0.0
0
TEXT
8
DIM-LABELS
7
STANDARD
10
546.3872
20
-497.4797
30
0.0
40
5.5
1
100.0'
50
0.0
0
TEXT
8
DIM-LABELS
7
STANDARD
10
514.3712
20
-545.3673
30
0.0
40
5.5
1
75.0'
50
0.0
0
TEXT
8
DIM-LABELS
7
STANDARD
10
478.4472
20
-500.3371
30
0.0
40
5.5
1
100.0'
50
0.0
0
POLYLINE
8
LOT_LINE
66
1
70
1
0
VERTEX
8
LOT_LINE
10
547.7830
20
-447.3768
30
0.0
0
VERTEX
8
LOT_LINE
10
622.7168
20
-444.2252
30
0.0
0
VERTEX
8
LOT_LINE
10
626.9189
20
-544.1369
30
0.0
0
VERTEX
8
LOT_LINE
10
551.9851
20
-547.2885
30
0.0
0
SEQEND
0
TEXT
8
TEXT-LABELS
7
STANDARD
10
587.3510
20
-495.7568
30
0.0
40
8.0
1
5
50
0.0
0
TEXT
8
DIM-LABELS
7
STANDARD
10
585.3970
20
-449.2979
30
0.0
40
5.5
1
75.0'
50
0.0
0
TEXT
8
DIM-LABELS
7
STANDARD
10
621.3209
20
-494.3281
30
0.0
40
5.5
1
100.0'
50
0.0
0
TEXT
8
DIM-LABELS
7
STANDARD
10
589.3049
20
-542.2158
30
0.0
40
5.5
1
75.0'
50
0.0
0
TEXT
8
DIM-LABELS
7
STANDARD
10
553.3810
20
-497.1855
30
0.0
40
5.5
1
100.0'
50
0.0
0
POLYLINE
8
LOT_LINE
66
1
70
1
0
VERTEX
8
LOT_LINE
10
622.7168
20
-444.2252
30
0.0
0
VERTEX
8
LOT_LINE
10
697.6506
20
-441.0736
30
0.0
0
VERTEX
8
LOT_LINE
10
701.8527
20
-540.9853
30
0.0
0
VERTEX
8
LOT_LINE
10
626.9189
20
-544.1369
30
0.0
0
SEQEND
0
TEXT
8
TEXT-LABELS
7
STANDARD
10
662.2847
20
-492.6053
30
0.0
40
8.0
1
6
50
0.0
0
TEXT
8
DIM-LABELS
7
STANDARD
10
660.3308
20
-446.1463
30
0.0
40
5.5
1
75.0'
50
0.0
0
TEXT
8
DIM-LABELS
7
STANDARD
10
696.2547
20
-491.1765
30
0.0
40
5.5
1
100.0'
50
0.0
0
TEXT
8
DIM-LABELS
7
STANDARD
10
664.2387
20
-539.0642
30
0.0
40
5.5
1
75.0'
50
0.0
0
TEXT
8
DIM-LABELS
7
STANDARD
10
628.3148
20
-494.0340
30
0.0
40
5.5
1
100.0'
50
0.0
0
POLYLINE
8
LOT_LINE
66
1
70
1
0
VERTEX
8
LOT_LINE
10
697.6506
20
-441.0736
30
0.0
0
VERTEX
8
LOT_LINE
10
772.5843
20
-437.9221
30
0.0
0
VERTEX
8
LOT_LINE
10
776.7864
20
-537.8337
30
0.0
0
VERTEX
8
LOT_LINE
10
701.8527
20
-540.9853
30
0.0
0
SEQEND
0
TEXT
8
TEXT-LABELS
7
STANDARD
10
737.2185
20
-489.4537
30
0.0
40
8.0
1
7
50
0.0
0
TEXT
8
DIM-LABELS
7
STANDARD
10
735.2645
20
-442.9948
30
0.0
40
5.5
1
75.0'
50
0.0
0
TEXT
8
DIM-LABELS
7
STANDARD
10
771.1885
20
-488.0250
30
0.0
40
5.5
1
100.0'
50
0.0
0
TEXT
8
DIM-LABELS
7
STANDARD
10
739.1725
20
-535.9126
30
0.0
40
5.5
1
75.0'
50
0.0
0
TEXT
8
DIM-LABELS
7
STANDARD
10
703.2485
20
-490.8824
30
0.0
40
5.5
1
100.0'
50
0.0
0
POLYLINE
8
LOT_LINE
66
1
70
1
0
VERTEX
8
LOT_LINE
10
772.5843
20
-437.9221
30
0.0
0
VERTEX
8
LOT_LINE
10
847.5181
20
-434.7705
30
0.0
0
VERTEX
8
LOT_LINE
10
851.7202
20
-534.6822
30
0.0
0
VERTEX
8
LOT_LINE
10
776.7864
20
-537.8337
30
0.0
0
SEQEND
0
TEXT
8
TEXT-LABELS
7
STANDARD
10
812.1522
20
-486.3021
30
0.0
40
8.0
1
8
50
0.0
0
TEXT
8
DIM-LABELS
7
STANDARD
10
810.1983
20
-439.8432
30
0.0
40
5.5
1
75.0'
50
0.0
0
TEXT
8
DIM-LABELS
7
STANDARD
10
846.1222
20
-484.8734
30
0.0
40
5.5
1
100.0'
50
0.0
0
TEXT
8
DIM-LABELS
7
STANDARD
10
814.1062
20
-532.7610
30
0.0
40
5.5
1
75.0'
50
0.0
0
TEXT
8
DIM-LABELS
7
STANDARD
10
778.1823
20
-487.7308
30
0.0
40
5.5
1
100.0'
50
0.0
0
POLYLINE
8
LOT_LINE
66
1
70
1
0
VERTEX
8
LOT_LINE
10
847.5181
20
-434.7705
30
0.0
0
VERTEX
8
LOT_LINE
10
922.4518
20
-431.6189
30
0.0
0
VERTEX
8
LOT_LINE
10
926.6539
20
-531.5306
30
0.0
0
VERTEX
8
LOT_LINE
10
851.7202
20
-534.6822
30
0.0
0
SEQEND
0
TEXT
8
TEXT-LABELS
7
STANDARD
10
887.0860
20
-483.1505
30
0.0
40
8.0
1
9
50
0.0
0
TEXT
8
DIM-LABELS
7
STANDARD
10
885.1320
20
-436.6916
30
0.0
40
5.5
1
75.0'
50
0.0
0
TEXT
8
DIM-LABELS
7
STANDARD
10
921.0560
20
-481.7218
30
0.0
40
5.5
1
100.0'
50
0.0
0
TEXT
8
DIM-LABELS
7
STANDARD
10
889.0400
20
-529.6095
30
0.0
40
5.5
1
75.0'
50
0.0
0
TEXT
8
DIM-LABELS
7
STANDARD
10
853.1160
20
-484.5793
30
0.0
40
5.5
1
100.0'
50
0.0
0
POLYLINE
8
LOT_LINE
66
1
70
1
0
VERTEX
8
LOT_LINE
10
922.4518
20
-431.6189
30
0.0
0
VERTEX
8
LOT_LINE
10
997.3856
20
-428.4673
30
0.0
0
VERTEX
8
LOT_LINE
10
1001.5877
20
-528.3790
30
0.0
0
VERTEX
8
LOT_LINE
10
926.6539
20
-531.5306
30
0.0
0
SEQEND
0
TEXT
8
TEXT-LABELS
7
STANDARD
10
962.0197
20
-479.9990
30
0.0
40
8.0
1
10
50
0.0
0
TEXT
8
DIM-LABELS
7
STANDARD
10
960.0658
20
-433.5400
30
0.0
40
5.5
1
75.0'
50
0.0
0
TEXT
8
DIM-LABELS
7
STANDARD
10
995.9897
20
-478.5703
30
0.0
40
5.5
1
100.0'
50
0.0
0
TEXT
8
DIM-LABELS
7
STANDARD
10
963.9737
20
-526.4579
30
0.0
40
5.5
1
75.0'
50
0.0
0
TEXT
8
DIM-LABELS
7
STANDARD
10
928.0498
20
-481.4277
30
0.0
40
5.5
1
100.0'
50
0.0
0
POLYLINE
8
LOT_LINE
66
1
70
1
0
VERTEX
8
LOT_LINE
10
997.3856
20
-428.4673
30
0.0
0
VERTEX
8
LOT_LINE
10
1072.3193
20
-425.3158
30
0.0
0
VERTEX
8
LOT_LINE
10
1076.5214
20
-525.2274
30
0.0
0
VERTEX
8
LOT_LINE
10
1001.5877
20
-528.3790
30
0.0
0
SEQEND
0
TEXT
8
TEXT-LABELS
7
STANDARD
10
1036.9535
20
-476.8474
30
0.0
40
8.0
1
11
50
0.0
0
TEXT
8
DIM-LABELS
7
STANDARD
10
1034.9995
20
-430.3885
30
0.0
40
5.5
1
75.0'
50
0.0
0
TEXT
8
DIM-LABELS
7
STANDARD
10
1070.9235
20
-475.4187
30
0.0
40
5.5
1
100.0'
50
0.0
0
TEXT
8
DIM-LABELS
7
STANDARD
10
1038.9075
20
-523.3063
30
0.0
40
5.5
1
75.0'
50
0.0
0
TEXT
8
DIM-LABELS
7
STANDARD
10
1002.9835
20
-478.2761
30
0.0
40
5.5
1
100.0'
50
0.0
0
POLYLINE
8
LOT_LINE
66
1
70
1
0
VERTEX
8
LOT_LINE
10
1072.3193
20
-425.3158
30
0.0
0
VERTEX
8
LOT_LINE
10
1147.2531
20
-422.1642
30
0.0
0
VERTEX
8
LOT_LINE
10
1151.4552
20
-522.0759
30
0.0
0
VERTEX
8
LOT_LINE
10
1076.5214
20
-525.2274
30
0.0
0
SEQEND
0
TEXT
8
TEXT-LABELS
7
STANDARD
10
1111.8873
20
-473.6958
30
0.0
40
8.0
1
12
50
0.0
0
TEXT
8
DIM-LABELS
7
STANDARD
10
1109.9333
20
-427.2369
30
0.0
40
5.5
1
75.0'
50
0.0
0
TEXT
8
DIM-LABELS
7
STANDARD
10
1145.8572
20
-472.2671
30
0.0
40
5.5
1
100.0'
50
0.0
0
TEXT
8
DIM-LABELS
7
STANDARD
10
1113.8412
20
-520.1547
30
0.0
40
5.5
1
75.0'
50
0.0
0
TEXT
8
DIM-LABELS
7
STANDARD
10
1077.9173
20
-475.1245
30
0.0
40
5.5
1
100.0'
50
0.0
0
POLYLINE
8
LOT_LINE
66
1
70
1
0
VERTEX
8
LOT_LINE
10
1147.2531
20
-422.1642
30
0.0
0
VERTEX
8
LOT_LINE
10
1222.1868
20
-419.0126
30
0.0
0
VERTEX
8
LOT_LINE
10
1226.3889
20
-518.9243
30
0.0
0
VERTEX
8
LOT_LINE
10
1151.4552
20
-522.0759
30
0.0
0
SEQEND
0
TEXT
8
TEXT-LABELS
7
STANDARD
10
1186.8210
20
-470.5442
30
0.0
40
8.0
1
13
50
0.0
0
TEXT
8
DIM-LABELS
7
STANDARD
10
1184.8670
20
-424.0853
30
0.0
40
5.5
1
75.0'
50
0.0
0
TEXT
8
DIM-LABELS
7
STANDARD
10
1220.7910
20
-469.1155
30
0.0
40
5.5
1
100.0'
50
0.0
0
TEXT
8
DIM-LABELS
7
STANDARD
10
1188.7750
20
-517.0032
30
0.0
40
5.5
1
75.0'
50
0.0
0
TEXT
8
DIM-LABELS
7
STANDARD
10
1152.8510
20
-471.9730
30
0.0
40
5.5
1
100.0'
50
0.0
0
POLYLINE
8
LOT_LINE
66
1
70
1
0
VERTEX
8
LOT_LINE
10
1222.1868
20
-419.0126
30
0.0
0
VERTEX
8
LOT_LINE
10
1297.1206
20
-415.8611
30
0.0
0
VERTEX
8
LOT_LINE
10
1301.3227
20
-515.7727
30
0.0
0
VERTEX
8
LOT_LINE
10
1226.3889
20
-518.9243
30
0.0
0
SEQEND
0
TEXT
8
TEXT-LABELS
7
STANDARD
10
1261.7548
20
-467.3927
30
0.0
40
8.0
1
14
50
0.0
0
TEXT
8
DIM-LABELS
7
STANDARD
10
1259.8008
20
-420.9337
30
0.0
40
5.5
1
75.0'
50
0.0
0
TEXT
8
DIM-LABELS
7
STANDARD
10
1295.7247
20
-465.9640
30
0.0
40
5.5
1
100.0'
50
0.0
0
TEXT
8
DIM-LABELS
7
STANDARD
10
1263.7087
20
-513.8516
30
0.0
40
5.5
1
75.0'
50
0.0
0
TEXT
8
DIM-LABELS
7
STANDARD
10
1227.7848
20
-468.8214
30
0.0
40
5.5
1
100.0'
50
0.0
0
POLYLINE
8
LOT_LINE
66
1
70
1
0
VERTEX
8
LOT_LINE
10
1297.1206
20
-415.8611
30
0.0
0
VERTEX
8
LOT_LINE
10
1372.0543
20
-412.7095
30
0.0
0
VERTEX
8
LOT_LINE
10
1376.2564
20
-512.6212
30
0.0
0
VERTEX
8
LOT_LINE
10
1301.3227
20
-515.7727
30
0.0
0
SEQEND
0
TEXT
8
TEXT-LABELS
7
STANDARD
10
1336.6885
20
-464.2411
30
0.0
40
8.0
1
15
50
0.0
0
TEXT
8
DIM-LABELS
7
STANDARD
10
1334.7345
20
-417.7822
30
0.0
40
5.5
1
75.0'
50
0.0
0
TEXT
8
DIM-LABELS
7
STANDARD
10
1370.6585
20
-462.8124
30
0.0
40
5.5
1
100.0'
50
0.0
0
TEXT
8
DIM-LABELS
7
STANDARD
10
1338.6425
20
-510.7000
30
0.0
40
5.5
1
75.0'
50
0.0
0
TEXT
8
DIM-LABELS
7
STANDARD
10
1302.7186
20
-465.6698
30
0.0
40
5.5
1
100.0'
50
0.0
0
POLYLINE
8
LOT_LINE
66
1
70
1
0
VERTEX
8
LOT_LINE
10
1372.0543
20
-412.7095
30
0.0
0
VERTEX
8
LOT_LINE
10
1446.9881
20
-409.5579
30
0.0
0
VERTEX
8
LOT_LINE
10
1451.1902
20
-509.4696
30
0.0
0
VERTEX
8
LOT_LINE
10
1376.2564
20
-512.6212
30
0.0
0
SEQEND
0
TEXT
8
TEXT-LABELS
7
STANDARD
10
1411.6223
20
-461.0895
30
0.0
40
8.0
1
16
50
0.0
0
TEXT
8
DIM-LABELS
7
STANDARD
10
1409.6683
20
-414.6306
30
0.0
40
5.5
1
75.0'
50
0.0
0
TEXT
8
DIM-LABELS
7
STANDARD
10
1445.5922
20
-459.6608
30
0.0
40
5.5
1
100.0'
50
0.0
0
TEXT
8
DIM-LABELS
7
STANDARD
10
1413.5762
20
-507.5485
30
0.0
40
5.5
1
75.0'
50
0.0
0
TEXT
8
DIM-LABELS
7
STANDARD
10
1377.6523
20
-462.5182
30
0.0
40
5.5
1
100.0'
50
0.0
0
POLYLINE
8
CURVE
66
1
70
0
0
VERTEX
8
CURVE
10
1521.9219
20
-406.4063
30
0.0
0
VERTEX
8
CURVE
10
1522.3338
20
-412.6427
30
0.0
0
VERTEX
8
CURVE
10
1522.7258
20
-418.8804
30
0.0
0
VERTEX
8
CURVE
10
1523.0979
20
-425.1193
30
0.0
0
VERTEX
8
CURVE
10
1523.4501
20
-431.3594
30
0.0
0
VERTEX
8
CURVE
10
1523.7824
20
-437.6006
30
0.0
0
VERTEX
8
CURVE
10
1524.0948
20
-443.8428
30
0.0
0
VERTEX
8
CURVE
10
1524.3873
20
-450.0859
30
0.0
0
VERTEX
8
CURVE
10
1524.6599
20
-456.3300
30
0.0
0
VERTEX
8
CURVE
10
1524.9126
20
-462.5748
30
0.0
0
VERTEX
8
CURVE
10
1525.1453
20
-468.8205
30
0.0
0
VERTEX
8
CURVE
10
1525.3582
20
-475.0669
30
0.0
0
VERTEX
8
CURVE
10
1525.5511
20
-481.3139
30
0.0
0
VERTEX
8
CURVE
10
1525.7241
20
-487.5615
30
0.0
0
VERTEX
8
CURVE
10
1525.8771
20
-493.8096
30
0.0
0
VERTEX
8
CURVE
10
1526.0103
20
-500.0582
30
0.0
0
VERTEX
8
CURVE
10
1526.1235
20
-506.3072
30
0.0
0
SEQEND
0
POLYLINE
8
LOT_LINE
66
1
70
1
0
VERTEX
8
LOT_LINE
10
1446.9881
20
-409.5579
30
0.0
0
VERTEX
8
LOT_LINE
10
1521.9219
20
-406.4063
30
0.0
0
VERTEX
8
LOT_LINE
10
1522.3338
20
-412.6427
30
0.0
0
VERTEX
8
LOT_LINE
10
1522.7258
20
-418.8804
30
0.0
0
VERTEX
8
LOT_LINE
10
1523.0979
20
-425.1193
30
0.0
0
VERTEX
8
LOT_LINE
10
1523.4501
20
-431.3594
30
0.0
0
VERTEX
8
LOT_LINE
10
1523.7824
20
-437.6006
30
0.0
0
VERTEX
8
LOT_LINE
10
1524.0948
20
-443.8428
30
0.0
0
VERTEX
8
LOT_LINE
10
1524.3873
20
-450.0859
30
0.0
0
VERTEX
8
LOT_LINE
10
1524.6599
20
-456.3300
30
0.0
0
VERTEX
8
LOT_LINE
10
1524.9126
20
-462.5748
30
0.0
0
VERTEX
8
LOT_LINE
10
1525.1453
20
-468.8205
30
0.0
0
VERTEX
8
LOT_LINE
10
1525.3582
20
-475.0669
30
0.0
0
VERTEX
8
LOT_LINE
10
1525.5511
20
-481.3139
30
0.0
0
VERTEX
8
LOT_LINE
10
1525.7241
20
-487.5615
30
0.0
0
VERTEX
8
LOT_LINE
10
1525.8771
20
-493.8096
30
0.0
0
VERTEX
8
LOT_LINE
10
1526.0103
20
-500.0582
30
0.0
0
VERTEX
8
LOT_LINE
10
1526.1240
20
-506.3180
30
0.0
0
VERTEX
8
LOT_LINE
10
1451.1902
20
-509.4696
30
0.0
0
SEQEND
0
ARC
8
CURVE
10
-433.4687
20
-538.6906
30
0.0
40
1959.8600
50
0.9464
51
3.8702
0
TEXT
8
TEXT-LABELS
7
STANDARD
10
1486.5560
20
-457.9380
30
0.0
40
8.0
1
17
50
0.0
0
TEXT
8
DIM-LABELS
7
STANDARD
10
1484.6021
20
-411.4790
30
0.0
40
5.5
1
75.0'
50
0.0
0
TEXT
8
DIM-LABELS
7
STANDARD
10
1520.5260
20
-456.5092
30
0.0
40
5.5
1
100.0'
50
0.0
0
TEXT
8
DIM-LABELS
7
STANDARD
10
1488.5100
20
-504.3969
30
0.0
40
5.5
1
75.0'
50
0.0
0
TEXT
8
DIM-LABELS
7
STANDARD
10
1452.5861
20
-459.3667
30
0.0
40
5.5
1
100.0'
50
0.0
0
POLYLINE
8
LOT_LINE
66
1
70
1
0
VERTEX
8
LOT_LINE
10
233.7665
20
-560.6721
30
0.0
0
VERTEX
8
LOT_LINE
10
327.1839
20
-556.7432
30
0.0
0
VERTEX
8
LOT_LINE
10
331.3860
20
-656.6548
30
0.0
0
VERTEX
8
LOT_LINE
10
237.9686
20
-660.5838
30
0.0
0
SEQEND
0
TEXT
8
TEXT-LABELS
7
STANDARD
10
282.5762
20
-608.6635
30
0.0
40
8.0
1
34
50
0.0
0
TEXT
8
DIM-LABELS
7
STANDARD
10
280.6222
20
-562.2046
30
0.0
40
5.5
1
93.5'
50
0.0
0
TEXT
8
DIM-LABELS
7
STANDARD
10
325.7880
20
-606.8461
30
0.0
40
5.5
1
100.0'
50
0.0
0
TEXT
8
DIM-LABELS
7
STANDARD
10
284.5302
20
-655.1224
30
0.0
40
5.5
1
93.5'
50
0.0
0
TEXT
8
DIM-LABELS
7
STANDARD
10
239.3644
20
-610.4809
30
0.0
40
5.5
1
100.0'
50
0.0
0
POLYLINE
8
LOT_LINE
66
1
70
1
0
VERTEX
8
LOT_LINE
10
327.1839
20
-556.7432
30
0.0
0
VERTEX
8
LOT_LINE
10
402.1176
20
-553.5916
30
0.0
0
VERTEX
8
LOT_LINE
10
406.3197
20
-653.5033
30
0.0
0
VERTEX
8
LOT_LINE
10
331.3860
20
-656.6548
30
0.0
0
SEQEND
0
TEXT
8
TEXT-LABELS
7
STANDARD
10
366.7518
20
-605.1232
30
0.0
40
8.0
1
33
50
0.0
0
TEXT
8
DIM-LABELS
7
STANDARD
10
364.7978
20
-558.6643
30
0.0
40
5.5
1
75.0'
50
0.0
0
TEXT
8
DIM-LABELS
7
STANDARD
10
400.7218
20
-603.6945
30
0.0
40
5.5
1
100.0'
50
0.0
0
TEXT
8
DIM-LABELS
7
STANDARD
10
368.7058
20
-651.5821
30
0.0
40
5.5
1
75.0'
50
0.0
0
TEXT
8
DIM-LABELS
7
STANDARD
10
332.7818
20
-606.5519
30
0.0
40
5.5
1
100.0'
50
0.0
0
POLYLINE
8
LOT_LINE
66
1
70
1
0
VERTEX
8
LOT_LINE
10
402.1176
20
-553.5916
30
0.0
0
VERTEX
8
LOT_LINE
10
491.7984
20
-549.8198
30
0.0
0
VERTEX
8
LOT_LINE
10
496.0004
20
-649.7315
30
0.0
0
VERTEX
8
LOT_LINE
10
406.3197
20
-653.5033
30
0.0
0
SEQEND
0
TEXT
8
TEXT-LABELS
7
STANDARD
10
449.0590
20
-601.6615
30
0.0
40
8.0
1
32
50
0.0
0
TEXT
8
DIM-LABELS
7
STANDARD
10
447.1051
20
-555.2026
30
0.0
40
5.5
1
89.8'
50
0.0
0
TEXT
8
DIM-LABELS
7
STANDARD
10
490.4025
20
-599.9227
30
0.0
40
5.5
1
100.0'
50
0.0
0
TEXT
8
DIM-LABELS
7
STANDARD
10
451.0130
20
-648.1205
30
0.0
40
5.5
1
89.8'
50
0.0
0
TEXT
8
DIM-LABELS
7
STANDARD
10
407.7156
20
-603.4004
30
0.0
40
5.5
1
100.0'
50
0.0
0
POLYLINE
8
CURVE
66
1
70
0
0
VERTEX
8
CURVE
10
581.0441
20
-655.4953
30
0.0
0
VERTEX
8
CURVE
10
575.7834
20
-654.5895
30
0.0
0
VERTEX
8
CURVE
10
570.5108
20
-653.7559
30
0.0
0
VERTEX
8
CURVE
10
565.2273
20
-652.9946
30
0.0
0
VERTEX
8
CURVE
10
559.9338
20
-652.3059
30
0.0
0
VERTEX
8
CURVE
10
554.6314
20
-651.6898
30
0.0
0
VERTEX
8
CURVE
10
549.3211
20
-651.1465
30
0.0
0
VERTEX
8
CURVE
10
544.0038
20
-650.6761
30
0.0
0
VERTEX
8
CURVE
10
538.6805
20
-650.2786
30
0.0
0
VERTEX
8
CURVE
10
533.3523
20
-649.9542
30
0.0
0
VERTEX
8
CURVE
10
528.0201
20
-649.7028
30
0.0
0
VERTEX
8
CURVE
10
522.6850
20
-649.5246
30
0.0
0
VERTEX
8
CURVE
10
517.3480
20
-649.4196
30
0.0
0
VERTEX
8
CURVE
10
512.0100
20
-649.3878
30
0.0
0
VERTEX
8
CURVE
10
506.6721
20
-649.4292
30
0.0
0
VERTEX
8
CURVE
10
501.3352
20
-649.5437
30
0.0
0
VERTEX
8
CURVE
10
496.0005
20
-649.7315
30
0.0
0
SEQEND
0
POLYLINE
8
LOT_LINE
66
1
70
1
0
VERTEX
8
LOT_LINE
10
491.7984
20
-549.8198
30
0.0
0
VERTEX
8
LOT_LINE
10
601.7012
20
-545.1975
30
0.0
0
VERTEX
8
LOT_LINE
10
581.0441
20
-655.4953
30
0.0
0
VERTEX
8
LOT_LINE
10
575.7834
20
-654.5895
30
0.0
0
VERTEX
8
LOT_LINE
10
570.5108
20
-653.7559
30
0.0
0
VERTEX
8
LOT_LINE
10
565.2273
20
-652.9946
30
0.0
0
VERTEX
8
LOT_LINE
10
559.9338
20
-652.3059
30
0.0
0
VERTEX
8
LOT_LINE
10
554.6314
20
-651.6898
30
0.0
0
VERTEX
8
LOT_LINE
10
549.3211
20
-651.1465
30
0.0
0
VERTEX
8
LOT_LINE
10
544.0038
20
-650.6761
30
0.0
0
VERTEX
8
LOT_LINE
10
538.6805
20
-650.2786
30
0.0
0
VERTEX
8
LOT_LINE
10
533.3523
20
-649.9542
30
0.0
0
VERTEX
8
LOT_LINE
10
528.0201
20
-649.7028
30
0.0
0
VERTEX
8
LOT_LINE
10
522.6850
20
-649.5246
30
0.0
0
VERTEX
8
LOT_LINE
10
517.3480
20
-649.4196
30
0.0
0
VERTEX
8
LOT_LINE
10
512.0100
20
-649.3878
30
0.0
0
VERTEX
8
LOT_LINE
10
506.6721
20
-649.4292
30
0.0
0
VERTEX
8
LOT_LINE
10
501.3352
20
-649.5437
30
0.0
0
VERTEX
8
LOT_LINE
10
496.0004
20
-649.7315
30
0.0
0
SEQEND
0
ARC
8
CURVE
10
512.3580
20
-1038.6576
30
0.0
40
389.2700
50
79.8370
51
92.4083
0
TEXT
8
TEXT-LABELS
7
STANDARD
10
542.6360
20
-600.0610
30
0.0
40
8.0
1
31
50
0.0
0
TEXT
8
DIM-LABELS
7
STANDARD
10
546.8968
20
-551.0056
30
0.0
40
5.5
1
110.0'
50
0.0
0
TEXT
8
DIM-LABELS
7
STANDARD
10
587.9324
20
-599.7021
30
0.0
40
5.5
1
112.2'
50
0.0
0
TEXT
8
DIM-LABELS
7
STANDARD
10
538.7589
20
-649.1214
30
0.0
40
5.5
1
85.2'
50
0.0
0
TEXT
8
DIM-LABELS
7
STANDARD
10
497.3963
20
-599.6286
30
0.0
40
5.5
1
100.0'
50
0.0
0
POLYLINE
8
CURVE
66
1
70
0
0
VERTEX
8
CURVE
10
662.7943
20
-679.6311
30
0.0
0
VERTEX
8
CURVE
10
657.8569
20
-677.6020
30
0.0
0
VERTEX
8
CURVE
10
652.8922
20
-675.6407
30
0.0
0
VERTEX
8
CURVE
10
647.9010
20
-673.7478
30
0.0
0
VERTEX
8
CURVE
10
642.8844
20
-671.9234
30
0.0
0
VERTEX
8
CURVE
10
637.8432
20
-670.1680
30
0.0
0
VERTEX
8
CURVE
10
632.7784
20
-668.4819
30
0.0
0
VERTEX
8
CURVE
10
627.6909
20
-666.8654
30
0.0
0
VERTEX
8
CURVE
10
622.5818
20
-665.3189
30
0.0
0
VERTEX
8
CURVE
10
617.4519
20
-663.8425
30
0.0
0
VERTEX
8
CURVE
10
612.3023
20
-662.4366
30
0.0
0
VERTEX
8
CURVE
10
607.1339
20
-661.1015
30
0.0
0
VERTEX
8
CURVE
10
601.9477
20
-659.8373
30
0.0
0
VERTEX
8
CURVE
10
596.7446
20
-658.6444
30
0.0
0
VERTEX
8
CURVE
10
591.5256
20
-657.5230
30
0.0
0
VERTEX
8
CURVE
10
586.2918
20
-656.4732
30
0.0
0
VERTEX
8
CURVE
10
581.0441
20
-655.4953
30
0.0
0
SEQEND
0
POLYLINE
8
LOT_LINE
66
1
70
1
0
VERTEX
8
LOT_LINE
10
601.7012
20
-545.1975
30
0.0
0
VERTEX
8
LOT_LINE
10
711.6040
20
-540.5752
30
0.0
0
VERTEX
8
LOT_LINE
10
662.7943
20
-679.6311
30
0.0
0
VERTEX
8
LOT_LINE
10
657.8569
20
-677.6020
30
0.0
0
VERTEX
8
LOT_LINE
10
652.8922
20
-675.6407
30
0.0
0
VERTEX
8
LOT_LINE
10
647.9010
20
-673.7478
30
0.0
0
VERTEX
8
LOT_LINE
10
642.8844
20
-671.9234
30
0.0
0
VERTEX
8
LOT_LINE
10
637.8432
20
-670.1680
30
0.0
0
VERTEX
8
LOT_LINE
10
632.7784
20
-668.4819
30
0.0
0
VERTEX
8
LOT_LINE
10
627.6909
20
-666.8654
30
0.0
0
VERTEX
8
LOT_LINE
10
622.5818
20
-665.3189
30
0.0
0
VERTEX
8
LOT_LINE
10
617.4519
20
-663.8425
30
0.0
0
VERTEX
8
LOT_LINE
10
612.3023
20
-662.4366
30
0.0
0
VERTEX
8
LOT_LINE
10
607.1339
20
-661.1015
30
0.0
0
VERTEX
8
LOT_LINE
10
601.9477
20
-659.8373
30
0.0
0
VERTEX
8
LOT_LINE
10
596.7446
20
-658.6444
30
0.0
0
VERTEX
8
LOT_LINE
10
591.5256
20
-657.5230
30
0.0
0
VERTEX
8
LOT_LINE
10
586.2918
20
-656.4732
30
0.0
0
VERTEX
8
LOT_LINE
10
581.0441
20
-655.4953
30
0.0
0
SEQEND
0
ARC
8
CURVE
10
512.3580
20
-1038.6576
30
0.0
40
389.2700
50
67.2657
51
79.8370
0
TEXT
8
TEXT-LABELS
7
STANDARD
10
639.2859
20
-605.2248
30
0.0
40
8.0
1
30
50
0.0
0
TEXT
8
DIM-LABELS
7
STANDARD
10
656.7997
20
-546.3832
30
0.0
40
5.5
1
110.0'
50
0.0
0
TEXT
8
DIM-LABELS
7
STANDARD
10
683.8967
20
-608.9440
30
0.0
40
5.5
1
147.4'
50
0.0
0
TEXT
8
DIM-LABELS
7
STANDARD
10
622.9102
20
-664.2065
30
0.0
40
5.5
1
85.2'
50
0.0
0
TEXT
8
DIM-LABELS
7
STANDARD
10
594.8128
20
-600.9907
30
0.0
40
5.5
1
112.2'
50
0.0
0
POLYLINE
8
CURVE
66
1
70
0
0
VERTEX
8
CURVE
10
737.3314
20
-720.9816
30
0.0
0
VERTEX
8
CURVE
10
732.9540
20
-717.9264
30
0.0
0
VERTEX
8
CURVE
10
728.5352
20
-714.9316
30
0.0
0
VERTEX
8
CURVE
10
724.0757
20
-711.9977
30
0.0
0
VERTEX
8
CURVE
10
719.5764
20
-709.1252
30
0.0
0
VERTEX
8
CURVE
10
715.0381
20
-706.3146
30
0.0
0
VERTEX
8
CURVE
10
710.4617
20
-703.5666
30
0.0
0
VERTEX
8
CURVE
10
705.8481
20
-700.8815
30
0.0
0
VERTEX
8
CURVE
10
701.1981
20
-698.2600
30
0.0
0
VERTEX
8
CURVE
10
696.5125
20
-695.7025
30
0.0
0
VERTEX
8
CURVE
10
691.7924
20
-693.2095
30
0.0
0
VERTEX
8
CURVE
10
687.0385
20
-690.7814
30
0.0
0
VERTEX
8
CURVE
10
682.2517
20
-688.4188
30
0.0
0
VERTEX
8
CURVE
10
677.4330
20
-686.1220
30
0.0
0
VERTEX
8
CURVE
10
672.5833
20
-683.8915
30
0.0
0
VERTEX
8
CURVE
10
667.7034
20
-681.7278
30
0.0
0
VERTEX
8
CURVE
10
662.7943
20
-679.6311
30
0.0
0
SEQEND
0
POLYLINE
8
LOT_LINE
66
1
70
1
0
VERTEX
8
LOT_LINE
10
711.6040
20
-540.5752
30
0.0
0
VERTEX
8
LOT_LINE
10
821.5069
20
-535.9529
30
0.0
0
VERTEX
8
LOT_LINE
10
737.3314
20
-720.9816
30
0.0
0
VERTEX
8
LOT_LINE
10
732.9540
20
-717.9264
30
0.0
0
VERTEX
8
LOT_LINE
10
728.5352
20
-714.9316
30
0.0
0
VERTEX
8
LOT_LINE
10
724.0757
20
-711.9977
30
0.0
0
VERTEX
8
LOT_LINE
10
719.5764
20
-709.1252
30
0.0
0
VERTEX
8
LOT_LINE
10
715.0381
20
-706.3146
30
0.0
0
VERTEX
8
LOT_LINE
10
710.4617
20
-703.5666
30
0.0
0
VERTEX
8
LOT_LINE
10
705.8481
20
-700.8815
30
0.0
0
VERTEX
8
LOT_LINE
10
701.1981
20
-698.2600
30
0.0
0
VERTEX
8
LOT_LINE
10
696.5125
20
-695.7025
30
0.0
0
VERTEX
8
LOT_LINE
10
691.7924
20
-693.2095
30
0.0
0
VERTEX
8
LOT_LINE
10
687.0385
20
-690.7814
30
0.0
0
VERTEX
8
LOT_LINE
10
682.2517
20
-688.4188
30
0.0
0
VERTEX
8
LOT_LINE
10
677.4330
20
-686.1220
30
0.0
0
VERTEX
8
LOT_LINE
10
672.5833
20
-683.8915
30
0.0
0
VERTEX
8
LOT_LINE
10
667.7034
20
-681.7278
30
0.0
0
VERTEX
8
LOT_LINE
10
662.7943
20
-679.6311
30
0.0
0
SEQEND
0
ARC
8
CURVE
10
512.3580
20
-1038.6576
30
0.0
40
389.2700
50
54.6944
51
67.2657
0
TEXT
8
TEXT-LABELS
7
STANDARD
10
733.3091
20
-619.2852
30
0.0
40
8.0
1
29
50
0.0
0
TEXT
8
DIM-LABELS
7
STANDARD
10
766.7025
20
-541.7609
30
0.0
40
5.5
1
110.0'
50
0.0
0
TEXT
8
DIM-LABELS
7
STANDARD
10
776.2333
20
-627.0179
30
0.0
40
5.5
1
203.3'
50
0.0
0
TEXT
8
DIM-LABELS
7
STANDARD
10
701.7607
20
-697.2458
30
0.0
40
5.5
1
85.2'
50
0.0
0
TEXT
8
DIM-LABELS
7
STANDARD
10
690.5016
20
-611.2623
30
0.0
40
5.5
1
147.4'
50
0.0
0
POLYLINE
8
LOT_LINE
66
1
70
1
0
VERTEX
8
LOT_LINE
10
821.5069
20
-535.9529
30
0.0
0
VERTEX
8
LOT_LINE
10
926.6539
20
-531.5306
30
0.0
0
VERTEX
8
LOT_LINE
10
972.1729
20
-638.6178
30
0.0
0
VERTEX
8
LOT_LINE
10
737.3314
20
-720.9816
30
0.0
0
SEQEND
0
TEXT
8
TEXT-LABELS
7
STANDARD
10
864.4163
20
-606.7707
30
0.0
40
8.0
1
28
50
0.0
0
TEXT
8
DIM-LABELS
7
STANDARD
10
874.2275
20
-537.2386
30
0.0
40
5.5
1
105.2'
50
0.0
0
TEXT
8
DIM-LABELS
7
STANDARD
10
946.1923
20
-586.4434
30
0.0
40
5.5
1
116.4'
50
0.0
0
TEXT
8
DIM-LABELS
7
STANDARD
10
853.5938
20
-676.4969
30
0.0
40
5.5
1
248.9'
50
0.0
0
TEXT
8
DIM-LABELS
7
STANDARD
10
782.6050
20
-629.9166
30
0.0
40
5.5
1
203.3'
50
0.0
0
POLYLINE
8
LOT_LINE
66
1
70
1
0
VERTEX
8
LOT_LINE
10
926.6539
20
-531.5306
30
0.0
0
VERTEX
8
LOT_LINE
10
1001.5877
20
-528.3790
30
0.0
0
VERTEX
8
LOT_LINE
10
1005.7898
20
-628.2907
30
0.0
0
VERTEX
8
LOT_LINE
10
930.8560
20
-631.4423
30
0.0
0
SEQEND
0
TEXT
8
TEXT-LABELS
7
STANDARD
10
966.2218
20
-579.9106
30
0.0
40
8.0
1
27
50
0.0
0
TEXT
8
DIM-LABELS
7
STANDARD
10
964.2679
20
-533.4517
30
0.0
40
5.5
1
75.0'
50
0.0
0
TEXT
8
DIM-LABELS
7
STANDARD
10
1000.1918
20
-578.4819
30
0.0
40
5.5
1
100.0'
50
0.0
0
TEXT
8
DIM-LABELS
7
STANDARD
10
968.1758
20
-626.3696
30
0.0
40
5.5
1
75.0'
50
0.0
0
TEXT
8
DIM-LABELS
7
STANDARD
10
932.2519
20
-581.3394
30
0.0
40
5.5
1
100.0'
50
0.0
0
POLYLINE
8
LOT_LINE
66
1
70
1
0
VERTEX
8
LOT_LINE
10
1001.5877
20
-528.3790
30
0.0
0
VERTEX
8
LOT_LINE
10
1076.5214
20
-525.2274
30
0.0
0
VERTEX
8
LOT_LINE
10
1080.7235
20
-625.1391
30
0.0
0
VERTEX
8
LOT_LINE
10
1005.7898
20
-628.2907
30
0.0
0
SEQEND
0
TEXT
8
TEXT-LABELS
7
STANDARD
10
1041.1556
20
-576.7591
30
0.0
40
8.0
1
26
50
0.0
0
TEXT
8
DIM-LABELS
7
STANDARD
10
1039.2016
20
-530.3001
30
0.0
40
5.5
1
75.0'
50
0.0
0
TEXT
8
DIM-LABELS
7
STANDARD
10
1075.1256
20
-575.3304
30
0.0
40
5.5
1
100.0'
50
0.0
0
TEXT
8
DIM-LABELS
7
STANDARD
10
1043.1096
20
-623.2180
30
0.0
40
5.5
1
75.0'
50
0.0
0
TEXT
8
DIM-LABELS
7
STANDARD
10
1007.1856
20
-578.1878
30
0.0
40
5.5
1
100.0'
50
0.0
0
POLYLINE
8
LOT_LINE
66
1
70
1
0
VERTEX
8
LOT_LINE
10
1076.5214
20
-525.2274
30
0.0
0
VERTEX
8
LOT_LINE
10
1151.4552
20
-522.0759
30
0.0
0
VERTEX
8
LOT_LINE
10
1155.6573
20
-621.9875
30
0.0
0
VERTEX
8
LOT_LINE
10
1080.7235
20
-625.1391
30
0.0
0
SEQEND
0
TEXT
8
TEXT-LABELS
7
STANDARD
10
1116.0894
20
-573.6075
30
0.0
40
8.0
1
25
50
0.0
0
TEXT
8
DIM-LABELS
7
STANDARD
10
1114.1354
20
-527.1486
30
0.0
40
5.5
1
75.0'
50
0.0
0
TEXT
8
DIM-LABELS
7
STANDARD
10
1150.0593
20
-572.1788
30
0.0
40
5.5
1
100.0'
50
0.0
0
TEXT
8
DIM-LABELS
7
STANDARD
10
1118.0433
20
-620.0664
30
0.0
40
5.5
1
75.0'
50
0.0
0
TEXT
8
DIM-LABELS
7
STANDARD
10
1082.1194
20
-575.0362
30
0.0
40
5.5
1
100.0'
50
0.0
0
POLYLINE
8
LOT_LINE
66
1
70
1
0
VERTEX
8
LOT_LINE
10
1151.4552
20
-522.0759
30
0.0
0
VERTEX
8
LOT_LINE
10
1226.3889
20
-518.9243
30
0.0
0
VERTEX
8
LOT_LINE
10
1230.5910
20
-618.8360
30
0.0
0
VERTEX
8
LOT_LINE
10
1155.6573
20
-621.9875
30
0.0
0
SEQEND
0
TEXT
8
TEXT-LABELS
7
STANDARD
10
1191.0231
20
-570.4559
30
0.0
40
8.0
1
24
50
0.0
0
TEXT
8
DIM-LABELS
7
STANDARD
10
1189.0691
20
-523.9970
30
0.0
40
5.5
1
75.0'
50
0.0
0
TEXT
8
DIM-LABELS
7
STANDARD
10
1224.9931
20
-569.0272
30
0.0
40
5.5
1
100.0'
50
0.0
0
TEXT
8
DIM-LABELS
7
STANDARD
10
1192.9771
20
-616.9148
30
0.0
40
5.5
1
75.0'
50
0.0
0
TEXT
8
DIM-LABELS
7
STANDARD
10
1157.0531
20
-571.8846
30
0.0
40
5.5
1
100.0'
50
0.0
0
POLYLINE
8
LOT_LINE
66
1
70
1
0
VERTEX
8
LOT_LINE
10
1226.3889
20
-518.9243
30
0.0
0
VERTEX
8
LOT_LINE
10
1301.3227
20
-515.7727
30
0.0
0
VERTEX
8
LOT_LINE
10
1305.5248
20
-615.6844
30
0.0
0
VERTEX
8
LOT_LINE
10
1230.5910
20
-618.8360
30
0.0
0
SEQEND
0
TEXT
8
TEXT-LABELS
7
STANDARD
10
1265.9569
20
-567.3043
30
0.0
40
8.0
1
23
50
0.0
0
TEXT
8
DIM-LABELS
7
STANDARD
10
1264.0029
20
-520.8454
30
0.0
40
5.5
1
75.0'
50
0.0
0
TEXT
8
DIM-LABELS
7
STANDARD
10
1299.9268
20
-565.8756
30
0.0
40
5.5
1
100.0'
50
0.0
0
TEXT
8
DIM-LABELS
7
STANDARD
10
1267.9108
20
-613.7633
30
0.0
40
5.5
1
75.0'
50
0.0
0
TEXT
8
DIM-LABELS
7
STANDARD
10
1231.9869
20
-568.7331
30
0.0
40
5.5
1
100.0'
50
0.0
0
POLYLINE
8
LOT_LINE
66
1
70
1
0
VERTEX
8
LOT_LINE
10
1301.3227
20
-515.7727
30
0.0
0
VERTEX
8
LOT_LINE
10
1376.2564
20
-512.6212
30
0.0
0
VERTEX
8
LOT_LINE
10
1380.4585
20
-612.5328
30
0.0
0
VERTEX
8
LOT_LINE
10
1305.5248
20
-615.6844
30
0.0
0
SEQEND
0
TEXT
8
TEXT-LABELS
7
STANDARD
10
1340.8906
20
-564.1528
30
0.0
40
8.0
1
22
50
0.0
0
TEXT
8
DIM-LABELS
7
STANDARD
10
1338.9366
20
-517.6938
30
0.0
40
5.5
1
75.0'
50
0.0
0
TEXT
8
DIM-LABELS
7
STANDARD
10
1374.8606
20
-562.7241
30
0.0
40
5.5
1
100.0'
50
0.0
0
TEXT
8
DIM-LABELS
7
STANDARD
10
1342.8446
20
-610.6117
30
0.0
40
5.5
1
75.0'
50
0.0
0
TEXT
8
DIM-LABELS
7
STANDARD
10
1306.9206
20
-565.5815
30
0.0
40
5.5
1
100.0'
50
0.0
0
POLYLINE
8
LOT_LINE
66
1
70
1
0
VERTEX
8
LOT_LINE
10
1376.2564
20
-512.6212
30
0.0
0
VERTEX
8
LOT_LINE
10
1451.1902
20
-509.4696
30
0.0
0
VERTEX
8
LOT_LINE
10
1455.3923
20
-609.3813
30
0.0
0
VERTEX
8
LOT_LINE
10
1380.4585
20
-612.5328
30
0.0
0
SEQEND
0
TEXT
8
TEXT-LABELS
7
STANDARD
10
1415.8244
20
-561.0012
30
0.0
40
8.0
1
21
50
0.0
0
TEXT
8
DIM-LABELS
7
STANDARD
10
1413.8704
20
-514.5423
30
0.0
40
5.5
1
75.0'
50
0.0
0
TEXT
8
DIM-LABELS
7
STANDARD
10
1449.7943
20
-559.5725
30
0.0
40
5.5
1
100.0'
50
0.0
0
TEXT
8
DIM-LABELS
7
STANDARD
10
1417.7783
20
-607.4601
30
0.0
40
5.5
1
75.0'
50
0.0
0
TEXT
8
DIM-LABELS
7
STANDARD
10
1381.8544
20
-562.4299
30
0.0
40
5.5
1
100.0'
50
0.0
0
POLYLINE
8
LOT_LINE
66
1
70
1
0
VERTEX
8
LOT_LINE
10
1451.1902
20
-509.4696
30
0.0
0
VERTEX
8
LOT_LINE
10
1526.1240
20
-506.3180
30
0.0
0
VERTEX
8
LOT_LINE
10
1530.3261
20
-606.2297
30
0.0
0
VERTEX
8
LOT_LINE
10
1455.3923
20
-609.3813
30
0.0
0
SEQEND
0
TEXT
8
TEXT-LABELS
7
STANDARD
10
1490.7581
20
-557.8496
30
0.0
40
8.0
1
20
50
0.0
0
TEXT
8
DIM-LABELS
7
STANDARD
10
1488.8042
20
-511.3907
30
0.0
40
5.5
1
75.0'
50
0.0
0
TEXT
8
DIM-LABELS
7
STANDARD
10
1524.7281
20
-556.4209
30
0.0
40
5.5
1
100.0'
50
0.0
0
TEXT
8
DIM-LABELS
7
STANDARD
10
1492.7121
20
-604.3086
30
0.0
40
5.5
1
75.0'
50
0.0
0
TEXT
8
DIM-LABELS
7
STANDARD
10
1456.7882
20
-559.2783
30
0.0
40
5.5
1
100.0'
50
0.0
0
POLYLINE
8
LOT_LINE
66
1
70
1
0
VERTEX
8
LOT_LINE
10
1526.1240
20
-506.3180
30
0.0
0
VERTEX
8
LOT_LINE
10
1601.0577
20
-503.1664
30
0.0
0
VERTEX
8
LOT_LINE
10
1605.2598
20
-603.0781
30
0.0
0
VERTEX
8
LOT_LINE
10
1530.3261
20
-606.2297
30
0.0
0
SEQEND
0
TEXT
8
TEXT-LABELS
7
STANDARD
10
1565.6919
20
-554.6981
30
0.0
40
8.0
1
19
50
0.0
0
TEXT
8
DIM-LABELS
7
STANDARD
10
1563.7379
20
-508.2391
30
0.0
40
5.5
1
75.0'
50
0.0
0
TEXT
8
DIM-LABELS
7
STANDARD
10
1599.6618
20
-553.2693
30
0.0
40
5.5
1
100.0'
50
0.0
0
TEXT
8
DIM-LABELS
7
STANDARD
10
1567.6459
20
-601.1570
30
0.0
40
5.5
1
75.0'
50
0.0
0
TEXT
8
DIM-LABELS
7
STANDARD
10
1531.7219
20
-556.1268
30
0.0
40
5.5
1
100.0'
50
0.0
0
POLYLINE
8
CURVE
66
1
70
0
0
VERTEX
8
CURVE
10
1675.9915
20
-500.0149
30
0.0
0
VERTEX
8
CURVE
10
1676.4034
20
-506.2513
30
0.0
0
VERTEX
8
CURVE
10
1676.7954
20
-512.4890
30
0.0
0
VERTEX
8
CURVE
10
1677.1675
20
-518.7279
30
0.0
0
VERTEX
8
CURVE
10
1677.5197
20
-524.9679
30
0.0
0
VERTEX
8
CURVE
10
1677.8520
20
-531.2091
30
0.0
0
VERTEX
8
CURVE
10
1678.1644
20
-537.4513
30
0.0
0
VERTEX
8
CURVE
10
1678.4569
20
-543.6944
30
0.0
0
VERTEX
8
CURVE
10
1678.7295
20
-549.9385
30
0.0
0
VERTEX
8
CURVE
10
1678.9822
20
-556.1834
30
0.0
0
VERTEX
8
CURVE
10
1679.2149
20
-562.4290
30
0.0
0
VERTEX
8
CURVE
10
1679.4278
20
-568.6754
30
0.0
0
VERTEX
8
CURVE
10
1679.6207
20
-574.9224
30
0.0
0
VERTEX
8
CURVE
10
1679.7937
20
-581.1700
30
0.0
0
VERTEX
8
CURVE
10
1679.9467
20
-587.4181
30
0.0
0
VERTEX
8
CURVE
10
1680.0799
20
-593.6667
30
0.0
0
VERTEX
8
CURVE
10
1680.1931
20
-599.9157
30
0.0
0
SEQEND
0
POLYLINE
8
LOT_LINE
66
1
70
1
0
VERTEX
8
LOT_LINE
10
1601.0577
20
-503.1664
30
0.0
0
VERTEX
8
LOT_LINE
10
1675.9915
20
-500.0149
30
0.0
0
VERTEX
8
LOT_LINE
10
1676.4034
20
-506.2513
30
0.0
0
VERTEX
8
LOT_LINE
10
1676.7954
20
-512.4890
30
0.0
0
VERTEX
8
LOT_LINE
10
1677.1675
20
-518.7279
30
0.0
0
VERTEX
8
LOT_LINE
10
1677.5197
20
-524.9679
30
0.0
0
VERTEX
8
LOT_LINE
10
1677.8520
20
-531.2091
30
0.0
0
VERTEX
8
LOT_LINE
10
1678.1644
20
-537.4513
30
0.0
0
VERTEX
8
LOT_LINE
10
1678.4569
20
-543.6944
30
0.0
0
VERTEX
8
LOT_LINE
10
1678.7295
20
-549.9385
30
0.0
0
VERTEX
8
LOT_LINE
10
1678.9822
20
-556.1834
30
0.0
0
VERTEX
8
LOT_LINE
10
1679.2149
20
-562.4290
30
0.0
0
VERTEX
8
LOT_LINE
10
1679.4278
20
-568.6754
30
0.0
0
VERTEX
8
LOT_LINE
10
1679.6207
20
-574.9224
30
0.0
0
VERTEX
8
LOT_LINE
10
1679.7937
20
-581.1700
30
0.0
0
VERTEX
8
LOT_LINE
10
1679.9467
20
-587.4181
30
0.0
0
VERTEX
8
LOT_LINE
10
1680.0799
20
-593.6667
30
0.0
0
VERTEX
8
LOT_LINE
10
1680.1936
20
-599.9265
30
0.0
0
VERTEX
8
LOT_LINE
10
1605.2598
20
-603.0781
30
0.0
0
SEQEND
0
ARC
8
CURVE
10
-279.3991
20
-632.2991
30
0.0
40
1959.8600
50
0.9464
51
3.8702
0
TEXT
8
TEXT-LABELS
7
STANDARD
10
1640.6256
20
-551.5465
30
0.0
40
8.0
1
18
50
0.0
0
TEXT
8
DIM-LABELS
7
STANDARD
10
1638.6717
20
-505.0876
30
0.0
40
5.5
1
75.0'
50
0.0
0
TEXT
8
DIM-LABELS
7
STANDARD
10
1674.5956
20
-550.1178
30
0.0
40
5.5
1
100.0'
50
0.0
0
TEXT
8
DIM-LABELS
7
STANDARD
10
1642.5796
20
-598.0054
30
0.0
40
5.5
1
75.0'
50
0.0
0
TEXT
8
DIM-LABELS
7
STANDARD
10
1606.6557
20
-552.9752
30
0.0
40
5.5
1
100.0'
50
0.0
0
POLYLINE
8
LOT_LINE
66
1
70
1
0
VERTEX
8
LOT_LINE
10
240.4898
20
-720.5308
30
0.0
0
VERTEX
8
LOT_LINE
10
333.9072
20
-716.6018
30
0.0
0
VERTEX
8
LOT_LINE
10
338.1093
20
-816.5135
30
0.0
0
VERTEX
8
LOT_LINE
10
244.6919
20
-820.4425
30
0.0
0
SEQEND
0
TEXT
8
TEXT-LABELS
7
STANDARD
10
289.2996
20
-768.5222
30
0.0
40
8.0
1
1
50
0.0
0
TEXT
8
DIM-LABELS
7
STANDARD
10
287.3456
20
-722.0632
30
0.0
40
5.5
1
93.5'
50
0.0
0
TEXT
8
DIM-LABELS
7
STANDARD
10
332.5114
20
-766.7048
30
0.0
40
5.5
1
100.0'
50
0.0
0
TEXT
8
DIM-LABELS
7
STANDARD
10
291.2536
20
-814.9811
30
0.0
40
5.5
1
93.5'
50
0.0
0
TEXT
8
DIM-LABELS
7
STANDARD
10
246.0878
20
-770.3396
30
0.0
40
5.5
1
100.0'
50
0.0
0
POLYLINE
8
LOT_LINE
66
1
70
1
0
VERTEX
8
LOT_LINE
10
333.9072
20
-716.6018
30
0.0
0
VERTEX
8
LOT_LINE
10
408.8410
20
-713.4503
30
0.0
0
VERTEX
8
LOT_LINE
10
413.0431
20
-813.3619
30
0.0
0
VERTEX
8
LOT_LINE
10
338.1093
20
-816.5135
30
0.0
0
SEQEND
0
TEXT
8
TEXT-LABELS
7
STANDARD
10
373.4752
20
-764.9819
30
0.0
40
8.0
1
2
50
0.0
0
TEXT
8
DIM-LABELS
7
STANDARD
10
371.5212
20
-718.5230
30
0.0
40
5.5
1
75.0'
50
0.0
0
TEXT
8
DIM-LABELS
7
STANDARD
10
407.4451
20
-763.5532
30
0.0
40
5.5
1
100.0'
50
0.0
0
TEXT
8
DIM-LABELS
7
STANDARD
10
375.4291
20
-811.4408
30
0.0
40
5.5
1
75.0'
50
0.0
0
TEXT
8
DIM-LABELS
7
STANDARD
10
339.5052
20
-766.4106
30
0.0
40
5.5
1
100.0'
50
0.0
0
POLYLINE
8
LOT_LINE
66
1
70
1
0
VERTEX
8
LOT_LINE
10
408.8410
20
-713.4503
30
0.0
0
VERTEX
8
LOT_LINE
10
483.7747
20
-710.2987
30
0.0
0
VERTEX
8
LOT_LINE
10
487.9768
20
-810.2104
30
0.0
0
VERTEX
8
LOT_LINE
10
413.0431
20
-813.3619
30
0.0
0
SEQEND
0
TEXT
8
TEXT-LABELS
7
STANDARD
10
448.4089
20
-761.8303
30
0.0
40
8.0
1
3
50
0.0
0
TEXT
8
DIM-LABELS
7
STANDARD
10
446.4549
20
-715.3714
30
0.0
40
5.5
1
75.0'
50
0.0
0
TEXT
8
DIM-LABELS
7
STANDARD
10
482.3789
20
-760.4016
30
0.0
40
5.5
1
100.0'
50
0.0
0
TEXT
8
DIM-LABELS
7
STANDARD
10
450.3629
20
-808.2893
30
0.0
40
5.5
1
75.0'
50
0.0
0
TEXT
8
DIM-LABELS
7
STANDARD
10
414.4389
20
-763.2590
30
0.0
40
5.5
1
100.0'
50
0.0
0
POLYLINE
8
CURVE
66
1
70
0
0
VERTEX
8
CURVE
10
483.7747
20
-710.2987
30
0.0
0
VERTEX
8
CURVE
10
489.1335
20
-711.2349
30
0.0
0
VERTEX
8
CURVE
10
494.5070
20
-712.0825
30
0.0
0
VERTEX
8
CURVE
10
499.8938
20
-712.8411
30
0.0
0
VERTEX
8
CURVE
10
505.2924
20
-713.5107
30
0.0
0
VERTEX
8
CURVE
10
510.7013
20
-714.0910
30
0.0
0
VERTEX
8
CURVE
10
516.1190
20
-714.5818
30
0.0
0
VERTEX
8
CURVE
10
521.5441
20
-714.9831
30
0.0
0
VERTEX
8
CURVE
10
526.9751
20
-715.2947
30
0.0
0
VERTEX
8
CURVE
10
532.4106
20
-715.5166
30
0.0
0
VERTEX
8
CURVE
10
537.8489
20
-715.6486
30
0.0
0
VERTEX
8
CURVE
10
543.2887
20
-715.6907
30
0.0
0
VERTEX
8
CURVE
10
548.7284
20
-715.6430
30
0.0
0
VERTEX
8
CURVE
10
554.1666
20
-715.5054
30
0.0
0
VERTEX
8
CURVE
10
559.6018
20
-715.2780
30
0.0
0
VERTEX
8
CURVE
10
565.0325
20
-714.9608
30
0.0
0
VERTEX
8
CURVE
10
570.4572
20
-714.5539
30
0.0
0
SEQEND
0
POLYLINE
8
LOT_LINE_APPROX
66
1
70
1
0
VERTEX
8
LOT_LINE_APPROX
10
483.7747
20
-710.2987
30
0.0
0
VERTEX
8
LOT_LINE_APPROX
10
489.1335
20
-711.2349
30
0.0
0
VERTEX
8
LOT_LINE_APPROX
10
494.5070
20
-712.0825
30
0.0
0
VERTEX
8
LOT_LINE_APPROX
10
499.8938
20
-712.8411
30
0.0
0
VERTEX
8
LOT_LINE_APPROX
10
505.2924
20
-713.5107
30
0.0
0
VERTEX
8
LOT_LINE_APPROX
10
510.7013
20
-714.0910
30
0.0
0
VERTEX
8
LOT_LINE_APPROX
10
516.1190
20
-714.5818
30
0.0
0
VERTEX
8
LOT_LINE_APPROX
10
521.5441
20
-714.9831
30
0.0
0
VERTEX
8
LOT_LINE_APPROX
10
526.9751
20
-715.2947
30
0.0
0
VERTEX
8
LOT_LINE_APPROX
10
532.4106
20
-715.5166
30
0.0
0
VERTEX
8
LOT_LINE_APPROX
10
537.8489
20
-715.6486
30
0.0
0
VERTEX
8
LOT_LINE_APPROX
10
543.2887
20
-715.6907
30
0.0
0
VERTEX
8
LOT_LINE_APPROX
10
548.7284
20
-715.6430
30
0.0
0
VERTEX
8
LOT_LINE_APPROX
10
554.1666
20
-715.5054
30
0.0
0
VERTEX
8
LOT_LINE_APPROX
10
559.6018
20
-715.2780
30
0.0
0
VERTEX
8
LOT_LINE_APPROX
10
565.0325
20
-714.9608
30
0.0
0
VERTEX
8
LOT_LINE_APPROX
10
570.4572
20
-714.5539
30
0.0
0
VERTEX
8
LOT_LINE_APPROX
10
533.3767
20
-808.3009
30
0.0
0
VERTEX
8
LOT_LINE_APPROX
10
487.9768
20
-810.2104
30
0.0
0
SEQEND
0
ARC
8
CURVE
10
543.1195
20
-386.4207
30
0.0
40
329.2700
50
259.6168
51
274.7625
0
TEXT
8
TEXT-LABELS
7
STANDARD
10
518.8964
20
-760.8410
30
0.0
40
8.0
1
4
50
0.0
0
TEXT
8
DIM-LABELS
7
STANDARD
10
526.9443
20
-715.9221
30
0.0
40
5.5
1
86.8'
50
0.0
0
TEXT
8
DIM-LABELS
7
STANDARD
10
548.6623
20
-760.1401
30
0.0
40
5.5
1
100.8'
50
0.0
0
TEXT
8
DIM-LABELS
7
STANDARD
10
510.5297
20
-805.7588
30
0.0
40
5.5
1
45.4'
50
0.0
0
TEXT
8
DIM-LABELS
7
STANDARD
10
489.3727
20
-760.1075
30
0.0
40
5.5
1
100.0'
50
0.0
0
POLYLINE
8
CURVE
66
1
70
0
0
VERTEX
8
CURVE
10
570.4572
20
-714.5539
30
0.0
0
VERTEX
8
CURVE
10
574.6335
20
-716.2703
30
0.0
0
VERTEX
8
CURVE
10
578.8330
20
-717.9292
30
0.0
0
VERTEX
8
CURVE
10
583.0549
20
-719.5304
30
0.0
0
VERTEX
8
CURVE
10
587.2983
20
-721.0736
30
0.0
0
VERTEX
8
CURVE
10
591.5624
20
-722.5584
30
0.0
0
VERTEX
8
CURVE
10
595.8466
20
-723.9846
30
0.0
0
VERTEX
8
CURVE
10
600.1499
20
-725.3520
30
0.0
0
VERTEX
8
CURVE
10
604.4715
20
-726.6602
30
0.0
0
VERTEX
8
CURVE
10
608.8107
20
-727.9090
30
0.0
0
VERTEX
8
CURVE
10
613.1666
20
-729.0982
30
0.0
0
VERTEX
8
CURVE
10
617.5383
20
-730.2275
30
0.0
0
VERTEX
8
CURVE
10
621.9252
20
-731.2968
30
0.0
0
VERTEX
8
CURVE
10
626.3263
20
-732.3058
30
0.0
0
VERTEX
8
CURVE
10
630.7408
20
-733.2544
30
0.0
0
VERTEX
8
CURVE
10
635.1680
20
-734.1424
30
0.0
0
VERTEX
8
CURVE
10
639.6068
20
-734.9696
30
0.0
0
SEQEND
0
POLYLINE
8
LOT_LINE_APPROX
66
1
70
1
0
VERTEX
8
LOT_LINE_APPROX
10
570.4572
20
-714.5539
30
0.0
0
VERTEX
8
LOT_LINE_APPROX
10
574.6335
20
-716.2703
30
0.0
0
VERTEX
8
LOT_LINE_APPROX
10
578.8330
20
-717.9292
30
0.0
0
VERTEX
8
LOT_LINE_APPROX
10
583.0549
20
-719.5304
30
0.0
0
VERTEX
8
LOT_LINE_APPROX
10
587.2983
20
-721.0736
30
0.0
0
VERTEX
8
LOT_LINE_APPROX
10
591.5624
20
-722.5584
30
0.0
0
VERTEX
8
LOT_LINE_APPROX
10
595.8466
20
-723.9846
30
0.0
0
VERTEX
8
LOT_LINE_APPROX
10
600.1499
20
-725.3520
30
0.0
0
VERTEX
8
LOT_LINE_APPROX
10
604.4715
20
-726.6602
30
0.0
0
VERTEX
8
LOT_LINE_APPROX
10
608.8107
20
-727.9090
30
0.0
0
VERTEX
8
LOT_LINE_APPROX
10
613.1666
20
-729.0982
30
0.0
0
VERTEX
8
LOT_LINE_APPROX
10
617.5383
20
-730.2275
30
0.0
0
VERTEX
8
LOT_LINE_APPROX
10
621.9252
20
-731.2968
30
0.0
0
VERTEX
8
LOT_LINE_APPROX
10
626.3263
20
-732.3058
30
0.0
0
VERTEX
8
LOT_LINE_APPROX
10
630.7408
20
-733.2544
30
0.0
0
VERTEX
8
LOT_LINE_APPROX
10
635.1680
20
-734.1424
30
0.0
0
VERTEX
8
LOT_LINE_APPROX
10
639.6068
20
-734.9696
30
0.0
0
VERTEX
8
LOT_LINE_APPROX
10
605.2532
20
-805.2780
30
0.0
0
VERTEX
8
LOT_LINE_APPROX
10
533.3767
20
-808.3009
30
0.0
0
SEQEND
0
ARC
8
CURVE
10
697.7060
20
-410.8658
30
0.0
40
329.2700
50
247.2657
51
259.8370
0
TEXT
8
TEXT-LABELS
7
STANDARD
10
587.1735
20
-765.7756
30
0.0
40
8.0
1
5
50
0.0
0
TEXT
8
DIM-LABELS
7
STANDARD
10
604.0410
20
-728.1185
30
0.0
40
5.5
1
72.1'
50
0.0
0
TEXT
8
DIM-LABELS
7
STANDARD
10
619.2853
20
-768.5872
30
0.0
40
5.5
1
78.3'
50
0.0
0
TEXT
8
DIM-LABELS
7
STANDARD
10
569.1679
20
-803.2925
30
0.0
40
5.5
1
71.9'
50
0.0
0
TEXT
8
DIM-LABELS
7
STANDARD
10
555.1716
20
-762.7148
30
0.0
40
5.5
1
100.8'
50
0.0
0
POLYLINE
8
CURVE
66
1
70
0
0
VERTEX
8
CURVE
10
639.6068
20
-734.9696
30
0.0
0
VERTEX
8
CURVE
10
643.3095
20
-737.5538
30
0.0
0
VERTEX
8
CURVE
10
647.0472
20
-740.0870
30
0.0
0
VERTEX
8
CURVE
10
650.8194
20
-742.5687
30
0.0
0
VERTEX
8
CURVE
10
654.6252
20
-744.9985
30
0.0
0
VERTEX
8
CURVE
10
658.4639
20
-747.3758
30
0.0
0
VERTEX
8
CURVE
10
662.3350
20
-749.7003
30
0.0
0
VERTEX
8
CURVE
10
666.2375
20
-751.9715
30
0.0
0
VERTEX
8
CURVE
10
670.1708
20
-754.1889
30
0.0
0
VERTEX
8
CURVE
10
674.1341
20
-756.3522
30
0.0
0
VERTEX
8
CURVE
10
678.1267
20
-758.4610
30
0.0
0
VERTEX
8
CURVE
10
682.1479
20
-760.5148
30
0.0
0
VERTEX
8
CURVE
10
686.1968
20
-762.5133
30
0.0
0
VERTEX
8
CURVE
10
690.2728
20
-764.4560
30
0.0
0
VERTEX
8
CURVE
10
694.3750
20
-766.3427
30
0.0
0
VERTEX
8
CURVE
10
698.5028
20
-768.1730
30
0.0
0
VERTEX
8
CURVE
10
702.6552
20
-769.9465
30
0.0
0
SEQEND
0
POLYLINE
8
LOT_LINE_APPROX
66
1
70
1
0
VERTEX
8
LOT_LINE_APPROX
10
639.6068
20
-734.9696
30
0.0
0
VERTEX
8
LOT_LINE_APPROX
10
643.3095
20
-737.5538
30
0.0
0
VERTEX
8
LOT_LINE_APPROX
10
647.0472
20
-740.0870
30
0.0
0
VERTEX
8
LOT_LINE_APPROX
10
650.8194
20
-742.5687
30
0.0
0
VERTEX
8
LOT_LINE_APPROX
10
654.6252
20
-744.9985
30
0.0
0
VERTEX
8
LOT_LINE_APPROX
10
658.4639
20
-747.3758
30
0.0
0
VERTEX
8
LOT_LINE_APPROX
10
662.3350
20
-749.7003
30
0.0
0
VERTEX
8
LOT_LINE_APPROX
10
666.2375
20
-751.9715
30
0.0
0
VERTEX
8
LOT_LINE_APPROX
10
670.1708
20
-754.1889
30
0.0
0
VERTEX
8
LOT_LINE_APPROX
10
674.1341
20
-756.3522
30
0.0
0
VERTEX
8
LOT_LINE_APPROX
10
678.1267
20
-758.4610
30
0.0
0
VERTEX
8
LOT_LINE_APPROX
10
682.1479
20
-760.5148
30
0.0
0
VERTEX
8
LOT_LINE_APPROX
10
686.1968
20
-762.5133
30
0.0
0
VERTEX
8
LOT_LINE_APPROX
10
690.2728
20
-764.4560
30
0.0
0
VERTEX
8
LOT_LINE_APPROX
10
694.3750
20
-766.3427
30
0.0
0
VERTEX
8
LOT_LINE_APPROX
10
698.5028
20
-768.1730
30
0.0
0
VERTEX
8
LOT_LINE_APPROX
10
702.6552
20
-769.9465
30
0.0
0
VERTEX
8
LOT_LINE_APPROX
10
676.3103
20
-802.2894
30
0.0
0
VERTEX
8
LOT_LINE_APPROX
10
605.2532
20
-805.2780
30
0.0
0
SEQEND
0
ARC
8
CURVE
10
829.9041
20
-466.2584
30
0.0
40
329.2700
50
234.6944
51
247.2657
0
TEXT
8
TEXT-LABELS
7
STANDARD
10
655.9564
20
-778.1208
30
0.0
40
8.0
1
6
50
0.0
0
TEXT
8
DIM-LABELS
7
STANDARD
10
669.4331
20
-755.5186
30
0.0
40
5.5
1
72.1'
50
0.0
0
TEXT
8
DIM-LABELS
7
STANDARD
10
686.7691
20
-783.9075
30
0.0
40
5.5
1
41.7'
50
0.0
0
TEXT
8
DIM-LABELS
7
STANDARD
10
640.6347
20
-800.2868
30
0.0
40
5.5
1
71.1'
50
0.0
0
TEXT
8
DIM-LABELS
7
STANDARD
10
625.5747
20
-771.6603
30
0.0
40
5.5
1
78.3'
50
0.0
0
POLYLINE
8
LOT_LINE_APPROX
66
1
70
1
0
VERTEX
8
LOT_LINE_APPROX
10
672.1082
20
-702.3777
30
0.0
0
VERTEX
8
LOT_LINE_APPROX
10
747.0420
20
-699.2262
30
0.0
0
VERTEX
8
LOT_LINE_APPROX
10
751.2441
20
-799.1378
30
0.0
0
VERTEX
8
LOT_LINE_APPROX
10
676.3103
20
-802.2894
30
0.0
0
SEQEND
0
TEXT
8
TEXT-LABELS
7
STANDARD
10
711.6762
20
-750.7578
30
0.0
40
8.0
1
7
50
0.0
0
TEXT
8
DIM-LABELS
7
STANDARD
10
709.7222
20
-704.2989
30
0.0
40
5.5
1
75.0'
50
0.0
0
TEXT
8
DIM-LABELS
7
STANDARD
10
745.6461
20
-749.3291
30
0.0
40
5.5
1
100.0'
50
0.0
0
TEXT
8
DIM-LABELS
7
STANDARD
10
713.6301
20
-797.2167
30
0.0
40
5.5
1
75.0'
50
0.0
0
TEXT
8
DIM-LABELS
7
STANDARD
10
677.7062
20
-752.1865
30
0.0
40
5.5
1
100.0'
50
0.0
0
POLYLINE
8
LOT_LINE_APPROX
66
1
70
1
0
VERTEX
8
LOT_LINE_APPROX
10
747.0420
20
-699.2262
30
0.0
0
VERTEX
8
LOT_LINE_APPROX
10
821.9758
20
-696.0746
30
0.0
0
VERTEX
8
LOT_LINE_APPROX
10
826.1779
20
-795.9863
30
0.0
0
VERTEX
8
LOT_LINE_APPROX
10
751.2441
20
-799.1378
30
0.0
0
SEQEND
0
TEXT
8
TEXT-LABELS
7
STANDARD
10
786.6099
20
-747.6062
30
0.0
40
8.0
1
8
50
0.0
0
TEXT
8
DIM-LABELS
7
STANDARD
10
784.6560
20
-701.1473
30
0.0
40
5.5
1
75.0'
50
0.0
0
TEXT
8
DIM-LABELS
7
STANDARD
10
820.5799
20
-746.1775
30
0.0
40
5.5
1
100.0'
50
0.0
0
TEXT
8
DIM-LABELS
7
STANDARD
10
788.5639
20
-794.0652
30
0.0
40
5.5
1
75.0'
50
0.0
0
TEXT
8
DIM-LABELS
7
STANDARD
10
752.6400
20
-749.0349
30
0.0
40
5.5
1
100.0'
50
0.0
0
POLYLINE
8
LOT_LINE_APPROX
66
1
70
1
0
VERTEX
8
LOT_LINE_APPROX
10
821.9758
20
-696.0746
30
0.0
0
VERTEX
8
LOT_LINE_APPROX
10
896.9095
20
-692.9230
30
0.0
0
VERTEX
8
LOT_LINE_APPROX
10
901.1116
20
-792.8347
30
0.0
0
VERTEX
8
LOT_LINE_APPROX
10
826.1779
20
-795.9863
30
0.0
0
SEQEND
0
TEXT
8
TEXT-LABELS
7
STANDARD
10
861.5437
20
-744.4547
30
0.0
40
8.0
1
9
50
0.0
0
TEXT
8
DIM-LABELS
7
STANDARD
10
859.5897
20
-697.9957
30
0.0
40
5.5
1
75.0'
50
0.0
0
TEXT
8
DIM-LABELS
7
STANDARD
10
895.5137
20
-743.0259
30
0.0
40
5.5
1
100.0'
50
0.0
0
TEXT
8
DIM-LABELS
7
STANDARD
10
863.4977
20
-790.9136
30
0.0
40
5.5
1
75.0'
50
0.0
0
TEXT
8
DIM-LABELS
7
STANDARD
10
827.5737
20
-745.8834
30
0.0
40
5.5
1
100.0'
50
0.0
0
POLYLINE
8
LOT_LINE_APPROX
66
1
70
1
0
VERTEX
8
LOT_LINE_APPROX
10
896.9095
20
-692.9230
30
0.0
0
VERTEX
8
LOT_LINE_APPROX
10
971.8433
20
-689.7715
30
0.0
0
VERTEX
8
LOT_LINE_APPROX
10
976.0454
20
-789.6831
30
0.0
0
VERTEX
8
LOT_LINE_APPROX
10
901.1116
20
-792.8347
30
0.0
0
SEQEND
0
TEXT
8
TEXT-LABELS
7
STANDARD
10
936.4774
20
-741.3031
30
0.0
40
8.0
1
10
50
0.0
0
TEXT
8
DIM-LABELS
7
STANDARD
10
934.5235
20
-694.8442
30
0.0
40
5.5
1
75.0'
50
0.0
0
TEXT
8
DIM-LABELS
7
STANDARD
10
970.4474
20
-739.8744
30
0.0
40
5.5
1
100.0'
50
0.0
0
TEXT
8
DIM-LABELS
7
STANDARD
10
938.4314
20
-787.7620
30
0.0
40
5.5
1
75.0'
50
0.0
0
TEXT
8
DIM-LABELS
7
STANDARD
10
902.5075
20
-742.7318
30
0.0
40
5.5
1
100.0'
50
0.0
0
POLYLINE
8
LOT_LINE_APPROX
66
1
70
1
0
VERTEX
8
LOT_LINE_APPROX
10
971.8433
20
-689.7715
30
0.0
0
VERTEX
8
LOT_LINE_APPROX
10
1046.7770
20
-686.6199
30
0.0
0
VERTEX
8
LOT_LINE_APPROX
10
1050.9791
20
-786.5316
30
0.0
0
VERTEX
8
LOT_LINE_APPROX
10
976.0454
20
-789.6831
30
0.0
0
SEQEND
0
TEXT
8
TEXT-LABELS
7
STANDARD
10
1011.4112
20
-738.1515
30
0.0
40
8.0
1
11
50
0.0
0
TEXT
8
DIM-LABELS
7
STANDARD
10
1009.4572
20
-691.6926
30
0.0
40
5.5
1
75.0'
50
0.0
0
TEXT
8
DIM-LABELS
7
STANDARD
10
1045.3812
20
-736.7228
30
0.0
40
5.5
1
100.0'
50
0.0
0
TEXT
8
DIM-LABELS
7
STANDARD
10
1013.3652
20
-784.6104
30
0.0
40
5.5
1
75.0'
50
0.0
0
TEXT
8
DIM-LABELS
7
STANDARD
10
977.4412
20
-739.5802
30
0.0
40
5.5
1
100.0'
50
0.0
0
POLYLINE
8
LOT_LINE_APPROX
66
1
70
1
0
VERTEX
8
LOT_LINE_APPROX
10
1046.7770
20
-686.6199
30
0.0
0
VERTEX
8
LOT_LINE_APPROX
10
1121.7108
20
-683.4683
30
0.0
0
VERTEX
8
LOT_LINE_APPROX
10
1125.9129
20
-783.3800
30
0.0
0
VERTEX
8
LOT_LINE_APPROX
10
1050.9791
20
-786.5316
30
0.0
0
SEQEND
0
TEXT
8
TEXT-LABELS
7
STANDARD
10
1086.3449
20
-734.9999
30
0.0
40
8.0
1
12
50
0.0
0
TEXT
8
DIM-LABELS
7
STANDARD
10
1084.3910
20
-688.5410
30
0.0
40
5.5
1
75.0'
50
0.0
0
TEXT
8
DIM-LABELS
7
STANDARD
10
1120.3149
20
-733.5712
30
0.0
40
5.5
1
100.0'
50
0.0
0
TEXT
8
DIM-LABELS
7
STANDARD
10
1088.2989
20
-781.4589
30
0.0
40
5.5
1
75.0'
50
0.0
0
TEXT
8
DIM-LABELS
7
STANDARD
10
1052.3750
20
-736.4286
30
0.0
40
5.5
1
100.0'
50
0.0
0
POLYLINE
8
LOT_LINE_APPROX
66
1
70
1
0
VERTEX
8
LOT_LINE_APPROX
10
1121.7108
20
-683.4683
30
0.0
0
VERTEX
8
LOT_LINE_APPROX
10
1196.6445
20
-680.3167
30
0.0
0
VERTEX
8
LOT_LINE_APPROX
10
1200.8466
20
-780.2284
30
0.0
0
VERTEX
8
LOT_LINE_APPROX
10
1125.9129
20
-783.3800
30
0.0
0
SEQEND
0
TEXT
8
TEXT-LABELS
7
STANDARD
10
1161.2787
20
-731.8484
30
0.0
40
8.0
1
13
50
0.0
0
TEXT
8
DIM-LABELS
7
STANDARD
10
1159.3247
20
-685.3894
30
0.0
40
5.5
1
75.0'
50
0.0
0
TEXT
8
DIM-LABELS
7
STANDARD
10
1195.2487
20
-730.4197
30
0.0
40
5.5
1
100.0'
50
0.0
0
TEXT
8
DIM-LABELS
7
STANDARD
10
1163.2327
20
-778.3073
30
0.0
40
5.5
1
75.0'
50
0.0
0
TEXT
8
DIM-LABELS
7
STANDARD
10
1127.3087
20
-733.2771
30
0.0
40
5.5
1
100.0'
50
0.0
0
POLYLINE
8
LOT_LINE_APPROX
66
1
70
1
0
VERTEX
8
LOT_LINE_APPROX
10
1196.6445
20
-680.3167
30
0.0
0
VERTEX
8
LOT_LINE_APPROX
10
1271.5783
20
-677.1652
30
0.0
0
VERTEX
8
LOT_LINE_APPROX
10
1275.7804
20
-777.0768
30
0.0
0
VERTEX
8
LOT_LINE_APPROX
10
1200.8466
20
-780.2284
30
0.0
0
SEQEND
0
TEXT
8
TEXT-LABELS
7
STANDARD
10
1236.2125
20
-728.6968
30
0.0
40
8.0
1
14
50
0.0
0
TEXT
8
DIM-LABELS
7
STANDARD
10
1234.2585
20
-682.2379
30
0.0
40
5.5
1
75.0'
50
0.0
0
TEXT
8
DIM-LABELS
7
STANDARD
10
1270.1824
20
-727.2681
30
0.0
40
5.5
1
100.0'
50
0.0
0
TEXT
8
DIM-LABELS
7
STANDARD
10
1238.1664
20
-775.1557
30
0.0
40
5.5
1
75.0'
50
0.0
0
TEXT
8
DIM-LABELS
7
STANDARD
10
1202.2425
20
-730.1255
30
0.0
40
5.5
1
100.0'
50
0.0
0
POLYLINE
8
LOT_LINE_APPROX
66
1
70
1
0
VERTEX
8
LOT_LINE_APPROX
10
1271.5783
20
-677.1652
30
0.0
0
VERTEX
8
LOT_LINE_APPROX
10
1346.5120
20
-674.0136
30
0.0
0
VERTEX
8
LOT_LINE_APPROX
10
1350.7141
20
-773.9253
30
0.0
0
VERTEX
8
LOT_LINE_APPROX
10
1275.7804
20
-777.0768
30
0.0
0
SEQEND
0
TEXT
8
TEXT-LABELS
7
STANDARD
10
1311.1462
20
-725.5452
30
0.0
40
8.0
1
15
50
0.0
0
TEXT
8
DIM-LABELS
7
STANDARD
10
1309.1922
20
-679.0863
30
0.0
40
5.5
1
75.0'
50
0.0
0
TEXT
8
DIM-LABELS
7
STANDARD
10
1345.1162
20
-724.1165
30
0.0
40
5.5
1
100.0'
50
0.0
0
TEXT
8
DIM-LABELS
7
STANDARD
10
1313.1002
20
-772.0041
30
0.0
40
5.5
1
75.0'
50
0.0
0
TEXT
8
DIM-LABELS
7
STANDARD
10
1277.1762
20
-726.9739
30
0.0
40
5.5
1
100.0'
50
0.0
0
POLYLINE
8
LOT_LINE_APPROX
66
1
70
1
0
VERTEX
8
LOT_LINE_APPROX
10
1346.5120
20
-674.0136
30
0.0
0
VERTEX
8
LOT_LINE_APPROX
10
1421.4458
20
-670.8620
30
0.0
0
VERTEX
8
LOT_LINE_APPROX
10
1425.6479
20
-770.7737
30
0.0
0
VERTEX
8
LOT_LINE_APPROX
10
1350.7141
20
-773.9253
30
0.0
0
SEQEND
0
TEXT
8
TEXT-LABELS
7
STANDARD
10
1386.0800
20
-722.3936
30
0.0
40
8.0
1
16
50
0.0
0
TEXT
8
DIM-LABELS
7
STANDARD
10
1384.1260
20
-675.9347
30
0.0
40
5.5
1
75.0'
50
0.0
0
TEXT
8
DIM-LABELS
7
STANDARD
10
1420.0499
20
-720.9649
30
0.0
40
5.5
1
100.0'
50
0.0
0
TEXT
8
DIM-LABELS
7
STANDARD
10
1388.0339
20
-768.8526
30
0.0
40
5.5
1
75.0'
50
0.0
0
TEXT
8
DIM-LABELS
7
STANDARD
10
1352.1100
20
-723.8224
30
0.0
40
5.5
1
100.0'
50
0.0
0
POLYLINE
8
CURVE
66
1
70
0
0
VERTEX
8
CURVE
10
1496.3795
20
-667.7104
30
0.0
0
VERTEX
8
CURVE
10
1496.7914
20
-673.9469
30
0.0
0
VERTEX
8
CURVE
10
1497.1834
20
-680.1846
30
0.0
0
VERTEX
8
CURVE
10
1497.5556
20
-686.4235
30
0.0
0
VERTEX
8
CURVE
10
1497.9078
20
-692.6635
30
0.0
0
VERTEX
8
CURVE
10
1498.2401
20
-698.9047
30
0.0
0
VERTEX
8
CURVE
10
1498.5525
20
-705.1469
30
0.0
0
VERTEX
8
CURVE
10
1498.8450
20
-711.3900
30
0.0
0
VERTEX
8
CURVE
10
1499.1176
20
-717.6341
30
0.0
0
VERTEX
8
CURVE
10
1499.3702
20
-723.8790
30
0.0
0
VERTEX
8
CURVE
10
1499.6030
20
-730.1246
30
0.0
0
VERTEX
8
CURVE
10
1499.8158
20
-736.3710
30
0.0
0
VERTEX
8
CURVE
10
1500.0088
20
-742.6180
30
0.0
0
VERTEX
8
CURVE
10
1500.1818
20
-748.8656
30
0.0
0
VERTEX
8
CURVE
10
1500.3348
20
-755.1137
30
0.0
0
VERTEX
8
CURVE
10
1500.4680
20
-761.3623
30
0.0
0
VERTEX
8
CURVE
10
1500.5812
20
-767.6113
30
0.0
0
SEQEND
0
POLYLINE
8
LOT_LINE
66
1
70
1
0
VERTEX
8
LOT_LINE
10
1421.4458
20
-670.8620
30
0.0
0
VERTEX
8
LOT_LINE
10
1496.3795
20
-667.7104
30
0.0
0
VERTEX
8
LOT_LINE
10
1496.7914
20
-673.9469
30
0.0
0
VERTEX
8
LOT_LINE
10
1497.1834
20
-680.1846
30
0.0
0
VERTEX
8
LOT_LINE
10
1497.5556
20
-686.4235
30
0.0
0
VERTEX
8
LOT_LINE
10
1497.9078
20
-692.6635
30
0.0
0
VERTEX
8
LOT_LINE
10
1498.2401
20
-698.9047
30
0.0
0
VERTEX
8
LOT_LINE
10
1498.5525
20
-705.1469
30
0.0
0
VERTEX
8
LOT_LINE
10
1498.8450
20
-711.3900
30
0.0
0
VERTEX
8
LOT_LINE
10
1499.1176
20
-717.6341
30
0.0
0
VERTEX
8
LOT_LINE
10
1499.3702
20
-723.8790
30
0.0
0
VERTEX
8
LOT_LINE
10
1499.6030
20
-730.1246
30
0.0
0
VERTEX
8
LOT_LINE
10
1499.8158
20
-736.3710
30
0.0
0
VERTEX
8
LOT_LINE
10
1500.0088
20
-742.6180
30
0.0
0
VERTEX
8
LOT_LINE
10
1500.1818
20
-748.8656
30
0.0
0
VERTEX
8
LOT_LINE
10
1500.3348
20
-755.1137
30
0.0
0
VERTEX
8
LOT_LINE
10
1500.4680
20
-761.3623
30
0.0
0
VERTEX
8
LOT_LINE
10
1500.5816
20
-767.6221
30
0.0
0
VERTEX
8
LOT_LINE
10
1425.6479
20
-770.7737
30
0.0
0
SEQEND
0
ARC
8
CURVE
10
-459.0110
20
-799.9947
30
0.0
40
1959.8600
50
0.9464
51
3.8702
0
TEXT
8
TEXT-LABELS
7
STANDARD
10
1461.0137
20
-719.2421
30
0.0
40
8.0
1
17
50
0.0
0
TEXT
8
DIM-LABELS
7
STANDARD
10
1459.0597
20
-672.7831
30
0.0
40
5.5
1
75.0'
50
0.0
0
TEXT
8
DIM-LABELS
7
STANDARD
10
1494.9837
20
-717.8134
30
0.0
40
5.5
1
100.0'
50
0.0
0
TEXT
8
DIM-LABELS
7
STANDARD
10
1462.9677
20
-765.7010
30
0.0
40
5.5
1
75.0'
50
0.0
0
TEXT
8
DIM-LABELS
7
STANDARD
10
1427.0438
20
-720.6708
30
0.0
40
5.5
1
100.0'
50
0.0
0
POLYLINE
8
LOT_LINE
66
1
70
1
0
VERTEX
8
LOT_LINE
10
244.6919
20
-820.4425
30
0.0
0
VERTEX
8
LOT_LINE
10
338.1093
20
-816.5135
30
0.0
0
VERTEX
8
LOT_LINE
10
342.3114
20
-916.4252
30
0.0
0
VERTEX
8
LOT_LINE
10
248.8940
20
-920.3542
30
0.0
0
SEQEND
0
TEXT
8
TEXT-LABELS
7
STANDARD
10
293.5017
20
-868.4338
30
0.0
40
8.0
1
34
50
0.0
0
TEXT
8
DIM-LABELS
7
STANDARD
10
291.5477
20
-821.9749
30
0.0
40
5.5
1
93.5'
50
0.0
0
TEXT
8
DIM-LABELS
7
STANDARD
10
336.7135
20
-866.6164
30
0.0
40
5.5
1
100.0'
50
0.0
0
TEXT
8
DIM-LABELS
7
STANDARD
10
295.4556
20
-914.8928
30
0.0
40
5.5
1
93.5'
50
0.0
0
TEXT
8
DIM-LABELS
7
STANDARD
10
250.2899
20
-870.2512
30
0.0
40
5.5
1
100.0'
50
0.0
0
POLYLINE
8
LOT_LINE_APPROX
66
1
70
1
0
VERTEX
8
LOT_LINE_APPROX
10
338.1093
20
-816.5135
30
0.0
0
VERTEX
8
LOT_LINE_APPROX
10
413.0431
20
-813.3619
30
0.0
0
VERTEX
8
LOT_LINE_APPROX
10
417.2452
20
-913.2736
30
0.0
0
VERTEX
8
LOT_LINE_APPROX
10
342.3114
20
-916.4252
30
0.0
0
SEQEND
0
TEXT
8
TEXT-LABELS
7
STANDARD
10
377.6773
20
-864.8936
30
0.0
40
8.0
1
33
50
0.0
0
TEXT
8
DIM-LABELS
7
STANDARD
10
375.7233
20
-818.4346
30
0.0
40
5.5
1
75.0'
50
0.0
0
TEXT
8
DIM-LABELS
7
STANDARD
10
411.6472
20
-863.4649
30
0.0
40
5.5
1
100.0'
50
0.0
0
TEXT
8
DIM-LABELS
7
STANDARD
10
379.6312
20
-911.3525
30
0.0
40
5.5
1
75.0'
50
0.0
0
TEXT
8
DIM-LABELS
7
STANDARD
10
343.7073
20
-866.3223
30
0.0
40
5.5
1
100.0'
50
0.0
0
POLYLINE
8
LOT_LINE_APPROX
66
1
70
1
0
VERTEX
8
LOT_LINE_APPROX
10
413.0431
20
-813.3619
30
0.0
0
VERTEX
8
LOT_LINE_APPROX
10
487.9768
20
-810.2104
30
0.0
0
VERTEX
8
LOT_LINE_APPROX
10
492.1789
20
-910.1220
30
0.0
0
VERTEX
8
LOT_LINE_APPROX
10
417.2452
20
-913.2736
30
0.0
0
SEQEND
0
TEXT
8
TEXT-LABELS
7
STANDARD
10
452.6110
20
-861.7420
30
0.0
40
8.0
1
32
50
0.0
0
TEXT
8
DIM-LABELS
7
STANDARD
10
450.6570
20
-815.2831
30
0.0
40
5.5
1
75.0'
50
0.0
0
TEXT
8
DIM-LABELS
7
STANDARD
10
486.5810
20
-860.3133
30
0.0
40
5.5
1
100.0'
50
0.0
0
TEXT
8
DIM-LABELS
7
STANDARD
10
454.5650
20
-908.2009
30
0.0
40
5.5
1
75.0'
50
0.0
0
TEXT
8
DIM-LABELS
7
STANDARD
10
418.6410
20
-863.1707
30
0.0
40
5.5
1
100.0'
50
0.0
0
POLYLINE
8
LOT_LINE_APPROX
66
1
70
1
0
VERTEX
8
LOT_LINE_APPROX
10
487.9768
20
-810.2104
30
0.0
0
VERTEX
8
LOT_LINE_APPROX
10
562.9106
20
-807.0588
30
0.0
0
VERTEX
8
LOT_LINE_APPROX
10
567.1127
20
-906.9705
30
0.0
0
VERTEX
8
LOT_LINE_APPROX
10
492.1789
20
-910.1220
30
0.0
0
SEQEND
0
TEXT
8
TEXT-LABELS
7
STANDARD
10
527.5448
20
-858.5904
30
0.0
40
8.0
1
31
50
0.0
0
TEXT
8
DIM-LABELS
7
STANDARD
10
525.5908
20
-812.1315
30
0.0
40
5.5
1
75.0'
50
0.0
0
TEXT
8
DIM-LABELS
7
STANDARD
10
561.5147
20
-857.1617
30
0.0
40
5.5
1
100.0'
50
0.0
0
TEXT
8
DIM-LABELS
7
STANDARD
10
529.4987
20
-905.0494
30
0.0
40
5.5
1
75.0'
50
0.0
0
TEXT
8
DIM-LABELS
7
STANDARD
10
493.5748
20
-860.0191
30
0.0
40
5.5
1
100.0'
50
0.0
0
POLYLINE
8
LOT_LINE_APPROX
66
1
70
1
0
VERTEX
8
LOT_LINE_APPROX
10
562.9106
20
-807.0588
30
0.0
0
VERTEX
8
LOT_LINE_APPROX
10
637.8444
20
-803.9072
30
0.0
0
VERTEX
8
LOT_LINE_APPROX
10
642.0464
20
-903.8189
30
0.0
0
VERTEX
8
LOT_LINE_APPROX
10
567.1127
20
-906.9705
30
0.0
0
SEQEND
0
TEXT
8
TEXT-LABELS
7
STANDARD
10
602.4785
20
-855.4389
30
0.0
40
8.0
1
30
50
0.0
0
TEXT
8
DIM-LABELS
7
STANDARD
10
600.5245
20
-808.9799
30
0.0
40
5.5
1
75.0'
50
0.0
0
TEXT
8
DIM-LABELS
7
STANDARD
10
636.4485
20
-854.0101
30
0.0
40
5.5
1
100.0'
50
0.0
0
TEXT
8
DIM-LABELS
7
STANDARD
10
604.4325
20
-901.8978
30
0.0
40
5.5
1
75.0'
50
0.0
0
TEXT
8
DIM-LABELS
7
STANDARD
10
568.5086
20
-856.8676
30
0.0
40
5.5
1
100.0'
50
0.0
0
POLYLINE
8
LOT_LINE_APPROX
66
1
70
1
0
VERTEX
8
LOT_LINE_APPROX
10
637.8444
20
-803.9072
30
0.0
0
VERTEX
8
LOT_LINE_APPROX
10
712.7781
20
-800.7557
30
0.0
0
VERTEX
8
LOT_LINE_APPROX
10
716.9802
20
-900.6673
30
0.0
0
VERTEX
8
LOT_LINE_APPROX
10
642.0464
20
-903.8189
30
0.0
0
SEQEND
0
TEXT
8
TEXT-LABELS
7
STANDARD
10
677.4123
20
-852.2873
30
0.0
40
8.0
1
29
50
0.0
0
TEXT
8
DIM-LABELS
7
STANDARD
10
675.4583
20
-805.8284
30
0.0
40
5.5
1
75.0'
50
0.0
0
TEXT
8
DIM-LABELS
7
STANDARD
10
711.3822
20
-850.8586
30
0.0
40
5.5
1
100.0'
50
0.0
0
TEXT
8
DIM-LABELS
7
STANDARD
10
679.3663
20
-898.7462
30
0.0
40
5.5
1
75.0'
50
0.0
0
TEXT
8
DIM-LABELS
7
STANDARD
10
643.4423
20
-853.7160
30
0.0
40
5.5
1
100.0'
50
0.0
0
POLYLINE
8
LOT_LINE_APPROX
66
1
70
1
0
VERTEX
8
LOT_LINE_APPROX
10
712.7781
20
-800.7557
30
0.0
0
VERTEX
8
LOT_LINE_APPROX
10
787.7119
20
-797.6041
30
0.0
0
VERTEX
8
LOT_LINE_APPROX
10
791.9140
20
-897.5158
30
0.0
0
VERTEX
8
LOT_LINE_APPROX
10
716.9802
20
-900.6673
30
0.0
0
SEQEND
0
TEXT
8
TEXT-LABELS
7
STANDARD
10
752.3460
20
-849.1357
30
0.0
40
8.0
1
28
50
0.0
0
TEXT
8
DIM-LABELS
7
STANDARD
10
750.3921
20
-802.6768
30
0.0
40
5.5
1
75.0'
50
0.0
0
TEXT
8
DIM-LABELS
7
STANDARD
10
786.3160
20
-847.7070
30
0.0
40
5.5
1
100.0'
50
0.0
0
TEXT
8
DIM-LABELS
7
STANDARD
10
754.3000
20
-895.5946
30
0.0
40
5.5
1
75.0'
50
0.0
0
TEXT
8
DIM-LABELS
7
STANDARD
10
718.3761
20
-850.5644
30
0.0
40
5.5
1
100.0'
50
0.0
0
POLYLINE
8
LOT_LINE_APPROX
66
1
70
1
0
VERTEX
8
LOT_LINE_APPROX
10
787.7119
20
-797.6041
30
0.0
0
VERTEX
8
LOT_LINE_APPROX
10
862.6456
20
-794.4525
30
0.0
0
VERTEX
8
LOT_LINE_APPROX
10
866.8477
20
-894.3642
30
0.0
0
VERTEX
8
LOT_LINE_APPROX
10
791.9140
20
-897.5158
30
0.0
0
SEQEND
0
TEXT
8
TEXT-LABELS
7
STANDARD
10
827.2798
20
-845.9841
30
0.0
40
8.0
1
27
50
0.0
0
TEXT
8
DIM-LABELS
7
STANDARD
10
825.3258
20
-799.5252
30
0.0
40
5.5
1
75.0'
50
0.0
0
TEXT
8
DIM-LABELS
7
STANDARD
10
861.2498
20
-844.5554
30
0.0
40
5.5
1
100.0'
50
0.0
0
TEXT
8
DIM-LABELS
7
STANDARD
10
829.2338
20
-892.4431
30
0.0
40
5.5
1
75.0'
50
0.0
0
TEXT
8
DIM-LABELS
7
STANDARD
10
793.3098
20
-847.4128
30
0.0
40
5.5
1
100.0'
50
0.0
0
POLYLINE
8
CURVE
66
1
70
0
0
VERTEX
8
CURVE
10
941.7815
20
-891.2126
30
0.0
0
VERTEX
8
CURVE
10
936.1184
20
-890.8892
30
0.0
0
VERTEX
8
CURVE
10
930.4515
20
-890.6406
30
0.0
0
VERTEX
8
CURVE
10
924.7819
20
-890.4669
30
0.0
0
VERTEX
8
CURVE
10
919.1104
20
-890.3681
30
0.0
0
VERTEX
8
CURVE
10
913.4382
20
-890.3442
30
0.0
0
VERTEX
8
CURVE
10
907.7661
20
-890.3953
30
0.0
0
VERTEX
8
CURVE
10
902.0952
20
-890.5213
30
0.0
0
VERTEX
8
CURVE
10
896.4264
20
-890.7222
30
0.0
0
VERTEX
8
CURVE
10
890.7608
20
-890.9980
30
0.0
0
VERTEX
8
CURVE
10
885.0994
20
-891.3486
30
0.0
0
VERTEX
8
CURVE
10
879.4430
20
-891.7740
30
0.0
0
VERTEX
8
CURVE
10
873.7928
20
-892.2741
30
0.0
0
VERTEX
8
CURVE
10
868.1497
20
-892.8487
30
0.0
0
VERTEX
8
CURVE
10
862.5146
20
-893.4979
30
0.0
0
VERTEX
8
CURVE
10
856.8887
20
-894.2214
30
0.0
0
VERTEX
8
CURVE
10
851.2728
20
-895.0192
30
0.0
0
SEQEND
0
POLYLINE
8
LOT_LINE_APPROX
66
1
70
1
0
VERTEX
8
LOT_LINE_APPROX
10
862.6456
20
-794.4525
30
0.0
0
VERTEX
8
LOT_LINE_APPROX
10
937.5794
20
-791.3009
30
0.0
0
VERTEX
8
LOT_LINE_APPROX
10
941.7815
20
-891.2126
30
0.0
0
VERTEX
8
LOT_LINE_APPROX
10
936.1184
20
-890.8892
30
0.0
0
VERTEX
8
LOT_LINE_APPROX
10
930.4515
20
-890.6406
30
0.0
0
VERTEX
8
LOT_LINE_APPROX
10
924.7819
20
-890.4669
30
0.0
0
VERTEX
8
LOT_LINE_APPROX
10
919.1104
20
-890.3681
30
0.0
0
VERTEX
8
LOT_LINE_APPROX
10
913.4382
20
-890.3442
30
0.0
0
VERTEX
8
LOT_LINE_APPROX
10
907.7661
20
-890.3953
30
0.0
0
VERTEX
8
LOT_LINE_APPROX
10
902.0952
20
-890.5213
30
0.0
0
VERTEX
8
LOT_LINE_APPROX
10
896.4264
20
-890.7222
30
0.0
0
VERTEX
8
LOT_LINE_APPROX
10
890.7608
20
-890.9980
30
0.0
0
VERTEX
8
LOT_LINE_APPROX
10
885.0994
20
-891.3486
30
0.0
0
VERTEX
8
LOT_LINE_APPROX
10
879.4430
20
-891.7740
30
0.0
0
VERTEX
8
LOT_LINE_APPROX
10
873.7928
20
-892.2741
30
0.0
0
VERTEX
8
LOT_LINE_APPROX
10
868.1497
20
-892.8487
30
0.0
0
VERTEX
8
LOT_LINE_APPROX
10
862.5146
20
-893.4979
30
0.0
0
VERTEX
8
LOT_LINE_APPROX
10
856.8887
20
-894.2214
30
0.0
0
VERTEX
8
LOT_LINE_APPROX
10
866.8477
20
-894.3642
30
0.0
0
SEQEND
0
ARC
8
CURVE
10
922.2878
20
-1320.1299
30
0.0
40
429.3600
50
87.3978
51
97.4189
0
TEXT
8
TEXT-LABELS
7
STANDARD
10
902.2135
20
-842.8326
30
0.0
40
8.0
1
26
50
0.0
0
TEXT
8
DIM-LABELS
7
STANDARD
10
900.2596
20
-796.3736
30
0.0
40
5.5
1
75.0'
50
0.0
0
TEXT
8
DIM-LABELS
7
STANDARD
10
936.1835
20
-841.4038
30
0.0
40
5.5
1
100.0'
50
0.0
0
TEXT
8
DIM-LABELS
7
STANDARD
10
904.1675
20
-889.2915
30
0.0
40
5.5
1
75.0'
50
0.0
0
TEXT
8
DIM-LABELS
7
STANDARD
10
868.2436
20
-844.2613
30
0.0
40
5.5
1
100.0'
50
0.0
0
POLYLINE
8
CURVE
66
1
70
0
0
VERTEX
8
CURVE
10
1016.7152
20
-888.0610
30
0.0
0
VERTEX
8
CURVE
10
1011.0521
20
-887.7376
30
0.0
0
VERTEX
8
CURVE
10
1005.3853
20
-887.4890
30
0.0
0
VERTEX
8
CURVE
10
999.7156
20
-887.3153
30
0.0
0
VERTEX
8
CURVE
10
994.0442
20
-887.2165
30
0.0
0
VERTEX
8
CURVE
10
988.3719
20
-887.1927
30
0.0
0
VERTEX
8
CURVE
10
982.6998
20
-887.2437
30
0.0
0
VERTEX
8
CURVE
10
977.0289
20
-887.3698
30
0.0
0
VERTEX
8
CURVE
10
971.3602
20
-887.5707
30
0.0
0
VERTEX
8
CURVE
10
965.6946
20
-887.8465
30
0.0
0
VERTEX
8
CURVE
10
960.0331
20
-888.1971
30
0.0
0
VERTEX
8
CURVE
10
954.3768
20
-888.6224
30
0.0
0
VERTEX
8
CURVE
10
948.7266
20
-889.1225
30
0.0
0
VERTEX
8
CURVE
10
943.0834
20
-889.6972
30
0.0
0
VERTEX
8
CURVE
10
937.4484
20
-890.3463
30
0.0
0
VERTEX
8
CURVE
10
931.8224
20
-891.0699
30
0.0
0
VERTEX
8
CURVE
10
926.2065
20
-891.8677
30
0.0
0
SEQEND
0
POLYLINE
8
LOT_LINE_APPROX
66
1
70
1
0
VERTEX
8
LOT_LINE_APPROX
10
937.5794
20
-791.3009
30
0.0
0
VERTEX
8
LOT_LINE_APPROX
10
1012.5131
20
-788.1494
30
0.0
0
VERTEX
8
LOT_LINE_APPROX
10
1016.7152
20
-888.0610
30
0.0
0
VERTEX
8
LOT_LINE_APPROX
10
1011.0521
20
-887.7376
30
0.0
0
VERTEX
8
LOT_LINE_APPROX
10
1005.3853
20
-887.4890
30
0.0
0
VERTEX
8
LOT_LINE_APPROX
10
999.7156
20
-887.3153
30
0.0
0
VERTEX
8
LOT_LINE_APPROX
10
994.0442
20
-887.2165
30
0.0
0
VERTEX
8
LOT_LINE_APPROX
10
988.3719
20
-887.1927
30
0.0
0
VERTEX
8
LOT_LINE_APPROX
10
982.6998
20
-887.2437
30
0.0
0
VERTEX
8
LOT_LINE_APPROX
10
977.0289
20
-887.3698
30
0.0
0
VERTEX
8
LOT_LINE_APPROX
10
971.3602
20
-887.5707
30
0.0
0
VERTEX
8
LOT_LINE_APPROX
10
965.6946
20
-887.8465
30
0.0
0
VERTEX
8
LOT_LINE_APPROX
10
960.0331
20
-888.1971
30
0.0
0
VERTEX
8
LOT_LINE_APPROX
10
954.3768
20
-888.6224
30
0.0
0
VERTEX
8
LOT_LINE_APPROX
10
948.7266
20
-889.1225
30
0.0
0
VERTEX
8
LOT_LINE_APPROX
10
943.0834
20
-889.6972
30
0.0
0
VERTEX
8
LOT_LINE_APPROX
10
937.4484
20
-890.3463
30
0.0
0
VERTEX
8
LOT_LINE_APPROX
10
931.8224
20
-891.0699
30
0.0
0
VERTEX
8
LOT_LINE_APPROX
10
941.7815
20
-891.2126
30
0.0
0
SEQEND
0
ARC
8
CURVE
10
997.2215
20
-1316.9783
30
0.0
40
429.3600
50
87.3978
51
97.4189
0
TEXT
8
TEXT-LABELS
7
STANDARD
10
977.1473
20
-839.6810
30
0.0
40
8.0
1
25
50
0.0
0
TEXT
8
DIM-LABELS
7
STANDARD
10
975.1933
20
-793.2221
30
0.0
40
5.5
1
75.0'
50
0.0
0
TEXT
8
DIM-LABELS
7
STANDARD
10
1011.1173
20
-838.2523
30
0.0
40
5.5
1
100.0'
50
0.0
0
TEXT
8
DIM-LABELS
7
STANDARD
10
979.1013
20
-886.1399
30
0.0
40
5.5
1
75.0'
50
0.0
0
TEXT
8
DIM-LABELS
7
STANDARD
10
943.1773
20
-841.1097
30
0.0
40
5.5
1
100.0'
50
0.0
0
POLYLINE
8
CURVE
66
1
70
0
0
VERTEX
8
CURVE
10
1091.6490
20
-884.9095
30
0.0
0
VERTEX
8
CURVE
10
1085.9859
20
-884.5860
30
0.0
0
VERTEX
8
CURVE
10
1080.3190
20
-884.3374
30
0.0
0
VERTEX
8
CURVE
10
1074.6494
20
-884.1637
30
0.0
0
VERTEX
8
CURVE
10
1068.9779
20
-884.0649
30
0.0
0
VERTEX
8
CURVE
10
1063.3057
20
-884.0411
30
0.0
0
VERTEX
8
CURVE
10
1057.6336
20
-884.0922
30
0.0
0
VERTEX
8
CURVE
10
1051.9627
20
-884.2182
30
0.0
0
VERTEX
8
CURVE
10
1046.2939
20
-884.4191
30
0.0
0
VERTEX
8
CURVE
10
1040.6283
20
-884.6949
30
0.0
0
VERTEX
8
CURVE
10
1034.9669
20
-885.0455
30
0.0
0
VERTEX
8
CURVE
10
1029.3105
20
-885.4709
30
0.0
0
VERTEX
8
CURVE
10
1023.6603
20
-885.9709
30
0.0
0
VERTEX
8
CURVE
10
1018.0172
20
-886.5456
30
0.0
0
VERTEX
8
CURVE
10
1012.3822
20
-887.1947
30
0.0
0
VERTEX
8
CURVE
10
1006.7562
20
-887.9183
30
0.0
0
VERTEX
8
CURVE
10
1001.1403
20
-888.7161
30
0.0
0
SEQEND
0
POLYLINE
8
LOT_LINE_APPROX
66
1
70
1
0
VERTEX
8
LOT_LINE_APPROX
10
1012.5131
20
-788.1494
30
0.0
0
VERTEX
8
LOT_LINE_APPROX
10
1087.4469
20
-784.9978
30
0.0
0
VERTEX
8
LOT_LINE_APPROX
10
1091.6490
20
-884.9095
30
0.0
0
VERTEX
8
LOT_LINE_APPROX
10
1085.9859
20
-884.5860
30
0.0
0
VERTEX
8
LOT_LINE_APPROX
10
1080.3190
20
-884.3374
30
0.0
0
VERTEX
8
LOT_LINE_APPROX
10
1074.6494
20
-884.1637
30
0.0
0
VERTEX
8
LOT_LINE_APPROX
10
1068.9779
20
-884.0649
30
0.0
0
VERTEX
8
LOT_LINE_APPROX
10
1063.3057
20
-884.0411
30
0.0
0
VERTEX
8
LOT_LINE_APPROX
10
1057.6336
20
-884.0922
30
0.0
0
VERTEX
8
LOT_LINE_APPROX
10
1051.9627
20
-884.2182
30
0.0
0
VERTEX
8
LOT_LINE_APPROX
10
1046.2939
20
-884.4191
30
0.0
0
VERTEX
8
LOT_LINE_APPROX
10
1040.6283
20
-884.6949
30
0.0
0
VERTEX
8
LOT_LINE_APPROX
10
1034.9669
20
-885.0455
30
0.0
0
VERTEX
8
LOT_LINE_APPROX
10
1029.3105
20
-885.4709
30
0.0
0
VERTEX
8
LOT_LINE_APPROX
10
1023.6603
20
-885.9709
30
0.0
0
VERTEX
8
LOT_LINE_APPROX
10
1018.0172
20
-886.5456
30
0.0
0
VERTEX
8
LOT_LINE_APPROX
10
1012.3822
20
-887.1947
30
0.0
0
VERTEX
8
LOT_LINE_APPROX
10
1006.7562
20
-887.9183
30
0.0
0
VERTEX
8
LOT_LINE_APPROX
10
1016.7152
20
-888.0610
30
0.0
0
SEQEND
0
ARC
8
CURVE
10
1072.1553
20
-1313.8267
30
0.0
40
429.3600
50
87.3978
51
97.4189
0
TEXT
8
TEXT-LABELS
7
STANDARD
10
1052.0811
20
-836.5294
30
0.0
40
8.0
1
24
50
0.0
0
TEXT
8
DIM-LABELS
7
STANDARD
10
1050.1271
20
-790.0705
30
0.0
40
5.5
1
75.0'
50
0.0
0
TEXT
8
DIM-LABELS
7
STANDARD
10
1086.0510
20
-835.1007
30
0.0
40
5.5
1
100.0'
50
0.0
0
TEXT
8
DIM-LABELS
7
STANDARD
10
1054.0350
20
-882.9883
30
0.0
40
5.5
1
75.0'
50
0.0
0
TEXT
8
DIM-LABELS
7
STANDARD
10
1018.1111
20
-837.9581
30
0.0
40
5.5
1
100.0'
50
0.0
0
POLYLINE
8
LOT_LINE_APPROX
66
1
70
1
0
VERTEX
8
LOT_LINE_APPROX
10
1087.4469
20
-784.9978
30
0.0
0
VERTEX
8
LOT_LINE_APPROX
10
1162.3806
20
-781.8462
30
0.0
0
VERTEX
8
LOT_LINE_APPROX
10
1166.5827
20
-881.7579
30
0.0
0
VERTEX
8
LOT_LINE_APPROX
10
1091.6490
20
-884.9095
30
0.0
0
SEQEND
0
TEXT
8
TEXT-LABELS
7
STANDARD
10
1127.0148
20
-833.3778
30
0.0
40
8.0
1
23
50
0.0
0
TEXT
8
DIM-LABELS
7
STANDARD
10
1125.0608
20
-786.9189
30
0.0
40
5.5
1
75.0'
50
0.0
0
TEXT
8
DIM-LABELS
7
STANDARD
10
1160.9848
20
-831.9491
30
0.0
40
5.5
1
100.0'
50
0.0
0
TEXT
8
DIM-LABELS
7
STANDARD
10
1128.9688
20
-879.8368
30
0.0
40
5.5
1
75.0'
50
0.0
0
TEXT
8
DIM-LABELS
7
STANDARD
10
1093.0448
20
-834.8066
30
0.0
40
5.5
1
100.0'
50
0.0
0
POLYLINE
8
LOT_LINE_APPROX
66
1
70
1
0
VERTEX
8
LOT_LINE_APPROX
10
1162.3806
20
-781.8462
30
0.0
0
VERTEX
8
LOT_LINE_APPROX
10
1237.3144
20
-778.6946
30
0.0
0
VERTEX
8
LOT_LINE_APPROX
10
1241.5165
20
-878.6063
30
0.0
0
VERTEX
8
LOT_LINE_APPROX
10
1166.5827
20
-881.7579
30
0.0
0
SEQEND
0
TEXT
8
TEXT-LABELS
7
STANDARD
10
1201.9486
20
-830.2263
30
0.0
40
8.0
1
22
50
0.0
0
TEXT
8
DIM-LABELS
7
STANDARD
10
1199.9946
20
-783.7673
30
0.0
40
5.5
1
75.0'
50
0.0
0
TEXT
8
DIM-LABELS
7
STANDARD
10
1235.9185
20
-828.7976
30
0.0
40
5.5
1
100.0'
50
0.0
0
TEXT
8
DIM-LABELS
7
STANDARD
10
1203.9025
20
-876.6852
30
0.0
40
5.5
1
75.0'
50
0.0
0
TEXT
8
DIM-LABELS
7
STANDARD
10
1167.9786
20
-831.6550
30
0.0
40
5.5
1
100.0'
50
0.0
0
POLYLINE
8
LOT_LINE_APPROX
66
1
70
1
0
VERTEX
8
LOT_LINE_APPROX
10
1237.3144
20
-778.6946
30
0.0
0
VERTEX
8
LOT_LINE_APPROX
10
1312.2481
20
-775.5431
30
0.0
0
VERTEX
8
LOT_LINE_APPROX
10
1316.4502
20
-875.4547
30
0.0
0
VERTEX
8
LOT_LINE_APPROX
10
1241.5165
20
-878.6063
30
0.0
0
SEQEND
0
TEXT
8
TEXT-LABELS
7
STANDARD
10
1276.8823
20
-827.0747
30
0.0
40
8.0
1
21
50
0.0
0
TEXT
8
DIM-LABELS
7
STANDARD
10
1274.9283
20
-780.6158
30
0.0
40
5.5
1
75.0'
50
0.0
0
TEXT
8
DIM-LABELS
7
STANDARD
10
1310.8523
20
-825.6460
30
0.0
40
5.5
1
100.0'
50
0.0
0
TEXT
8
DIM-LABELS
7
STANDARD
10
1278.8363
20
-873.5336
30
0.0
40
5.5
1
75.0'
50
0.0
0
TEXT
8
DIM-LABELS
7
STANDARD
10
1242.9123
20
-828.5034
30
0.0
40
5.5
1
100.0'
50
0.0
0
POLYLINE
8
LOT_LINE_APPROX
66
1
70
1
0
VERTEX
8
LOT_LINE_APPROX
10
1312.2481
20
-775.5431
30
0.0
0
VERTEX
8
LOT_LINE_APPROX
10
1387.1819
20
-772.3915
30
0.0
0
VERTEX
8
LOT_LINE_APPROX
10
1391.3840
20
-872.3032
30
0.0
0
VERTEX
8
LOT_LINE_APPROX
10
1316.4502
20
-875.4547
30
0.0
0
SEQEND
0
TEXT
8
TEXT-LABELS
7
STANDARD
10
1351.8161
20
-823.9231
30
0.0
40
8.0
1
20
50
0.0
0
TEXT
8
DIM-LABELS
7
STANDARD
10
1349.8621
20
-777.4642
30
0.0
40
5.5
1
75.0'
50
0.0
0
TEXT
8
DIM-LABELS
7
STANDARD
10
1385.7860
20
-822.4944
30
0.0
40
5.5
1
100.0'
50
0.0
0
TEXT
8
DIM-LABELS
7
STANDARD
10
1353.7700
20
-870.3821
30
0.0
40
5.5
1
75.0'
50
0.0
0
TEXT
8
DIM-LABELS
7
STANDARD
10
1317.8461
20
-825.3518
30
0.0
40
5.5
1
100.0'
50
0.0
0
POLYLINE
8
LOT_LINE_APPROX
66
1
70
1
0
VERTEX
8
LOT_LINE_APPROX
10
1387.1819
20
-772.3915
30
0.0
0
VERTEX
8
LOT_LINE_APPROX
10
1462.1157
20
-769.2399
30
0.0
0
VERTEX
8
LOT_LINE_APPROX
10
1466.3177
20
-869.1516
30
0.0
0
VERTEX
8
LOT_LINE_APPROX
10
1391.3840
20
-872.3032
30
0.0
0
SEQEND
0
TEXT
8
TEXT-LABELS
7
STANDARD
10
1426.7498
20
-820.7716
30
0.0
40
8.0
1
19
50
0.0
0
TEXT
8
DIM-LABELS
7
STANDARD
10
1424.7958
20
-774.3126
30
0.0
40
5.5
1
75.0'
50
0.0
0
TEXT
8
DIM-LABELS
7
STANDARD
10
1460.7198
20
-819.3428
30
0.0
40
5.5
1
100.0'
50
0.0
0
TEXT
8
DIM-LABELS
7
STANDARD
10
1428.7038
20
-867.2305
30
0.0
40
5.5
1
75.0'
50
0.0
0
TEXT
8
DIM-LABELS
7
STANDARD
10
1392.7799
20
-822.2003
30
0.0
40
5.5
1
100.0'
50
0.0
0
POLYLINE
8
CURVE
66
1
70
0
0
VERTEX
8
CURVE
10
1537.0494
20
-766.0884
30
0.0
0
VERTEX
8
CURVE
10
1537.4613
20
-772.3248
30
0.0
0
VERTEX
8
CURVE
10
1537.8533
20
-778.5625
30
0.0
0
VERTEX
8
CURVE
10
1538.2254
20
-784.8014
30
0.0
0
VERTEX
8
CURVE
10
1538.5776
20
-791.0414
30
0.0
0
VERTEX
8
CURVE
10
1538.9099
20
-797.2826
30
0.0
0
VERTEX
8
CURVE
10
1539.2223
20
-803.5248
30
0.0
0
VERTEX
8
CURVE
10
1539.5148
20
-809.7679
30
0.0
0
VERTEX
8
CURVE
10
1539.7874
20
-816.0120
30
0.0
0
VERTEX
8
CURVE
10
1540.0401
20
-822.2569
30
0.0
0
VERTEX
8
CURVE
10
1540.2729
20
-828.5025
30
0.0
0
VERTEX
8
CURVE
10
1540.4857
20
-834.7489
30
0.0
0
VERTEX
8
CURVE
10
1540.6786
20
-840.9959
30
0.0
0
VERTEX
8
CURVE
10
1540.8516
20
-847.2435
30
0.0
0
VERTEX
8
CURVE
10
1541.0047
20
-853.4916
30
0.0
0
VERTEX
8
CURVE
10
1541.1378
20
-859.7402
30
0.0
0
VERTEX
8
CURVE
10
1541.2510
20
-865.9892
30
0.0
0
SEQEND
0
POLYLINE
8
LOT_LINE
66
1
70
1
0
VERTEX
8
LOT_LINE
10
1462.1157
20
-769.2399
30
0.0
0
VERTEX
8
LOT_LINE
10
1537.0494
20
-766.0884
30
0.0
0
VERTEX
8
LOT_LINE
10
1537.4613
20
-772.3248
30
0.0
0
VERTEX
8
LOT_LINE
10
1537.8533
20
-778.5625
30
0.0
0
VERTEX
8
LOT_LINE
10
1538.2254
20
-784.8014
30
0.0
0
VERTEX
8
LOT_LINE
10
1538.5776
20
-791.0414
30
0.0
0
VERTEX
8
LOT_LINE
10
1538.9099
20
-797.2826
30
0.0
0
VERTEX
8
LOT_LINE
10
1539.2223
20
-803.5248
30
0.0
0
VERTEX
8
LOT_LINE
10
1539.5148
20
-809.7679
30
0.0
0
VERTEX
8
LOT_LINE
10
1539.7874
20
-816.0120
30
0.0
0
VERTEX
8
LOT_LINE
10
1540.0401
20
-822.2569
30
0.0
0
VERTEX
8
LOT_LINE
10
1540.2729
20
-828.5025
30
0.0
0
VERTEX
8
LOT_LINE
10
1540.4857
20
-834.7489
30
0.0
0
VERTEX
8
LOT_LINE
10
1540.6786
20
-840.9959
30
0.0
0
VERTEX
8
LOT_LINE
10
1540.8516
20
-847.2435
30
0.0
0
VERTEX
8
LOT_LINE
10
1541.0047
20
-853.4916
30
0.0
0
VERTEX
8
LOT_LINE
10
1541.1378
20
-859.7402
30
0.0
0
VERTEX
8
LOT_LINE
10
1541.2515
20
-866.0000
30
0.0
0
VERTEX
8
LOT_LINE
10
1466.3177
20
-869.1516
30
0.0
0
SEQEND
0
ARC
8
CURVE
10
-418.3411
20
-898.3726
30
0.0
40
1959.8600
50
0.9464
51
3.8702
0
TEXT
8
TEXT-LABELS
7
STANDARD
10
1501.6836
20
-817.6200
30
0.0
40
8.0
1
18
50
0.0
0
TEXT
8
DIM-LABELS
7
STANDARD
10
1499.7296
20
-771.1611
30
0.0
40
5.5
1
75.0'
50
0.0
0
TEXT
8
DIM-LABELS
7
STANDARD
10
1535.6535
20
-816.1913
30
0.0
40
5.5
1
100.0'
50
0.0
0
TEXT
8
DIM-LABELS
7
STANDARD
10
1503.6376
20
-864.0789
30
0.0
40
5.5
1
75.0'
50
0.0
0
TEXT
8
DIM-LABELS
7
STANDARD
10
1467.7136
20
-819.0487
30
0.0
40
5.5
1
100.0'
50
0.0
0
POLYLINE
8
LOT_LINE_APPROX
66
1
70
1
0
VERTEX
8
LOT_LINE_APPROX
10
615.7382
20
-764.4560
30
0.0
0
VERTEX
8
LOT_LINE_APPROX
10
699.2886
20
-823.6252
30
0.0
0
VERTEX
8
LOT_LINE_APPROX
10
641.4948
20
-905.2334
30
0.0
0
VERTEX
8
LOT_LINE_APPROX
10
557.9444
20
-846.0641
30
0.0
0
SEQEND
0
TEXT
8
TEXT-LABELS
7
STANDARD
10
628.6165
20
-834.8447
30
0.0
40
8.0
1
1
50
0.0
0
TEXT
8
DIM-LABELS
7
STANDARD
10
655.4906
20
-796.8969
30
0.0
40
5.5
1
102.4'
50
0.0
0
TEXT
8
DIM-LABELS
7
STANDARD
10
667.5354
20
-862.4065
30
0.0
40
5.5
1
100.0'
50
0.0
0
TEXT
8
DIM-LABELS
7
STANDARD
10
601.7424
20
-872.7925
30
0.0
40
5.5
1
102.4'
50
0.0
0
TEXT
8
DIM-LABELS
7
STANDARD
10
589.6976
20
-807.2829
30
0.0
40
5.5
1
100.0'
50
0.0
0
POLYLINE
8
LOT_LINE_APPROX
66
1
70
1
0
VERTEX
8
LOT_LINE_APPROX
10
699.2886
20
-823.6252
30
0.0
0
VERTEX
8
LOT_LINE_APPROX
10
760.4946
20
-866.9705
30
0.0
0
VERTEX
8
LOT_LINE_APPROX
10
702.7009
20
-948.5787
30
0.0
0
VERTEX
8
LOT_LINE_APPROX
10
641.4948
20
-905.2334
30
0.0
0
SEQEND
0
TEXT
8
TEXT-LABELS
7
STANDARD
10
700.9947
20
-886.1020
30
0.0
40
8.0
1
2
50
0.0
0
TEXT
8
DIM-LABELS
7
STANDARD
10
727.8688
20
-848.1542
30
0.0
40
5.5
1
75.0'
50
0.0
0
TEXT
8
DIM-LABELS
7
STANDARD
10
728.7415
20
-905.7518
30
0.0
40
5.5
1
100.0'
50
0.0
0
TEXT
8
DIM-LABELS
7
STANDARD
10
674.1206
20
-924.0497
30
0.0
40
5.5
1
75.0'
50
0.0
0
TEXT
8
DIM-LABELS
7
STANDARD
10
673.2480
20
-866.4521
30
0.0
40
5.5
1
100.0'
50
0.0
0
POLYLINE
8
LOT_LINE_APPROX
66
1
70
1
0
VERTEX
8
LOT_LINE_APPROX
10
760.4946
20
-866.9705
30
0.0
0
VERTEX
8
LOT_LINE_APPROX
10
821.7007
20
-910.3159
30
0.0
0
VERTEX
8
LOT_LINE_APPROX
10
763.9070
20
-991.9240
30
0.0
0
VERTEX
8
LOT_LINE_APPROX
10
702.7009
20
-948.5787
30
0.0
0
SEQEND
0
TEXT
8
TEXT-LABELS
7
STANDARD
10
762.2008
20
-929.4473
30
0.0
40
8.0
1
3
50
0.0
0
TEXT
8
DIM-LABELS
7
STANDARD
10
789.0749
20
-891.4995
30
0.0
40
5.5
1
75.0'
50
0.0
0
TEXT
8
DIM-LABELS
7
STANDARD
10
789.9476
20
-949.0971
30
0.0
40
5.5
1
100.0'
50
0.0
0
TEXT
8
DIM-LABELS
7
STANDARD
10
735.3267
20
-967.3950
30
0.0
40
5.5
1
75.0'
50
0.0
0
TEXT
8
DIM-LABELS
7
STANDARD
10
734.4541
20
-909.7974
30
0.0
40
5.5
1
100.0'
50
0.0
0
POLYLINE
8
LOT_LINE_APPROX
66
1
70
1
0
VERTEX
8
LOT_LINE_APPROX
10
821.7007
20
-910.3159
30
0.0
0
VERTEX
8
LOT_LINE_APPROX
10
882.9068
20
-953.6612
30
0.0
0
VERTEX
8
LOT_LINE_APPROX
10
825.1131
20
-1035.2693
30
0.0
0
VERTEX
8
LOT_LINE_APPROX
10
763.9070
20
-991.9240
30
0.0
0
SEQEND
0
TEXT
8
TEXT-LABELS
7
STANDARD
10
823.4069
20
-972.7926
30
0.0
40
8.0
1
4
50
0.0
0
TEXT
8
DIM-LABELS
7
STANDARD
10
850.2810
20
-934.8448
30
0.0
40
5.5
1
75.0'
50
0.0
0
TEXT
8
DIM-LABELS
7
STANDARD
10
851.1536
20
-992.4424
30
0.0
40
5.5
1
100.0'
50
0.0
0
TEXT
8
DIM-LABELS
7
STANDARD
10
796.5328
20
-1010.7403
30
0.0
40
5.5
1
75.0'
50
0.0
0
TEXT
8
DIM-LABELS
7
STANDARD
10
795.6601
20
-953.1427
30
0.0
40
5.5
1
100.0'
50
0.0
0
POLYLINE
8
LOT_LINE_APPROX
66
1
70
1
0
VERTEX
8
LOT_LINE_APPROX
10
882.9068
20
-953.6612
30
0.0
0
VERTEX
8
LOT_LINE_APPROX
10
944.1129
20
-997.0065
30
0.0
0
VERTEX
8
LOT_LINE_APPROX
10
886.3191
20
-1078.6146
30
0.0
0
VERTEX
8
LOT_LINE_APPROX
10
825.1131
20
-1035.2693
30
0.0
0
SEQEND
0
TEXT
8
TEXT-LABELS
7
STANDARD
10
884.6130
20
-1016.1379
30
0.0
40
8.0
1
5
50
0.0
0
TEXT
8
DIM-LABELS
7
STANDARD
10
911.4871
20
-978.1901
30
0.0
40
5.5
1
75.0'
50
0.0
0
TEXT
8
DIM-LABELS
7
STANDARD
10
912.3597
20
-1035.7877
30
0.0
40
5.5
1
100.0'
50
0.0
0
TEXT
8
DIM-LABELS
7
STANDARD
10
857.7389
20
-1054.0856
30
0.0
40
5.5
1
75.0'
50
0.0
0
TEXT
8
DIM-LABELS
7
STANDARD
10
856.8662
20
-996.4880
30
0.0
40
5.5
1
100.0'
50
0.0
0
POLYLINE
8
LOT_LINE_APPROX
66
1
70
1
0
VERTEX
8
LOT_LINE_APPROX
10
944.1129
20
-997.0065
30
0.0
0
VERTEX
8
LOT_LINE_APPROX
10
1005.3190
20
-1040.3518
30
0.0
0
VERTEX
8
LOT_LINE_APPROX
10
947.5252
20
-1121.9599
30
0.0
0
VERTEX
8
LOT_LINE_APPROX
10
886.3191
20
-1078.6146
30
0.0
0
SEQEND
0
TEXT
8
TEXT-LABELS
7
STANDARD
10
945.8191
20
-1059.4832
30
0.0
40
8.0
1
6
50
0.0
0
TEXT
8
DIM-LABELS
7
STANDARD
10
972.6931
20
-1021.5354
30
0.0
40
5.5
1
75.0'
50
0.0
0
TEXT
8
DIM-LABELS
7
STANDARD
10
973.5658
20
-1079.1330
30
0.0
40
5.5
1
100.0'
50
0.0
0
TEXT
8
DIM-LABELS
7
STANDARD
10
918.9450
20
-1097.4309
30
0.0
40
5.5
1
75.0'
50
0.0
0
TEXT
8
DIM-LABELS
7
STANDARD
10
918.0723
20
-1039.8333
30
0.0
40
5.5
1
100.0'
50
0.0
0
POLYLINE
8
LOT_LINE_APPROX
66
1
70
1
0
VERTEX
8
LOT_LINE_APPROX
10
1005.3190
20
-1040.3518
30
0.0
0
VERTEX
8
LOT_LINE_APPROX
10
1066.5251
20
-1083.6971
30
0.0
0
VERTEX
8
LOT_LINE_APPROX
10
1008.7313
20
-1165.3052
30
0.0
0
VERTEX
8
LOT_LINE_APPROX
10
947.5252
20
-1121.9599
30
0.0
0
SEQEND
0
TEXT
8
TEXT-LABELS
7
STANDARD
10
1007.0251
20
-1102.8285
30
0.0
40
8.0
1
7
50
0.0
0
TEXT
8
DIM-LABELS
7
STANDARD
10
1033.8992
20
-1064.8807
30
0.0
40
5.5
1
75.0'
50
0.0
0
TEXT
8
DIM-LABELS
7
STANDARD
10
1034.7719
20
-1122.4783
30
0.0
40
5.5
1
100.0'
50
0.0
0
TEXT
8
DIM-LABELS
7
STANDARD
10
980.1511
20
-1140.7762
30
0.0
40
5.5
1
75.0'
50
0.0
0
TEXT
8
DIM-LABELS
7
STANDARD
10
979.2784
20
-1083.1786
30
0.0
40
5.5
1
100.0'
50
0.0
0
POLYLINE
8
LOT_LINE_APPROX
66
1
70
1
0
VERTEX
8
LOT_LINE_APPROX
10
1066.5251
20
-1083.6971
30
0.0
0
VERTEX
8
LOT_LINE_APPROX
10
1127.7311
20
-1127.0424
30
0.0
0
VERTEX
8
LOT_LINE_APPROX
10
1069.9374
20
-1208.6505
30
0.0
0
VERTEX
8
LOT_LINE_APPROX
10
1008.7313
20
-1165.3052
30
0.0
0
SEQEND
0
TEXT
8
TEXT-LABELS
7
STANDARD
10
1068.2312
20
-1146.1738
30
0.0
40
8.0
1
8
50
0.0
0
TEXT
8
DIM-LABELS
7
STANDARD
10
1095.1053
20
-1108.2260
30
0.0
40
5.5
1
75.0'
50
0.0
0
TEXT
8
DIM-LABELS
7
STANDARD
10
1095.9780
20
-1165.8236
30
0.0
40
5.5
1
100.0'
50
0.0
0
TEXT
8
DIM-LABELS
7
STANDARD
10
1041.3571
20
-1184.1215
30
0.0
40
5.5
1
75.0'
50
0.0
0
TEXT
8
DIM-LABELS
7
STANDARD
10
1040.4845
20
-1126.5239
30
0.0
40
5.5
1
100.0'
50
0.0
0
POLYLINE
8
LOT_LINE_APPROX
66
1
70
1
0
VERTEX
8
LOT_LINE_APPROX
10
1127.7311
20
-1127.0424
30
0.0
0
VERTEX
8
LOT_LINE_APPROX
10
1188.9372
20
-1170.3877
30
0.0
0
VERTEX
8
LOT_LINE_APPROX
10
1131.1435
20
-1251.9958
30
0.0
0
VERTEX
8
LOT_LINE_APPROX
10
1069.9374
20
-1208.6505
30
0.0
0
SEQEND
0
TEXT
8
TEXT-LABELS
7
STANDARD
10
1129.4373
20
-1189.5191
30
0.0
40
8.0
1
9
50
0.0
0
TEXT
8
DIM-LABELS
7
STANDARD
10
1156.3114
20
-1151.5713
30
0.0
40
5.5
1
75.0'
50
0.0
0
TEXT
8
DIM-LABELS
7
STANDARD
10
1157.1841
20
-1209.1690
30
0.0
40
5.5
1
100.0'
50
0.0
0
TEXT
8
DIM-LABELS
7
STANDARD
10
1102.5632
20
-1227.4669
30
0.0
40
5.5
1
75.0'
50
0.0
0
TEXT
8
DIM-LABELS
7
STANDARD
10
1101.6905
20
-1169.8692
30
0.0
40
5.5
1
100.0'
50
0.0
0
POLYLINE
8
LOT_LINE_APPROX
66
1
70
1
0
VERTEX
8
LOT_LINE_APPROX
10
1188.9372
20
-1170.3877
30
0.0
0
VERTEX
8
LOT_LINE_APPROX
10
1250.1433
20
-1213.7330
30
0.0
0
VERTEX
8
LOT_LINE_APPROX
10
1192.3496
20
-1295.3411
30
0.0
0
VERTEX
8
LOT_LINE_APPROX
10
1131.1435
20
-1251.9958
30
0.0
0
SEQEND
0
TEXT
8
TEXT-LABELS
7
STANDARD
10
1190.6434
20
-1232.8644
30
0.0
40
8.0
1
10
50
0.0
0
TEXT
8
DIM-LABELS
7
STANDARD
10
1217.5175
20
-1194.9166
30
0.0
40
5.5
1
75.0'
50
0.0
0
TEXT
8
DIM-LABELS
7
STANDARD
10
1218.3901
20
-1252.5143
30
0.0
40
5.5
1
100.0'
50
0.0
0
TEXT
8
DIM-LABELS
7
STANDARD
10
1163.7693
20
-1270.8122
30
0.0
40
5.5
1
75.0'
50
0.0
0
TEXT
8
DIM-LABELS
7
STANDARD
10
1162.8966
20
-1213.2145
30
0.0
40
5.5
1
100.0'
50
0.0
0
POLYLINE
8
LOT_LINE_APPROX
66
1
70
1
0
VERTEX
8
LOT_LINE_APPROX
10
1250.1433
20
-1213.7330
30
0.0
0
VERTEX
8
LOT_LINE_APPROX
10
1311.3494
20
-1257.0783
30
0.0
0
VERTEX
8
LOT_LINE_APPROX
10
1253.5556
20
-1338.6864
30
0.0
0
VERTEX
8
LOT_LINE_APPROX
10
1192.3496
20
-1295.3411
30
0.0
0
SEQEND
0
TEXT
8
TEXT-LABELS
7
STANDARD
10
1251.8495
20
-1276.2097
30
0.0
40
8.0
1
11
50
0.0
0
TEXT
8
DIM-LABELS
7
STANDARD
10
1278.7236
20
-1238.2619
30
0.0
40
5.5
1
75.0'
50
0.0
0
TEXT
8
DIM-LABELS
7
STANDARD
10
1279.5962
20
-1295.8596
30
0.0
40
5.5
1
100.0'
50
0.0
0
TEXT
8
DIM-LABELS
7
STANDARD
10
1224.9754
20
-1314.1575
30
0.0
40
5.5
1
75.0'
50
0.0
0
TEXT
8
DIM-LABELS
7
STANDARD
10
1224.1027
20
-1256.5598
30
0.0
40
5.5
1
100.0'
50
0.0
0
POLYLINE
8
CURVE
66
1
70
0
0
VERTEX
8
CURVE
10
1372.5555
20
-1300.4236
30
0.0
0
VERTEX
8
CURVE
10
1369.0664
20
-1305.6090
30
0.0
0
VERTEX
8
CURVE
10
1365.5608
20
-1310.7833
30
0.0
0
VERTEX
8
CURVE
10
1362.0387
20
-1315.9464
30
0.0
0
VERTEX
8
CURVE
10
1358.5001
20
-1321.0982
30
0.0
0
VERTEX
8
CURVE
10
1354.9452
20
-1326.2387
30
0.0
0
VERTEX
8
CURVE
10
1351.3738
20
-1331.3678
30
0.0
0
VERTEX
8
CURVE
10
1347.7862
20
-1336.4856
30
0.0
0
VERTEX
8
CURVE
10
1344.1822
20
-1341.5918
30
0.0
0
VERTEX
8
CURVE
10
1340.5620
20
-1346.6865
30
0.0
0
VERTEX
8
CURVE
10
1336.9255
20
-1351.7697
30
0.0
0
VERTEX
8
CURVE
10
1333.2728
20
-1356.8413
30
0.0
0
VERTEX
8
CURVE
10
1329.6040
20
-1361.9011
30
0.0
0
VERTEX
8
CURVE
10
1325.9191
20
-1366.9493
30
0.0
0
VERTEX
8
CURVE
10
1322.2181
20
-1371.9856
30
0.0
0
VERTEX
8
CURVE
10
1318.5010
20
-1377.0102
30
0.0
0
VERTEX
8
CURVE
10
1314.7680
20
-1382.0229
30
0.0
0
SEQEND
0
POLYLINE
8
LOT_LINE_APPROX
66
1
70
1
0
VERTEX
8
LOT_LINE_APPROX
10
1311.3494
20
-1257.0783
30
0.0
0
VERTEX
8
LOT_LINE_APPROX
10
1372.5555
20
-1300.4236
30
0.0
0
VERTEX
8
LOT_LINE_APPROX
10
1369.0664
20
-1305.6090
30
0.0
0
VERTEX
8
LOT_LINE_APPROX
10
1365.5608
20
-1310.7833
30
0.0
0
VERTEX
8
LOT_LINE_APPROX
10
1362.0387
20
-1315.9464
30
0.0
0
VERTEX
8
LOT_LINE_APPROX
10
1358.5001
20
-1321.0982
30
0.0
0
VERTEX
8
LOT_LINE_APPROX
10
1354.9452
20
-1326.2387
30
0.0
0
VERTEX
8
LOT_LINE_APPROX
10
1351.3738
20
-1331.3678
30
0.0
0
VERTEX
8
LOT_LINE_APPROX
10
1347.7862
20
-1336.4856
30
0.0
0
VERTEX
8
LOT_LINE_APPROX
10
1344.1822
20
-1341.5918
30
0.0
0
VERTEX
8
LOT_LINE_APPROX
10
1340.5620
20
-1346.6865
30
0.0
0
VERTEX
8
LOT_LINE_APPROX
10
1336.9255
20
-1351.7697
30
0.0
0
VERTEX
8
LOT_LINE_APPROX
10
1333.2728
20
-1356.8413
30
0.0
0
VERTEX
8
LOT_LINE_APPROX
10
1329.6040
20
-1361.9011
30
0.0
0
VERTEX
8
LOT_LINE_APPROX
10
1325.9191
20
-1366.9493
30
0.0
0
VERTEX
8
LOT_LINE_APPROX
10
1322.2181
20
-1371.9856
30
0.0
0
VERTEX
8
LOT_LINE_APPROX
10
1318.5010
20
-1377.0102
30
0.0
0
VERTEX
8
LOT_LINE_APPROX
10
1314.7617
20
-1382.0317
30
0.0
0
VERTEX
8
LOT_LINE_APPROX
10
1253.5556
20
-1338.6864
30
0.0
0
SEQEND
0
ARC
8
CURVE
10
-255.2255
20
-208.9199
30
0.0
40
1959.8600
50
323.2325
51
326.1563
0
TEXT
8
TEXT-LABELS
7
STANDARD
10
1313.0556
20
-1319.5550
30
0.0
40
8.0
1
12
50
0.0
0
TEXT
8
DIM-LABELS
7
STANDARD
10
1339.9296
20
-1281.6072
30
0.0
40
5.5
1
75.0'
50
0.0
0
TEXT
8
DIM-LABELS
7
STANDARD
10
1340.8023
20
-1339.2049
30
0.0
40
5.5
1
100.0'
50
0.0
0
TEXT
8
DIM-LABELS
7
STANDARD
10
1286.1815
20
-1357.5028
30
0.0
40
5.5
1
75.0'
50
0.0
0
TEXT
8
DIM-LABELS
7
STANDARD
10
1285.3088
20
-1299.9051
30
0.0
40
5.5
1
100.0'
50
0.0
0
POLYLINE
8
LOT_LINE_APPROX
66
1
70
1
0
VERTEX
8
LOT_LINE_APPROX
10
557.9444
20
-846.0641
30
0.0
0
VERTEX
8
LOT_LINE_APPROX
10
634.0522
20
-899.9626
30
0.0
0
VERTEX
8
LOT_LINE_APPROX
10
576.2584
20
-981.5707
30
0.0
0
VERTEX
8
LOT_LINE_APPROX
10
500.1507
20
-927.6722
30
0.0
0
SEQEND
0
TEXT
8
TEXT-LABELS
7
STANDARD
10
567.1014
20
-913.8174
30
0.0
40
8.0
1
24
50
0.0
0
TEXT
8
DIM-LABELS
7
STANDARD
10
593.9755
20
-875.8696
30
0.0
40
5.5
1
93.3'
50
0.0
0
TEXT
8
DIM-LABELS
7
STANDARD
10
602.2990
20
-938.7438
30
0.0
40
5.5
1
100.0'
50
0.0
0
TEXT
8
DIM-LABELS
7
STANDARD
10
540.2273
20
-951.7652
30
0.0
40
5.5
1
93.3'
50
0.0
0
TEXT
8
DIM-LABELS
7
STANDARD
10
531.9038
20
-888.8910
30
0.0
40
5.5
1
100.0'
50
0.0
0
POLYLINE
8
LOT_LINE_APPROX
66
1
70
1
0
VERTEX
8
LOT_LINE_APPROX
10
634.0522
20
-899.9626
30
0.0
0
VERTEX
8
LOT_LINE_APPROX
10
695.2582
20
-943.3079
30
0.0
0
VERTEX
8
LOT_LINE_APPROX
10
637.4645
20
-1024.9160
30
0.0
0
VERTEX
8
LOT_LINE_APPROX
10
576.2584
20
-981.5707
30
0.0
0
SEQEND
0
TEXT
8
TEXT-LABELS
7
STANDARD
10
635.7583
20
-962.4393
30
0.0
40
8.0
1
23
50
0.0
0
TEXT
8
DIM-LABELS
7
STANDARD
10
662.6324
20
-924.4915
30
0.0
40
5.5
1
75.0'
50
0.0
0
TEXT
8
DIM-LABELS
7
STANDARD
10
663.5051
20
-982.0891
30
0.0
40
5.5
1
100.0'
50
0.0
0
TEXT
8
DIM-LABELS
7
STANDARD
10
608.8842
20
-1000.3870
30
0.0
40
5.5
1
75.0'
50
0.0
0
TEXT
8
DIM-LABELS
7
STANDARD
10
608.0116
20
-942.7894
30
0.0
40
5.5
1
100.0'
50
0.0
0
POLYLINE
8
LOT_LINE_APPROX
66
1
70
1
0
VERTEX
8
LOT_LINE_APPROX
10
695.2582
20
-943.3079
30
0.0
0
VERTEX
8
LOT_LINE_APPROX
10
756.4643
20
-986.6532
30
0.0
0
VERTEX
8
LOT_LINE_APPROX
10
698.6706
20
-1068.2613
30
0.0
0
VERTEX
8
LOT_LINE_APPROX
10
637.4645
20
-1024.9160
30
0.0
0
SEQEND
0
TEXT
8
TEXT-LABELS
7
STANDARD
10
696.9644
20
-1005.7846
30
0.0
40
8.0
1
22
50
0.0
0
TEXT
8
DIM-LABELS
7
STANDARD
10
723.8385
20
-967.8368
30
0.0
40
5.5
1
75.0'
50
0.0
0
TEXT
8
DIM-LABELS
7
STANDARD
10
724.7112
20
-1025.4344
30
0.0
40
5.5
1
100.0'
50
0.0
0
TEXT
8
DIM-LABELS
7
STANDARD
10
670.0903
20
-1043.7323
30
0.0
40
5.5
1
75.0'
50
0.0
0
TEXT
8
DIM-LABELS
7
STANDARD
10
669.2177
20
-986.1347
30
0.0
40
5.5
1
100.0'
50
0.0
0
POLYLINE
8
LOT_LINE_APPROX
66
1
70
1
0
VERTEX
8
LOT_LINE_APPROX
10
756.4643
20
-986.6532
30
0.0
0
VERTEX
8
LOT_LINE_APPROX
10
817.6704
20
-1029.9985
30
0.0
0
VERTEX
8
LOT_LINE_APPROX
10
759.8767
20
-1111.6066
30
0.0
0
VERTEX
8
LOT_LINE_APPROX
10
698.6706
20
-1068.2613
30
0.0
0
SEQEND
0
TEXT
8
TEXT-LABELS
7
STANDARD
10
758.1705
20
-1049.1299
30
0.0
40
8.0
1
21
50
0.0
0
TEXT
8
DIM-LABELS
7
STANDARD
10
785.0446
20
-1011.1821
30
0.0
40
5.5
1
75.0'
50
0.0
0
TEXT
8
DIM-LABELS
7
STANDARD
10
785.9173
20
-1068.7798
30
0.0
40
5.5
1
100.0'
50
0.0
0
TEXT
8
DIM-LABELS
7
STANDARD
10
731.2964
20
-1087.0777
30
0.0
40
5.5
1
75.0'
50
0.0
0
TEXT
8
DIM-LABELS
7
STANDARD
10
730.4237
20
-1029.4800
30
0.0
40
5.5
1
100.0'
50
0.0
0
POLYLINE
8
LOT_LINE_APPROX
66
1
70
1
0
VERTEX
8
LOT_LINE_APPROX
10
817.6704
20
-1029.9985
30
0.0
0
VERTEX
8
LOT_LINE_APPROX
10
878.8765
20
-1073.3438
30
0.0
0
VERTEX
8
LOT_LINE_APPROX
10
821.0827
20
-1154.9519
30
0.0
0
VERTEX
8
LOT_LINE_APPROX
10
759.8767
20
-1111.6066
30
0.0
0
SEQEND
0
TEXT
8
TEXT-LABELS
7
STANDARD
10
819.3766
20
-1092.4752
30
0.0
40
8.0
1
20
50
0.0
0
TEXT
8
DIM-LABELS
7
STANDARD
10
846.2507
20
-1054.5274
30
0.0
40
5.5
1
75.0'
50
0.0
0
TEXT
8
DIM-LABELS
7
STANDARD
10
847.1233
20
-1112.1251
30
0.0
40
5.5
1
100.0'
50
0.0
0
TEXT
8
DIM-LABELS
7
STANDARD
10
792.5025
20
-1130.4230
30
0.0
40
5.5
1
75.0'
50
0.0
0
TEXT
8
DIM-LABELS
7
STANDARD
10
791.6298
20
-1072.8253
30
0.0
40
5.5
1
100.0'
50
0.0
0
POLYLINE
8
LOT_LINE_APPROX
66
1
70
1
0
VERTEX
8
LOT_LINE_APPROX
10
878.8765
20
-1073.3438
30
0.0
0
VERTEX
8
LOT_LINE_APPROX
10
940.0826
20
-1116.6891
30
0.0
0
VERTEX
8
LOT_LINE_APPROX
10
882.2888
20
-1198.2972
30
0.0
0
VERTEX
8
LOT_LINE_APPROX
10
821.0827
20
-1154.9519
30
0.0
0
SEQEND
0
TEXT
8
TEXT-LABELS
7
STANDARD
10
880.5827
20
-1135.8205
30
0.0
40
8.0
1
19
50
0.0
0
TEXT
8
DIM-LABELS
7
STANDARD
10
907.4567
20
-1097.8727
30
0.0
40
5.5
1
75.0'
50
0.0
0
TEXT
8
DIM-LABELS
7
STANDARD
10
908.3294
20
-1155.4704
30
0.0
40
5.5
1
100.0'
50
0.0
0
TEXT
8
DIM-LABELS
7
STANDARD
10
853.7086
20
-1173.7683
30
0.0
40
5.5
1
75.0'
50
0.0
0
TEXT
8
DIM-LABELS
7
STANDARD
10
852.8359
20
-1116.1706
30
0.0
40
5.5
1
100.0'
50
0.0
0
POLYLINE
8
LOT_LINE_APPROX
66
1
70
1
0
VERTEX
8
LOT_LINE_APPROX
10
940.0826
20
-1116.6891
30
0.0
0
VERTEX
8
LOT_LINE_APPROX
10
1001.2887
20
-1160.0344
30
0.0
0
VERTEX
8
LOT_LINE_APPROX
10
943.4949
20
-1241.6425
30
0.0
0
VERTEX
8
LOT_LINE_APPROX
10
882.2888
20
-1198.2972
30
0.0
0
SEQEND
0
TEXT
8
TEXT-LABELS
7
STANDARD
10
941.7887
20
-1179.1658
30
0.0
40
8.0
1
18
50
0.0
0
TEXT
8
DIM-LABELS
7
STANDARD
10
968.6628
20
-1141.2180
30
0.0
40
5.5
1
75.0'
50
0.0
0
TEXT
8
DIM-LABELS
7
STANDARD
10
969.5355
20
-1198.8157
30
0.0
40
5.5
1
100.0'
50
0.0
0
TEXT
8
DIM-LABELS
7
STANDARD
10
914.9147
20
-1217.1136
30
0.0
40
5.5
1
75.0'
50
0.0
0
TEXT
8
DIM-LABELS
7
STANDARD
10
914.0420
20
-1159.5159
30
0.0
40
5.5
1
100.0'
50
0.0
0
POLYLINE
8
LOT_LINE_APPROX
66
1
70
1
0
VERTEX
8
LOT_LINE_APPROX
10
1001.2887
20
-1160.0344
30
0.0
0
VERTEX
8
LOT_LINE_APPROX
10
1062.4947
20
-1203.3797
30
0.0
0
VERTEX
8
LOT_LINE_APPROX
10
1004.7010
20
-1284.9878
30
0.0
0
VERTEX
8
LOT_LINE_APPROX
10
943.4949
20
-1241.6425
30
0.0
0
SEQEND
0
TEXT
8
TEXT-LABELS
7
STANDARD
10
1002.9948
20
-1222.5111
30
0.0
40
8.0
1
17
50
0.0
0
TEXT
8
DIM-LABELS
7
STANDARD
10
1029.8689
20
-1184.5633
30
0.0
40
5.5
1
75.0'
50
0.0
0
TEXT
8
DIM-LABELS
7
STANDARD
10
1030.7416
20
-1242.1610
30
0.0
40
5.5
1
100.0'
50
0.0
0
TEXT
8
DIM-LABELS
7
STANDARD
10
976.1207
20
-1260.4589
30
0.0
40
5.5
1
75.0'
50
0.0
0
TEXT
8
DIM-LABELS
7
STANDARD
10
975.2481
20
-1202.8612
30
0.0
40
5.5
1
100.0'
50
0.0
0
POLYLINE
8
LOT_LINE_APPROX
66
1
70
1
0
VERTEX
8
LOT_LINE_APPROX
10
1062.4947
20
-1203.3797
30
0.0
0
VERTEX
8
LOT_LINE_APPROX
10
1123.7008
20
-1246.7250
30
0.0
0
VERTEX
8
LOT_LINE_APPROX
10
1065.9071
20
-1328.3331
30
0.0
0
VERTEX
8
LOT_LINE_APPROX
10
1004.7010
20
-1284.9878
30
0.0
0
SEQEND
0
TEXT
8
TEXT-LABELS
7
STANDARD
10
1064.2009
20
-1265.8564
30
0.0
40
8.0
1
16
50
0.0
0
TEXT
8
DIM-LABELS
7
STANDARD
10
1091.0750
20
-1227.9086
30
0.0
40
5.5
1
75.0'
50
0.0
0
TEXT
8
DIM-LABELS
7
STANDARD
10
1091.9477
20
-1285.5063
30
0.0
40
5.5
1
100.0'
50
0.0
0
TEXT
8
DIM-LABELS
7
STANDARD
10
1037.3268
20
-1303.8042
30
0.0
40
5.5
1
75.0'
50
0.0
0
TEXT
8
DIM-LABELS
7
STANDARD
10
1036.4541
20
-1246.2065
30
0.0
40
5.5
1
100.0'
50
0.0
0
POLYLINE
8
LOT_LINE_APPROX
66
1
70
1
0
VERTEX
8
LOT_LINE_APPROX
10
1123.7008
20
-1246.7250
30
0.0
0
VERTEX
8
LOT_LINE_APPROX
10
1184.9069
20
-1290.0703
30
0.0
0
VERTEX
8
LOT_LINE_APPROX
10
1127.1132
20
-1371.6784
30
0.0
0
VERTEX
8
LOT_LINE_APPROX
10
1065.9071
20
-1328.3331
30
0.0
0
SEQEND
0
TEXT
8
TEXT-LABELS
7
STANDARD
10
1125.4070
20
-1309.2017
30
0.0
40
8.0
1
15
50
0.0
0
TEXT
8
DIM-LABELS
7
STANDARD
10
1152.2811
20
-1271.2539
30
0.0
40
5.5
1
75.0'
50
0.0
0
TEXT
8
DIM-LABELS
7
STANDARD
10
1153.1537
20
-1328.8516
30
0.0
40
5.5
1
100.0'
50
0.0
0
TEXT
8
DIM-LABELS
7
STANDARD
10
1098.5329
20
-1347.1495
30
0.0
40
5.5
1
75.0'
50
0.0
0
TEXT
8
DIM-LABELS
7
STANDARD
10
1097.6602
20
-1289.5518
30
0.0
40
5.5
1
100.0'
50
0.0
0
POLYLINE
8
LOT_LINE_APPROX
66
1
70
1
0
VERTEX
8
LOT_LINE_APPROX
10
1184.9069
20
-1290.0703
30
0.0
0
VERTEX
8
LOT_LINE_APPROX
10
1246.1130
20
-1333.4156
30
0.0
0
VERTEX
8
LOT_LINE_APPROX
10
1188.3192
20
-1415.0237
30
0.0
0
VERTEX
8
LOT_LINE_APPROX
10
1127.1132
20
-1371.6784
30
0.0
0
SEQEND
0
TEXT
8
TEXT-LABELS
7
STANDARD
10
1186.6131
20
-1352.5470
30
0.0
40
8.0
1
14
50
0.0
0
TEXT
8
DIM-LABELS
7
STANDARD
10
1213.4872
20
-1314.5992
30
0.0
40
5.5
1
75.0'
50
0.0
0
TEXT
8
DIM-LABELS
7
STANDARD
10
1214.3598
20
-1372.1969
30
0.0
40
5.5
1
100.0'
50
0.0
0
TEXT
8
DIM-LABELS
7
STANDARD
10
1159.7390
20
-1390.4948
30
0.0
40
5.5
1
75.0'
50
0.0
0
TEXT
8
DIM-LABELS
7
STANDARD
10
1158.8663
20
-1332.8971
30
0.0
40
5.5
1
100.0'
50
0.0
0
POLYLINE
8
CURVE
66
1
70
0
0
VERTEX
8
CURVE
10
1307.3191
20
-1376.7609
30
0.0
0
VERTEX
8
CURVE
10
1303.8300
20
-1381.9463
30
0.0
0
VERTEX
8
CURVE
10
1300.3244
20
-1387.1206
30
0.0
0
VERTEX
8
CURVE
10
1296.8023
20
-1392.2837
30
0.0
0
VERTEX
8
CURVE
10
1293.2637
20
-1397.4355
30
0.0
0
VERTEX
8
CURVE
10
1289.7088
20
-1402.5760
30
0.0
0
VERTEX
8
CURVE
10
1286.1374
20
-1407.7051
30
0.0
0
VERTEX
8
CURVE
10
1282.5498
20
-1412.8229
30
0.0
0
VERTEX
8
CURVE
10
1278.9458
20
-1417.9291
30
0.0
0
VERTEX
8
CURVE
10
1275.3256
20
-1423.0239
30
0.0
0
VERTEX
8
CURVE
10
1271.6891
20
-1428.1070
30
0.0
0
VERTEX
8
CURVE
10
1268.0364
20
-1433.1786
30
0.0
0
VERTEX
8
CURVE
10
1264.3676
20
-1438.2385
30
0.0
0
VERTEX
8
CURVE
10
1260.6827
20
-1443.2866
30
0.0
0
VERTEX
8
CURVE
10
1256.9817
20
-1448.3230
30
0.0
0
VERTEX
8
CURVE
10
1253.2646
20
-1453.3475
30
0.0
0
VERTEX
8
CURVE
10
1249.5316
20
-1458.3602
30
0.0
0
SEQEND
0
POLYLINE
8
LOT_LINE_APPROX
66
1
70
1
0
VERTEX
8
LOT_LINE_APPROX
10
1246.1130
20
-1333.4156
30
0.0
0
VERTEX
8
LOT_LINE_APPROX
10
1307.3191
20
-1376.7609
30
0.0
0
VERTEX
8
LOT_LINE_APPROX
10
1303.8300
20
-1381.9463
30
0.0
0
VERTEX
8
LOT_LINE_APPROX
10
1300.3244
20
-1387.1206
30
0.0
0
VERTEX
8
LOT_LINE_APPROX
10
1296.8023
20
-1392.2837
30
0.0
0
VERTEX
8
LOT_LINE_APPROX
10
1293.2637
20
-1397.4355
30
0.0
0
VERTEX
8
LOT_LINE_APPROX
10
1289.7088
20
-1402.5760
30
0.0
0
VERTEX
8
LOT_LINE_APPROX
10
1286.1374
20
-1407.7051
30
0.0
0
VERTEX
8
LOT_LINE_APPROX
10
1282.5498
20
-1412.8229
30
0.0
0
VERTEX
8
LOT_LINE_APPROX
10
1278.9458
20
-1417.9291
30
0.0
0
VERTEX
8
LOT_LINE_APPROX
10
1275.3256
20
-1423.0239
30
0.0
0
VERTEX
8
LOT_LINE_APPROX
10
1271.6891
20
-1428.1070
30
0.0
0
VERTEX
8
LOT_LINE_APPROX
10
1268.0364
20
-1433.1786
30
0.0
0
VERTEX
8
LOT_LINE_APPROX
10
1264.3676
20
-1438.2385
30
0.0
0
VERTEX
8
LOT_LINE_APPROX
10
1260.6827
20
-1443.2866
30
0.0
0
VERTEX
8
LOT_LINE_APPROX
10
1256.9817
20
-1448.3230
30
0.0
0
VERTEX
8
LOT_LINE_APPROX
10
1253.2646
20
-1453.3475
30
0.0
0
VERTEX
8
LOT_LINE_APPROX
10
1249.5253
20
-1458.3690
30
0.0
0
VERTEX
8
LOT_LINE_APPROX
10
1188.3192
20
-1415.0237
30
0.0
0
SEQEND
0
ARC
8
CURVE
10
-320.4619
20
-285.2573
30
0.0
40
1959.8600
50
323.2325
51
326.1563
0
TEXT
8
TEXT-LABELS
7
STANDARD
10
1247.8192
20
-1395.8923
30
0.0
40
8.0
1
13
50
0.0
0
TEXT
8
DIM-LABELS
7
STANDARD
10
1274.6932
20
-1357.9445
30
0.0
40
5.5
1
75.0'
50
0.0
0
TEXT
8
DIM-LABELS
7
STANDARD
10
1275.5659
20
-1415.5422
30
0.0
40
5.5
1
100.0'
50
0.0
0
TEXT
8
DIM-LABELS
7
STANDARD
10
1220.9451
20
-1433.8401
30
0.0
40
5.5
1
75.0'
50
0.0
0
TEXT
8
DIM-LABELS
7
STANDARD
10
1220.0724
20
-1376.2424
30
0.0
40
5.5
1
100.0'
50
0.0
0
POLYLINE
8
LOT_LINE_APPROX
66
1
70
1
0
VERTEX
8
LOT_LINE_APPROX
10
587.6418
20
-1063.1543
30
0.0
0
VERTEX
8
LOT_LINE_APPROX
10
659.8486
20
-1114.2902
30
0.0
0
VERTEX
8
LOT_LINE_APPROX
10
602.0549
20
-1195.8983
30
0.0
0
VERTEX
8
LOT_LINE_APPROX
10
529.8481
20
-1144.7624
30
0.0
0
SEQEND
0
TEXT
8
TEXT-LABELS
7
STANDARD
10
594.8483
20
-1129.5263
30
0.0
40
8.0
1
1
50
0.0
0
TEXT
8
DIM-LABELS
7
STANDARD
10
621.7224
20
-1091.5786
30
0.0
40
5.5
1
88.5'
50
0.0
0
TEXT
8
DIM-LABELS
7
STANDARD
10
628.0955
20
-1153.0715
30
0.0
40
5.5
1
100.0'
50
0.0
0
TEXT
8
DIM-LABELS
7
STANDARD
10
567.9743
20
-1167.4741
30
0.0
40
5.5
1
88.5'
50
0.0
0
TEXT
8
DIM-LABELS
7
STANDARD
10
561.6012
20
-1105.9812
30
0.0
40
5.5
1
100.0'
50
0.0
0
POLYLINE
8
LOT_LINE_APPROX
66
1
70
1
0
VERTEX
8
LOT_LINE_APPROX
10
659.8486
20
-1114.2902
30
0.0
0
VERTEX
8
LOT_LINE_APPROX
10
721.0547
20
-1157.6355
30
0.0
0
VERTEX
8
LOT_LINE_APPROX
10
663.2610
20
-1239.2436
30
0.0
0
VERTEX
8
LOT_LINE_APPROX
10
602.0549
20
-1195.8983
30
0.0
0
SEQEND
0
TEXT
8
TEXT-LABELS
7
STANDARD
10
661.5548
20
-1176.7669
30
0.0
40
8.0
1
2
50
0.0
0
TEXT
8
DIM-LABELS
7
STANDARD
10
688.4289
20
-1138.8192
30
0.0
40
5.5
1
75.0'
50
0.0
0
TEXT
8
DIM-LABELS
7
STANDARD
10
689.3016
20
-1196.4168
30
0.0
40
5.5
1
100.0'
50
0.0
0
TEXT
8
DIM-LABELS
7
STANDARD
10
634.6807
20
-1214.7147
30
0.0
40
5.5
1
75.0'
50
0.0
0
TEXT
8
DIM-LABELS
7
STANDARD
10
633.8081
20
-1157.1171
30
0.0
40
5.5
1
100.0'
50
0.0
0
POLYLINE
8
LOT_LINE_APPROX
66
1
70
1
0
VERTEX
8
LOT_LINE_APPROX
10
721.0547
20
-1157.6355
30
0.0
0
VERTEX
8
LOT_LINE_APPROX
10
782.2608
20
-1200.9808
30
0.0
0
VERTEX
8
LOT_LINE_APPROX
10
724.4671
20
-1282.5889
30
0.0
0
VERTEX
8
LOT_LINE_APPROX
10
663.2610
20
-1239.2436
30
0.0
0
SEQEND
0
TEXT
8
TEXT-LABELS
7
STANDARD
10
722.7609
20
-1220.1122
30
0.0
40
8.0
1
3
50
0.0
0
TEXT
8
DIM-LABELS
7
STANDARD
10
749.6350
20
-1182.1645
30
0.0
40
5.5
1
75.0'
50
0.0
0
TEXT
8
DIM-LABELS
7
STANDARD
10
750.5077
20
-1239.7621
30
0.0
40
5.5
1
100.0'
50
0.0
0
TEXT
8
DIM-LABELS
7
STANDARD
10
695.8868
20
-1258.0600
30
0.0
40
5.5
1
75.0'
50
0.0
0
TEXT
8
DIM-LABELS
7
STANDARD
10
695.0141
20
-1200.4624
30
0.0
40
5.5
1
100.0'
50
0.0
0
POLYLINE
8
LOT_LINE_APPROX
66
1
70
1
0
VERTEX
8
LOT_LINE_APPROX
10
782.2608
20
-1200.9808
30
0.0
0
VERTEX
8
LOT_LINE_APPROX
10
843.4669
20
-1244.3261
30
0.0
0
VERTEX
8
LOT_LINE_APPROX
10
785.6732
20
-1325.9343
30
0.0
0
VERTEX
8
LOT_LINE_APPROX
10
724.4671
20
-1282.5889
30
0.0
0
SEQEND
0
TEXT
8
TEXT-LABELS
7
STANDARD
10
783.9670
20
-1263.4575
30
0.0
40
8.0
1
4
50
0.0
0
TEXT
8
DIM-LABELS
7
STANDARD
10
810.8411
20
-1225.5098
30
0.0
40
5.5
1
75.0'
50
0.0
0
TEXT
8
DIM-LABELS
7
STANDARD
10
811.7137
20
-1283.1074
30
0.0
40
5.5
1
100.0'
50
0.0
0
TEXT
8
DIM-LABELS
7
STANDARD
10
757.0929
20
-1301.4053
30
0.0
40
5.5
1
75.0'
50
0.0
0
TEXT
8
DIM-LABELS
7
STANDARD
10
756.2202
20
-1243.8077
30
0.0
40
5.5
1
100.0'
50
0.0
0
POLYLINE
8
LOT_LINE_APPROX
66
1
70
1
0
VERTEX
8
LOT_LINE_APPROX
10
843.4669
20
-1244.3261
30
0.0
0
VERTEX
8
LOT_LINE_APPROX
10
904.6730
20
-1287.6714
30
0.0
0
VERTEX
8
LOT_LINE_APPROX
10
846.8792
20
-1369.2796
30
0.0
0
VERTEX
8
LOT_LINE_APPROX
10
785.6732
20
-1325.9343
30
0.0
0
SEQEND
0
TEXT
8
TEXT-LABELS
7
STANDARD
10
845.1731
20
-1306.8028
30
0.0
40
8.0
1
5
50
0.0
0
TEXT
8
DIM-LABELS
7
STANDARD
10
872.0472
20
-1268.8551
30
0.0
40
5.5
1
75.0'
50
0.0
0
TEXT
8
DIM-LABELS
7
STANDARD
10
872.9198
20
-1326.4527
30
0.0
40
5.5
1
100.0'
50
0.0
0
TEXT
8
DIM-LABELS
7
STANDARD
10
818.2990
20
-1344.7506
30
0.0
40
5.5
1
75.0'
50
0.0
0
TEXT
8
DIM-LABELS
7
STANDARD
10
817.4263
20
-1287.1530
30
0.0
40
5.5
1
100.0'
50
0.0
0
POLYLINE
8
LOT_LINE_APPROX
66
1
70
1
0
VERTEX
8
LOT_LINE_APPROX
10
904.6730
20
-1287.6714
30
0.0
0
VERTEX
8
LOT_LINE_APPROX
10
965.8791
20
-1331.0168
30
0.0
0
VERTEX
8
LOT_LINE_APPROX
10
908.0853
20
-1412.6249
30
0.0
0
VERTEX
8
LOT_LINE_APPROX
10
846.8792
20
-1369.2796
30
0.0
0
SEQEND
0
TEXT
8
TEXT-LABELS
7
STANDARD
10
906.3792
20
-1350.1482
30
0.0
40
8.0
1
6
50
0.0
0
TEXT
8
DIM-LABELS
7
STANDARD
10
933.2532
20
-1312.2004
30
0.0
40
5.5
1
75.0'
50
0.0
0
TEXT
8
DIM-LABELS
7
STANDARD
10
934.1259
20
-1369.7980
30
0.0
40
5.5
1
100.0'
50
0.0
0
TEXT
8
DIM-LABELS
7
STANDARD
10
879.5051
20
-1388.0959
30
0.0
40
5.5
1
75.0'
50
0.0
0
TEXT
8
DIM-LABELS
7
STANDARD
10
878.6324
20
-1330.4983
30
0.0
40
5.5
1
100.0'
50
0.0
0
POLYLINE
8
LOT_LINE_APPROX
66
1
70
1
0
VERTEX
8
LOT_LINE_APPROX
10
965.8791
20
-1331.0168
30
0.0
0
VERTEX
8
LOT_LINE_APPROX
10
1027.0851
20
-1374.3621
30
0.0
0
VERTEX
8
LOT_LINE_APPROX
10
969.2914
20
-1455.9702
30
0.0
0
VERTEX
8
LOT_LINE_APPROX
10
908.0853
20
-1412.6249
30
0.0
0
SEQEND
0
TEXT
8
TEXT-LABELS
7
STANDARD
10
967.5852
20
-1393.4935
30
0.0
40
8.0
1
7
50
0.0
0
TEXT
8
DIM-LABELS
7
STANDARD
10
994.4593
20
-1355.5457
30
0.0
40
5.5
1
75.0'
50
0.0
0
TEXT
8
DIM-LABELS
7
STANDARD
10
995.3320
20
-1413.1433
30
0.0
40
5.5
1
100.0'
50
0.0
0
TEXT
8
DIM-LABELS
7
STANDARD
10
940.7111
20
-1431.4412
30
0.0
40
5.5
1
75.0'
50
0.0
0
TEXT
8
DIM-LABELS
7
STANDARD
10
939.8385
20
-1373.8436
30
0.0
40
5.5
1
100.0'
50
0.0
0
POLYLINE
8
LOT_LINE_APPROX
66
1
70
1
0
VERTEX
8
LOT_LINE_APPROX
10
1027.0851
20
-1374.3621
30
0.0
0
VERTEX
8
LOT_LINE_APPROX
10
1088.2912
20
-1417.7074
30
0.0
0
VERTEX
8
LOT_LINE_APPROX
10
1030.4975
20
-1499.3155
30
0.0
0
VERTEX
8
LOT_LINE_APPROX
10
969.2914
20
-1455.9702
30
0.0
0
SEQEND
0
TEXT
8
TEXT-LABELS
7
STANDARD
10
1028.7913
20
-1436.8388
30
0.0
40
8.0
1
8
50
0.0
0
TEXT
8
DIM-LABELS
7
STANDARD
10
1055.6654
20
-1398.8910
30
0.0
40
5.5
1
75.0'
50
0.0
0
TEXT
8
DIM-LABELS
7
STANDARD
10
1056.5381
20
-1456.4886
30
0.0
40
5.5
1
100.0'
50
0.0
0
TEXT
8
DIM-LABELS
7
STANDARD
10
1001.9172
20
-1474.7865
30
0.0
40
5.5
1
75.0'
50
0.0
0
TEXT
8
DIM-LABELS
7
STANDARD
10
1001.0446
20
-1417.1889
30
0.0
40
5.5
1
100.0'
50
0.0
0
POLYLINE
8
LOT_LINE_APPROX
66
1
70
1
0
VERTEX
8
LOT_LINE_APPROX
10
1088.2912
20
-1417.7074
30
0.0
0
VERTEX
8
LOT_LINE_APPROX
10
1149.4973
20
-1461.0527
30
0.0
0
VERTEX
8
LOT_LINE_APPROX
10
1091.7036
20
-1542.6608
30
0.0
0
VERTEX
8
LOT_LINE_APPROX
10
1030.4975
20
-1499.3155
30
0.0
0
SEQEND
0
TEXT
8
TEXT-LABELS
7
STANDARD
10
1089.9974
20
-1480.1841
30
0.0
40
8.0
1
9
50
0.0
0
TEXT
8
DIM-LABELS
7
STANDARD
10
1116.8715
20
-1442.2363
30
0.0
40
5.5
1
75.0'
50
0.0
0
TEXT
8
DIM-LABELS
7
STANDARD
10
1117.7442
20
-1499.8339
30
0.0
40
5.5
1
100.0'
50
0.0
0
TEXT
8
DIM-LABELS
7
STANDARD
10
1063.1233
20
-1518.1318
30
0.0
40
5.5
1
75.0'
50
0.0
0
TEXT
8
DIM-LABELS
7
STANDARD
10
1062.2506
20
-1460.5342
30
0.0
40
5.5
1
100.0'
50
0.0
0
POLYLINE
8
CURVE
66
1
70
0
0
VERTEX
8
CURVE
10
1210.7034
20
-1504.3980
30
0.0
0
VERTEX
8
CURVE
10
1207.2143
20
-1509.5834
30
0.0
0
VERTEX
8
CURVE
10
1203.7087
20
-1514.7577
30
0.0
0
VERTEX
8
CURVE
10
1200.1866
20
-1519.9207
30
0.0
0
VERTEX
8
CURVE
10
1196.6480
20
-1525.0726
30
0.0
0
VERTEX
8
CURVE
10
1193.0931
20
-1530.2131
30
0.0
0
VERTEX
8
CURVE
10
1189.5218
20
-1535.3422
30
0.0
0
VERTEX
8
CURVE
10
1185.9341
20
-1540.4599
30
0.0
0
VERTEX
8
CURVE
10
1182.3301
20
-1545.5662
30
0.0
0
VERTEX
8
CURVE
10
1178.7099
20
-1550.6609
30
0.0
0
VERTEX
8
CURVE
10
1175.0734
20
-1555.7441
30
0.0
0
VERTEX
8
CURVE
10
1171.4208
20
-1560.8156
30
0.0
0
VERTEX
8
CURVE
10
1167.7520
20
-1565.8755
30
0.0
0
VERTEX
8
CURVE
10
1164.0670
20
-1570.9237
30
0.0
0
VERTEX
8
CURVE
10
1160.3660
20
-1575.9600
30
0.0
0
VERTEX
8
CURVE
10
1156.6490
20
-1580.9846
30
0.0
0
VERTEX
8
CURVE
10
1152.9159
20
-1585.9972
30
0.0
0
SEQEND
0
POLYLINE
8
LOT_LINE_APPROX
66
1
70
1
0
VERTEX
8
LOT_LINE_APPROX
10
1149.4973
20
-1461.0527
30
0.0
0
VERTEX
8
LOT_LINE_APPROX
10
1210.7034
20
-1504.3980
30
0.0
0
VERTEX
8
LOT_LINE_APPROX
10
1207.2143
20
-1509.5834
30
0.0
0
VERTEX
8
LOT_LINE_APPROX
10
1203.7087
20
-1514.7577
30
0.0
0
VERTEX
8
LOT_LINE_APPROX
10
1200.1866
20
-1519.9207
30
0.0
0
VERTEX
8
LOT_LINE_APPROX
10
1196.6480
20
-1525.0726
30
0.0
0
VERTEX
8
LOT_LINE_APPROX
10
1193.0931
20
-1530.2131
30
0.0
0
VERTEX
8
LOT_LINE_APPROX
10
1189.5218
20
-1535.3422
30
0.0
0
VERTEX
8
LOT_LINE_APPROX
10
1185.9341
20
-1540.4599
30
0.0
0
VERTEX
8
LOT_LINE_APPROX
10
1182.3301
20
-1545.5662
30
0.0
0
VERTEX
8
LOT_LINE_APPROX
10
1178.7099
20
-1550.6609
30
0.0
0
VERTEX
8
LOT_LINE_APPROX
10
1175.0734
20
-1555.7441
30
0.0
0
VERTEX
8
LOT_LINE_APPROX
10
1171.4208
20
-1560.8156
30
0.0
0
VERTEX
8
LOT_LINE_APPROX
10
1167.7520
20
-1565.8755
30
0.0
0
VERTEX
8
LOT_LINE_APPROX
10
1164.0670
20
-1570.9237
30
0.0
0
VERTEX
8
LOT_LINE_APPROX
10
1160.3660
20
-1575.9600
30
0.0
0
VERTEX
8
LOT_LINE_APPROX
10
1156.6490
20
-1580.9846
30
0.0
0
VERTEX
8
LOT_LINE_APPROX
10
1152.9097
20
-1586.0061
30
0.0
0
VERTEX
8
LOT_LINE_APPROX
10
1091.7036
20
-1542.6608
30
0.0
0
SEQEND
0
ARC
8
CURVE
10
-417.0776
20
-412.8943
30
0.0
40
1959.8600
50
323.2325
51
326.1563
0
TEXT
8
TEXT-LABELS
7
STANDARD
10
1151.2035
20
-1523.5294
30
0.0
40
8.0
1
10
50
0.0
0
TEXT
8
DIM-LABELS
7
STANDARD
10
1178.0776
20
-1485.5816
30
0.0
40
5.5
1
75.0'
50
0.0
0
TEXT
8
DIM-LABELS
7
STANDARD
10
1178.9502
20
-1543.1792
30
0.0
40
5.5
1
100.0'
50
0.0
0
TEXT
8
DIM-LABELS
7
STANDARD
10
1124.3294
20
-1561.4771
30
0.0
40
5.5
1
75.0'
50
0.0
0
TEXT
8
DIM-LABELS
7
STANDARD
10
1123.4567
20
-1503.8795
30
0.0
40
5.5
1
100.0'
50
0.0
0
POLYLINE
8
LOT_LINE_APPROX
66
1
70
1
0
VERTEX
8
LOT_LINE_APPROX
10
529.8481
20
-1144.7624
30
0.0
0
VERTEX
8
LOT_LINE_APPROX
10
602.0549
20
-1195.8983
30
0.0
0
VERTEX
8
LOT_LINE_APPROX
10
544.2612
20
-1277.5065
30
0.0
0
VERTEX
8
LOT_LINE_APPROX
10
472.0543
20
-1226.3706
30
0.0
0
SEQEND
0
TEXT
8
TEXT-LABELS
7
STANDARD
10
537.0546
20
-1211.1344
30
0.0
40
8.0
1
20
50
0.0
0
TEXT
8
DIM-LABELS
7
STANDARD
10
563.9287
20
-1173.1867
30
0.0
40
5.5
1
88.5'
50
0.0
0
TEXT
8
DIM-LABELS
7
STANDARD
10
570.3018
20
-1234.6796
30
0.0
40
5.5
1
100.0'
50
0.0
0
TEXT
8
DIM-LABELS
7
STANDARD
10
510.1805
20
-1249.0822
30
0.0
40
5.5
1
88.5'
50
0.0
0
TEXT
8
DIM-LABELS
7
STANDARD
10
503.8075
20
-1187.5893
30
0.0
40
5.5
1
100.0'
50
0.0
0
POLYLINE
8
LOT_LINE_APPROX
66
1
70
1
0
VERTEX
8
LOT_LINE_APPROX
10
602.0549
20
-1195.8983
30
0.0
0
VERTEX
8
LOT_LINE_APPROX
10
663.2610
20
-1239.2436
30
0.0
0
VERTEX
8
LOT_LINE_APPROX
10
605.4673
20
-1320.8518
30
0.0
0
VERTEX
8
LOT_LINE_APPROX
10
544.2612
20
-1277.5065
30
0.0
0
SEQEND
0
TEXT
8
TEXT-LABELS
7
STANDARD
10
603.7611
20
-1258.3750
30
0.0
40
8.0
1
19
50
0.0
0
TEXT
8
DIM-LABELS
7
STANDARD
10
630.6352
20
-1220.4273
30
0.0
40
5.5
1
75.0'
50
0.0
0
TEXT
8
DIM-LABELS
7
STANDARD
10
631.5078
20
-1278.0249
30
0.0
40
5.5
1
100.0'
50
0.0
0
TEXT
8
DIM-LABELS
7
STANDARD
10
576.8870
20
-1296.3228
30
0.0
40
5.5
1
75.0'
50
0.0
0
TEXT
8
DIM-LABELS
7
STANDARD
10
576.0143
20
-1238.7252
30
0.0
40
5.5
1
100.0'
50
0.0
0
POLYLINE
8
LOT_LINE_APPROX
66
1
70
1
0
VERTEX
8
LOT_LINE_APPROX
10
663.2610
20
-1239.2436
30
0.0
0
VERTEX
8
LOT_LINE_APPROX
10
724.4671
20
-1282.5889
30
0.0
0
VERTEX
8
LOT_LINE_APPROX
10
666.6733
20
-1364.1971
30
0.0
0
VERTEX
8
LOT_LINE_APPROX
10
605.4673
20
-1320.8518
30
0.0
0
SEQEND
0
TEXT
8
TEXT-LABELS
7
STANDARD
10
664.9672
20
-1301.7204
30
0.0
40
8.0
1
18
50
0.0
0
TEXT
8
DIM-LABELS
7
STANDARD
10
691.8413
20
-1263.7726
30
0.0
40
5.5
1
75.0'
50
0.0
0
TEXT
8
DIM-LABELS
7
STANDARD
10
692.7139
20
-1321.3702
30
0.0
40
5.5
1
100.0'
50
0.0
0
TEXT
8
DIM-LABELS
7
STANDARD
10
638.0931
20
-1339.6681
30
0.0
40
5.5
1
75.0'
50
0.0
0
TEXT
8
DIM-LABELS
7
STANDARD
10
637.2204
20
-1282.0705
30
0.0
40
5.5
1
100.0'
50
0.0
0
POLYLINE
8
LOT_LINE_APPROX
66
1
70
1
0
VERTEX
8
LOT_LINE_APPROX
10
724.4671
20
-1282.5889
30
0.0
0
VERTEX
8
LOT_LINE_APPROX
10
785.6732
20
-1325.9343
30
0.0
0
VERTEX
8
LOT_LINE_APPROX
10
727.8794
20
-1407.5424
30
0.0
0
VERTEX
8
LOT_LINE_APPROX
10
666.6733
20
-1364.1971
30
0.0
0
SEQEND
0
TEXT
8
TEXT-LABELS
7
STANDARD
10
726.1732
20
-1345.0657
30
0.0
40
8.0
1
17
50
0.0
0
TEXT
8
DIM-LABELS
7
STANDARD
10
753.0473
20
-1307.1179
30
0.0
40
5.5
1
75.0'
50
0.0
0
TEXT
8
DIM-LABELS
7
STANDARD
10
753.9200
20
-1364.7155
30
0.0
40
5.5
1
100.0'
50
0.0
0
TEXT
8
DIM-LABELS
7
STANDARD
10
699.2992
20
-1383.0134
30
0.0
40
5.5
1
75.0'
50
0.0
0
TEXT
8
DIM-LABELS
7
STANDARD
10
698.4265
20
-1325.4158
30
0.0
40
5.5
1
100.0'
50
0.0
0
POLYLINE
8
LOT_LINE_APPROX
66
1
70
1
0
VERTEX
8
LOT_LINE_APPROX
10
785.6732
20
-1325.9343
30
0.0
0
VERTEX
8
LOT_LINE_APPROX
10
846.8792
20
-1369.2796
30
0.0
0
VERTEX
8
LOT_LINE_APPROX
10
789.0855
20
-1450.8877
30
0.0
0
VERTEX
8
LOT_LINE_APPROX
10
727.8794
20
-1407.5424
30
0.0
0
SEQEND
0
TEXT
8
TEXT-LABELS
7
STANDARD
10
787.3793
20
-1388.4110
30
0.0
40
8.0
1
16
50
0.0
0
TEXT
8
DIM-LABELS
7
STANDARD
10
814.2534
20
-1350.4632
30
0.0
40
5.5
1
75.0'
50
0.0
0
TEXT
8
DIM-LABELS
7
STANDARD
10
815.1261
20
-1408.0608
30
0.0
40
5.5
1
100.0'
50
0.0
0
TEXT
8
DIM-LABELS
7
STANDARD
10
760.5052
20
-1426.3587
30
0.0
40
5.5
1
75.0'
50
0.0
0
TEXT
8
DIM-LABELS
7
STANDARD
10
759.6326
20
-1368.7611
30
0.0
40
5.5
1
100.0'
50
0.0
0
POLYLINE
8
LOT_LINE_APPROX
66
1
70
1
0
VERTEX
8
LOT_LINE_APPROX
10
846.8792
20
-1369.2796
30
0.0
0
VERTEX
8
LOT_LINE_APPROX
10
908.0853
20
-1412.6249
30
0.0
0
VERTEX
8
LOT_LINE_APPROX
10
850.2916
20
-1494.2330
30
0.0
0
VERTEX
8
LOT_LINE_APPROX
10
789.0855
20
-1450.8877
30
0.0
0
SEQEND
0
TEXT
8
TEXT-LABELS
7
STANDARD
10
848.5854
20
-1431.7563
30
0.0
40
8.0
1
15
50
0.0
0
TEXT
8
DIM-LABELS
7
STANDARD
10
875.4595
20
-1393.8085
30
0.0
40
5.5
1
75.0'
50
0.0
0
TEXT
8
DIM-LABELS
7
STANDARD
10
876.3322
20
-1451.4061
30
0.0
40
5.5
1
100.0'
50
0.0
0
TEXT
8
DIM-LABELS
7
STANDARD
10
821.7113
20
-1469.7040
30
0.0
40
5.5
1
75.0'
50
0.0
0
TEXT
8
DIM-LABELS
7
STANDARD
10
820.8387
20
-1412.1064
30
0.0
40
5.5
1
100.0'
50
0.0
0
POLYLINE
8
LOT_LINE_APPROX
66
1
70
1
0
VERTEX
8
LOT_LINE_APPROX
10
908.0853
20
-1412.6249
30
0.0
0
VERTEX
8
LOT_LINE_APPROX
10
969.2914
20
-1455.9702
30
0.0
0
VERTEX
8
LOT_LINE_APPROX
10
911.4977
20
-1537.5783
30
0.0
0
VERTEX
8
LOT_LINE_APPROX
10
850.2916
20
-1494.2330
30
0.0
0
SEQEND
0
TEXT
8
TEXT-LABELS
7
STANDARD
10
909.7915
20
-1475.1016
30
0.0
40
8.0
1
14
50
0.0
0
TEXT
8
DIM-LABELS
7
STANDARD
10
936.6656
20
-1437.1538
30
0.0
40
5.5
1
75.0'
50
0.0
0
TEXT
8
DIM-LABELS
7
STANDARD
10
937.5383
20
-1494.7514
30
0.0
40
5.5
1
100.0'
50
0.0
0
TEXT
8
DIM-LABELS
7
STANDARD
10
882.9174
20
-1513.0493
30
0.0
40
5.5
1
75.0'
50
0.0
0
TEXT
8
DIM-LABELS
7
STANDARD
10
882.0447
20
-1455.4517
30
0.0
40
5.5
1
100.0'
50
0.0
0
POLYLINE
8
LOT_LINE_APPROX
66
1
70
1
0
VERTEX
8
LOT_LINE_APPROX
10
969.2914
20
-1455.9702
30
0.0
0
VERTEX
8
LOT_LINE_APPROX
10
1030.4975
20
-1499.3155
30
0.0
0
VERTEX
8
LOT_LINE_APPROX
10
972.7037
20
-1580.9236
30
0.0
0
VERTEX
8
LOT_LINE_APPROX
10
911.4977
20
-1537.5783
30
0.0
0
SEQEND
0
TEXT
8
TEXT-LABELS
7
STANDARD
10
970.9976
20
-1518.4469
30
0.0
40
8.0
1
13
50
0.0
0
TEXT
8
DIM-LABELS
7
STANDARD
10
997.8717
20
-1480.4991
30
0.0
40
5.5
1
75.0'
50
0.0
0
TEXT
8
DIM-LABELS
7
STANDARD
10
998.7443
20
-1538.0967
30
0.0
40
5.5
1
100.0'
50
0.0
0
TEXT
8
DIM-LABELS
7
STANDARD
10
944.1235
20
-1556.3946
30
0.0
40
5.5
1
75.0'
50
0.0
0
TEXT
8
DIM-LABELS
7
STANDARD
10
943.2508
20
-1498.7970
30
0.0
40
5.5
1
100.0'
50
0.0
0
POLYLINE
8
LOT_LINE_APPROX
66
1
70
1
0
VERTEX
8
LOT_LINE_APPROX
10
1030.4975
20
-1499.3155
30
0.0
0
VERTEX
8
LOT_LINE_APPROX
10
1091.7036
20
-1542.6608
30
0.0
0
VERTEX
8
LOT_LINE_APPROX
10
1033.9098
20
-1624.2689
30
0.0
0
VERTEX
8
LOT_LINE_APPROX
10
972.7037
20
-1580.9236
30
0.0
0
SEQEND
0
TEXT
8
TEXT-LABELS
7
STANDARD
10
1032.2037
20
-1561.7922
30
0.0
40
8.0
1
12
50
0.0
0
TEXT
8
DIM-LABELS
7
STANDARD
10
1059.0777
20
-1523.8444
30
0.0
40
5.5
1
75.0'
50
0.0
0
TEXT
8
DIM-LABELS
7
STANDARD
10
1059.9504
20
-1581.4420
30
0.0
40
5.5
1
100.0'
50
0.0
0
TEXT
8
DIM-LABELS
7
STANDARD
10
1005.3296
20
-1599.7399
30
0.0
40
5.5
1
75.0'
50
0.0
0
TEXT
8
DIM-LABELS
7
STANDARD
10
1004.4569
20
-1542.1423
30
0.0
40
5.5
1
100.0'
50
0.0
0
POLYLINE
8
CURVE
66
1
70
0
0
VERTEX
8
CURVE
10
1152.9097
20
-1586.0061
30
0.0
0
VERTEX
8
CURVE
10
1149.4206
20
-1591.1915
30
0.0
0
VERTEX
8
CURVE
10
1145.9149
20
-1596.3658
30
0.0
0
VERTEX
8
CURVE
10
1142.3929
20
-1601.5289
30
0.0
0
VERTEX
8
CURVE
10
1138.8543
20
-1606.6807
30
0.0
0
VERTEX
8
CURVE
10
1135.2994
20
-1611.8212
30
0.0
0
VERTEX
8
CURVE
10
1131.7280
20
-1616.9503
30
0.0
0
VERTEX
8
CURVE
10
1128.1404
20
-1622.0680
30
0.0
0
VERTEX
8
CURVE
10
1124.5364
20
-1627.1743
30
0.0
0
VERTEX
8
CURVE
10
1120.9162
20
-1632.2690
30
0.0
0
VERTEX
8
CURVE
10
1117.2797
20
-1637.3522
30
0.0
0
VERTEX
8
CURVE
10
1113.6270
20
-1642.4238
30
0.0
0
VERTEX
8
CURVE
10
1109.9582
20
-1647.4836
30
0.0
0
VERTEX
8
CURVE
10
1106.2733
20
-1652.5318
30
0.0
0
VERTEX
8
CURVE
10
1102.5723
20
-1657.5681
30
0.0
0
VERTEX
8
CURVE
10
1098.8552
20
-1662.5927
30
0.0
0
VERTEX
8
CURVE
10
1095.1222
20
-1667.6053
30
0.0
0
SEQEND
0
POLYLINE
8
LOT_LINE_APPROX
66
1
70
1
0
VERTEX
8
LOT_LINE_APPROX
10
1091.7036
20
-1542.6608
30
0.0
0
VERTEX
8
LOT_LINE_APPROX
10
1152.9097
20
-1586.0061
30
0.0
0
VERTEX
8
LOT_LINE_APPROX
10
1149.4206
20
-1591.1915
30
0.0
0
VERTEX
8
LOT_LINE_APPROX
10
1145.9149
20
-1596.3658
30
0.0
0
VERTEX
8
LOT_LINE_APPROX
10
1142.3929
20
-1601.5289
30
0.0
0
VERTEX
8
LOT_LINE_APPROX
10
1138.8543
20
-1606.6807
30
0.0
0
VERTEX
8
LOT_LINE_APPROX
10
1135.2994
20
-1611.8212
30
0.0
0
VERTEX
8
LOT_LINE_APPROX
10
1131.7280
20
-1616.9503
30
0.0
0
VERTEX
8
LOT_LINE_APPROX
10
1128.1404
20
-1622.0680
30
0.0
0
VERTEX
8
LOT_LINE_APPROX
10
1124.5364
20
-1627.1743
30
0.0
0
VERTEX
8
LOT_LINE_APPROX
10
1120.9162
20
-1632.2690
30
0.0
0
VERTEX
8
LOT_LINE_APPROX
10
1117.2797
20
-1637.3522
30
0.0
0
VERTEX
8
LOT_LINE_APPROX
10
1113.6270
20
-1642.4238
30
0.0
0
VERTEX
8
LOT_LINE_APPROX
10
1109.9582
20
-1647.4836
30
0.0
0
VERTEX
8
LOT_LINE_APPROX
10
1106.2733
20
-1652.5318
30
0.0
0
VERTEX
8
LOT_LINE_APPROX
10
1102.5723
20
-1657.5681
30
0.0
0
VERTEX
8
LOT_LINE_APPROX
10
1098.8552
20
-1662.5927
30
0.0
0
VERTEX
8
LOT_LINE_APPROX
10
1095.1159
20
-1667.6142
30
0.0
0
VERTEX
8
LOT_LINE_APPROX
10
1033.9098
20
-1624.2689
30
0.0
0
SEQEND
0
ARC
8
CURVE
10
-474.8714
20
-494.5024
30
0.0
40
1959.8600
50
323.2325
51
326.1563
0
TEXT
8
TEXT-LABELS
7
STANDARD
10
1093.4097
20
-1605.1375
30
0.0
40
8.0
1
11
50
0.0
0
TEXT
8
DIM-LABELS
7
STANDARD
10
1120.2838
20
-1567.1897
30
0.0
40
5.5
1
75.0'
50
0.0
0
TEXT
8
DIM-LABELS
7
STANDARD
10
1121.1565
20
-1624.7874
30
0.0
40
5.5
1
100.0'
50
0.0
0
TEXT
8
DIM-LABELS
7
STANDARD
10
1066.5357
20
-1643.0853
30
0.0
40
5.5
1
75.0'
50
0.0
0
TEXT
8
DIM-LABELS
7
STANDARD
10
1065.6630
20
-1585.4876
30
0.0
40
5.5
1
100.0'
50
0.0
0
POLYLINE
8
LOT_LINE_APPROX
66
1
70
1
0
VERTEX
8
LOT_LINE_APPROX
10
554.8793
20
-1211.5040
30
0.0
0
VERTEX
8
LOT_LINE_APPROX
10
624.2462
20
-1260.6287
30
0.0
0
VERTEX
8
LOT_LINE_APPROX
10
566.4525
20
-1342.2368
30
0.0
0
VERTEX
8
LOT_LINE_APPROX
10
497.0856
20
-1293.1121
30
0.0
0
SEQEND
0
TEXT
8
TEXT-LABELS
7
STANDARD
10
560.6659
20
-1276.8704
30
0.0
40
8.0
1
1
50
0.0
0
TEXT
8
DIM-LABELS
7
STANDARD
10
587.5400
20
-1238.9226
30
0.0
40
5.5
1
85.0'
50
0.0
0
TEXT
8
DIM-LABELS
7
STANDARD
10
592.4931
20
-1299.4099
30
0.0
40
5.5
1
100.0'
50
0.0
0
TEXT
8
DIM-LABELS
7
STANDARD
10
533.7918
20
-1314.8182
30
0.0
40
5.5
1
85.0'
50
0.0
0
TEXT
8
DIM-LABELS
7
STANDARD
10
528.8388
20
-1254.3308
30
0.0
40
5.5
1
100.0'
50
0.0
0
POLYLINE
8
LOT_LINE_APPROX
66
1
70
1
0
VERTEX
8
LOT_LINE_APPROX
10
624.2462
20
-1260.6287
30
0.0
0
VERTEX
8
LOT_LINE_APPROX
10
685.4523
20
-1303.9740
30
0.0
0
VERTEX
8
LOT_LINE_APPROX
10
627.6586
20
-1385.5821
30
0.0
0
VERTEX
8
LOT_LINE_APPROX
10
566.4525
20
-1342.2368
30
0.0
0
SEQEND
0
TEXT
8
TEXT-LABELS
7
STANDARD
10
625.9524
20
-1323.1054
30
0.0
40
8.0
1
2
50
0.0
0
TEXT
8
DIM-LABELS
7
STANDARD
10
652.8265
20
-1285.1576
30
0.0
40
5.5
1
75.0'
50
0.0
0
TEXT
8
DIM-LABELS
7
STANDARD
10
653.6992
20
-1342.7552
30
0.0
40
5.5
1
100.0'
50
0.0
0
TEXT
8
DIM-LABELS
7
STANDARD
10
599.0783
20
-1361.0531
30
0.0
40
5.5
1
75.0'
50
0.0
0
TEXT
8
DIM-LABELS
7
STANDARD
10
598.2056
20
-1303.4555
30
0.0
40
5.5
1
100.0'
50
0.0
0
POLYLINE
8
LOT_LINE_APPROX
66
1
70
1
0
VERTEX
8
LOT_LINE_APPROX
10
685.4523
20
-1303.9740
30
0.0
0
VERTEX
8
LOT_LINE_APPROX
10
746.6584
20
-1347.3193
30
0.0
0
VERTEX
8
LOT_LINE_APPROX
10
688.8647
20
-1428.9274
30
0.0
0
VERTEX
8
LOT_LINE_APPROX
10
627.6586
20
-1385.5821
30
0.0
0
SEQEND
0
TEXT
8
TEXT-LABELS
7
STANDARD
10
687.1585
20
-1366.4507
30
0.0
40
8.0
1
3
50
0.0
0
TEXT
8
DIM-LABELS
7
STANDARD
10
714.0326
20
-1328.5029
30
0.0
40
5.5
1
75.0'
50
0.0
0
TEXT
8
DIM-LABELS
7
STANDARD
10
714.9052
20
-1386.1006
30
0.0
40
5.5
1
100.0'
50
0.0
0
TEXT
8
DIM-LABELS
7
STANDARD
10
660.2844
20
-1404.3985
30
0.0
40
5.5
1
75.0'
50
0.0
0
TEXT
8
DIM-LABELS
7
STANDARD
10
659.4117
20
-1346.8008
30
0.0
40
5.5
1
100.0'
50
0.0
0
POLYLINE
8
LOT_LINE_APPROX
66
1
70
1
0
VERTEX
8
LOT_LINE_APPROX
10
746.6584
20
-1347.3193
30
0.0
0
VERTEX
8
LOT_LINE_APPROX
10
807.8645
20
-1390.6646
30
0.0
0
VERTEX
8
LOT_LINE_APPROX
10
750.0707
20
-1472.2727
30
0.0
0
VERTEX
8
LOT_LINE_APPROX
10
688.8647
20
-1428.9274
30
0.0
0
SEQEND
0
TEXT
8
TEXT-LABELS
7
STANDARD
10
748.3646
20
-1409.7960
30
0.0
40
8.0
1
4
50
0.0
0
TEXT
8
DIM-LABELS
7
STANDARD
10
775.2387
20
-1371.8482
30
0.0
40
5.5
1
75.0'
50
0.0
0
TEXT
8
DIM-LABELS
7
STANDARD
10
776.1113
20
-1429.4459
30
0.0
40
5.5
1
100.0'
50
0.0
0
TEXT
8
DIM-LABELS
7
STANDARD
10
721.4905
20
-1447.7438
30
0.0
40
5.5
1
75.0'
50
0.0
0
TEXT
8
DIM-LABELS
7
STANDARD
10
720.6178
20
-1390.1461
30
0.0
40
5.5
1
100.0'
50
0.0
0
POLYLINE
8
LOT_LINE_APPROX
66
1
70
1
0
VERTEX
8
LOT_LINE_APPROX
10
807.8645
20
-1390.6646
30
0.0
0
VERTEX
8
LOT_LINE_APPROX
10
869.0706
20
-1434.0099
30
0.0
0
VERTEX
8
LOT_LINE_APPROX
10
811.2768
20
-1515.6180
30
0.0
0
VERTEX
8
LOT_LINE_APPROX
10
750.0707
20
-1472.2727
30
0.0
0
SEQEND
0
TEXT
8
TEXT-LABELS
7
STANDARD
10
809.5707
20
-1453.1413
30
0.0
40
8.0
1
5
50
0.0
0
TEXT
8
DIM-LABELS
7
STANDARD
10
836.4447
20
-1415.1935
30
0.0
40
5.5
1
75.0'
50
0.0
0
TEXT
8
DIM-LABELS
7
STANDARD
10
837.3174
20
-1472.7912
30
0.0
40
5.5
1
100.0'
50
0.0
0
TEXT
8
DIM-LABELS
7
STANDARD
10
782.6966
20
-1491.0891
30
0.0
40
5.5
1
75.0'
50
0.0
0
TEXT
8
DIM-LABELS
7
STANDARD
10
781.8239
20
-1433.4914
30
0.0
40
5.5
1
100.0'
50
0.0
0
POLYLINE
8
LOT_LINE_APPROX
66
1
70
1
0
VERTEX
8
LOT_LINE_APPROX
10
869.0706
20
-1434.0099
30
0.0
0
VERTEX
8
LOT_LINE_APPROX
10
930.2766
20
-1477.3552
30
0.0
0
VERTEX
8
LOT_LINE_APPROX
10
872.4829
20
-1558.9633
30
0.0
0
VERTEX
8
LOT_LINE_APPROX
10
811.2768
20
-1515.6180
30
0.0
0
SEQEND
0
TEXT
8
TEXT-LABELS
7
STANDARD
10
870.7767
20
-1496.4866
30
0.0
40
8.0
1
6
50
0.0
0
TEXT
8
DIM-LABELS
7
STANDARD
10
897.6508
20
-1458.5388
30
0.0
40
5.5
1
75.0'
50
0.0
0
TEXT
8
DIM-LABELS
7
STANDARD
10
898.5235
20
-1516.1365
30
0.0
40
5.5
1
100.0'
50
0.0
0
TEXT
8
DIM-LABELS
7
STANDARD
10
843.9027
20
-1534.4344
30
0.0
40
5.5
1
75.0'
50
0.0
0
TEXT
8
DIM-LABELS
7
STANDARD
10
843.0300
20
-1476.8367
30
0.0
40
5.5
1
100.0'
50
0.0
0
POLYLINE
8
LOT_LINE_APPROX
66
1
70
1
0
VERTEX
8
LOT_LINE_APPROX
10
930.2766
20
-1477.3552
30
0.0
0
VERTEX
8
LOT_LINE_APPROX
10
991.4827
20
-1520.7005
30
0.0
0
VERTEX
8
LOT_LINE_APPROX
10
933.6890
20
-1602.3086
30
0.0
0
VERTEX
8
LOT_LINE_APPROX
10
872.4829
20
-1558.9633
30
0.0
0
SEQEND
0
TEXT
8
TEXT-LABELS
7
STANDARD
10
931.9828
20
-1539.8319
30
0.0
40
8.0
1
7
50
0.0
0
TEXT
8
DIM-LABELS
7
STANDARD
10
958.8569
20
-1501.8841
30
0.0
40
5.5
1
75.0'
50
0.0
0
TEXT
8
DIM-LABELS
7
STANDARD
10
959.7296
20
-1559.4818
30
0.0
40
5.5
1
100.0'
50
0.0
0
TEXT
8
DIM-LABELS
7
STANDARD
10
905.1087
20
-1577.7797
30
0.0
40
5.5
1
75.0'
50
0.0
0
TEXT
8
DIM-LABELS
7
STANDARD
10
904.2361
20
-1520.1820
30
0.0
40
5.5
1
100.0'
50
0.0
0
POLYLINE
8
CURVE
66
1
70
0
0
VERTEX
8
CURVE
10
1052.6888
20
-1564.0458
30
0.0
0
VERTEX
8
CURVE
10
1049.1997
20
-1569.2312
30
0.0
0
VERTEX
8
CURVE
10
1045.6941
20
-1574.4055
30
0.0
0
VERTEX
8
CURVE
10
1042.1720
20
-1579.5686
30
0.0
0
VERTEX
8
CURVE
10
1038.6335
20
-1584.7204
30
0.0
0
VERTEX
8
CURVE
10
1035.0785
20
-1589.8609
30
0.0
0
VERTEX
8
CURVE
10
1031.5072
20
-1594.9900
30
0.0
0
VERTEX
8
CURVE
10
1027.9195
20
-1600.1078
30
0.0
0
VERTEX
8
CURVE
10
1024.3155
20
-1605.2140
30
0.0
0
VERTEX
8
CURVE
10
1020.6953
20
-1610.3088
30
0.0
0
VERTEX
8
CURVE
10
1017.0588
20
-1615.3919
30
0.0
0
VERTEX
8
CURVE
10
1013.4062
20
-1620.4635
30
0.0
0
VERTEX
8
CURVE
10
1009.7374
20
-1625.5233
30
0.0
0
VERTEX
8
CURVE
10
1006.0525
20
-1630.5715
30
0.0
0
VERTEX
8
CURVE
10
1002.3514
20
-1635.6079
30
0.0
0
VERTEX
8
CURVE
10
998.6344
20
-1640.6324
30
0.0
0
VERTEX
8
CURVE
10
994.9013
20
-1645.6451
30
0.0
0
SEQEND
0
POLYLINE
8
LOT_LINE_APPROX
66
1
70
1
0
VERTEX
8
LOT_LINE_APPROX
10
991.4827
20
-1520.7005
30
0.0
0
VERTEX
8
LOT_LINE_APPROX
10
1052.6888
20
-1564.0458
30
0.0
0
VERTEX
8
LOT_LINE_APPROX
10
1049.1997
20
-1569.2312
30
0.0
0
VERTEX
8
LOT_LINE_APPROX
10
1045.6941
20
-1574.4055
30
0.0
0
VERTEX
8
LOT_LINE_APPROX
10
1042.1720
20
-1579.5686
30
0.0
0
VERTEX
8
LOT_LINE_APPROX
10
1038.6335
20
-1584.7204
30
0.0
0
VERTEX
8
LOT_LINE_APPROX
10
1035.0785
20
-1589.8609
30
0.0
0
VERTEX
8
LOT_LINE_APPROX
10
1031.5072
20
-1594.9900
30
0.0
0
VERTEX
8
LOT_LINE_APPROX
10
1027.9195
20
-1600.1078
30
0.0
0
VERTEX
8
LOT_LINE_APPROX
10
1024.3155
20
-1605.2140
30
0.0
0
VERTEX
8
LOT_LINE_APPROX
10
1020.6953
20
-1610.3088
30
0.0
0
VERTEX
8
LOT_LINE_APPROX
10
1017.0588
20
-1615.3919
30
0.0
0
VERTEX
8
LOT_LINE_APPROX
10
1013.4062
20
-1620.4635
30
0.0
0
VERTEX
8
LOT_LINE_APPROX
10
1009.7374
20
-1625.5233
30
0.0
0
VERTEX
8
LOT_LINE_APPROX
10
1006.0525
20
-1630.5715
30
0.0
0
VERTEX
8
LOT_LINE_APPROX
10
1002.3514
20
-1635.6079
30
0.0
0
VERTEX
8
LOT_LINE_APPROX
10
998.6344
20
-1640.6324
30
0.0
0
VERTEX
8
LOT_LINE_APPROX
10
994.8951
20
-1645.6539
30
0.0
0
VERTEX
8
LOT_LINE_APPROX
10
933.6890
20
-1602.3086
30
0.0
0
SEQEND
0
ARC
8
CURVE
10
-575.0922
20
-472.5421
30
0.0
40
1959.8600
50
323.2325
51
326.1563
0
TEXT
8
TEXT-LABELS
7
STANDARD
10
993.1889
20
-1583.1772
30
0.0
40
8.0
1
8
50
0.0
0
TEXT
8
DIM-LABELS
7
STANDARD
10
1020.0630
20
-1545.2294
30
0.0
40
5.5
1
75.0'
50
0.0
0
TEXT
8
DIM-LABELS
7
STANDARD
10
1020.9357
20
-1602.8271
30
0.0
40
5.5
1
100.0'
50
0.0
0
TEXT
8
DIM-LABELS
7
STANDARD
10
966.3148
20
-1621.1250
30
0.0
40
5.5
1
75.0'
50
0.0
0
TEXT
8
DIM-LABELS
7
STANDARD
10
965.4421
20
-1563.5273
30
0.0
40
5.5
1
100.0'
50
0.0
0
POLYLINE
8
LOT_LINE_APPROX
66
1
70
1
0
VERTEX
8
LOT_LINE_APPROX
10
497.0856
20
-1293.1121
30
0.0
0
VERTEX
8
LOT_LINE_APPROX
10
566.4525
20
-1342.2368
30
0.0
0
VERTEX
8
LOT_LINE_APPROX
10
508.6588
20
-1423.8449
30
0.0
0
VERTEX
8
LOT_LINE_APPROX
10
439.2919
20
-1374.7202
30
0.0
0
SEQEND
0
TEXT
8
TEXT-LABELS
7
STANDARD
10
502.8722
20
-1358.4785
30
0.0
40
8.0
1
16
50
0.0
0
TEXT
8
DIM-LABELS
7
STANDARD
10
529.7463
20
-1320.5307
30
0.0
40
5.5
1
85.0'
50
0.0
0
TEXT
8
DIM-LABELS
7
STANDARD
10
534.6993
20
-1381.0181
30
0.0
40
5.5
1
100.0'
50
0.0
0
TEXT
8
DIM-LABELS
7
STANDARD
10
475.9981
20
-1396.4263
30
0.0
40
5.5
1
85.0'
50
0.0
0
TEXT
8
DIM-LABELS
7
STANDARD
10
471.0450
20
-1335.9389
30
0.0
40
5.5
1
100.0'
50
0.0
0
POLYLINE
8
LOT_LINE_APPROX
66
1
70
1
0
VERTEX
8
LOT_LINE_APPROX
10
566.4525
20
-1342.2368
30
0.0
0
VERTEX
8
LOT_LINE_APPROX
10
627.6586
20
-1385.5821
30
0.0
0
VERTEX
8
LOT_LINE_APPROX
10
569.8648
20
-1467.1902
30
0.0
0
VERTEX
8
LOT_LINE_APPROX
10
508.6588
20
-1423.8449
30
0.0
0
SEQEND
0
TEXT
8
TEXT-LABELS
7
STANDARD
10
568.1587
20
-1404.7135
30
0.0
40
8.0
1
15
50
0.0
0
TEXT
8
DIM-LABELS
7
STANDARD
10
595.0328
20
-1366.7657
30
0.0
40
5.5
1
75.0'
50
0.0
0
TEXT
8
DIM-LABELS
7
STANDARD
10
595.9054
20
-1424.3634
30
0.0
40
5.5
1
100.0'
50
0.0
0
TEXT
8
DIM-LABELS
7
STANDARD
10
541.2846
20
-1442.6613
30
0.0
40
5.5
1
75.0'
50
0.0
0
TEXT
8
DIM-LABELS
7
STANDARD
10
540.4119
20
-1385.0636
30
0.0
40
5.5
1
100.0'
50
0.0
0
POLYLINE
8
LOT_LINE_APPROX
66
1
70
1
0
VERTEX
8
LOT_LINE_APPROX
10
627.6586
20
-1385.5821
30
0.0
0
VERTEX
8
LOT_LINE_APPROX
10
688.8647
20
-1428.9274
30
0.0
0
VERTEX
8
LOT_LINE_APPROX
10
631.0709
20
-1510.5355
30
0.0
0
VERTEX
8
LOT_LINE_APPROX
10
569.8648
20
-1467.1902
30
0.0
0
SEQEND
0
TEXT
8
TEXT-LABELS
7
STANDARD
10
629.3648
20
-1448.0588
30
0.0
40
8.0
1
14
50
0.0
0
TEXT
8
DIM-LABELS
7
STANDARD
10
656.2388
20
-1410.1110
30
0.0
40
5.5
1
75.0'
50
0.0
0
TEXT
8
DIM-LABELS
7
STANDARD
10
657.1115
20
-1467.7087
30
0.0
40
5.5
1
100.0'
50
0.0
0
TEXT
8
DIM-LABELS
7
STANDARD
10
602.4907
20
-1486.0066
30
0.0
40
5.5
1
75.0'
50
0.0
0
TEXT
8
DIM-LABELS
7
STANDARD
10
601.6180
20
-1428.4089
30
0.0
40
5.5
1
100.0'
50
0.0
0
POLYLINE
8
LOT_LINE_APPROX
66
1
70
1
0
VERTEX
8
LOT_LINE_APPROX
10
688.8647
20
-1428.9274
30
0.0
0
VERTEX
8
LOT_LINE_APPROX
10
750.0707
20
-1472.2727
30
0.0
0
VERTEX
8
LOT_LINE_APPROX
10
692.2770
20
-1553.8808
30
0.0
0
VERTEX
8
LOT_LINE_APPROX
10
631.0709
20
-1510.5355
30
0.0
0
SEQEND
0
TEXT
8
TEXT-LABELS
7
STANDARD
10
690.5708
20
-1491.4041
30
0.0
40
8.0
1
13
50
0.0
0
TEXT
8
DIM-LABELS
7
STANDARD
10
717.4449
20
-1453.4563
30
0.0
40
5.5
1
75.0'
50
0.0
0
TEXT
8
DIM-LABELS
7
STANDARD
10
718.3176
20
-1511.0540
30
0.0
40
5.5
1
100.0'
50
0.0
0
TEXT
8
DIM-LABELS
7
STANDARD
10
663.6967
20
-1529.3519
30
0.0
40
5.5
1
75.0'
50
0.0
0
TEXT
8
DIM-LABELS
7
STANDARD
10
662.8241
20
-1471.7542
30
0.0
40
5.5
1
100.0'
50
0.0
0
POLYLINE
8
LOT_LINE_APPROX
66
1
70
1
0
VERTEX
8
LOT_LINE_APPROX
10
750.0707
20
-1472.2727
30
0.0
0
VERTEX
8
LOT_LINE_APPROX
10
811.2768
20
-1515.6180
30
0.0
0
VERTEX
8
LOT_LINE_APPROX
10
753.4831
20
-1597.2261
30
0.0
0
VERTEX
8
LOT_LINE_APPROX
10
692.2770
20
-1553.8808
30
0.0
0
SEQEND
0
TEXT
8
TEXT-LABELS
7
STANDARD
10
751.7769
20
-1534.7494
30
0.0
40
8.0
1
12
50
0.0
0
TEXT
8
DIM-LABELS
7
STANDARD
10
778.6510
20
-1496.8016
30
0.0
40
5.5
1
75.0'
50
0.0
0
TEXT
8
DIM-LABELS
7
STANDARD
10
779.5237
20
-1554.3993
30
0.0
40
5.5
1
100.0'
50
0.0
0
TEXT
8
DIM-LABELS
7
STANDARD
10
724.9028
20
-1572.6972
30
0.0
40
5.5
1
75.0'
50
0.0
0
TEXT
8
DIM-LABELS
7
STANDARD
10
724.0302
20
-1515.0995
30
0.0
40
5.5
1
100.0'
50
0.0
0
POLYLINE
8
LOT_LINE_APPROX
66
1
70
1
0
VERTEX
8
LOT_LINE_APPROX
10
811.2768
20
-1515.6180
30
0.0
0
VERTEX
8
LOT_LINE_APPROX
10
872.4829
20
-1558.9633
30
0.0
0
VERTEX
8
LOT_LINE_APPROX
10
814.6892
20
-1640.5714
30
0.0
0
VERTEX
8
LOT_LINE_APPROX
10
753.4831
20
-1597.2261
30
0.0
0
SEQEND
0
TEXT
8
TEXT-LABELS
7
STANDARD
10
812.9830
20
-1578.0947
30
0.0
40
8.0
1
11
50
0.0
0
TEXT
8
DIM-LABELS
7
STANDARD
10
839.8571
20
-1540.1469
30
0.0
40
5.5
1
75.0'
50
0.0
0
TEXT
8
DIM-LABELS
7
STANDARD
10
840.7298
20
-1597.7446
30
0.0
40
5.5
1
100.0'
50
0.0
0
TEXT
8
DIM-LABELS
7
STANDARD
10
786.1089
20
-1616.0425
30
0.0
40
5.5
1
75.0'
50
0.0
0
TEXT
8
DIM-LABELS
7
STANDARD
10
785.2362
20
-1558.4448
30
0.0
40
5.5
1
100.0'
50
0.0
0
POLYLINE
8
LOT_LINE_APPROX
66
1
70
1
0
VERTEX
8
LOT_LINE_APPROX
10
872.4829
20
-1558.9633
30
0.0
0
VERTEX
8
LOT_LINE_APPROX
10
933.6890
20
-1602.3086
30
0.0
0
VERTEX
8
LOT_LINE_APPROX
10
875.8953
20
-1683.9167
30
0.0
0
VERTEX
8
LOT_LINE_APPROX
10
814.6892
20
-1640.5714
30
0.0
0
SEQEND
0
TEXT
8
TEXT-LABELS
7
STANDARD
10
874.1891
20
-1621.4400
30
0.0
40
8.0
1
10
50
0.0
0
TEXT
8
DIM-LABELS
7
STANDARD
10
901.0632
20
-1583.4922
30
0.0
40
5.5
1
75.0'
50
0.0
0
TEXT
8
DIM-LABELS
7
STANDARD
10
901.9358
20
-1641.0899
30
0.0
40
5.5
1
100.0'
50
0.0
0
TEXT
8
DIM-LABELS
7
STANDARD
10
847.3150
20
-1659.3878
30
0.0
40
5.5
1
75.0'
50
0.0
0
TEXT
8
DIM-LABELS
7
STANDARD
10
846.4423
20
-1601.7901
30
0.0
40
5.5
1
100.0'
50
0.0
0
POLYLINE
8
CURVE
66
1
70
0
0
VERTEX
8
CURVE
10
994.8951
20
-1645.6539
30
0.0
0
VERTEX
8
CURVE
10
991.4060
20
-1650.8393
30
0.0
0
VERTEX
8
CURVE
10
987.9004
20
-1656.0136
30
0.0
0
VERTEX
8
CURVE
10
984.3783
20
-1661.1767
30
0.0
0
VERTEX
8
CURVE
10
980.8397
20
-1666.3285
30
0.0
0
VERTEX
8
CURVE
10
977.2848
20
-1671.4690
30
0.0
0
VERTEX
8
CURVE
10
973.7134
20
-1676.5981
30
0.0
0
VERTEX
8
CURVE
10
970.1258
20
-1681.7159
30
0.0
0
VERTEX
8
CURVE
10
966.5218
20
-1686.8221
30
0.0
0
VERTEX
8
CURVE
10
962.9016
20
-1691.9169
30
0.0
0
VERTEX
8
CURVE
10
959.2651
20
-1697.0000
30
0.0
0
VERTEX
8
CURVE
10
955.6125
20
-1702.0716
30
0.0
0
VERTEX
8
CURVE
10
951.9436
20
-1707.1315
30
0.0
0
VERTEX
8
CURVE
10
948.2587
20
-1712.1796
30
0.0
0
VERTEX
8
CURVE
10
944.5577
20
-1717.2160
30
0.0
0
VERTEX
8
CURVE
10
940.8407
20
-1722.2405
30
0.0
0
VERTEX
8
CURVE
10
937.1076
20
-1727.2532
30
0.0
0
SEQEND
0
POLYLINE
8
LOT_LINE_APPROX
66
1
70
1
0
VERTEX
8
LOT_LINE_APPROX
10
933.6890
20
-1602.3086
30
0.0
0
VERTEX
8
LOT_LINE_APPROX
10
994.8951
20
-1645.6539
30
0.0
0
VERTEX
8
LOT_LINE_APPROX
10
991.4060
20
-1650.8393
30
0.0
0
VERTEX
8
LOT_LINE_APPROX
10
987.9004
20
-1656.0136
30
0.0
0
VERTEX
8
LOT_LINE_APPROX
10
984.3783
20
-1661.1767
30
0.0
0
VERTEX
8
LOT_LINE_APPROX
10
980.8397
20
-1666.3285
30
0.0
0
VERTEX
8
LOT_LINE_APPROX
10
977.2848
20
-1671.4690
30
0.0
0
VERTEX
8
LOT_LINE_APPROX
10
973.7134
20
-1676.5981
30
0.0
0
VERTEX
8
LOT_LINE_APPROX
10
970.1258
20
-1681.7159
30
0.0
0
VERTEX
8
LOT_LINE_APPROX
10
966.5218
20
-1686.8221
30
0.0
0
VERTEX
8
LOT_LINE_APPROX
10
962.9016
20
-1691.9169
30
0.0
0
VERTEX
8
LOT_LINE_APPROX
10
959.2651
20
-1697.0000
30
0.0
0
VERTEX
8
LOT_LINE_APPROX
10
955.6125
20
-1702.0716
30
0.0
0
VERTEX
8
LOT_LINE_APPROX
10
951.9436
20
-1707.1315
30
0.0
0
VERTEX
8
LOT_LINE_APPROX
10
948.2587
20
-1712.1796
30
0.0
0
VERTEX
8
LOT_LINE_APPROX
10
944.5577
20
-1717.2160
30
0.0
0
VERTEX
8
LOT_LINE_APPROX
10
940.8407
20
-1722.2405
30
0.0
0
VERTEX
8
LOT_LINE_APPROX
10
937.1013
20
-1727.2620
30
0.0
0
VERTEX
8
LOT_LINE_APPROX
10
875.8953
20
-1683.9167
30
0.0
0
SEQEND
0
ARC
8
CURVE
10
-632.8859
20
-554.1503
30
0.0
40
1959.8600
50
323.2325
51
326.1563
0
TEXT
8
TEXT-LABELS
7
STANDARD
10
935.3952
20
-1664.7853
30
0.0
40
8.0
1
9
50
0.0
0
TEXT
8
DIM-LABELS
7
STANDARD
10
962.2693
20
-1626.8375
30
0.0
40
5.5
1
75.0'
50
0.0
0
TEXT
8
DIM-LABELS
7
STANDARD
10
963.1419
20
-1684.4352
30
0.0
40
5.5
1
100.0'
50
0.0
0
TEXT
8
DIM-LABELS
7
STANDARD
10
908.5211
20
-1702.7331
30
0.0
40
5.5
1
75.0'
50
0.0
0
TEXT
8
DIM-LABELS
7
STANDARD
10
907.6484
20
-1645.1354
30
0.0
40
5.5
1
100.0'
50
0.0
0
POLYLINE
8
LOT_LINE_APPROX
66
1
70
1
0
VERTEX
8
LOT_LINE_APPROX
10
462.4094
20
-1342.0770
30
0.0
0
VERTEX
8
LOT_LINE_APPROX
10
527.6958
20
-1388.3120
30
0.0
0
VERTEX
8
LOT_LINE_APPROX
10
469.9021
20
-1469.9201
30
0.0
0
VERTEX
8
LOT_LINE_APPROX
10
404.6156
20
-1423.6851
30
0.0
0
SEQEND
0
TEXT
8
TEXT-LABELS
7
STANDARD
10
466.1557
20
-1405.9985
30
0.0
40
8.0
1
1
50
0.0
0
TEXT
8
DIM-LABELS
7
STANDARD
10
493.0298
20
-1368.0507
30
0.0
40
5.5
1
80.0'
50
0.0
0
TEXT
8
DIM-LABELS
7
STANDARD
10
495.9427
20
-1427.0932
30
0.0
40
5.5
1
100.0'
50
0.0
0
TEXT
8
DIM-LABELS
7
STANDARD
10
439.2816
20
-1443.9463
30
0.0
40
5.5
1
80.0'
50
0.0
0
TEXT
8
DIM-LABELS
7
STANDARD
10
436.3688
20
-1384.9038
30
0.0
40
5.5
1
100.0'
50
0.0
0
POLYLINE
8
LOT_LINE_APPROX
66
1
70
1
0
VERTEX
8
LOT_LINE_APPROX
10
527.6958
20
-1388.3120
30
0.0
0
VERTEX
8
LOT_LINE_APPROX
10
588.9019
20
-1431.6573
30
0.0
0
VERTEX
8
LOT_LINE_APPROX
10
531.1082
20
-1513.2654
30
0.0
0
VERTEX
8
LOT_LINE_APPROX
10
469.9021
20
-1469.9201
30
0.0
0
SEQEND
0
TEXT
8
TEXT-LABELS
7
STANDARD
10
529.4020
20
-1450.7887
30
0.0
40
8.0
1
2
50
0.0
0
TEXT
8
DIM-LABELS
7
STANDARD
10
556.2761
20
-1412.8409
30
0.0
40
5.5
1
75.0'
50
0.0
0
TEXT
8
DIM-LABELS
7
STANDARD
10
557.1488
20
-1470.4385
30
0.0
40
5.5
1
100.0'
50
0.0
0
TEXT
8
DIM-LABELS
7
STANDARD
10
502.5279
20
-1488.7364
30
0.0
40
5.5
1
75.0'
50
0.0
0
TEXT
8
DIM-LABELS
7
STANDARD
10
501.6553
20
-1431.1388
30
0.0
40
5.5
1
100.0'
50
0.0
0
POLYLINE
8
LOT_LINE_APPROX
66
1
70
1
0
VERTEX
8
LOT_LINE_APPROX
10
588.9019
20
-1431.6573
30
0.0
0
VERTEX
8
LOT_LINE_APPROX
10
650.1080
20
-1475.0026
30
0.0
0
VERTEX
8
LOT_LINE_APPROX
10
592.3143
20
-1556.6107
30
0.0
0
VERTEX
8
LOT_LINE_APPROX
10
531.1082
20
-1513.2654
30
0.0
0
SEQEND
0
TEXT
8
TEXT-LABELS
7
STANDARD
10
590.6081
20
-1494.1340
30
0.0
40
8.0
1
3
50
0.0
0
TEXT
8
DIM-LABELS
7
STANDARD
10
617.4822
20
-1456.1862
30
0.0
40
5.5
1
75.0'
50
0.0
0
TEXT
8
DIM-LABELS
7
STANDARD
10
618.3549
20
-1513.7838
30
0.0
40
5.5
1
100.0'
50
0.0
0
TEXT
8
DIM-LABELS
7
STANDARD
10
563.7340
20
-1532.0817
30
0.0
40
5.5
1
75.0'
50
0.0
0
TEXT
8
DIM-LABELS
7
STANDARD
10
562.8613
20
-1474.4841
30
0.0
40
5.5
1
100.0'
50
0.0
0
POLYLINE
8
LOT_LINE_APPROX
66
1
70
1
0
VERTEX
8
LOT_LINE_APPROX
10
650.1080
20
-1475.0026
30
0.0
0
VERTEX
8
LOT_LINE_APPROX
10
711.3141
20
-1518.3479
30
0.0
0
VERTEX
8
LOT_LINE_APPROX
10
653.5204
20
-1599.9560
30
0.0
0
VERTEX
8
LOT_LINE_APPROX
10
592.3143
20
-1556.6107
30
0.0
0
SEQEND
0
TEXT
8
TEXT-LABELS
7
STANDARD
10
651.8142
20
-1537.4793
30
0.0
40
8.0
1
4
50
0.0
0
TEXT
8
DIM-LABELS
7
STANDARD
10
678.6883
20
-1499.5315
30
0.0
40
5.5
1
75.0'
50
0.0
0
TEXT
8
DIM-LABELS
7
STANDARD
10
679.5609
20
-1557.1291
30
0.0
40
5.5
1
100.0'
50
0.0
0
TEXT
8
DIM-LABELS
7
STANDARD
10
624.9401
20
-1575.4270
30
0.0
40
5.5
1
75.0'
50
0.0
0
TEXT
8
DIM-LABELS
7
STANDARD
10
624.0674
20
-1517.8294
30
0.0
40
5.5
1
100.0'
50
0.0
0
POLYLINE
8
LOT_LINE_APPROX
66
1
70
1
0
VERTEX
8
LOT_LINE_APPROX
10
711.3141
20
-1518.3479
30
0.0
0
VERTEX
8
LOT_LINE_APPROX
10
772.5202
20
-1561.6932
30
0.0
0
VERTEX
8
LOT_LINE_APPROX
10
714.7264
20
-1643.3013
30
0.0
0
VERTEX
8
LOT_LINE_APPROX
10
653.5204
20
-1599.9560
30
0.0
0
SEQEND
0
TEXT
8
TEXT-LABELS
7
STANDARD
10
713.0203
20
-1580.8246
30
0.0
40
8.0
1
5
50
0.0
0
TEXT
8
DIM-LABELS
7
STANDARD
10
739.8944
20
-1542.8768
30
0.0
40
5.5
1
75.0'
50
0.0
0
TEXT
8
DIM-LABELS
7
STANDARD
10
740.7670
20
-1600.4744
30
0.0
40
5.5
1
100.0'
50
0.0
0
TEXT
8
DIM-LABELS
7
STANDARD
10
686.1462
20
-1618.7723
30
0.0
40
5.5
1
75.0'
50
0.0
0
TEXT
8
DIM-LABELS
7
STANDARD
10
685.2735
20
-1561.1747
30
0.0
40
5.5
1
100.0'
50
0.0
0
POLYLINE
8
LOT_LINE_APPROX
66
1
70
1
0
VERTEX
8
LOT_LINE_APPROX
10
772.5202
20
-1561.6932
30
0.0
0
VERTEX
8
LOT_LINE_APPROX
10
833.7263
20
-1605.0385
30
0.0
0
VERTEX
8
LOT_LINE_APPROX
10
775.9325
20
-1686.6466
30
0.0
0
VERTEX
8
LOT_LINE_APPROX
10
714.7264
20
-1643.3013
30
0.0
0
SEQEND
0
TEXT
8
TEXT-LABELS
7
STANDARD
10
774.2264
20
-1624.1699
30
0.0
40
8.0
1
6
50
0.0
0
TEXT
8
DIM-LABELS
7
STANDARD
10
801.1004
20
-1586.2221
30
0.0
40
5.5
1
75.0'
50
0.0
0
TEXT
8
DIM-LABELS
7
STANDARD
10
801.9731
20
-1643.8198
30
0.0
40
5.5
1
100.0'
50
0.0
0
TEXT
8
DIM-LABELS
7
STANDARD
10
747.3523
20
-1662.1177
30
0.0
40
5.5
1
75.0'
50
0.0
0
TEXT
8
DIM-LABELS
7
STANDARD
10
746.4796
20
-1604.5200
30
0.0
40
5.5
1
100.0'
50
0.0
0
POLYLINE
8
CURVE
66
1
70
0
0
VERTEX
8
CURVE
10
894.9323
20
-1648.3838
30
0.0
0
VERTEX
8
CURVE
10
891.4433
20
-1653.5692
30
0.0
0
VERTEX
8
CURVE
10
887.9376
20
-1658.7435
30
0.0
0
VERTEX
8
CURVE
10
884.4155
20
-1663.9066
30
0.0
0
VERTEX
8
CURVE
10
880.8770
20
-1669.0584
30
0.0
0
VERTEX
8
CURVE
10
877.3220
20
-1674.1989
30
0.0
0
VERTEX
8
CURVE
10
873.7507
20
-1679.3280
30
0.0
0
VERTEX
8
CURVE
10
870.1630
20
-1684.4457
30
0.0
0
VERTEX
8
CURVE
10
866.5591
20
-1689.5520
30
0.0
0
VERTEX
8
CURVE
10
862.9388
20
-1694.6467
30
0.0
0
VERTEX
8
CURVE
10
859.3024
20
-1699.7299
30
0.0
0
VERTEX
8
CURVE
10
855.6497
20
-1704.8015
30
0.0
0
VERTEX
8
CURVE
10
851.9809
20
-1709.8613
30
0.0
0
VERTEX
8
CURVE
10
848.2960
20
-1714.9095
30
0.0
0
VERTEX
8
CURVE
10
844.5950
20
-1719.9458
30
0.0
0
VERTEX
8
CURVE
10
840.8779
20
-1724.9704
30
0.0
0
VERTEX
8
CURVE
10
837.1449
20
-1729.9830
30
0.0
0
SEQEND
0
POLYLINE
8
LOT_LINE_APPROX
66
1
70
1
0
VERTEX
8
LOT_LINE_APPROX
10
833.7263
20
-1605.0385
30
0.0
0
VERTEX
8
LOT_LINE_APPROX
10
894.9323
20
-1648.3838
30
0.0
0
VERTEX
8
LOT_LINE_APPROX
10
891.4433
20
-1653.5692
30
0.0
0
VERTEX
8
LOT_LINE_APPROX
10
887.9376
20
-1658.7435
30
0.0
0
VERTEX
8
LOT_LINE_APPROX
10
884.4155
20
-1663.9066
30
0.0
0
VERTEX
8
LOT_LINE_APPROX
10
880.8770
20
-1669.0584
30
0.0
0
VERTEX
8
LOT_LINE_APPROX
10
877.3220
20
-1674.1989
30
0.0
0
VERTEX
8
LOT_LINE_APPROX
10
873.7507
20
-1679.3280
30
0.0
0
VERTEX
8
LOT_LINE_APPROX
10
870.1630
20
-1684.4457
30
0.0
0
VERTEX
8
LOT_LINE_APPROX
10
866.5591
20
-1689.5520
30
0.0
0
VERTEX
8
LOT_LINE_APPROX
10
862.9388
20
-1694.6467
30
0.0
0
VERTEX
8
LOT_LINE_APPROX
10
859.3024
20
-1699.7299
30
0.0
0
VERTEX
8
LOT_LINE_APPROX
10
855.6497
20
-1704.8015
30
0.0
0
VERTEX
8
LOT_LINE_APPROX
10
851.9809
20
-1709.8613
30
0.0
0
VERTEX
8
LOT_LINE_APPROX
10
848.2960
20
-1714.9095
30
0.0
0
VERTEX
8
LOT_LINE_APPROX
10
844.5950
20
-1719.9458
30
0.0
0
VERTEX
8
LOT_LINE_APPROX
10
840.8779
20
-1724.9704
30
0.0
0
VERTEX
8
LOT_LINE_APPROX
10
837.1386
20
-1729.9919
30
0.0
0
VERTEX
8
LOT_LINE_APPROX
10
775.9325
20
-1686.6466
30
0.0
0
SEQEND
0
ARC
8
CURVE
10
-732.8487
20
-556.8801
30
0.0
40
1959.8600
50
323.2325
51
326.1563
0
TEXT
8
TEXT-LABELS
7
STANDARD
10
835.4324
20
-1667.5152
30
0.0
40
8.0
1
7
50
0.0
0
TEXT
8
DIM-LABELS
7
STANDARD
10
862.3065
20
-1629.5674
30
0.0
40
5.5
1
75.0'
50
0.0
0
TEXT
8
DIM-LABELS
7
STANDARD
10
863.1792
20
-1687.1651
30
0.0
40
5.5
1
100.0'
50
0.0
0
TEXT
8
DIM-LABELS
7
STANDARD
10
808.5583
20
-1705.4630
30
0.0
40
5.5
1
75.0'
50
0.0
0
TEXT
8
DIM-LABELS
7
STANDARD
10
807.6857
20
-1647.8653
30
0.0
40
5.5
1
100.0'
50
0.0
0
POLYLINE
8
LOT_LINE_APPROX
66
1
70
1
0
VERTEX
8
LOT_LINE_APPROX
10
404.6156
20
-1423.6851
30
0.0
0
VERTEX
8
LOT_LINE_APPROX
10
469.9021
20
-1469.9201
30
0.0
0
VERTEX
8
LOT_LINE_APPROX
10
412.1084
20
-1551.5282
30
0.0
0
VERTEX
8
LOT_LINE_APPROX
10
346.8219
20
-1505.2932
30
0.0
0
SEQEND
0
TEXT
8
TEXT-LABELS
7
STANDARD
10
408.3620
20
-1487.6066
30
0.0
40
8.0
1
14
50
0.0
0
TEXT
8
DIM-LABELS
7
STANDARD
10
435.2361
20
-1449.6589
30
0.0
40
5.5
1
80.0'
50
0.0
0
TEXT
8
DIM-LABELS
7
STANDARD
10
438.1490
20
-1508.7013
30
0.0
40
5.5
1
100.0'
50
0.0
0
TEXT
8
DIM-LABELS
7
STANDARD
10
381.4879
20
-1525.5544
30
0.0
40
5.5
1
80.0'
50
0.0
0
TEXT
8
DIM-LABELS
7
STANDARD
10
378.5750
20
-1466.5119
30
0.0
40
5.5
1
100.0'
50
0.0
0
POLYLINE
8
LOT_LINE_APPROX
66
1
70
1
0
VERTEX
8
LOT_LINE_APPROX
10
469.9021
20
-1469.9201
30
0.0
0
VERTEX
8
LOT_LINE_APPROX
10
531.1082
20
-1513.2654
30
0.0
0
VERTEX
8
LOT_LINE_APPROX
10
473.3145
20
-1594.8735
30
0.0
0
VERTEX
8
LOT_LINE_APPROX
10
412.1084
20
-1551.5282
30
0.0
0
SEQEND
0
TEXT
8
TEXT-LABELS
7
STANDARD
10
471.6083
20
-1532.3968
30
0.0
40
8.0
1
13
50
0.0
0
TEXT
8
DIM-LABELS
7
STANDARD
10
498.4824
20
-1494.4490
30
0.0
40
5.5
1
75.0'
50
0.0
0
TEXT
8
DIM-LABELS
7
STANDARD
10
499.3550
20
-1552.0466
30
0.0
40
5.5
1
100.0'
50
0.0
0
TEXT
8
DIM-LABELS
7
STANDARD
10
444.7342
20
-1570.3445
30
0.0
40
5.5
1
75.0'
50
0.0
0
TEXT
8
DIM-LABELS
7
STANDARD
10
443.8615
20
-1512.7469
30
0.0
40
5.5
1
100.0'
50
0.0
0
POLYLINE
8
LOT_LINE_APPROX
66
1
70
1
0
VERTEX
8
LOT_LINE_APPROX
10
531.1082
20
-1513.2654
30
0.0
0
VERTEX
8
LOT_LINE_APPROX
10
592.3143
20
-1556.6107
30
0.0
0
VERTEX
8
LOT_LINE_APPROX
10
534.5205
20
-1638.2188
30
0.0
0
VERTEX
8
LOT_LINE_APPROX
10
473.3145
20
-1594.8735
30
0.0
0
SEQEND
0
TEXT
8
TEXT-LABELS
7
STANDARD
10
532.8144
20
-1575.7421
30
0.0
40
8.0
1
12
50
0.0
0
TEXT
8
DIM-LABELS
7
STANDARD
10
559.6885
20
-1537.7943
30
0.0
40
5.5
1
75.0'
50
0.0
0
TEXT
8
DIM-LABELS
7
STANDARD
10
560.5611
20
-1595.3920
30
0.0
40
5.5
1
100.0'
50
0.0
0
TEXT
8
DIM-LABELS
7
STANDARD
10
505.9403
20
-1613.6899
30
0.0
40
5.5
1
75.0'
50
0.0
0
TEXT
8
DIM-LABELS
7
STANDARD
10
505.0676
20
-1556.0922
30
0.0
40
5.5
1
100.0'
50
0.0
0
POLYLINE
8
LOT_LINE_APPROX
66
1
70
1
0
VERTEX
8
LOT_LINE_APPROX
10
592.3143
20
-1556.6107
30
0.0
0
VERTEX
8
LOT_LINE_APPROX
10
653.5204
20
-1599.9560
30
0.0
0
VERTEX
8
LOT_LINE_APPROX
10
595.7266
20
-1681.5641
30
0.0
0
VERTEX
8
LOT_LINE_APPROX
10
534.5205
20
-1638.2188
30
0.0
0
SEQEND
0
TEXT
8
TEXT-LABELS
7
STANDARD
10
594.0204
20
-1619.0874
30
0.0
40
8.0
1
11
50
0.0
0
TEXT
8
DIM-LABELS
7
STANDARD
10
620.8945
20
-1581.1396
30
0.0
40
5.5
1
75.0'
50
0.0
0
TEXT
8
DIM-LABELS
7
STANDARD
10
621.7672
20
-1638.7373
30
0.0
40
5.5
1
100.0'
50
0.0
0
TEXT
8
DIM-LABELS
7
STANDARD
10
567.1464
20
-1657.0352
30
0.0
40
5.5
1
75.0'
50
0.0
0
TEXT
8
DIM-LABELS
7
STANDARD
10
566.2737
20
-1599.4375
30
0.0
40
5.5
1
100.0'
50
0.0
0
POLYLINE
8
LOT_LINE_APPROX
66
1
70
1
0
VERTEX
8
LOT_LINE_APPROX
10
653.5204
20
-1599.9560
30
0.0
0
VERTEX
8
LOT_LINE_APPROX
10
714.7264
20
-1643.3013
30
0.0
0
VERTEX
8
LOT_LINE_APPROX
10
656.9327
20
-1724.9094
30
0.0
0
VERTEX
8
LOT_LINE_APPROX
10
595.7266
20
-1681.5641
30
0.0
0
SEQEND
0
TEXT
8
TEXT-LABELS
7
STANDARD
10
655.2265
20
-1662.4327
30
0.0
40
8.0
1
10
50
0.0
0
TEXT
8
DIM-LABELS
7
STANDARD
10
682.1006
20
-1624.4849
30
0.0
40
5.5
1
75.0'
50
0.0
0
TEXT
8
DIM-LABELS
7
STANDARD
10
682.9733
20
-1682.0826
30
0.0
40
5.5
1
100.0'
50
0.0
0
TEXT
8
DIM-LABELS
7
STANDARD
10
628.3524
20
-1700.3805
30
0.0
40
5.5
1
75.0'
50
0.0
0
TEXT
8
DIM-LABELS
7
STANDARD
10
627.4798
20
-1642.7828
30
0.0
40
5.5
1
100.0'
50
0.0
0
POLYLINE
8
LOT_LINE_APPROX
66
1
70
1
0
VERTEX
8
LOT_LINE_APPROX
10
714.7264
20
-1643.3013
30
0.0
0
VERTEX
8
LOT_LINE_APPROX
10
775.9325
20
-1686.6466
30
0.0
0
VERTEX
8
LOT_LINE_APPROX
10
718.1388
20
-1768.2547
30
0.0
0
VERTEX
8
LOT_LINE_APPROX
10
656.9327
20
-1724.9094
30
0.0
0
SEQEND
0
TEXT
8
TEXT-LABELS
7
STANDARD
10
716.4326
20
-1705.7780
30
0.0
40
8.0
1
9
50
0.0
0
TEXT
8
DIM-LABELS
7
STANDARD
10
743.3067
20
-1667.8302
30
0.0
40
5.5
1
75.0'
50
0.0
0
TEXT
8
DIM-LABELS
7
STANDARD
10
744.1794
20
-1725.4279
30
0.0
40
5.5
1
100.0'
50
0.0
0
TEXT
8
DIM-LABELS
7
STANDARD
10
689.5585
20
-1743.7258
30
0.0
40
5.5
1
75.0'
50
0.0
0
TEXT
8
DIM-LABELS
7
STANDARD
10
688.6859
20
-1686.1281
30
0.0
40
5.5
1
100.0'
50
0.0
0
POLYLINE
8
CURVE
66
1
70
0
0
VERTEX
8
CURVE
10
837.1386
20
-1729.9919
30
0.0
0
VERTEX
8
CURVE
10
833.6495
20
-1735.1773
30
0.0
0
VERTEX
8
CURVE
10
830.1439
20
-1740.3516
30
0.0
0
VERTEX
8
CURVE
10
826.6218
20
-1745.5147
30
0.0
0
VERTEX
8
CURVE
10
823.0833
20
-1750.6665
30
0.0
0
VERTEX
8
CURVE
10
819.5283
20
-1755.8070
30
0.0
0
VERTEX
8
CURVE
10
815.9570
20
-1760.9361
30
0.0
0
VERTEX
8
CURVE
10
812.3693
20
-1766.0539
30
0.0
0
VERTEX
8
CURVE
10
808.7653
20
-1771.1601
30
0.0
0
VERTEX
8
CURVE
10
805.1451
20
-1776.2549
30
0.0
0
VERTEX
8
CURVE
10
801.5086
20
-1781.3380
30
0.0
0
VERTEX
8
CURVE
10
797.8560
20
-1786.4096
30
0.0
0
VERTEX
8
CURVE
10
794.1872
20
-1791.4694
30
0.0
0
VERTEX
8
CURVE
10
790.5022
20
-1796.5176
30
0.0
0
VERTEX
8
CURVE
10
786.8012
20
-1801.5540
30
0.0
0
VERTEX
8
CURVE
10
783.0842
20
-1806.5785
30
0.0
0
VERTEX
8
CURVE
10
779.3511
20
-1811.5912
30
0.0
0
SEQEND
0
POLYLINE
8
LOT_LINE_APPROX
66
1
70
1
0
VERTEX
8
LOT_LINE_APPROX
10
775.9325
20
-1686.6466
30
0.0
0
VERTEX
8
LOT_LINE_APPROX
10
837.1386
20
-1729.9919
30
0.0
0
VERTEX
8
LOT_LINE_APPROX
10
833.6495
20
-1735.1773
30
0.0
0
VERTEX
8
LOT_LINE_APPROX
10
830.1439
20
-1740.3516
30
0.0
0
VERTEX
8
LOT_LINE_APPROX
10
826.6218
20
-1745.5147
30
0.0
0
VERTEX
8
LOT_LINE_APPROX
10
823.0833
20
-1750.6665
30
0.0
0
VERTEX
8
LOT_LINE_APPROX
10
819.5283
20
-1755.8070
30
0.0
0
VERTEX
8
LOT_LINE_APPROX
10
815.9570
20
-1760.9361
30
0.0
0
VERTEX
8
LOT_LINE_APPROX
10
812.3693
20
-1766.0539
30
0.0
0
VERTEX
8
LOT_LINE_APPROX
10
808.7653
20
-1771.1601
30
0.0
0
VERTEX
8
LOT_LINE_APPROX
10
805.1451
20
-1776.2549
30
0.0
0
VERTEX
8
LOT_LINE_APPROX
10
801.5086
20
-1781.3380
30
0.0
0
VERTEX
8
LOT_LINE_APPROX
10
797.8560
20
-1786.4096
30
0.0
0
VERTEX
8
LOT_LINE_APPROX
10
794.1872
20
-1791.4694
30
0.0
0
VERTEX
8
LOT_LINE_APPROX
10
790.5022
20
-1796.5176
30
0.0
0
VERTEX
8
LOT_LINE_APPROX
10
786.8012
20
-1801.5540
30
0.0
0
VERTEX
8
LOT_LINE_APPROX
10
783.0842
20
-1806.5785
30
0.0
0
VERTEX
8
LOT_LINE_APPROX
10
779.3449
20
-1811.6000
30
0.0
0
VERTEX
8
LOT_LINE_APPROX
10
718.1388
20
-1768.2547
30
0.0
0
SEQEND
0
ARC
8
CURVE
10
-790.6424
20
-638.4882
30
0.0
40
1959.8600
50
323.2325
51
326.1563
0
TEXT
8
TEXT-LABELS
7
STANDARD
10
777.6387
20
-1749.1233
30
0.0
40
8.0
1
8
50
0.0
0
TEXT
8
DIM-LABELS
7
STANDARD
10
804.5128
20
-1711.1755
30
0.0
40
5.5
1
75.0'
50
0.0
0
TEXT
8
DIM-LABELS
7
STANDARD
10
805.3855
20
-1768.7732
30
0.0
40
5.5
1
100.0'
50
0.0
0
TEXT
8
DIM-LABELS
7
STANDARD
10
750.7646
20
-1787.0711
30
0.0
40
5.5
1
75.0'
50
0.0
0
TEXT
8
DIM-LABELS
7
STANDARD
10
749.8919
20
-1729.4734
30
0.0
40
5.5
1
100.0'
50
0.0
0
POLYLINE
8
LOT_LINE_APPROX
66
1
70
1
0
VERTEX
8
LOT_LINE_APPROX
10
298.6731
20
-1471.1949
30
0.0
0
VERTEX
8
LOT_LINE_APPROX
10
359.8792
20
-1514.5402
30
0.0
0
VERTEX
8
LOT_LINE_APPROX
10
302.0854
20
-1596.1483
30
0.0
0
VERTEX
8
LOT_LINE_APPROX
10
240.8794
20
-1552.8030
30
0.0
0
SEQEND
0
TEXT
8
TEXT-LABELS
7
STANDARD
10
300.3793
20
-1533.6716
30
0.0
40
8.0
1
1
50
0.0
0
TEXT
8
DIM-LABELS
7
STANDARD
10
327.2534
20
-1495.7238
30
0.0
40
5.5
1
75.0'
50
0.0
0
TEXT
8
DIM-LABELS
7
STANDARD
10
328.1260
20
-1553.3215
30
0.0
40
5.5
1
100.0'
50
0.0
0
TEXT
8
DIM-LABELS
7
STANDARD
10
273.5052
20
-1571.6194
30
0.0
40
5.5
1
75.0'
50
0.0
0
TEXT
8
DIM-LABELS
7
STANDARD
10
272.6325
20
-1514.0217
30
0.0
40
5.5
1
100.0'
50
0.0
0
POLYLINE
8
LOT_LINE_APPROX
66
1
70
1
0
VERTEX
8
LOT_LINE_APPROX
10
359.8792
20
-1514.5402
30
0.0
0
VERTEX
8
LOT_LINE_APPROX
10
421.0853
20
-1557.8855
30
0.0
0
VERTEX
8
LOT_LINE_APPROX
10
363.2915
20
-1639.4936
30
0.0
0
VERTEX
8
LOT_LINE_APPROX
10
302.0854
20
-1596.1483
30
0.0
0
SEQEND
0
TEXT
8
TEXT-LABELS
7
STANDARD
10
361.5853
20
-1577.0169
30
0.0
40
8.0
1
2
50
0.0
0
TEXT
8
DIM-LABELS
7
STANDARD
10
388.4594
20
-1539.0691
30
0.0
40
5.5
1
75.0'
50
0.0
0
TEXT
8
DIM-LABELS
7
STANDARD
10
389.3321
20
-1596.6668
30
0.0
40
5.5
1
100.0'
50
0.0
0
TEXT
8
DIM-LABELS
7
STANDARD
10
334.7113
20
-1614.9647
30
0.0
40
5.5
1
75.0'
50
0.0
0
TEXT
8
DIM-LABELS
7
STANDARD
10
333.8386
20
-1557.3670
30
0.0
40
5.5
1
100.0'
50
0.0
0
POLYLINE
8
LOT_LINE_APPROX
66
1
70
1
0
VERTEX
8
LOT_LINE_APPROX
10
421.0853
20
-1557.8855
30
0.0
0
VERTEX
8
LOT_LINE_APPROX
10
482.2913
20
-1601.2308
30
0.0
0
VERTEX
8
LOT_LINE_APPROX
10
424.4976
20
-1682.8389
30
0.0
0
VERTEX
8
LOT_LINE_APPROX
10
363.2915
20
-1639.4936
30
0.0
0
SEQEND
0
TEXT
8
TEXT-LABELS
7
STANDARD
10
422.7914
20
-1620.3622
30
0.0
40
8.0
1
3
50
0.0
0
TEXT
8
DIM-LABELS
7
STANDARD
10
449.6655
20
-1582.4144
30
0.0
40
5.5
1
75.0'
50
0.0
0
TEXT
8
DIM-LABELS
7
STANDARD
10
450.5382
20
-1640.0121
30
0.0
40
5.5
1
100.0'
50
0.0
0
TEXT
8
DIM-LABELS
7
STANDARD
10
395.9173
20
-1658.3100
30
0.0
40
5.5
1
75.0'
50
0.0
0
TEXT
8
DIM-LABELS
7
STANDARD
10
395.0447
20
-1600.7123
30
0.0
40
5.5
1
100.0'
50
0.0
0
POLYLINE
8
LOT_LINE_APPROX
66
1
70
1
0
VERTEX
8
LOT_LINE_APPROX
10
482.2913
20
-1601.2308
30
0.0
0
VERTEX
8
LOT_LINE_APPROX
10
543.4974
20
-1644.5761
30
0.0
0
VERTEX
8
LOT_LINE_APPROX
10
485.7037
20
-1726.1842
30
0.0
0
VERTEX
8
LOT_LINE_APPROX
10
424.4976
20
-1682.8389
30
0.0
0
SEQEND
0
TEXT
8
TEXT-LABELS
7
STANDARD
10
483.9975
20
-1663.7075
30
0.0
40
8.0
1
4
50
0.0
0
TEXT
8
DIM-LABELS
7
STANDARD
10
510.8716
20
-1625.7597
30
0.0
40
5.5
1
75.0'
50
0.0
0
TEXT
8
DIM-LABELS
7
STANDARD
10
511.7443
20
-1683.3574
30
0.0
40
5.5
1
100.0'
50
0.0
0
TEXT
8
DIM-LABELS
7
STANDARD
10
457.1234
20
-1701.6553
30
0.0
40
5.5
1
75.0'
50
0.0
0
TEXT
8
DIM-LABELS
7
STANDARD
10
456.2508
20
-1644.0576
30
0.0
40
5.5
1
100.0'
50
0.0
0
POLYLINE
8
LOT_LINE_APPROX
66
1
70
1
0
VERTEX
8
LOT_LINE_APPROX
10
543.4974
20
-1644.5761
30
0.0
0
VERTEX
8
LOT_LINE_APPROX
10
604.7035
20
-1687.9214
30
0.0
0
VERTEX
8
LOT_LINE_APPROX
10
546.9098
20
-1769.5295
30
0.0
0
VERTEX
8
LOT_LINE_APPROX
10
485.7037
20
-1726.1842
30
0.0
0
SEQEND
0
TEXT
8
TEXT-LABELS
7
STANDARD
10
545.2036
20
-1707.0528
30
0.0
40
8.0
1
5
50
0.0
0
TEXT
8
DIM-LABELS
7
STANDARD
10
572.0777
20
-1669.1050
30
0.0
40
5.5
1
75.0'
50
0.0
0
TEXT
8
DIM-LABELS
7
STANDARD
10
572.9504
20
-1726.7027
30
0.0
40
5.5
1
100.0'
50
0.0
0
TEXT
8
DIM-LABELS
7
STANDARD
10
518.3295
20
-1745.0006
30
0.0
40
5.5
1
75.0'
50
0.0
0
TEXT
8
DIM-LABELS
7
STANDARD
10
517.4568
20
-1687.4029
30
0.0
40
5.5
1
100.0'
50
0.0
0
POLYLINE
8
LOT_LINE_APPROX
66
1
70
1
0
VERTEX
8
LOT_LINE_APPROX
10
604.7035
20
-1687.9214
30
0.0
0
VERTEX
8
LOT_LINE_APPROX
10
665.9096
20
-1731.2667
30
0.0
0
VERTEX
8
LOT_LINE_APPROX
10
608.1159
20
-1812.8748
30
0.0
0
VERTEX
8
LOT_LINE_APPROX
10
546.9098
20
-1769.5295
30
0.0
0
SEQEND
0
TEXT
8
TEXT-LABELS
7
STANDARD
10
606.4097
20
-1750.3981
30
0.0
40
8.0
1
6
50
0.0
0
TEXT
8
DIM-LABELS
7
STANDARD
10
633.2838
20
-1712.4503
30
0.0
40
5.5
1
75.0'
50
0.0
0
TEXT
8
DIM-LABELS
7
STANDARD
10
634.1564
20
-1770.0480
30
0.0
40
5.5
1
100.0'
50
0.0
0
TEXT
8
DIM-LABELS
7
STANDARD
10
579.5356
20
-1788.3459
30
0.0
40
5.5
1
75.0'
50
0.0
0
TEXT
8
DIM-LABELS
7
STANDARD
10
578.6629
20
-1730.7482
30
0.0
40
5.5
1
100.0'
50
0.0
0
POLYLINE
8
LOT_LINE_APPROX
66
1
70
1
0
VERTEX
8
LOT_LINE_APPROX
10
665.9096
20
-1731.2667
30
0.0
0
VERTEX
8
LOT_LINE_APPROX
10
727.1157
20
-1774.6120
30
0.0
0
VERTEX
8
LOT_LINE_APPROX
10
669.3219
20
-1856.2201
30
0.0
0
VERTEX
8
LOT_LINE_APPROX
10
608.1159
20
-1812.8748
30
0.0
0
SEQEND
0
TEXT
8
TEXT-LABELS
7
STANDARD
10
667.6158
20
-1793.7434
30
0.0
40
8.0
1
7
50
0.0
0
TEXT
8
DIM-LABELS
7
STANDARD
10
694.4899
20
-1755.7956
30
0.0
40
5.5
1
75.0'
50
0.0
0
TEXT
8
DIM-LABELS
7
STANDARD
10
695.3625
20
-1813.3933
30
0.0
40
5.5
1
100.0'
50
0.0
0
TEXT
8
DIM-LABELS
7
STANDARD
10
640.7417
20
-1831.6912
30
0.0
40
5.5
1
75.0'
50
0.0
0
TEXT
8
DIM-LABELS
7
STANDARD
10
639.8690
20
-1774.0935
30
0.0
40
5.5
1
100.0'
50
0.0
0
POLYLINE
8
LOT_LINE_APPROX
66
1
70
1
0
VERTEX
8
LOT_LINE_APPROX
10
727.1157
20
-1774.6120
30
0.0
0
VERTEX
8
LOT_LINE_APPROX
10
788.3218
20
-1817.9573
30
0.0
0
VERTEX
8
LOT_LINE_APPROX
10
730.5280
20
-1899.5654
30
0.0
0
VERTEX
8
LOT_LINE_APPROX
10
669.3219
20
-1856.2201
30
0.0
0
SEQEND
0
TEXT
8
TEXT-LABELS
7
STANDARD
10
728.8218
20
-1837.0887
30
0.0
40
8.0
1
8
50
0.0
0
TEXT
8
DIM-LABELS
7
STANDARD
10
755.6959
20
-1799.1409
30
0.0
40
5.5
1
75.0'
50
0.0
0
TEXT
8
DIM-LABELS
7
STANDARD
10
756.5686
20
-1856.7386
30
0.0
40
5.5
1
100.0'
50
0.0
0
TEXT
8
DIM-LABELS
7
STANDARD
10
701.9478
20
-1875.0365
30
0.0
40
5.5
1
75.0'
50
0.0
0
TEXT
8
DIM-LABELS
7
STANDARD
10
701.0751
20
-1817.4388
30
0.0
40
5.5
1
100.0'
50
0.0
0
POLYLINE
8
LOT_LINE_APPROX
66
1
70
1
0
VERTEX
8
LOT_LINE_APPROX
10
-112.7041
20
-787.1871
30
0.0
0
VERTEX
8
LOT_LINE_APPROX
10
-52.7571
20
-784.6659
30
0.0
0
VERTEX
8
LOT_LINE_APPROX
10
-50.2359
20
-844.6129
30
0.0
0
VERTEX
8
LOT_LINE_APPROX
10
-110.1829
20
-847.1341
30
0.0
0
SEQEND
0
TEXT
8
TEXT-LABELS
7
STANDARD
10
-81.4700
20
-815.9000
30
0.0
40
8.0
1
A
50
0.0
0
TEXT
8
DIM-LABELS
7
STANDARD
10
-82.5836
20
-789.4234
30
0.0
40
5.5
1
60.0'
50
0.0
0
TEXT
8
DIM-LABELS
7
STANDARD
10
-54.9934
20
-814.7864
30
0.0
40
5.5
1
60.0'
50
0.0
0
TEXT
8
DIM-LABELS
7
STANDARD
10
-80.3564
20
-842.3766
30
0.0
40
5.5
1
60.0'
50
0.0
0
TEXT
8
DIM-LABELS
7
STANDARD
10
-107.9466
20
-817.0136
30
0.0
40
5.5
1
60.0'
50
0.0
0
ARC
8
CURVE
10
512.3580
20
-1038.6576
30
0.0
40
389.2700
50
92.4083
51
54.6944
0
ARC
8
CURVE
10
512.3580
20
-1038.6576
30
0.0
40
329.2700
50
92.4083
51
54.6944
0
ARC
8
CONTROL
10
512.3580
20
-1038.6576
30
0.0
40
359.2700
50
92.4083
51
54.6944
0
POLYLINE
8
ROW_STREET
66
1
70
0
0
VERTEX
8
ROW_STREET
10
496.0004
20
-649.7315
30
0.0
0
VERTEX
8
ROW_STREET
10
506.6721
20
-649.4292
30
0.0
0
VERTEX
8
ROW_STREET
10
517.3480
20
-649.4196
30
0.0
0
VERTEX
8
ROW_STREET
10
528.0201
20
-649.7028
30
0.0
0
VERTEX
8
ROW_STREET
10
538.6805
20
-650.2786
30
0.0
0
VERTEX
8
ROW_STREET
10
549.3211
20
-651.1465
30
0.0
0
VERTEX
8
ROW_STREET
10
559.9338
20
-652.3059
30
0.0
0
VERTEX
8
ROW_STREET
10
570.5108
20
-653.7559
30
0.0
0
VERTEX
8
ROW_STREET
10
581.0441
20
-655.4953
30
0.0
0
VERTEX
8
ROW_STREET
10
591.5256
20
-657.5230
30
0.0
0
VERTEX
8
ROW_STREET
10
601.9477
20
-659.8373
30
0.0
0
VERTEX
8
ROW_STREET
10
612.3023
20
-662.4366
30
0.0
0
VERTEX
8
ROW_STREET
10
622.5818
20
-665.3189
30
0.0
0
VERTEX
8
ROW_STREET
10
632.7784
20
-668.4819
30
0.0
0
VERTEX
8
ROW_STREET
10
642.8844
20
-671.9234
30
0.0
0
VERTEX
8
ROW_STREET
10
652.8922
20
-675.6407
30
0.0
0
VERTEX
8
ROW_STREET
10
662.7943
20
-679.6311
30
0.0
0
VERTEX
8
ROW_STREET
10
672.5833
20
-683.8915
30
0.0
0
VERTEX
8
ROW_STREET
10
682.2517
20
-688.4188
30
0.0
0
VERTEX
8
ROW_STREET
10
691.7924
20
-693.2095
30
0.0
0
VERTEX
8
ROW_STREET
10
701.1981
20
-698.2600
30
0.0
0
VERTEX
8
ROW_STREET
10
710.4617
20
-703.5666
30
0.0
0
VERTEX
8
ROW_STREET
10
719.5764
20
-709.1252
30
0.0
0
VERTEX
8
ROW_STREET
10
728.5352
20
-714.9316
30
0.0
0
VERTEX
8
ROW_STREET
10
737.3314
20
-720.9816
30
0.0
0
SEQEND
0
POLYLINE
8
ROW_STREET
66
1
70
0
0
VERTEX
8
ROW_STREET
10
498.5217
20
-709.6785
30
0.0
0
VERTEX
8
ROW_STREET
10
507.5485
20
-709.4228
30
0.0
0
VERTEX
8
ROW_STREET
10
516.5788
20
-709.4147
30
0.0
0
VERTEX
8
ROW_STREET
10
525.6060
20
-709.6543
30
0.0
0
VERTEX
8
ROW_STREET
10
534.6233
20
-710.1413
30
0.0
0
VERTEX
8
ROW_STREET
10
543.6238
20
-710.8754
30
0.0
0
VERTEX
8
ROW_STREET
10
552.6007
20
-711.8561
30
0.0
0
VERTEX
8
ROW_STREET
10
561.5474
20
-713.0826
30
0.0
0
VERTEX
8
ROW_STREET
10
570.4572
20
-714.5539
30
0.0
0
VERTEX
8
ROW_STREET
10
579.3232
20
-716.2691
30
0.0
0
VERTEX
8
ROW_STREET
10
588.1388
20
-718.2267
30
0.0
0
VERTEX
8
ROW_STREET
10
596.8974
20
-720.4253
30
0.0
0
VERTEX
8
ROW_STREET
10
605.5925
20
-722.8633
30
0.0
0
VERTEX
8
ROW_STREET
10
614.2174
20
-725.5388
30
0.0
0
VERTEX
8
ROW_STREET
10
622.7657
20
-728.4499
30
0.0
0
VERTEX
8
ROW_STREET
10
631.2310
20
-731.5942
30
0.0
0
VERTEX
8
ROW_STREET
10
639.6068
20
-734.9696
30
0.0
0
VERTEX
8
ROW_STREET
10
647.8870
20
-738.5733
30
0.0
0
VERTEX
8
ROW_STREET
10
656.0652
20
-742.4027
30
0.0
0
VERTEX
8
ROW_STREET
10
664.1353
20
-746.4550
30
0.0
0
VERTEX
8
ROW_STREET
10
672.0913
20
-750.7271
30
0.0
0
VERTEX
8
ROW_STREET
10
679.9271
20
-755.2157
30
0.0
0
VERTEX
8
ROW_STREET
10
687.6369
20
-759.9175
30
0.0
0
VERTEX
8
ROW_STREET
10
695.2148
20
-764.8290
30
0.0
0
VERTEX
8
ROW_STREET
10
702.6552
20
-769.9465
30
0.0
0
SEQEND
0
POLYLINE
8
CONTROL
66
1
70
0
0
VERTEX
8
CONTROL
10
497.2611
20
-679.7050
30
0.0
0
VERTEX
8
CONTROL
10
507.1103
20
-679.4260
30
0.0
0
VERTEX
8
CONTROL
10
516.9634
20
-679.4172
30
0.0
0
VERTEX
8
CONTROL
10
526.8131
20
-679.6786
30
0.0
0
VERTEX
8
CONTROL
10
536.6519
20
-680.2100
30
0.0
0
VERTEX
8
CONTROL
10
546.4724
20
-681.0110
30
0.0
0
VERTEX
8
CONTROL
10
556.2673
20
-682.0810
30
0.0
0
VERTEX
8
CONTROL
10
566.0291
20
-683.4192
30
0.0
0
VERTEX
8
CONTROL
10
575.7506
20
-685.0246
30
0.0
0
VERTEX
8
CONTROL
10
585.4244
20
-686.8960
30
0.0
0
VERTEX
8
CONTROL
10
595.0432
20
-689.0320
30
0.0
0
VERTEX
8
CONTROL
10
604.5999
20
-691.4310
30
0.0
0
VERTEX
8
CONTROL
10
614.0871
20
-694.0911
30
0.0
0
VERTEX
8
CONTROL
10
623.4979
20
-697.0104
30
0.0
0
VERTEX
8
CONTROL
10
632.8250
20
-700.1866
30
0.0
0
VERTEX
8
CONTROL
10
642.0616
20
-703.6175
30
0.0
0
VERTEX
8
CONTROL
10
651.2006
20
-707.3003
30
0.0
0
VERTEX
8
CONTROL
10
660.2351
20
-711.2324
30
0.0
0
VERTEX
8
CONTROL
10
669.1585
20
-715.4108
30
0.0
0
VERTEX
8
CONTROL
10
677.9638
20
-719.8323
30
0.0
0
VERTEX
8
CONTROL
10
686.6447
20
-724.4936
30
0.0
0
VERTEX
8
CONTROL
10
695.1944
20
-729.3911
30
0.0
0
VERTEX
8
CONTROL
10
703.6066
20
-734.5214
30
0.0
0
VERTEX
8
CONTROL
10
711.8750
20
-739.8803
30
0.0
0
VERTEX
8
CONTROL
10
719.9933
20
-745.4640
30
0.0
0
SEQEND
0
ARC
8
CURVE
10
609.1571
20
-1394.9948
30
0.0
40
489.3600
50
92.4083
51
56.0750
0
ARC
8
CURVE
10
609.1571
20
-1394.9948
30
0.0
40
429.3600
50
92.4083
51
56.0750
0
ARC
8
CONTROL
10
609.1571
20
-1394.9948
30
0.0
40
459.3600
50
92.4083
51
56.0750
0
POLYLINE
8
ROW_STREET
66
1
70
0
0
VERTEX
8
ROW_STREET
10
588.5937
20
-906.0670
30
0.0
0
VERTEX
8
ROW_STREET
10
601.5180
20
-905.6944
30
0.0
0
VERTEX
8
ROW_STREET
10
614.4476
20
-905.6634
30
0.0
0
VERTEX
8
ROW_STREET
10
627.3736
20
-905.9740
30
0.0
0
VERTEX
8
ROW_STREET
10
640.2868
20
-906.6259
30
0.0
0
VERTEX
8
ROW_STREET
10
653.1783
20
-907.6188
30
0.0
0
VERTEX
8
ROW_STREET
10
666.0390
20
-908.9519
30
0.0
0
VERTEX
8
ROW_STREET
10
678.8600
20
-910.6244
30
0.0
0
VERTEX
8
ROW_STREET
10
691.6324
20
-912.6349
30
0.0
0
VERTEX
8
ROW_STREET
10
704.3472
20
-914.9822
30
0.0
0
VERTEX
8
ROW_STREET
10
716.9956
20
-917.6646
30
0.0
0
VERTEX
8
ROW_STREET
10
729.5687
20
-920.6803
30
0.0
0
VERTEX
8
ROW_STREET
10
742.0577
20
-924.0270
30
0.0
0
VERTEX
8
ROW_STREET
10
754.4539
20
-927.7025
30
0.0
0
VERTEX
8
ROW_STREET
10
766.7487
20
-931.7043
30
0.0
0
VERTEX
8
ROW_STREET
10
778.9335
20
-936.0295
30
0.0
0
VERTEX
8
ROW_STREET
10
790.9998
20
-940.6750
30
0.0
0
VERTEX
8
ROW_STREET
10
802.9391
20
-945.6378
30
0.0
0
VERTEX
8
ROW_STREET
10
814.7432
20
-950.9142
30
0.0
0
VERTEX
8
ROW_STREET
10
826.4037
20
-956.5006
30
0.0
0
VERTEX
8
ROW_STREET
10
837.9125
20
-962.3932
30
0.0
0
VERTEX
8
ROW_STREET
10
849.2617
20
-968.5877
30
0.0
0
VERTEX
8
ROW_STREET
10
860.4433
20
-975.0800
30
0.0
0
VERTEX
8
ROW_STREET
10
871.4494
20
-981.8653
30
0.0
0
VERTEX
8
ROW_STREET
10
882.2724
20
-988.9391
30
0.0
0
SEQEND
0
POLYLINE
8
ROW_STREET
66
1
70
0
0
VERTEX
8
ROW_STREET
10
591.1150
20
-966.0140
30
0.0
0
VERTEX
8
ROW_STREET
10
602.4546
20
-965.6871
30
0.0
0
VERTEX
8
ROW_STREET
10
613.7990
20
-965.6599
30
0.0
0
VERTEX
8
ROW_STREET
10
625.1400
20
-965.9324
30
0.0
0
VERTEX
8
ROW_STREET
10
636.4700
20
-966.5044
30
0.0
0
VERTEX
8
ROW_STREET
10
647.7809
20
-967.3755
30
0.0
0
VERTEX
8
ROW_STREET
10
659.0648
20
-968.5452
30
0.0
0
VERTEX
8
ROW_STREET
10
670.3138
20
-970.0126
30
0.0
0
VERTEX
8
ROW_STREET
10
681.5202
20
-971.7767
30
0.0
0
VERTEX
8
ROW_STREET
10
692.6761
20
-973.8362
30
0.0
0
VERTEX
8
ROW_STREET
10
703.7736
20
-976.1897
30
0.0
0
VERTEX
8
ROW_STREET
10
714.8051
20
-978.8356
30
0.0
0
VERTEX
8
ROW_STREET
10
725.7629
20
-981.7720
30
0.0
0
VERTEX
8
ROW_STREET
10
736.6392
20
-984.9968
30
0.0
0
VERTEX
8
ROW_STREET
10
747.4266
20
-988.5079
30
0.0
0
VERTEX
8
ROW_STREET
10
758.1174
20
-992.3028
30
0.0
0
VERTEX
8
ROW_STREET
10
768.7042
20
-996.3788
30
0.0
0
VERTEX
8
ROW_STREET
10
779.1797
20
-1000.7330
30
0.0
0
VERTEX
8
ROW_STREET
10
789.5364
20
-1005.3625
30
0.0
0
VERTEX
8
ROW_STREET
10
799.7673
20
-1010.2640
30
0.0
0
VERTEX
8
ROW_STREET
10
809.8650
20
-1015.4341
30
0.0
0
VERTEX
8
ROW_STREET
10
819.8227
20
-1020.8691
30
0.0
0
VERTEX
8
ROW_STREET
10
829.6333
20
-1026.5653
30
0.0
0
VERTEX
8
ROW_STREET
10
839.2900
20
-1032.5188
30
0.0
0
VERTEX
8
ROW_STREET
10
848.7860
20
-1038.7252
30
0.0
0
SEQEND
0
POLYLINE
8
CONTROL
66
1
70
0
0
VERTEX
8
CONTROL
10
589.8543
20
-936.0405
30
0.0
0
VERTEX
8
CONTROL
10
601.9863
20
-935.6908
30
0.0
0
VERTEX
8
CONTROL
10
614.1233
20
-935.6616
30
0.0
0
VERTEX
8
CONTROL
10
626.2568
20
-935.9532
30
0.0
0
VERTEX
8
CONTROL
10
638.3784
20
-936.5652
30
0.0
0
VERTEX
8
CONTROL
10
650.4796
20
-937.4972
30
0.0
0
VERTEX
8
CONTROL
10
662.5519
20
-938.7486
30
0.0
0
VERTEX
8
CONTROL
10
674.5869
20
-940.3185
30
0.0
0
VERTEX
8
CONTROL
10
686.5763
20
-942.2058
30
0.0
0
VERTEX
8
CONTROL
10
698.5117
20
-944.4092
30
0.0
0
VERTEX
8
CONTROL
10
710.3846
20
-946.9272
30
0.0
0
VERTEX
8
CONTROL
10
722.1869
20
-949.7579
30
0.0
0
VERTEX
8
CONTROL
10
733.9103
20
-952.8995
30
0.0
0
VERTEX
8
CONTROL
10
745.5466
20
-956.3497
30
0.0
0
VERTEX
8
CONTROL
10
757.0876
20
-960.1061
30
0.0
0
VERTEX
8
CONTROL
10
768.5254
20
-964.1661
30
0.0
0
VERTEX
8
CONTROL
10
779.8520
20
-968.5269
30
0.0
0
VERTEX
8
CONTROL
10
791.0594
20
-973.1854
30
0.0
0
VERTEX
8
CONTROL
10
802.1398
20
-978.1384
30
0.0
0
VERTEX
8
CONTROL
10
813.0855
20
-983.3823
30
0.0
0
VERTEX
8
CONTROL
10
823.8888
20
-988.9136
30
0.0
0
VERTEX
8
CONTROL
10
834.5422
20
-994.7284
30
0.0
0
VERTEX
8
CONTROL
10
845.0383
20
-1000.8227
30
0.0
0
VERTEX
8
CONTROL
10
855.3697
20
-1007.1921
30
0.0
0
VERTEX
8
CONTROL
10
865.5292
20
-1013.8322
30
0.0
0
SEQEND
0
LINE
8
BOUNDARY
10
0.0000
20
0.0000
30
0.0
11
1624.9335
21
68.3416
31
0.0
0
TEXT
8
DIM-LABELS
7
STANDARD
10
450.0000
20
12.0000
30
0.0
40
10
1
N'ly line Section 32   S87%%d35'30"W  1626.37'
50
0.0
0
LINE
8
EASEMENT
10
2.1010
20
-49.9558
30
0.0
11
1627.0345
21
18.3858
31
0.0
0
LINE
8
EASEMENT
10
49.9558
20
2.1010
30
0.0
11
89.0353
21
-927.0775
31
0.0
0
LINE
8
ROW_STREET
10
216.1177
20
-141.0431
30
0.0
11
1508.4751
21
-86.6890
31
0.0
0
LINE
8
ROW_STREET
10
218.6389
20
-200.9901
30
0.0
11
1510.9964
21
-146.6360
31
0.0
0
TEXT
8
ROW_STREET
7
STANDARD
10
863.5570
20
-143.8395
30
0.0
40
10.0
1
STARFISH AVENUE (60' R/W)   S87%%d35'30"W
50
0.0
0
LINE
8
ROW_STREET
10
227.0431
20
-400.8135
30
0.0
11
1519.4006
21
-346.4593
31
0.0
0
LINE
8
ROW_STREET
10
229.5644
20
-460.7605
30
0.0
11
1521.9219
21
-406.4063
31
0.0
0
TEXT
8
ROW_STREET
7
STANDARD
10
874.4825
20
-403.6099
30
0.0
40
10.0
1
SAIL AVENUE (60' R/W)   S87%%d35'30"W
50
0.0
0
LINE
8
ROW_STREET
10
233.7665
20
-560.6721
30
0.0
11
1526.1240
21
-506.3180
31
0.0
0
LINE
8
ROW_STREET
10
236.2877
20
-620.6191
30
0.0
11
1528.6452
21
-566.2650
31
0.0
0
TEXT
8
ROW_STREET
7
STANDARD
10
881.2058
20
-563.4686
30
0.0
40
10.0
1
MARINA AVENUE (60' R/W)   S87%%d35'30"W
50
0.0
0
LINE
8
ROW_STREET
10
244.6919
20
-820.4425
30
0.0
11
1537.0494
21
-766.0884
31
0.0
0
LINE
8
ROW_STREET
10
247.2132
20
-880.3895
30
0.0
11
1539.5707
21
-826.0354
31
0.0
0
TEXT
8
ROW_STREET
7
STANDARD
10
892.1313
20
-823.2389
30
0.0
40
10.0
1
SANDS AVENUE (60' R/W)   S87%%d35'30"W
50
0.0
0
LINE
8
ROW_STREET
10
500.1507
20
-927.6722
30
0.0
11
1256.9680
21
-1463.6398
31
0.0
0
LINE
8
ROW_STREET
10
465.4744
20
-976.6371
30
0.0
11
1222.2917
21
-1512.6047
31
0.0
0
TEXT
8
ROW_STREET
6
ROT_-54.69
7
STANDARD
10
861.2212
20
-1220.1385
30
0.0
40
10.0
1
SHELLFISH DRIVE (60' R/W)   S54%%d41'40"E
50
-54.69
0
LINE
8
ROW_STREET
10
529.8481
20
-1144.7624
30
0.0
11
1152.9097
21
-1586.0061
31
0.0
0
LINE
8
ROW_STREET
10
506.7306
20
-1177.4057
30
0.0
11
1129.7922
21
-1618.6493
31
0.0
0
TEXT
8
ROW_STREET
6
ROT_-54.69
7
STANDARD
10
829.8201
20
-1381.7059
30
0.0
40
10.0
1
KEEL DRIVE (60' R/W)   S54%%d41'40"E
50
-54.69
0
LINE
8
ROW_STREET
10
497.0856
20
-1293.1121
30
0.0
11
994.8951
21
-1645.6539
31
0.0
0
LINE
8
ROW_STREET
10
462.4094
20
-1342.0770
30
0.0
11
960.2188
21
-1694.6188
31
0.0
0
TEXT
8
ROW_STREET
6
ROT_-54.69
7
STANDARD
10
728.6522
20
-1493.8654
30
0.0
40
10.0
1
CAPE HORN AVENUE (60' R/W)   S54%%d41'40"E
50
-54.69
0
LINE
8
ROW_STREET
10
404.6156
20
-1423.6851
30
0.0
11
837.1386
21
-1729.9919
31
0.0
0
LINE
8
ROW_STREET
10
369.9394
20
-1472.6499
30
0.0
11
802.4624
21
-1778.9568
31
0.0
0
TEXT
8
ROW_STREET
6
ROT_-54.69
7
STANDARD
10
603.5390
20
-1601.3209
30
0.0
40
10.0
1
SALVADORE AVENUE (60' R/W)   S54%%d41'40"E
50
-54.69
0
POINT
8
CONTROL
10
187.4048
20
-172.2772
30
0.0
0
TEXT
8
CONTROL
7
STANDARD
10
187.4048
20
-154.2772
30
0.0
40
11.0
1
GROUND GPS TIE: Starfish Ave & Mangrove Ave (30.292130%%d N, -81.530280%%d W) [Zero Fudging]
50
0.0
0
TEXT
8
TITLEBLOCK
7
STANDARD
10
0.0000
20
250.0000
30
0.0
40
12.0
1
BEACHWOOD UNIT TWO -- PLAT BOOK 30, PAGES 82 & 82A, DUVAL COUNTY, FL (1960)
50
0.0
0
TEXT
8
TITLEBLOCK
7
STANDARD
10
0.0000
20
222.0000
30
0.0
40
8.5
1
Beach Boulevard Estates, Inc.  |  Simmerson, Bell & Akel  |  Scale 1"=100'
50
0.0
0
TEXT
8
TITLEBLOCK
7
STANDARD
10
0.0000
20
194.0000
30
0.0
40
8.5
1
COMPLETE SUBDIVISION: 204 AUTONOMOUS AGENT LOT TRAVERSES (BLOCKS 18-10 + TRACT A)
50
0.0
0
TEXT
8
TITLEBLOCK
7
STANDARD
10
0.0000
20
166.0000
30
0.0
40
8.5
1

50
0.0
0
TEXT
8
TITLEBLOCK
7
STANDARD
10
0.0000
20
138.0000
30
0.0
40
8.5
1
AUDIT SUMMARY: 204 of 204 lots certified closed (precision >= 1:10,000)
50
0.0
0
TEXT
8
TITLEBLOCK
7
STANDARD
10
0.0000
20
110.0000
30
0.0
40
8.5
1
VERIFIED LOTS: BLOCKS 18-15 (CYAN, LOT_LINE) | SCALED/ASSUMED LOTS: BLOCKS 14-10 & TRACT A (RED, LOT_LINE_APPROX)
50
0.0
0
TEXT
8
TITLEBLOCK
7
STANDARD
10
0.0000
20
82.0000
30
0.0
40
8.5
1
CURVES SOLVED: Marina Ave R=389.27' (C6-C8), Beachwood Blvd R=1959.86' (C2)
50
0.0
0
TEXT
8
TITLEBLOCK
7
STANDARD
10
0.0000
20
54.0000
30
0.0
40
8.5
1
NATURAL PHYSICAL GPS TIE: 30.292130 N, -81.530280 W (Zero Artificial Offset Fudging)
50
0.0
0
ENDSEC
0
EOF
