0
SECTION
2
HEADER
9
$ACADVER
1
AC1009
9
$DWGCODEPAGE
3
ANSI_1252
0
ENDSEC
0
SECTION
2
TABLES
0
TABLE
2
LTYPE
70
6
0
LTYPE
2
CONTINUOUS
70
0
3
Solid
72
65
73
0
40
0.0
0
LTYPE
2
DASHED
70
0
3
Dashed
72
65
73
2
40
0.75
49
0.5
74
0
49
-0.25
74
0
0
LTYPE
2
DASHED2
70
0
3
Dashed (.5x)
72
65
73
2
40
0.375
49
0.25
74
0
49
-0.125
74
0
0
LTYPE
2
HIDDEN
70
0
3
Hidden
72
65
73
2
40
0.375
49
0.25
74
0
49
-0.125
74
0
0
LTYPE
2
CENTER
70
0
3
Center
72
65
73
4
40
2.0
49
1.25
74
0
49
-0.25
74
0
49
0.25
74
0
49
-0.25
74
0
0
LTYPE
2
PHANTOM
70
0
3
Phantom
72
65
73
6
40
2.5
49
1.25
74
0
49
-0.25
74
0
49
0.25
74
0
49
-0.25
74
0
49
0.25
74
0
49
-0.25
74
0
0
ENDTAB
0
TABLE
2
LAYER
70
5
0
LAYER
2
0
70
0
62
7
6
CONTINUOUS
0
LAYER
2
TRACED_LINE
70
0
62
5
6
CONTINUOUS
0
LAYER
2
TRACED_CURVE
70
0
62
6
6
CONTINUOUS
0
LAYER
2
CONTROL
70
0
62
1
6
CENTER
0
LAYER
2
TITLEBLOCK
70
0
62
2
6
CONTINUOUS
0
ENDTAB
0
TABLE
2
STYLE
70
4
0
STYLE
2
STANDARD
70
0
40
0.0
41
1.0
50
0.0
71
0
42
0.2
3
Arial
4

0
STYLE
2
ARIAL
70
0
40
0.0
41
1.0
50
0.0
71
0
42
0.2
3
Arial
4

0
STYLE
2
ARIAL_TTF
70
0
40
0.0
41
1.0
50
0.0
71
0
42
0.2
3
arial.ttf
4

0
STYLE
2
SIMPLEX
70
0
40
0.0
41
1.0
50
0.0
71
0
42
0.2
3
simplex.shx
4

0
ENDTAB
0
ENDSEC
0
SECTION
2
ENTITIES
0
POLYLINE
8
TRACED_LINE
66
1
70
0
0
VERTEX
8
TRACED_LINE
10
126.0628
20
-1565.6895
30
0.0
0
VERTEX
8
TRACED_LINE
10
126.3095
20
-1571.1721
30
0.0
0
VERTEX
8
TRACED_LINE
10
125.3575
20
-1572.2138
30
0.0
0
SEQEND
0
POLYLINE
8
TRACED_LINE
66
1
70
0
0
VERTEX
8
TRACED_LINE
10
127.4908
20
-1564.1270
30
0.0
0
VERTEX
8
TRACED_LINE
10
162.4022
20
-1563.0557
30
0.0
0
SEQEND
0
POLYLINE
8
TRACED_LINE
66
1
70
0
0
VERTEX
8
TRACED_LINE
10
119.5162
20
-1564.4858
30
0.0
0
VERTEX
8
TRACED_LINE
10
124.5003
20
-1564.2616
30
0.0
0
SEQEND
0
POLYLINE
8
TRACED_LINE
66
1
70
0
0
VERTEX
8
TRACED_LINE
10
162.8833
20
-1551.5474
30
0.0
0
VERTEX
8
TRACED_LINE
10
163.8302
20
-1561.4932
30
0.0
0
SEQEND
0
POLYLINE
8
TRACED_LINE
66
1
70
0
0
VERTEX
8
TRACED_LINE
10
1063.3155
20
-1506.5410
30
0.0
0
VERTEX
8
TRACED_LINE
10
1047.2715
20
-1516.2525
30
0.0
0
SEQEND
0
POLYLINE
8
TRACED_LINE
66
1
70
0
0
VERTEX
8
TRACED_LINE
10
1019.6671
20
-1491.0250
30
0.0
0
VERTEX
8
TRACED_LINE
10
1038.2603
20
-1504.6718
30
0.0
0
SEQEND
0
POLYLINE
8
TRACED_LINE
66
1
70
0
0
VERTEX
8
TRACED_LINE
10
101.0779
20
-1509.8794
30
0.0
0
VERTEX
8
TRACED_LINE
10
102.2164
20
-1546.2861
30
0.0
0
SEQEND
0
POLYLINE
8
TRACED_LINE
66
1
70
0
0
VERTEX
8
TRACED_LINE
10
97.0008
20
-1508.0652
30
0.0
0
VERTEX
8
TRACED_LINE
10
99.5153
20
-1508.4515
30
0.0
0
SEQEND
0
POLYLINE
8
TRACED_LINE
66
1
70
0
0
VERTEX
8
TRACED_LINE
10
50.6035
20
-1509.1538
30
0.0
0
VERTEX
8
TRACED_LINE
10
51.5800
20
-1553.0591
30
0.0
0
SEQEND
0
POLYLINE
8
TRACED_LINE
66
1
70
0
0
VERTEX
8
TRACED_LINE
10
1150.0599
20
-1458.6891
30
0.0
0
VERTEX
8
TRACED_LINE
10
1155.7218
20
-1462.4297
30
0.0
0
SEQEND
0
POLYLINE
8
TRACED_LINE
66
1
70
0
0
VERTEX
8
TRACED_LINE
10
1133.9536
20
-1455.9178
30
0.0
0
VERTEX
8
TRACED_LINE
10
1131.5961
20
-1459.0204
30
0.0
0
SEQEND
0
POLYLINE
8
TRACED_LINE
66
1
70
0
0
VERTEX
8
TRACED_LINE
10
1138.2376
20
-1451.2302
30
0.0
0
VERTEX
8
TRACED_LINE
10
1135.8352
20
-1453.3360
30
0.0
0
VERTEX
8
TRACED_LINE
10
1138.2376
20
-1451.2302
30
0.0
0
VERTEX
8
TRACED_LINE
10
1140.7969
20
-1452.6134
30
0.0
0
SEQEND
0
POLYLINE
8
TRACED_LINE
66
1
70
0
0
VERTEX
8
TRACED_LINE
10
644.6732
20
-1470.4397
30
0.0
0
VERTEX
8
TRACED_LINE
10
647.7758
20
-1472.7973
30
0.0
0
SEQEND
0
POLYLINE
8
TRACED_LINE
66
1
70
0
0
VERTEX
8
TRACED_LINE
10
641.1843
20
-1470.5967
30
0.0
0
VERTEX
8
TRACED_LINE
10
594.2132
20
-1536.6361
30
0.0
0
SEQEND
0
POLYLINE
8
TRACED_LINE
66
1
70
0
0
VERTEX
8
TRACED_LINE
10
1159.4900
20
-1446.2787
30
0.0
0
VERTEX
8
TRACED_LINE
10
1160.1229
20
-1449.2467
30
0.0
0
VERTEX
8
TRACED_LINE
10
1158.7622
20
-1452.3045
30
0.0
0
VERTEX
8
TRACED_LINE
10
1154.4335
20
-1455.9952
30
0.0
0
VERTEX
8
TRACED_LINE
10
1150.4462
20
-1456.1746
30
0.0
0
SEQEND
0
POLYLINE
8
TRACED_LINE
66
1
70
0
0
VERTEX
8
TRACED_LINE
10
1156.4546
20
-1445.4164
30
0.0
0
VERTEX
8
TRACED_LINE
10
1149.1354
20
-1449.2417
30
0.0
0
SEQEND
0
POLYLINE
8
TRACED_LINE
66
1
70
0
0
VERTEX
8
TRACED_LINE
10
962.4146
20
-1450.6505
30
0.0
0
VERTEX
8
TRACED_LINE
10
1017.6061
20
-1489.6195
30
0.0
0
SEQEND
0
POLYLINE
8
TRACED_LINE
66
1
70
0
0
VERTEX
8
TRACED_LINE
10
652.2890
20
-1462.1063
30
0.0
0
VERTEX
8
TRACED_LINE
10
645.0370
20
-1467.4268
30
0.0
0
SEQEND
0
POLYLINE
8
TRACED_LINE
66
1
70
0
0
VERTEX
8
TRACED_LINE
10
1080.9800
20
-1421.8433
30
0.0
0
VERTEX
8
TRACED_LINE
10
1081.5906
20
-1424.3129
30
0.0
0
SEQEND
0
POLYLINE
8
TRACED_LINE
66
1
70
0
0
VERTEX
8
TRACED_LINE
10
197.7232
20
-1460.0838
30
0.0
0
VERTEX
8
TRACED_LINE
10
198.6824
20
-1492.5031
30
0.0
0
SEQEND
0
POLYLINE
8
TRACED_LINE
66
1
70
0
0
VERTEX
8
TRACED_LINE
10
1086.3729
20
-1419.6029
30
0.0
0
VERTEX
8
TRACED_LINE
10
1086.5074
20
-1422.5934
30
0.0
0
VERTEX
8
TRACED_LINE
10
1084.1275
20
-1425.1976
30
0.0
0
SEQEND
0
POLYLINE
8
TRACED_LINE
66
1
70
0
0
VERTEX
8
TRACED_LINE
10
688.5937
20
-1436.5006
30
0.0
0
VERTEX
8
TRACED_LINE
10
684.2425
20
-1439.6929
30
0.0
0
SEQEND
0
POLYLINE
8
TRACED_LINE
66
1
70
0
0
VERTEX
8
TRACED_LINE
10
699.5364
20
-1435.5089
30
0.0
0
VERTEX
8
TRACED_LINE
10
705.7416
20
-1440.2239
30
0.0
0
SEQEND
0
POLYLINE
8
TRACED_LINE
66
1
70
0
0
VERTEX
8
TRACED_LINE
10
691.5618
20
-1435.8677
30
0.0
0
VERTEX
8
TRACED_LINE
10
697.5427
20
-1435.5986
30
0.0
0
SEQEND
0
POLYLINE
8
TRACED_LINE
66
1
70
0
0
VERTEX
8
TRACED_LINE
10
183.6779
20
-1458.7180
30
0.0
0
VERTEX
8
TRACED_LINE
10
196.1607
20
-1458.6558
30
0.0
0
SEQEND
0
POLYLINE
8
TRACED_LINE
66
1
70
0
0
VERTEX
8
TRACED_LINE
10
1090.2705
20
-1417.4299
30
0.0
0
VERTEX
8
TRACED_LINE
10
1094.9132
20
-1420.7170
30
0.0
0
SEQEND
0
POLYLINE
8
TRACED_LINE
66
1
70
0
0
VERTEX
8
TRACED_LINE
10
100.4204
20
-1461.9644
30
0.0
0
VERTEX
8
TRACED_LINE
10
101.4641
20
-1507.3649
30
0.0
0
SEQEND
0
POLYLINE
8
TRACED_LINE
66
1
70
0
0
VERTEX
8
TRACED_LINE
10
1081.6405
20
-1414.3222
30
0.0
0
VERTEX
8
TRACED_LINE
10
1079.3727
20
-1419.4185
30
0.0
0
SEQEND
0
POLYLINE
8
TRACED_LINE
66
1
70
0
0
VERTEX
8
TRACED_LINE
10
1085.1070
20
-1413.6668
30
0.0
0
VERTEX
8
TRACED_LINE
10
1088.1872
20
-1415.5259
30
0.0
0
SEQEND
0
POLYLINE
8
TRACED_LINE
66
1
70
0
0
VERTEX
8
TRACED_LINE
10
690.3183
20
-1430.4300
30
0.0
0
VERTEX
8
TRACED_LINE
10
689.9992
20
-1434.4397
30
0.0
0
SEQEND
0
POLYLINE
8
TRACED_LINE
66
1
70
0
0
VERTEX
8
TRACED_LINE
10
694.2607
20
-1429.2538
30
0.0
0
VERTEX
8
TRACED_LINE
10
696.8201
20
-1430.6369
30
0.0
0
VERTEX
8
TRACED_LINE
10
696.9098
20
-1432.6305
30
0.0
0
VERTEX
8
TRACED_LINE
10
693.4657
20
-1433.7843
30
0.0
0
VERTEX
8
TRACED_LINE
10
692.3568
20
-1431.3371
30
0.0
0
SEQEND
0
POLYLINE
8
TRACED_LINE
66
1
70
0
0
VERTEX
8
TRACED_LINE
10
698.7240
20
-1428.5535
30
0.0
0
VERTEX
8
TRACED_LINE
10
698.9707
20
-1434.0361
30
0.0
0
SEQEND
0
POLYLINE
8
TRACED_LINE
66
1
70
0
0
VERTEX
8
TRACED_LINE
10
75.6841
20
-1456.0854
30
0.0
0
VERTEX
8
TRACED_LINE
10
78.3556
20
-1459.9606
30
0.0
0
VERTEX
8
TRACED_LINE
10
81.2737
20
-1469.3183
30
0.0
0
VERTEX
8
TRACED_LINE
10
80.4288
20
-1483.8396
30
0.0
0
VERTEX
8
TRACED_LINE
10
81.3757
20
-1493.7855
30
0.0
0
VERTEX
8
TRACED_LINE
10
84.5904
20
-1498.6351
30
0.0
0
VERTEX
8
TRACED_LINE
10
94.9175
20
-1506.1612
30
0.0
0
SEQEND
0
POLYLINE
8
TRACED_LINE
66
1
70
0
0
VERTEX
8
TRACED_LINE
10
693.1742
20
-1427.3050
30
0.0
0
VERTEX
8
TRACED_LINE
10
697.1615
20
-1427.1256
30
0.0
0
SEQEND
0
POLYLINE
8
TRACED_LINE
66
1
70
0
0
VERTEX
8
TRACED_LINE
10
1076.4097
20
-1409.0639
30
0.0
0
VERTEX
8
TRACED_LINE
10
1020.0534
20
-1488.5105
30
0.0
0
SEQEND
0
POLYLINE
8
TRACED_LINE
66
1
70
0
0
VERTEX
8
TRACED_LINE
10
578.2699
20
-1426.4816
30
0.0
0
VERTEX
8
TRACED_LINE
10
573.5997
20
-1433.6836
30
0.0
0
SEQEND
0
POLYLINE
8
TRACED_LINE
66
1
70
0
0
VERTEX
8
TRACED_LINE
10
580.7171
20
-1425.3726
30
0.0
0
VERTEX
8
TRACED_LINE
10
635.8862
20
-1463.8432
30
0.0
0
VERTEX
8
TRACED_LINE
10
640.5737
20
-1468.1271
30
0.0
0
SEQEND
0
POLYLINE
8
TRACED_LINE
66
1
70
0
0
VERTEX
8
TRACED_LINE
10
902.0820
20
-1408.4169
30
0.0
0
VERTEX
8
TRACED_LINE
10
960.3537
20
-1449.2450
30
0.0
0
SEQEND
0
POLYLINE
8
TRACED_LINE
66
1
70
0
0
VERTEX
8
TRACED_LINE
10
1083.4598
20
-1399.2577
30
0.0
0
VERTEX
8
TRACED_LINE
10
1083.5271
20
-1400.7529
30
0.0
0
VERTEX
8
TRACED_LINE
10
1078.7896
20
-1406.4597
30
0.0
0
SEQEND
0
POLYLINE
8
TRACED_LINE
66
1
70
0
0
VERTEX
8
TRACED_LINE
10
1080.6090
20
-1391.3952
30
0.0
0
VERTEX
8
TRACED_LINE
10
1079.7467
20
-1394.4305
30
0.0
0
VERTEX
8
TRACED_LINE
10
1080.6090
20
-1391.3952
30
0.0
0
VERTEX
8
TRACED_LINE
10
1083.1908
20
-1393.2767
30
0.0
0
SEQEND
0
POLYLINE
8
TRACED_LINE
66
1
70
0
0
VERTEX
8
TRACED_LINE
10
257.0721
20
-1424.9511
30
0.0
0
VERTEX
8
TRACED_LINE
10
258.0609
20
-1491.3299
30
0.0
0
SEQEND
0
POLYLINE
8
TRACED_LINE
66
1
70
0
0
VERTEX
8
TRACED_LINE
10
1077.9151
20
-1387.0215
30
0.0
0
VERTEX
8
TRACED_LINE
10
1076.0560
20
-1390.1017
30
0.0
0
VERTEX
8
TRACED_LINE
10
1077.2546
20
-1394.5426
30
0.0
0
SEQEND
0
POLYLINE
8
TRACED_LINE
66
1
70
0
0
VERTEX
8
TRACED_LINE
10
48.1470
20
-1432.3532
30
0.0
0
VERTEX
8
TRACED_LINE
10
49.9930
20
-1506.6842
30
0.0
0
SEQEND
0
POLYLINE
8
TRACED_LINE
66
1
70
0
0
VERTEX
8
TRACED_LINE
10
267.4267
20
-1421.9881
30
0.0
0
VERTEX
8
TRACED_LINE
10
258.5225
20
-1423.8870
30
0.0
0
SEQEND
0
POLYLINE
8
TRACED_LINE
66
1
70
0
0
VERTEX
8
TRACED_LINE
10
49.8267
20
-1425.2857
30
0.0
0
VERTEX
8
TRACED_LINE
10
49.5301
20
-1429.7939
30
0.0
0
SEQEND
0
POLYLINE
8
TRACED_LINE
66
1
70
0
0
VERTEX
8
TRACED_LINE
10
47.3346
20
-1425.3978
30
0.0
0
VERTEX
8
TRACED_LINE
10
47.0380
20
-1429.9060
30
0.0
0
SEQEND
0
POLYLINE
8
TRACED_LINE
66
1
70
0
0
VERTEX
8
TRACED_LINE
10
1017.1860
20
-1369.2775
30
0.0
0
VERTEX
8
TRACED_LINE
10
962.8009
20
-1448.1360
30
0.0
0
SEQEND
0
POLYLINE
8
TRACED_LINE
66
1
70
0
0
VERTEX
8
TRACED_LINE
10
628.9215
20
-1386.7460
30
0.0
0
VERTEX
8
TRACED_LINE
10
688.7109
20
-1428.0052
30
0.0
0
SEQEND
0
POLYLINE
8
TRACED_LINE
66
1
70
0
0
VERTEX
8
TRACED_LINE
10
1019.6108
20
-1367.6701
30
0.0
0
VERTEX
8
TRACED_LINE
10
1075.8216
20
-1407.0927
30
0.0
0
SEQEND
0
POLYLINE
8
TRACED_LINE
66
1
70
0
0
VERTEX
8
TRACED_LINE
10
835.6961
20
-1375.9447
30
0.0
0
VERTEX
8
TRACED_LINE
10
836.2618
20
-1377.4175
30
0.0
0
VERTEX
8
TRACED_LINE
10
837.7570
20
-1377.3502
30
0.0
0
SEQEND
0
POLYLINE
8
TRACED_LINE
66
1
70
0
0
VERTEX
8
TRACED_LINE
10
1115.7599
20
-1362.3454
30
0.0
0
VERTEX
8
TRACED_LINE
10
1118.8176
20
-1363.7061
30
0.0
0
SEQEND
0
POLYLINE
8
TRACED_LINE
66
1
70
0
0
VERTEX
8
TRACED_LINE
10
1113.2454
20
-1361.9591
30
0.0
0
VERTEX
8
TRACED_LINE
10
1108.5303
20
-1368.1643
30
0.0
0
SEQEND
0
POLYLINE
8
TRACED_LINE
66
1
70
0
0
VERTEX
8
TRACED_LINE
10
846.0058
20
-1371.9849
30
0.0
0
VERTEX
8
TRACED_LINE
10
845.0762
20
-1373.5249
30
0.0
0
VERTEX
8
TRACED_LINE
10
842.6066
20
-1374.1355
30
0.0
0
SEQEND
0
POLYLINE
8
TRACED_LINE
66
1
70
0
0
VERTEX
8
TRACED_LINE
10
848.4754
20
-1371.3743
30
0.0
0
VERTEX
8
TRACED_LINE
10
900.0211
20
-1407.0114
30
0.0
0
SEQEND
0
POLYLINE
8
TRACED_LINE
66
1
70
0
0
VERTEX
8
TRACED_LINE
10
517.4164
20
-1383.7719
30
0.0
0
VERTEX
8
TRACED_LINE
10
511.3407
20
-1393.0349
30
0.0
0
SEQEND
0
POLYLINE
8
TRACED_LINE
66
1
70
0
0
VERTEX
8
TRACED_LINE
10
519.3653
20
-1382.6854
30
0.0
0
VERTEX
8
TRACED_LINE
10
578.1354
20
-1423.4911
30
0.0
0
SEQEND
0
POLYLINE
8
TRACED_LINE
66
1
70
0
0
VERTEX
8
TRACED_LINE
10
770.0451
20
-1370.9076
30
0.0
0
VERTEX
8
TRACED_LINE
10
769.6812
20
-1373.9205
30
0.0
0
SEQEND
0
POLYLINE
8
TRACED_LINE
66
1
70
0
0
VERTEX
8
TRACED_LINE
10
776.4347
20
-1368.6224
30
0.0
0
VERTEX
8
TRACED_LINE
10
781.5758
20
-1371.8871
30
0.0
0
SEQEND
0
POLYLINE
8
TRACED_LINE
66
1
70
0
0
VERTEX
8
TRACED_LINE
10
839.7109
20
-1365.2762
30
0.0
0
VERTEX
8
TRACED_LINE
10
845.8937
20
-1369.4928
30
0.0
0
SEQEND
0
POLYLINE
8
TRACED_LINE
66
1
70
0
0
VERTEX
8
TRACED_LINE
10
768.8016
20
-1365.4699
30
0.0
0
VERTEX
8
TRACED_LINE
10
769.9105
20
-1367.9171
30
0.0
0
SEQEND
0
POLYLINE
8
TRACED_LINE
66
1
70
0
0
VERTEX
8
TRACED_LINE
10
770.2520
20
-1364.4058
30
0.0
0
VERTEX
8
TRACED_LINE
10
772.8113
20
-1365.7889
30
0.0
0
SEQEND
0
POLYLINE
8
TRACED_LINE
66
1
70
0
0
VERTEX
8
TRACED_LINE
10
757.2035
20
-1362.9952
30
0.0
0
VERTEX
8
TRACED_LINE
10
755.8204
20
-1365.5545
30
0.0
0
SEQEND
0
POLYLINE
8
TRACED_LINE
66
1
70
0
0
VERTEX
8
TRACED_LINE
10
-70.1861
20
-1399.7210
30
0.0
0
VERTEX
8
TRACED_LINE
10
-68.6236
20
-1401.1490
30
0.0
0
VERTEX
8
TRACED_LINE
10
-60.6490
20
-1400.7902
30
0.0
0
SEQEND
0
POLYLINE
8
TRACED_LINE
66
1
70
0
0
VERTEX
8
TRACED_LINE
10
195.4461
20
-1387.2705
30
0.0
0
VERTEX
8
TRACED_LINE
10
197.5887
20
-1457.0933
30
0.0
0
SEQEND
0
POLYLINE
8
TRACED_LINE
66
1
70
0
0
VERTEX
8
TRACED_LINE
10
769.0533
20
-1359.9649
30
0.0
0
VERTEX
8
TRACED_LINE
10
772.6095
20
-1361.3032
30
0.0
0
VERTEX
8
TRACED_LINE
10
774.2168
20
-1363.7280
30
0.0
0
SEQEND
0
POLYLINE
8
TRACED_LINE
66
1
70
0
0
VERTEX
8
TRACED_LINE
10
-155.5046
20
-1401.5619
30
0.0
0
VERTEX
8
TRACED_LINE
10
-164.9520
20
-1402.4864
30
0.0
0
VERTEX
8
TRACED_LINE
10
-82.2153
20
-1398.7639
30
0.0
0
SEQEND
0
POLYLINE
8
TRACED_LINE
66
1
70
0
0
VERTEX
8
TRACED_LINE
10
-314.5211
20
-1408.2168
30
0.0
0
VERTEX
8
TRACED_LINE
10
-272.1335
20
-1406.8092
30
0.0
0
SEQEND
0
POLYLINE
8
TRACED_LINE
66
1
70
0
0
VERTEX
8
TRACED_LINE
10
763.0275
20
-1359.2372
30
0.0
0
VERTEX
8
TRACED_LINE
10
766.6285
20
-1361.5723
30
0.0
0
SEQEND
0
POLYLINE
8
TRACED_LINE
66
1
70
0
0
VERTEX
8
TRACED_LINE
10
750.0687
20
-1359.8202
30
0.0
0
VERTEX
8
TRACED_LINE
10
750.8811
20
-1366.7756
30
0.0
0
SEQEND
0
POLYLINE
8
TRACED_LINE
66
1
70
0
0
VERTEX
8
TRACED_LINE
10
753.5352
20
-1359.1648
30
0.0
0
VERTEX
8
TRACED_LINE
10
754.3027
20
-1365.1234
30
0.0
0
SEQEND
0
POLYLINE
8
TRACED_LINE
66
1
70
0
0
VERTEX
8
TRACED_LINE
10
-67.3750
20
-1395.5992
30
0.0
0
VERTEX
8
TRACED_LINE
10
-59.4004
20
-1395.2404
30
0.0
0
SEQEND
0
POLYLINE
8
TRACED_LINE
66
1
70
0
0
VERTEX
8
TRACED_LINE
10
-169.6172
20
-1398.7009
30
0.0
0
VERTEX
8
TRACED_LINE
10
-167.5114
20
-1401.1033
30
0.0
0
SEQEND
0
POLYLINE
8
TRACED_LINE
66
1
70
0
0
VERTEX
8
TRACED_LINE
10
746.9437
20
-1356.9643
30
0.0
0
VERTEX
8
TRACED_LINE
10
699.0879
20
-1425.5406
30
0.0
0
SEQEND
0
POLYLINE
8
TRACED_LINE
66
1
70
0
0
VERTEX
8
TRACED_LINE
10
189.7169
20
-1382.0346
30
0.0
0
VERTEX
8
TRACED_LINE
10
193.8836
20
-1385.8425
30
0.0
0
SEQEND
0
POLYLINE
8
TRACED_LINE
66
1
70
0
0
VERTEX
8
TRACED_LINE
10
-267.3287
20
-1402.5976
30
0.0
0
VERTEX
8
TRACED_LINE
10
-269.7087
20
-1405.2018
30
0.0
0
SEQEND
0
POLYLINE
8
TRACED_LINE
66
1
70
0
0
VERTEX
8
TRACED_LINE
10
-319.1638
20
-1404.9297
30
0.0
0
VERTEX
8
TRACED_LINE
10
-316.5596
20
-1407.3097
30
0.0
0
SEQEND
0
POLYLINE
8
TRACED_LINE
66
1
70
0
0
VERTEX
8
TRACED_LINE
10
-366.0371
20
-1406.5392
30
0.0
0
VERTEX
8
TRACED_LINE
10
-366.9891
20
-1407.5809
30
0.0
0
VERTEX
8
TRACED_LINE
10
-366.2440
20
-1413.0410
30
0.0
0
VERTEX
8
TRACED_LINE
10
-318.3739
20
-1411.3867
30
0.0
0
VERTEX
8
TRACED_LINE
10
-316.4699
20
-1409.3033
30
0.0
0
SEQEND
0
POLYLINE
8
TRACED_LINE
66
1
70
0
0
VERTEX
8
TRACED_LINE
10
-264.8815
20
-1401.4887
30
0.0
0
VERTEX
8
TRACED_LINE
10
-172.1765
20
-1397.3178
30
0.0
0
SEQEND
0
POLYLINE
8
TRACED_LINE
66
1
70
0
0
VERTEX
8
TRACED_LINE
10
-363.5899
20
-1405.4303
30
0.0
0
VERTEX
8
TRACED_LINE
10
-321.7231
20
-1403.5466
30
0.0
0
SEQEND
0
POLYLINE
8
TRACED_LINE
66
1
70
0
0
VERTEX
8
TRACED_LINE
10
192.6177
20
-1379.9064
30
0.0
0
VERTEX
8
TRACED_LINE
10
194.2475
20
-1382.8296
30
0.0
0
SEQEND
0
POLYLINE
8
TRACED_LINE
66
1
70
0
0
VERTEX
8
TRACED_LINE
10
97.8966
20
-1383.6686
30
0.0
0
VERTEX
8
TRACED_LINE
10
100.2858
20
-1458.9739
30
0.0
0
SEQEND
0
POLYLINE
8
TRACED_LINE
66
1
70
0
0
VERTEX
8
TRACED_LINE
10
-318.3239
20
-1401.3960
30
0.0
0
VERTEX
8
TRACED_LINE
10
-319.2759
20
-1402.4377
30
0.0
0
VERTEX
8
TRACED_LINE
10
-318.3239
20
-1401.3960
30
0.0
0
VERTEX
8
TRACED_LINE
10
-268.4825
20
-1399.1536
30
0.0
0
SEQEND
0
POLYLINE
8
TRACED_LINE
66
1
70
0
0
VERTEX
8
TRACED_LINE
10
99.3246
20
-1382.1061
30
0.0
0
VERTEX
8
TRACED_LINE
10
107.2992
20
-1381.7473
30
0.0
0
SEQEND
0
POLYLINE
8
TRACED_LINE
66
1
70
0
0
VERTEX
8
TRACED_LINE
10
750.7068
20
-1351.8008
30
0.0
0
VERTEX
8
TRACED_LINE
10
748.8477
20
-1354.8809
30
0.0
0
SEQEND
0
POLYLINE
8
TRACED_LINE
66
1
70
0
0
VERTEX
8
TRACED_LINE
10
-367.7566
20
-1401.6223
30
0.0
0
VERTEX
8
TRACED_LINE
10
-366.1492
20
-1404.0471
30
0.0
0
SEQEND
0
POLYLINE
8
TRACED_LINE
66
1
70
0
0
VERTEX
8
TRACED_LINE
10
757.1413
20
-1350.5124
30
0.0
0
VERTEX
8
TRACED_LINE
10
756.1893
20
-1351.5541
30
0.0
0
VERTEX
8
TRACED_LINE
10
758.1381
20
-1350.4676
30
0.0
0
VERTEX
8
TRACED_LINE
10
761.2632
20
-1353.3235
30
0.0
0
VERTEX
8
TRACED_LINE
10
761.8737
20
-1355.7931
30
0.0
0
SEQEND
0
POLYLINE
8
TRACED_LINE
66
1
70
0
0
VERTEX
8
TRACED_LINE
10
196.4256
20
-1375.7397
30
0.0
0
VERTEX
8
TRACED_LINE
10
199.0074
20
-1377.6212
30
0.0
0
SEQEND
0
POLYLINE
8
TRACED_LINE
66
1
70
0
0
VERTEX
8
TRACED_LINE
10
957.8278
20
-1326.5006
30
0.0
0
VERTEX
8
TRACED_LINE
10
902.4683
20
-1405.9024
30
0.0
0
SEQEND
0
POLYLINE
8
TRACED_LINE
66
1
70
0
0
VERTEX
8
TRACED_LINE
10
730.5286
20
-1336.2276
30
0.0
0
VERTEX
8
TRACED_LINE
10
750.1187
20
-1349.8295
30
0.0
0
SEQEND
0
POLYLINE
8
TRACED_LINE
66
1
70
0
0
VERTEX
8
TRACED_LINE
10
959.7766
20
-1325.4141
30
0.0
0
VERTEX
8
TRACED_LINE
10
1017.5499
20
-1366.2646
30
0.0
0
SEQEND
0
POLYLINE
8
TRACED_LINE
66
1
70
0
0
VERTEX
8
TRACED_LINE
10
564.4671
20
-1341.7013
30
0.0
0
VERTEX
8
TRACED_LINE
10
626.8606
20
-1385.3404
30
0.0
0
SEQEND
0
POLYLINE
8
TRACED_LINE
66
1
70
0
0
VERTEX
8
TRACED_LINE
10
1054.8616
20
-1318.6390
30
0.0
0
VERTEX
8
TRACED_LINE
10
1112.6573
20
-1359.9879
30
0.0
0
SEQEND
0
POLYLINE
8
TRACED_LINE
66
1
70
0
0
VERTEX
8
TRACED_LINE
10
457.9910
20
-1339.4998
30
0.0
0
VERTEX
8
TRACED_LINE
10
516.7835
20
-1380.8039
30
0.0
0
SEQEND
0
POLYLINE
8
TRACED_LINE
66
1
70
0
0
VERTEX
8
TRACED_LINE
10
772.2884
20
-1320.8644
30
0.0
0
VERTEX
8
TRACED_LINE
10
752.5883
20
-1349.2190
30
0.0
0
SEQEND
0
POLYLINE
8
TRACED_LINE
66
1
70
0
0
VERTEX
8
TRACED_LINE
10
775.2564
20
-1320.2314
30
0.0
0
VERTEX
8
TRACED_LINE
10
837.6275
20
-1363.3722
30
0.0
0
SEQEND
0
POLYLINE
8
TRACED_LINE
66
1
70
0
0
VERTEX
8
TRACED_LINE
10
447.7760
20
-1334.4658
30
0.0
0
VERTEX
8
TRACED_LINE
10
441.3812
20
-1347.7385
30
0.0
0
SEQEND
0
POLYLINE
8
TRACED_LINE
66
1
70
0
0
VERTEX
8
TRACED_LINE
10
449.7248
20
-1333.3792
30
0.0
0
VERTEX
8
TRACED_LINE
10
454.8884
20
-1337.1423
30
0.0
0
SEQEND
0
POLYLINE
8
TRACED_LINE
66
1
70
0
0
VERTEX
8
TRACED_LINE
10
754.3281
20
-1310.1857
30
0.0
0
VERTEX
8
TRACED_LINE
10
746.9864
20
-1313.5126
30
0.0
0
VERTEX
8
TRACED_LINE
10
729.1332
20
-1316.3135
30
0.0
0
VERTEX
8
TRACED_LINE
10
730.7182
20
-1318.2399
30
0.0
0
VERTEX
8
TRACED_LINE
10
740.3674
20
-1321.8011
30
0.0
0
VERTEX
8
TRACED_LINE
10
743.4700
20
-1324.1587
30
0.0
0
VERTEX
8
TRACED_LINE
10
743.6046
20
-1327.1491
30
0.0
0
VERTEX
8
TRACED_LINE
10
738.2566
20
-1330.3863
30
0.0
0
VERTEX
8
TRACED_LINE
10
740.2278
20
-1329.7982
30
0.0
0
SEQEND
0
POLYLINE
8
TRACED_LINE
66
1
70
0
0
VERTEX
8
TRACED_LINE
10
1641.3256
20
-1266.2833
30
0.0
0
VERTEX
8
TRACED_LINE
10
1641.0738
20
-1271.7882
30
0.0
0
SEQEND
0
POLYLINE
8
TRACED_LINE
66
1
70
0
0
VERTEX
8
TRACED_LINE
10
1169.1706
20
-1284.0301
30
0.0
0
VERTEX
8
TRACED_LINE
10
1115.6253
20
-1359.3549
30
0.0
0
SEQEND
0
POLYLINE
8
TRACED_LINE
66
1
70
0
0
VERTEX
8
TRACED_LINE
10
683.2170
20
-1305.8938
30
0.0
0
VERTEX
8
TRACED_LINE
10
628.8094
20
-1384.2539
30
0.0
0
SEQEND
0
POLYLINE
8
TRACED_LINE
66
1
70
0
0
VERTEX
8
TRACED_LINE
10
1177.1004
20
-1282.6745
30
0.0
0
VERTEX
8
TRACED_LINE
10
1180.1581
20
-1284.0352
30
0.0
0
SEQEND
0
POLYLINE
8
TRACED_LINE
66
1
70
0
0
VERTEX
8
TRACED_LINE
10
685.6642
20
-1304.7848
30
0.0
0
VERTEX
8
TRACED_LINE
10
727.9469
20
-1334.3461
30
0.0
0
SEQEND
0
POLYLINE
8
TRACED_LINE
66
1
70
0
0
VERTEX
8
TRACED_LINE
10
1641.0789
20
-1260.8007
30
0.0
0
VERTEX
8
TRACED_LINE
10
1641.1910
20
-1263.2928
30
0.0
0
SEQEND
0
POLYLINE
8
TRACED_LINE
66
1
70
0
0
VERTEX
8
TRACED_LINE
10
1179.4355
20
-1279.0735
30
0.0
0
VERTEX
8
TRACED_LINE
10
1177.9851
20
-1280.1376
30
0.0
0
VERTEX
8
TRACED_LINE
10
1180.9307
20
-1279.0062
30
0.0
0
VERTEX
8
TRACED_LINE
10
1182.0397
20
-1281.4534
30
0.0
0
SEQEND
0
POLYLINE
8
TRACED_LINE
66
1
70
0
0
VERTEX
8
TRACED_LINE
10
1161.9013
20
-1277.8647
30
0.0
0
VERTEX
8
TRACED_LINE
10
1168.5825
20
-1282.0589
30
0.0
0
SEQEND
0
POLYLINE
8
TRACED_LINE
66
1
70
0
0
VERTEX
8
TRACED_LINE
10
1665.7529
20
-1254.1970
30
0.0
0
VERTEX
8
TRACED_LINE
10
1683.7183
20
-1253.8881
30
0.0
0
SEQEND
0
POLYLINE
8
TRACED_LINE
66
1
70
0
0
VERTEX
8
TRACED_LINE
10
1662.2641
20
-1254.3539
30
0.0
0
VERTEX
8
TRACED_LINE
10
1650.6161
20
-1261.8699
30
0.0
0
VERTEX
8
TRACED_LINE
10
1643.2520
20
-1264.6983
30
0.0
0
SEQEND
0
POLYLINE
8
TRACED_LINE
66
1
70
0
0
VERTEX
8
TRACED_LINE
10
793.0077
20
-1292.9634
30
0.0
0
VERTEX
8
TRACED_LINE
10
775.1667
20
-1318.2378
30
0.0
0
SEQEND
0
POLYLINE
8
TRACED_LINE
66
1
70
0
0
VERTEX
8
TRACED_LINE
10
1169.6068
20
-1271.5249
30
0.0
0
VERTEX
8
TRACED_LINE
10
1173.7511
20
-1274.8344
30
0.0
0
SEQEND
0
POLYLINE
8
TRACED_LINE
66
1
70
0
0
VERTEX
8
TRACED_LINE
10
894.9134
20
-1282.3854
30
0.0
0
VERTEX
8
TRACED_LINE
10
840.0748
20
-1362.2632
30
0.0
0
SEQEND
0
POLYLINE
8
TRACED_LINE
66
1
70
0
0
VERTEX
8
TRACED_LINE
10
995.0498
20
-1276.8813
30
0.0
0
VERTEX
8
TRACED_LINE
10
1052.8006
20
-1317.2334
30
0.0
0
SEQEND
0
POLYLINE
8
TRACED_LINE
66
1
70
0
0
VERTEX
8
TRACED_LINE
10
897.3607
20
-1281.2765
30
0.0
0
VERTEX
8
TRACED_LINE
10
957.1949
20
-1323.5325
30
0.0
0
SEQEND
0
POLYLINE
8
TRACED_LINE
66
1
70
0
0
VERTEX
8
TRACED_LINE
10
497.9741
20
-1295.7494
30
0.0
0
VERTEX
8
TRACED_LINE
10
561.9077
20
-1340.3181
30
0.0
0
SEQEND
0
POLYLINE
8
TRACED_LINE
66
1
70
0
0
VERTEX
8
TRACED_LINE
10
788.0286
20
-1282.2001
30
0.0
0
VERTEX
8
TRACED_LINE
10
788.1183
20
-1284.1937
30
0.0
0
VERTEX
8
TRACED_LINE
10
792.4196
20
-1290.9921
30
0.0
0
SEQEND
0
POLYLINE
8
TRACED_LINE
66
1
70
0
0
VERTEX
8
TRACED_LINE
10
1425.8639
20
-1250.5066
30
0.0
0
VERTEX
8
TRACED_LINE
10
1423.1201
20
-1256.1237
30
0.0
0
SEQEND
0
POLYLINE
8
TRACED_LINE
66
1
70
0
0
VERTEX
8
TRACED_LINE
10
490.7721
20
-1291.0792
30
0.0
0
VERTEX
8
TRACED_LINE
10
495.9132
20
-1294.3439
30
0.0
0
SEQEND
0
POLYLINE
8
TRACED_LINE
66
1
70
0
0
VERTEX
8
TRACED_LINE
10
713.8821
20
-1277.0458
30
0.0
0
VERTEX
8
TRACED_LINE
10
772.1762
20
-1318.3723
30
0.0
0
SEQEND
0
POLYLINE
8
TRACED_LINE
66
1
70
0
0
VERTEX
8
TRACED_LINE
10
354.8447
20
-1289.2040
30
0.0
0
VERTEX
8
TRACED_LINE
10
355.0016
20
-1292.6929
30
0.0
0
SEQEND
0
POLYLINE
8
TRACED_LINE
66
1
70
0
0
VERTEX
8
TRACED_LINE
10
1735.5910
20
-1219.0918
30
0.0
0
VERTEX
8
TRACED_LINE
10
1730.1533
20
-1220.3353
30
0.0
0
VERTEX
8
TRACED_LINE
10
1733.6198
20
-1219.6799
30
0.0
0
SEQEND
0
POLYLINE
8
TRACED_LINE
66
1
70
0
0
VERTEX
8
TRACED_LINE
10
280.5188
20
-1280.0624
30
0.0
0
VERTEX
8
TRACED_LINE
10
280.6533
20
-1283.0529
30
0.0
0
SEQEND
0
POLYLINE
8
TRACED_LINE
66
1
70
0
0
VERTEX
8
TRACED_LINE
10
1106.8443
20
-1241.8862
30
0.0
0
VERTEX
8
TRACED_LINE
10
1054.7495
20
-1316.1469
30
0.0
0
SEQEND
0
POLYLINE
8
TRACED_LINE
66
1
70
0
0
VERTEX
8
TRACED_LINE
10
274.9690
20
-1278.8138
30
0.0
0
VERTEX
8
TRACED_LINE
10
268.0809
20
-1281.1214
30
0.0
0
VERTEX
8
TRACED_LINE
10
260.3305
20
-1286.4644
30
0.0
0
VERTEX
8
TRACED_LINE
10
257.0434
20
-1291.1071
30
0.0
0
VERTEX
8
TRACED_LINE
10
253.8909
20
-1298.7402
30
0.0
0
VERTEX
8
TRACED_LINE
10
256.9824
20
-1422.9574
30
0.0
0
VERTEX
8
TRACED_LINE
10
257.3015
20
-1418.9477
30
0.0
0
SEQEND
0
POLYLINE
8
TRACED_LINE
66
1
70
0
0
VERTEX
8
TRACED_LINE
10
1109.2915
20
-1240.7773
30
0.0
0
VERTEX
8
TRACED_LINE
10
1117.0368
20
-1246.4219
30
0.0
0
SEQEND
0
POLYLINE
8
TRACED_LINE
66
1
70
0
0
VERTEX
8
TRACED_LINE
10
618.2641
20
-1260.8715
30
0.0
0
VERTEX
8
TRACED_LINE
10
563.8565
20
-1339.2316
30
0.0
0
SEQEND
0
POLYLINE
8
TRACED_LINE
66
1
70
0
0
VERTEX
8
TRACED_LINE
10
521.5493
20
-1264.7234
30
0.0
0
VERTEX
8
TRACED_LINE
10
522.6807
20
-1267.6690
30
0.0
0
VERTEX
8
TRACED_LINE
10
521.2079
20
-1268.2347
30
0.0
0
VERTEX
8
TRACED_LINE
10
520.1214
20
-1266.2859
30
0.0
0
SEQEND
0
POLYLINE
8
TRACED_LINE
66
1
70
0
0
VERTEX
8
TRACED_LINE
10
517.0636
20
-1264.9252
30
0.0
0
VERTEX
8
TRACED_LINE
10
497.8620
20
-1293.2573
30
0.0
0
SEQEND
0
POLYLINE
8
TRACED_LINE
66
1
70
0
0
VERTEX
8
TRACED_LINE
10
95.4054
20
-1283.8961
30
0.0
0
VERTEX
8
TRACED_LINE
10
97.8069
20
-1381.6749
30
0.0
0
SEQEND
0
POLYLINE
8
TRACED_LINE
66
1
70
0
0
VERTEX
8
TRACED_LINE
10
1558.2280
20
-1217.5825
30
0.0
0
VERTEX
8
TRACED_LINE
10
1557.3657
20
-1220.6179
30
0.0
0
VERTEX
8
TRACED_LINE
10
1558.9058
20
-1221.5474
30
0.0
0
SEQEND
0
POLYLINE
8
TRACED_LINE
66
1
70
0
0
VERTEX
8
TRACED_LINE
10
1112.6235
20
-1237.1314
30
0.0
0
VERTEX
8
TRACED_LINE
10
1170.9176
20
-1278.4579
30
0.0
0
SEQEND
0
POLYLINE
8
TRACED_LINE
66
1
70
0
0
VERTEX
8
TRACED_LINE
10
620.6889
20
-1259.2641
30
0.0
0
VERTEX
8
TRACED_LINE
10
683.0824
20
-1302.9033
30
0.0
0
SEQEND
0
POLYLINE
8
TRACED_LINE
66
1
70
0
0
VERTEX
8
TRACED_LINE
10
45.0207
20
-1285.1641
30
0.0
0
VERTEX
8
TRACED_LINE
10
48.2193
20
-1422.8609
30
0.0
0
SEQEND
0
POLYLINE
8
TRACED_LINE
66
1
70
0
0
VERTEX
8
TRACED_LINE
10
96.8334
20
-1282.3336
30
0.0
0
VERTEX
8
TRACED_LINE
10
170.6883
20
-1281.0084
30
0.0
0
VERTEX
8
TRACED_LINE
10
179.7943
20
-1283.5953
30
0.0
0
VERTEX
8
TRACED_LINE
10
188.0829
20
-1290.2143
30
0.0
0
VERTEX
8
TRACED_LINE
10
191.3200
20
-1295.5623
30
0.0
0
VERTEX
8
TRACED_LINE
10
193.1068
20
-1301.9744
30
0.0
0
VERTEX
8
TRACED_LINE
10
194.8406
20
-1373.8133
30
0.0
0
SEQEND
0
POLYLINE
8
TRACED_LINE
66
1
70
0
0
VERTEX
8
TRACED_LINE
10
46.4487
20
-1283.6016
30
0.0
0
VERTEX
8
TRACED_LINE
10
94.8397
20
-1282.4233
30
0.0
0
SEQEND
0
POLYLINE
8
TRACED_LINE
66
1
70
0
0
VERTEX
8
TRACED_LINE
10
1563.5984
20
-1214.8438
30
0.0
0
VERTEX
8
TRACED_LINE
10
1561.6272
20
-1215.4319
30
0.0
0
VERTEX
8
TRACED_LINE
10
1565.6369
20
-1215.7509
30
0.0
0
VERTEX
8
TRACED_LINE
10
1563.8226
20
-1219.8279
30
0.0
0
SEQEND
0
POLYLINE
8
TRACED_LINE
66
1
70
0
0
VERTEX
8
TRACED_LINE
10
281.1793
20
-1272.5414
30
0.0
0
VERTEX
8
TRACED_LINE
10
280.3843
20
-1277.0719
30
0.0
0
SEQEND
0
POLYLINE
8
TRACED_LINE
66
1
70
0
0
VERTEX
8
TRACED_LINE
10
-219.2508
20
-1294.5569
30
0.0
0
VERTEX
8
TRACED_LINE
10
-218.6157
20
-1341.9735
30
0.0
0
SEQEND
0
POLYLINE
8
TRACED_LINE
66
1
70
0
0
VERTEX
8
TRACED_LINE
10
-217.7780
20
-1293.9912
30
0.0
0
VERTEX
8
TRACED_LINE
10
-215.1738
20
-1296.3711
30
0.0
0
VERTEX
8
TRACED_LINE
10
-214.0200
20
-1299.8152
30
0.0
0
SEQEND
0
POLYLINE
8
TRACED_LINE
66
1
70
0
0
VERTEX
8
TRACED_LINE
10
1114.9361
20
-1233.0320
30
0.0
0
VERTEX
8
TRACED_LINE
10
1121.6398
20
-1237.7246
30
0.0
0
SEQEND
0
POLYLINE
8
TRACED_LINE
66
1
70
0
0
VERTEX
8
TRACED_LINE
10
-220.8357
20
-1292.6305
30
0.0
0
VERTEX
8
TRACED_LINE
10
-224.1901
20
-1295.7780
30
0.0
0
VERTEX
8
TRACED_LINE
10
-225.0299
20
-1299.3117
30
0.0
0
VERTEX
8
TRACED_LINE
10
-226.9339
20
-1301.3951
30
0.0
0
SEQEND
0
POLYLINE
8
TRACED_LINE
66
1
70
0
0
VERTEX
8
TRACED_LINE
10
1560.3164
20
-1208.4990
30
0.0
0
VERTEX
8
TRACED_LINE
10
1560.5631
20
-1213.9815
30
0.0
0
SEQEND
0
POLYLINE
8
TRACED_LINE
66
1
70
0
0
VERTEX
8
TRACED_LINE
10
1358.4139
20
-1216.5839
30
0.0
0
VERTEX
8
TRACED_LINE
10
1420.6953
20
-1257.7310
30
0.0
0
SEQEND
0
POLYLINE
8
TRACED_LINE
66
1
70
0
0
VERTEX
8
TRACED_LINE
10
1569.1085
20
-1204.1080
30
0.0
0
VERTEX
8
TRACED_LINE
10
1561.7444
20
-1206.9364
30
0.0
0
VERTEX
8
TRACED_LINE
10
1563.2172
20
-1206.3708
30
0.0
0
SEQEND
0
POLYLINE
8
TRACED_LINE
66
1
70
0
0
VERTEX
8
TRACED_LINE
10
830.9574
20
-1237.3183
30
0.0
0
VERTEX
8
TRACED_LINE
10
794.4132
20
-1290.9025
30
0.0
0
SEQEND
0
POLYLINE
8
TRACED_LINE
66
1
70
0
0
VERTEX
8
TRACED_LINE
10
931.6146
20
-1232.2902
30
0.0
0
VERTEX
8
TRACED_LINE
10
992.4680
20
-1274.9998
30
0.0
0
SEQEND
0
POLYLINE
8
TRACED_LINE
66
1
70
0
0
VERTEX
8
TRACED_LINE
10
1559.5713
20
-1203.0388
30
0.0
0
VERTEX
8
TRACED_LINE
10
1559.6834
20
-1205.5309
30
0.0
0
SEQEND
0
POLYLINE
8
TRACED_LINE
66
1
70
0
0
VERTEX
8
TRACED_LINE
10
833.3822
20
-1235.7109
30
0.0
0
VERTEX
8
TRACED_LINE
10
895.2773
20
-1279.3725
30
0.0
0
SEQEND
0
POLYLINE
8
TRACED_LINE
66
1
70
0
0
VERTEX
8
TRACED_LINE
10
1099.9888
20
-1222.7171
30
0.0
0
VERTEX
8
TRACED_LINE
10
1112.3319
20
-1230.6520
30
0.0
0
SEQEND
0
POLYLINE
8
TRACED_LINE
66
1
70
0
0
VERTEX
8
TRACED_LINE
10
1347.5884
20
-1209.0802
30
0.0
0
VERTEX
8
TRACED_LINE
10
1356.3530
20
-1215.1784
30
0.0
0
SEQEND
0
POLYLINE
8
TRACED_LINE
66
1
70
0
0
VERTEX
8
TRACED_LINE
10
1547.8387
20
-1197.5736
30
0.0
0
VERTEX
8
TRACED_LINE
10
1558.0088
20
-1201.6109
30
0.0
0
SEQEND
0
POLYLINE
8
TRACED_LINE
66
1
70
0
0
VERTEX
8
TRACED_LINE
10
654.0479
20
-1234.7898
30
0.0
0
VERTEX
8
TRACED_LINE
10
711.8212
20
-1275.6403
30
0.0
0
SEQEND
0
POLYLINE
8
TRACED_LINE
66
1
70
0
0
VERTEX
8
TRACED_LINE
10
1349.3130
20
-1203.0096
30
0.0
0
VERTEX
8
TRACED_LINE
10
1347.4539
20
-1206.0897
30
0.0
0
SEQEND
0
POLYLINE
8
TRACED_LINE
66
1
70
0
0
VERTEX
8
TRACED_LINE
10
1243.1060
20
-1206.7891
30
0.0
0
VERTEX
8
TRACED_LINE
10
1248.2919
20
-1211.0506
30
0.0
0
SEQEND
0
POLYLINE
8
TRACED_LINE
66
1
70
0
0
VERTEX
8
TRACED_LINE
10
1235.4952
20
-1204.1350
30
0.0
0
VERTEX
8
TRACED_LINE
10
1238.1891
20
-1208.5086
30
0.0
0
VERTEX
8
TRACED_LINE
10
1240.6587
20
-1207.8981
30
0.0
0
SEQEND
0
POLYLINE
8
TRACED_LINE
66
1
70
0
0
VERTEX
8
TRACED_LINE
10
1647.1403
20
-1184.6157
30
0.0
0
VERTEX
8
TRACED_LINE
10
1647.2300
20
-1186.6094
30
0.0
0
VERTEX
8
TRACED_LINE
10
1645.3485
20
-1189.1912
30
0.0
0
VERTEX
8
TRACED_LINE
10
1642.3580
20
-1189.3257
30
0.0
0
SEQEND
0
POLYLINE
8
TRACED_LINE
66
1
70
0
0
VERTEX
8
TRACED_LINE
10
1236.9232
20
-1202.5725
30
0.0
0
VERTEX
8
TRACED_LINE
10
1239.4825
20
-1203.9556
30
0.0
0
SEQEND
0
POLYLINE
8
TRACED_LINE
66
1
70
0
0
VERTEX
8
TRACED_LINE
10
1238.7823
20
-1199.4923
30
0.0
0
VERTEX
8
TRACED_LINE
10
1240.9329
20
-1202.8915
30
0.0
0
SEQEND
0
POLYLINE
8
TRACED_LINE
66
1
70
0
0
VERTEX
8
TRACED_LINE
10
435.3390
20
-1235.6402
30
0.0
0
VERTEX
8
TRACED_LINE
10
428.9666
20
-1249.4113
30
0.0
0
SEQEND
0
POLYLINE
8
TRACED_LINE
66
1
70
0
0
VERTEX
8
TRACED_LINE
10
1229.2900
20
-1199.4199
30
0.0
0
VERTEX
8
TRACED_LINE
10
1175.7447
20
-1274.7447
30
0.0
0
SEQEND
0
POLYLINE
8
TRACED_LINE
66
1
70
0
0
VERTEX
8
TRACED_LINE
10
1644.4464
20
-1180.2421
30
0.0
0
VERTEX
8
TRACED_LINE
10
1643.0633
20
-1182.8015
30
0.0
0
SEQEND
0
POLYLINE
8
TRACED_LINE
66
1
70
0
0
VERTEX
8
TRACED_LINE
10
1639.9158
20
-1179.4471
30
0.0
0
VERTEX
8
TRACED_LINE
10
1640.2522
20
-1186.9233
30
0.0
0
SEQEND
0
POLYLINE
8
TRACED_LINE
66
1
70
0
0
VERTEX
8
TRACED_LINE
10
548.8652
20
-1228.0354
30
0.0
0
VERTEX
8
TRACED_LINE
10
550.0190
20
-1231.4794
30
0.0
0
VERTEX
8
TRACED_LINE
10
552.9422
20
-1229.8496
30
0.0
0
SEQEND
0
POLYLINE
8
TRACED_LINE
66
1
70
0
0
VERTEX
8
TRACED_LINE
10
440.7094
20
-1232.9014
30
0.0
0
VERTEX
8
TRACED_LINE
10
438.2846
20
-1234.5088
30
0.0
0
SEQEND
0
POLYLINE
8
TRACED_LINE
66
1
70
0
0
VERTEX
8
TRACED_LINE
10
1636.8805
20
-1178.5848
30
0.0
0
VERTEX
8
TRACED_LINE
10
1624.1236
20
-1183.6536
30
0.0
0
SEQEND
0
POLYLINE
8
TRACED_LINE
66
1
70
0
0
VERTEX
8
TRACED_LINE
10
1640.8454
20
-1177.9070
30
0.0
0
VERTEX
8
TRACED_LINE
10
1644.3791
20
-1178.7469
30
0.0
0
SEQEND
0
POLYLINE
8
TRACED_LINE
66
1
70
0
0
VERTEX
8
TRACED_LINE
10
448.1183
20
-1231.0698
30
0.0
0
VERTEX
8
TRACED_LINE
10
443.7447
20
-1233.7637
30
0.0
0
SEQEND
0
POLYLINE
8
TRACED_LINE
66
1
70
0
0
VERTEX
8
TRACED_LINE
10
546.1265
20
-1222.6649
30
0.0
0
VERTEX
8
TRACED_LINE
10
518.9452
20
-1262.3434
30
0.0
0
SEQEND
0
POLYLINE
8
TRACED_LINE
66
1
70
0
0
VERTEX
8
TRACED_LINE
10
1046.4893
20
-1199.1542
30
0.0
0
VERTEX
8
TRACED_LINE
10
994.9377
20
-1274.3893
30
0.0
0
SEQEND
0
POLYLINE
8
TRACED_LINE
66
1
70
0
0
VERTEX
8
TRACED_LINE
10
1048.9589
20
-1198.5436
30
0.0
0
VERTEX
8
TRACED_LINE
10
1055.6625
20
-1203.2363
30
0.0
0
SEQEND
0
POLYLINE
8
TRACED_LINE
66
1
70
0
0
VERTEX
8
TRACED_LINE
10
1052.2684
20
-1194.3994
30
0.0
0
VERTEX
8
TRACED_LINE
10
1109.5209
20
-1234.7739
30
0.0
0
SEQEND
0
POLYLINE
8
TRACED_LINE
66
1
70
0
0
VERTEX
8
TRACED_LINE
10
1476.8947
20
-1174.7955
30
0.0
0
VERTEX
8
TRACED_LINE
10
1427.2644
20
-1259.4332
30
0.0
0
SEQEND
0
POLYLINE
8
TRACED_LINE
66
1
70
0
0
VERTEX
8
TRACED_LINE
10
1479.8628
20
-1174.1625
30
0.0
0
VERTEX
8
TRACED_LINE
10
1558.2555
20
-1207.0934
30
0.0
0
SEQEND
0
POLYLINE
8
TRACED_LINE
66
1
70
0
0
VERTEX
8
TRACED_LINE
10
551.7487
20
-1214.4212
30
0.0
0
VERTEX
8
TRACED_LINE
10
547.5320
20
-1220.6040
30
0.0
0
SEQEND
0
POLYLINE
8
TRACED_LINE
66
1
70
0
0
VERTEX
8
TRACED_LINE
10
554.1735
20
-1212.8139
30
0.0
0
VERTEX
8
TRACED_LINE
10
618.6279
20
-1257.8586
30
0.0
0
SEQEND
0
POLYLINE
8
TRACED_LINE
66
1
70
0
0
VERTEX
8
TRACED_LINE
10
445.4295
20
-1215.7087
30
0.0
0
VERTEX
8
TRACED_LINE
10
436.7221
20
-1233.0808
30
0.0
0
SEQEND
0
POLYLINE
8
TRACED_LINE
66
1
70
0
0
VERTEX
8
TRACED_LINE
10
1474.0887
20
-1167.9298
30
0.0
0
VERTEX
8
TRACED_LINE
10
1477.8018
20
-1172.7570
30
0.0
0
SEQEND
0
POLYLINE
8
TRACED_LINE
66
1
70
0
0
VERTEX
8
TRACED_LINE
10
1478.0536
20
-1167.2520
30
0.0
0
VERTEX
8
TRACED_LINE
10
1485.1883
20
-1170.4270
30
0.0
0
SEQEND
0
POLYLINE
8
TRACED_LINE
66
1
70
0
0
VERTEX
8
TRACED_LINE
10
1295.4771
20
-1171.9704
30
0.0
0
VERTEX
8
TRACED_LINE
10
1344.4858
20
-1206.7227
30
0.0
0
SEQEND
0
POLYLINE
8
TRACED_LINE
66
1
70
0
0
VERTEX
8
TRACED_LINE
10
442.6684
20
-1209.8398
30
0.0
0
VERTEX
8
TRACED_LINE
10
444.3654
20
-1214.2583
30
0.0
0
SEQEND
0
POLYLINE
8
TRACED_LINE
66
1
70
0
0
VERTEX
8
TRACED_LINE
10
268.2235
20
-1217.6883
30
0.0
0
VERTEX
8
TRACED_LINE
10
277.7830
20
-1219.2559
30
0.0
0
SEQEND
0
POLYLINE
8
TRACED_LINE
66
1
70
0
0
VERTEX
8
TRACED_LINE
10
1042.7364
20
-1182.3426
30
0.0
0
VERTEX
8
TRACED_LINE
10
1051.9993
20
-1188.4184
30
0.0
0
SEQEND
0
POLYLINE
8
TRACED_LINE
66
1
70
0
0
VERTEX
8
TRACED_LINE
10
770.5575
20
-1193.5894
30
0.0
0
VERTEX
8
TRACED_LINE
10
714.2684
20
-1274.5313
30
0.0
0
SEQEND
0
POLYLINE
8
TRACED_LINE
66
1
70
0
0
VERTEX
8
TRACED_LINE
10
869.6970
20
-1188.1302
30
0.0
0
VERTEX
8
TRACED_LINE
10
929.5536
20
-1230.8847
30
0.0
0
SEQEND
0
POLYLINE
8
TRACED_LINE
66
1
70
0
0
VERTEX
8
TRACED_LINE
10
772.5063
20
-1192.5029
30
0.0
0
VERTEX
8
TRACED_LINE
10
831.3212
20
-1234.3054
30
0.0
0
SEQEND
0
POLYLINE
8
TRACED_LINE
66
1
70
0
0
VERTEX
8
TRACED_LINE
10
43.7802
20
-1224.2903
30
0.0
0
VERTEX
8
TRACED_LINE
10
44.8862
20
-1282.1736
30
0.0
0
SEQEND
0
POLYLINE
8
TRACED_LINE
66
1
70
0
0
VERTEX
8
TRACED_LINE
10
60.1830
20
-1222.5535
30
0.0
0
VERTEX
8
TRACED_LINE
10
92.6024
20
-1221.5943
30
0.0
0
SEQEND
0
POLYLINE
8
TRACED_LINE
66
1
70
0
0
VERTEX
8
TRACED_LINE
10
45.2082
20
-1222.7278
30
0.0
0
VERTEX
8
TRACED_LINE
10
56.6941
20
-1222.7105
30
0.0
0
SEQEND
0
POLYLINE
8
TRACED_LINE
66
1
70
0
0
VERTEX
8
TRACED_LINE
10
353.1832
20
-1207.8728
30
0.0
0
VERTEX
8
TRACED_LINE
10
351.9071
20
-1223.9118
30
0.0
0
SEQEND
0
POLYLINE
8
TRACED_LINE
66
1
70
0
0
VERTEX
8
TRACED_LINE
10
60.8659
20
-1215.5309
30
0.0
0
VERTEX
8
TRACED_LINE
10
62.3836
20
-1215.9620
30
0.0
0
VERTEX
8
TRACED_LINE
10
62.4733
20
-1217.9557
30
0.0
0
VERTEX
8
TRACED_LINE
10
60.0933
20
-1220.5598
30
0.0
0
SEQEND
0
POLYLINE
8
TRACED_LINE
66
1
70
0
0
VERTEX
8
TRACED_LINE
10
591.1335
20
-1190.6746
30
0.0
0
VERTEX
8
TRACED_LINE
10
651.9870
20
-1233.3843
30
0.0
0
SEQEND
0
POLYLINE
8
TRACED_LINE
66
1
70
0
0
VERTEX
8
TRACED_LINE
10
353.8661
20
-1200.8502
30
0.0
0
VERTEX
8
TRACED_LINE
10
353.5695
20
-1205.3583
30
0.0
0
SEQEND
0
POLYLINE
8
TRACED_LINE
66
1
70
0
0
VERTEX
8
TRACED_LINE
10
351.8051
20
-1199.4446
30
0.0
0
VERTEX
8
TRACED_LINE
10
349.4700
20
-1203.0456
30
0.0
0
SEQEND
0
POLYLINE
8
TRACED_LINE
66
1
70
0
0
VERTEX
8
TRACED_LINE
10
60.7090
20
-1212.0420
30
0.0
0
VERTEX
8
TRACED_LINE
10
59.7794
20
-1213.5821
30
0.0
0
VERTEX
8
TRACED_LINE
10
60.7090
20
-1212.0420
30
0.0
0
VERTEX
8
TRACED_LINE
10
63.2234
20
-1212.4283
30
0.0
0
SEQEND
0
POLYLINE
8
TRACED_LINE
66
1
70
0
0
VERTEX
8
TRACED_LINE
10
1263.1352
20
-1152.4497
30
0.0
0
VERTEX
8
TRACED_LINE
10
1231.6475
20
-1196.3173
30
0.0
0
SEQEND
0
POLYLINE
8
TRACED_LINE
66
1
70
0
0
VERTEX
8
TRACED_LINE
10
1265.6048
20
-1151.8392
30
0.0
0
VERTEX
8
TRACED_LINE
10
1267.6209
20
-1152.2479
30
0.0
0
VERTEX
8
TRACED_LINE
10
1292.9178
20
-1170.5873
30
0.0
0
SEQEND
0
POLYLINE
8
TRACED_LINE
66
1
70
0
0
VERTEX
8
TRACED_LINE
10
1166.8965
20
-1155.7808
30
0.0
0
VERTEX
8
TRACED_LINE
10
1114.8240
20
-1230.5399
30
0.0
0
SEQEND
0
POLYLINE
8
TRACED_LINE
66
1
70
0
0
VERTEX
8
TRACED_LINE
10
1168.8453
20
-1154.6942
30
0.0
0
VERTEX
8
TRACED_LINE
10
1228.6795
20
-1196.9503
30
0.0
0
SEQEND
0
POLYLINE
8
TRACED_LINE
66
1
70
0
0
VERTEX
8
TRACED_LINE
10
984.0733
20
-1155.0166
30
0.0
0
VERTEX
8
TRACED_LINE
10
932.0009
20
-1229.7757
30
0.0
0
SEQEND
0
POLYLINE
8
TRACED_LINE
66
1
70
0
0
VERTEX
8
TRACED_LINE
10
986.0445
20
-1154.4285
30
0.0
0
VERTEX
8
TRACED_LINE
10
989.1471
20
-1156.7860
30
0.0
0
SEQEND
0
POLYLINE
8
TRACED_LINE
66
1
70
0
0
VERTEX
8
TRACED_LINE
10
998.8912
20
-1151.3534
30
0.0
0
VERTEX
8
TRACED_LINE
10
1007.1573
20
-1157.4740
30
0.0
0
SEQEND
0
POLYLINE
8
TRACED_LINE
66
1
70
0
0
VERTEX
8
TRACED_LINE
10
989.3540
20
-1150.2842
30
0.0
0
VERTEX
8
TRACED_LINE
10
1048.6674
20
-1192.0643
30
0.0
0
SEQEND
0
POLYLINE
8
TRACED_LINE
66
1
70
0
0
VERTEX
8
TRACED_LINE
10
978.8201
20
-1149.2599
30
0.0
0
VERTEX
8
TRACED_LINE
10
983.4628
20
-1152.5469
30
0.0
0
SEQEND
0
POLYLINE
8
TRACED_LINE
66
1
70
0
0
VERTEX
8
TRACED_LINE
10
1418.8299
20
-1127.4656
30
0.0
0
VERTEX
8
TRACED_LINE
10
1423.9262
20
-1129.7334
30
0.0
0
VERTEX
8
TRACED_LINE
10
1421.9774
20
-1130.8200
30
0.0
0
SEQEND
0
POLYLINE
8
TRACED_LINE
66
1
70
0
0
VERTEX
8
TRACED_LINE
10
1414.8426
20
-1127.6450
30
0.0
0
VERTEX
8
TRACED_LINE
10
1358.7778
20
-1213.5710
30
0.0
0
SEQEND
0
POLYLINE
8
TRACED_LINE
66
1
70
0
0
VERTEX
8
TRACED_LINE
10
1237.6814
20
-1130.6215
30
0.0
0
VERTEX
8
TRACED_LINE
10
1263.5215
20
-1149.9352
30
0.0
0
SEQEND
0
POLYLINE
8
TRACED_LINE
66
1
70
0
0
VERTEX
8
TRACED_LINE
10
981.8829
20
-1139.6330
30
0.0
0
VERTEX
8
TRACED_LINE
10
989.0849
20
-1144.3032
30
0.0
0
SEQEND
0
POLYLINE
8
TRACED_LINE
66
1
70
0
0
VERTEX
8
TRACED_LINE
10
710.2249
20
-1151.3558
30
0.0
0
VERTEX
8
TRACED_LINE
10
654.4342
20
-1232.2753
30
0.0
0
SEQEND
0
POLYLINE
8
TRACED_LINE
66
1
70
0
0
VERTEX
8
TRACED_LINE
10
1420.9183
20
-1118.3820
30
0.0
0
VERTEX
8
TRACED_LINE
10
1416.7241
20
-1125.0632
30
0.0
0
SEQEND
0
POLYLINE
8
TRACED_LINE
66
1
70
0
0
VERTEX
8
TRACED_LINE
10
712.6721
20
-1150.2469
30
0.0
0
VERTEX
8
TRACED_LINE
10
769.9245
20
-1190.6214
30
0.0
0
SEQEND
0
POLYLINE
8
TRACED_LINE
66
1
70
0
0
VERTEX
8
TRACED_LINE
10
808.8436
20
-1145.4206
30
0.0
0
VERTEX
8
TRACED_LINE
10
867.6361
20
-1186.7246
30
0.0
0
SEQEND
0
POLYLINE
8
TRACED_LINE
66
1
70
0
0
VERTEX
8
TRACED_LINE
10
996.7232
20
-1136.4682
30
0.0
0
VERTEX
8
TRACED_LINE
10
991.5770
20
-1144.1911
30
0.0
0
SEQEND
0
POLYLINE
8
TRACED_LINE
66
1
70
0
0
VERTEX
8
TRACED_LINE
10
999.1929
20
-1135.8577
30
0.0
0
VERTEX
8
TRACED_LINE
10
1011.3566
20
-1139.8052
30
0.0
0
VERTEX
8
TRACED_LINE
10
1009.9959
20
-1142.8630
30
0.0
0
VERTEX
8
TRACED_LINE
10
1005.1015
20
-1145.0809
30
0.0
0
SEQEND
0
POLYLINE
8
TRACED_LINE
66
1
70
0
0
VERTEX
8
TRACED_LINE
10
1558.3685
20
-1109.7009
30
0.0
0
VERTEX
8
TRACED_LINE
10
1559.4368
20
-1200.0483
30
0.0
0
SEQEND
0
POLYLINE
8
TRACED_LINE
66
1
70
0
0
VERTEX
8
TRACED_LINE
10
473.2988
20
-1158.0200
30
0.0
0
VERTEX
8
TRACED_LINE
10
446.3367
20
-1213.6702
30
0.0
0
SEQEND
0
POLYLINE
8
TRACED_LINE
66
1
70
0
0
VERTEX
8
TRACED_LINE
10
1240.8339
20
-1122.9883
30
0.0
0
VERTEX
8
TRACED_LINE
10
1237.5693
20
-1128.1294
30
0.0
0
SEQEND
0
POLYLINE
8
TRACED_LINE
66
1
70
0
0
VERTEX
8
TRACED_LINE
10
474.7492
20
-1156.9559
30
0.0
0
VERTEX
8
TRACED_LINE
10
552.1125
20
-1211.4083
30
0.0
0
SEQEND
0
POLYLINE
8
TRACED_LINE
66
1
70
0
0
VERTEX
8
TRACED_LINE
10
1426.1767
20
-1113.1512
30
0.0
0
VERTEX
8
TRACED_LINE
10
1471.9829
20
-1165.5274
30
0.0
0
SEQEND
0
POLYLINE
8
TRACED_LINE
66
1
70
0
0
VERTEX
8
TRACED_LINE
10
1419.5403
20
-1109.9538
30
0.0
0
VERTEX
8
TRACED_LINE
10
1418.6556
20
-1112.4908
30
0.0
0
VERTEX
8
TRACED_LINE
10
1420.7614
20
-1114.8931
30
0.0
0
VERTEX
8
TRACED_LINE
10
1419.7197
20
-1113.9412
30
0.0
0
SEQEND
0
POLYLINE
8
TRACED_LINE
66
1
70
0
0
VERTEX
8
TRACED_LINE
10
1230.5966
20
-1117.4558
30
0.0
0
VERTEX
8
TRACED_LINE
10
1231.7728
20
-1121.3983
30
0.0
0
SEQEND
0
POLYLINE
8
TRACED_LINE
66
1
70
0
0
VERTEX
8
TRACED_LINE
10
1427.9461
20
-1108.0774
30
0.0
0
VERTEX
8
TRACED_LINE
10
1430.6175
20
-1111.9526
30
0.0
0
SEQEND
0
POLYLINE
8
TRACED_LINE
66
1
70
0
0
VERTEX
8
TRACED_LINE
10
1428.8756
20
-1106.5373
30
0.0
0
VERTEX
8
TRACED_LINE
10
1556.8060
20
-1108.2729
30
0.0
0
SEQEND
0
POLYLINE
8
TRACED_LINE
66
1
70
0
0
VERTEX
8
TRACED_LINE
10
529.2384
20
-1147.0130
30
0.0
0
VERTEX
8
TRACED_LINE
10
588.5742
20
-1189.2915
30
0.0
0
SEQEND
0
POLYLINE
8
TRACED_LINE
66
1
70
0
0
VERTEX
8
TRACED_LINE
10
1410.9103
20
-1106.8462
30
0.0
0
VERTEX
8
TRACED_LINE
10
1410.4792
20
-1108.3638
30
0.0
0
VERTEX
8
TRACED_LINE
10
1413.0385
20
-1109.7469
30
0.0
0
SEQEND
0
POLYLINE
8
TRACED_LINE
66
1
70
0
0
VERTEX
8
TRACED_LINE
10
1406.1555
20
-1101.0670
30
0.0
0
VERTEX
8
TRACED_LINE
10
1405.2035
20
-1102.1087
30
0.0
0
VERTEX
8
TRACED_LINE
10
1406.3125
20
-1104.5559
30
0.0
0
VERTEX
8
TRACED_LINE
10
1408.3061
20
-1104.4662
30
0.0
0
VERTEX
8
TRACED_LINE
10
1409.2581
20
-1103.4245
30
0.0
0
VERTEX
8
TRACED_LINE
10
1408.6924
20
-1101.9517
30
0.0
0
SEQEND
0
POLYLINE
8
TRACED_LINE
66
1
70
0
0
VERTEX
8
TRACED_LINE
10
1232.2090
20
-1108.8931
30
0.0
0
VERTEX
8
TRACED_LINE
10
1232.3211
20
-1111.3851
30
0.0
0
VERTEX
8
TRACED_LINE
10
1234.4493
20
-1114.2859
30
0.0
0
SEQEND
0
POLYLINE
8
TRACED_LINE
66
1
70
0
0
VERTEX
8
TRACED_LINE
10
1414.6061
20
-1100.1874
30
0.0
0
VERTEX
8
TRACED_LINE
10
1418.2744
20
-1104.0177
30
0.0
0
SEQEND
0
POLYLINE
8
TRACED_LINE
66
1
70
0
0
VERTEX
8
TRACED_LINE
10
1106.0654
20
-1113.5696
30
0.0
0
VERTEX
8
TRACED_LINE
10
1053.9930
20
-1188.3287
30
0.0
0
SEQEND
0
POLYLINE
8
TRACED_LINE
66
1
70
0
0
VERTEX
8
TRACED_LINE
10
1408.5803
20
-1099.4596
30
0.0
0
VERTEX
8
TRACED_LINE
10
1412.1140
20
-1100.2995
30
0.0
0
SEQEND
0
POLYLINE
8
TRACED_LINE
66
1
70
0
0
VERTEX
8
TRACED_LINE
10
1108.5126
20
-1112.4606
30
0.0
0
VERTEX
8
TRACED_LINE
10
1166.2635
20
-1152.8127
30
0.0
0
SEQEND
0
POLYLINE
8
TRACED_LINE
66
1
70
0
0
VERTEX
8
TRACED_LINE
10
1404.7550
20
-1092.1404
30
0.0
0
VERTEX
8
TRACED_LINE
10
1403.8255
20
-1093.6805
30
0.0
0
VERTEX
8
TRACED_LINE
10
1398.7965
20
-1092.9079
30
0.0
0
SEQEND
0
POLYLINE
8
TRACED_LINE
66
1
70
0
0
VERTEX
8
TRACED_LINE
10
1406.7262
20
-1091.5523
30
0.0
0
VERTEX
8
TRACED_LINE
10
1412.5003
20
-1097.7850
30
0.0
0
SEQEND
0
POLYLINE
8
TRACED_LINE
66
1
70
0
0
VERTEX
8
TRACED_LINE
10
921.1813
20
-1111.3998
30
0.0
0
VERTEX
8
TRACED_LINE
10
869.5849
20
-1185.6381
30
0.0
0
SEQEND
0
POLYLINE
8
TRACED_LINE
66
1
70
0
0
VERTEX
8
TRACED_LINE
10
923.6286
20
-1110.2909
30
0.0
0
VERTEX
8
TRACED_LINE
10
928.8145
20
-1114.5524
30
0.0
0
SEQEND
0
POLYLINE
8
TRACED_LINE
66
1
70
0
0
VERTEX
8
TRACED_LINE
10
1391.5720
20
-1087.7393
30
0.0
0
VERTEX
8
TRACED_LINE
10
1392.6585
20
-1089.6881
30
0.0
0
VERTEX
8
TRACED_LINE
10
1394.6522
20
-1089.5984
30
0.0
0
SEQEND
0
POLYLINE
8
TRACED_LINE
66
1
70
0
0
VERTEX
8
TRACED_LINE
10
1402.5147
20
-1086.7475
30
0.0
0
VERTEX
8
TRACED_LINE
10
1405.1189
20
-1089.1275
30
0.0
0
SEQEND
0
POLYLINE
8
TRACED_LINE
66
1
70
0
0
VERTEX
8
TRACED_LINE
10
1395.4472
20
-1085.0678
30
0.0
0
VERTEX
8
TRACED_LINE
10
1398.9585
20
-1085.4093
30
0.0
0
SEQEND
0
POLYLINE
8
TRACED_LINE
66
1
70
0
0
VERTEX
8
TRACED_LINE
10
926.9381
20
-1106.1466
30
0.0
0
VERTEX
8
TRACED_LINE
10
986.7723
20
-1148.4027
30
0.0
0
SEQEND
0
POLYLINE
8
TRACED_LINE
66
1
70
0
0
VERTEX
8
TRACED_LINE
10
918.4650
20
-1106.5278
30
0.0
0
VERTEX
8
TRACED_LINE
10
921.0468
20
-1108.4094
30
0.0
0
SEQEND
0
POLYLINE
8
TRACED_LINE
66
1
70
0
0
VERTEX
8
TRACED_LINE
10
1398.2807
20
-1081.4444
30
0.0
0
VERTEX
8
TRACED_LINE
10
1400.9073
20
-1084.3227
30
0.0
0
SEQEND
0
POLYLINE
8
TRACED_LINE
66
1
70
0
0
VERTEX
8
TRACED_LINE
10
929.7716
20
-1102.5232
30
0.0
0
VERTEX
8
TRACED_LINE
10
937.5169
20
-1108.1678
30
0.0
0
SEQEND
0
POLYLINE
8
TRACED_LINE
66
1
70
0
0
VERTEX
8
TRACED_LINE
10
359.9274
20
-1124.6652
30
0.0
0
VERTEX
8
TRACED_LINE
10
354.2524
20
-1198.3357
30
0.0
0
SEQEND
0
POLYLINE
8
TRACED_LINE
66
1
70
0
0
VERTEX
8
TRACED_LINE
10
548.8039
20
-1115.6680
30
0.0
0
VERTEX
8
TRACED_LINE
10
528.6279
20
-1144.5434
30
0.0
0
SEQEND
0
POLYLINE
8
TRACED_LINE
66
1
70
0
0
VERTEX
8
TRACED_LINE
10
1394.5676
20
-1076.6172
30
0.0
0
VERTEX
8
TRACED_LINE
10
1396.1749
20
-1079.0420
30
0.0
0
SEQEND
0
POLYLINE
8
TRACED_LINE
66
1
70
0
0
VERTEX
8
TRACED_LINE
10
361.3554
20
-1123.1027
30
0.0
0
VERTEX
8
TRACED_LINE
10
472.7332
20
-1156.5472
30
0.0
0
SEQEND
0
POLYLINE
8
TRACED_LINE
66
1
70
0
0
VERTEX
8
TRACED_LINE
10
1399.5069
20
-1075.3961
30
0.0
0
VERTEX
8
TRACED_LINE
10
1398.6222
20
-1077.9331
30
0.0
0
SEQEND
0
POLYLINE
8
TRACED_LINE
66
1
70
0
0
VERTEX
8
TRACED_LINE
10
931.4961
20
-1096.4525
30
0.0
0
VERTEX
8
TRACED_LINE
10
929.1835
20
-1100.5519
30
0.0
0
SEQEND
0
POLYLINE
8
TRACED_LINE
66
1
70
0
0
VERTEX
8
TRACED_LINE
10
1403.9477
20
-1074.1975
30
0.0
0
VERTEX
8
TRACED_LINE
10
1404.1271
20
-1078.1848
30
0.0
0
VERTEX
8
TRACED_LINE
10
1402.6992
20
-1079.7473
30
0.0
0
VERTEX
8
TRACED_LINE
10
1400.1847
20
-1079.3610
30
0.0
0
VERTEX
8
TRACED_LINE
10
1402.6992
20
-1079.7473
30
0.0
0
SEQEND
0
POLYLINE
8
TRACED_LINE
66
1
70
0
0
VERTEX
8
TRACED_LINE
10
940.9212
20
-1095.0296
30
0.0
0
VERTEX
8
TRACED_LINE
10
942.9148
20
-1094.9399
30
0.0
0
VERTEX
8
TRACED_LINE
10
944.0238
20
-1097.3871
30
0.0
0
VERTEX
8
TRACED_LINE
10
940.1037
20
-1099.0618
30
0.0
0
SEQEND
0
POLYLINE
8
TRACED_LINE
66
1
70
0
0
VERTEX
8
TRACED_LINE
10
747.4693
20
-1102.2350
30
0.0
0
VERTEX
8
TRACED_LINE
10
806.7826
20
-1144.0150
30
0.0
0
SEQEND
0
POLYLINE
8
TRACED_LINE
66
1
70
0
0
VERTEX
8
TRACED_LINE
10
647.2656
20
-1106.2438
30
0.0
0
VERTEX
8
TRACED_LINE
10
590.5230
20
-1188.2050
30
0.0
0
SEQEND
0
POLYLINE
8
TRACED_LINE
66
1
70
0
0
VERTEX
8
TRACED_LINE
10
1363.4417
20
-1073.0234
30
0.0
0
VERTEX
8
TRACED_LINE
10
1295.3650
20
-1169.4783
30
0.0
0
SEQEND
0
POLYLINE
8
TRACED_LINE
66
1
70
0
0
VERTEX
8
TRACED_LINE
10
936.7993
20
-1092.2185
30
0.0
0
VERTEX
8
TRACED_LINE
10
939.3362
20
-1093.1032
30
0.0
0
SEQEND
0
POLYLINE
8
TRACED_LINE
66
1
70
0
0
VERTEX
8
TRACED_LINE
10
649.7129
20
-1105.1349
30
0.0
0
VERTEX
8
TRACED_LINE
10
710.0903
20
-1148.3653
30
0.0
0
SEQEND
0
POLYLINE
8
TRACED_LINE
66
1
70
0
0
VERTEX
8
TRACED_LINE
10
1387.7294
20
-1068.9341
30
0.0
0
VERTEX
8
TRACED_LINE
10
1393.2792
20
-1070.1827
30
0.0
0
SEQEND
0
POLYLINE
8
TRACED_LINE
66
1
70
0
0
VERTEX
8
TRACED_LINE
10
1357.8021
20
-1069.7811
30
0.0
0
VERTEX
8
TRACED_LINE
10
1362.3551
20
-1071.0746
30
0.0
0
SEQEND
0
POLYLINE
8
TRACED_LINE
66
1
70
0
0
VERTEX
8
TRACED_LINE
10
250.2815
20
-1118.6110
30
0.0
0
VERTEX
8
TRACED_LINE
10
252.4189
20
-1199.4213
30
0.0
0
VERTEX
8
TRACED_LINE
10
255.2474
20
-1206.7854
30
0.0
0
VERTEX
8
TRACED_LINE
10
258.4397
20
-1211.1366
30
0.0
0
VERTEX
8
TRACED_LINE
10
265.6641
20
-1216.3052
30
0.0
0
SEQEND
0
POLYLINE
8
TRACED_LINE
66
1
70
0
0
VERTEX
8
TRACED_LINE
10
1368.1791
20
-1067.3166
30
0.0
0
VERTEX
8
TRACED_LINE
10
1392.4842
20
-1074.7133
30
0.0
0
SEQEND
0
POLYLINE
8
TRACED_LINE
66
1
70
0
0
VERTEX
8
TRACED_LINE
10
191.4238
20
-1120.2602
30
0.0
0
VERTEX
8
TRACED_LINE
10
193.3594
20
-1196.5848
30
0.0
0
VERTEX
8
TRACED_LINE
10
190.3639
20
-1207.7069
30
0.0
0
VERTEX
8
TRACED_LINE
10
184.1984
20
-1214.9762
30
0.0
0
VERTEX
8
TRACED_LINE
10
173.9335
20
-1219.9328
30
0.0
0
VERTEX
8
TRACED_LINE
10
95.5929
20
-1221.4598
30
0.0
0
SEQEND
0
POLYLINE
8
TRACED_LINE
66
1
70
0
0
VERTEX
8
TRACED_LINE
10
1376.5625
20
-1064.9417
30
0.0
0
VERTEX
8
TRACED_LINE
10
1382.6331
20
-1066.6663
30
0.0
0
SEQEND
0
POLYLINE
8
TRACED_LINE
66
1
70
0
0
VERTEX
8
TRACED_LINE
10
109.5045
20
-1119.9505
30
0.0
0
VERTEX
8
TRACED_LINE
10
189.8612
20
-1118.8322
30
0.0
0
SEQEND
0
POLYLINE
8
TRACED_LINE
66
1
70
0
0
VERTEX
8
TRACED_LINE
10
92.5360
20
-1120.2145
30
0.0
0
VERTEX
8
TRACED_LINE
10
94.0303
20
-1220.0318
30
0.0
0
VERTEX
8
TRACED_LINE
10
94.3993
20
-1206.0314
30
0.0
0
SEQEND
0
POLYLINE
8
TRACED_LINE
66
1
70
0
0
VERTEX
8
TRACED_LINE
10
1394.3708
20
-1061.1440
30
0.0
0
VERTEX
8
TRACED_LINE
10
1394.6848
20
-1068.1218
30
0.0
0
SEQEND
0
POLYLINE
8
TRACED_LINE
66
1
70
0
0
VERTEX
8
TRACED_LINE
10
1381.8881
20
-1061.2062
30
0.0
0
VERTEX
8
TRACED_LINE
10
1383.8817
20
-1061.1165
30
0.0
0
SEQEND
0
POLYLINE
8
TRACED_LINE
66
1
70
0
0
VERTEX
8
TRACED_LINE
10
1388.8210
20
-1059.8954
30
0.0
0
VERTEX
8
TRACED_LINE
10
1392.8083
20
-1059.7160
30
0.0
0
SEQEND
0
POLYLINE
8
TRACED_LINE
66
1
70
0
0
VERTEX
8
TRACED_LINE
10
1151.5535
20
-1070.0709
30
0.0
0
VERTEX
8
TRACED_LINE
10
1227.8976
20
-1124.0697
30
0.0
0
SEQEND
0
POLYLINE
8
TRACED_LINE
66
1
70
0
0
VERTEX
8
TRACED_LINE
10
1362.7241
20
-1057.0741
30
0.0
0
VERTEX
8
TRACED_LINE
10
1361.7497
20
-1057.6174
30
0.0
0
VERTEX
8
TRACED_LINE
10
1364.7177
20
-1056.9844
30
0.0
0
VERTEX
8
TRACED_LINE
10
1365.2834
20
-1058.4573
30
0.0
0
SEQEND
0
POLYLINE
8
TRACED_LINE
66
1
70
0
0
VERTEX
8
TRACED_LINE
10
1155.8150
20
-1064.8850
30
0.0
0
VERTEX
8
TRACED_LINE
10
1151.4414
20
-1067.5788
30
0.0
0
SEQEND
0
POLYLINE
8
TRACED_LINE
66
1
70
0
0
VERTEX
8
TRACED_LINE
10
1043.1510
20
-1069.4544
30
0.0
0
VERTEX
8
TRACED_LINE
10
998.6047
20
-1133.8865
30
0.0
0
SEQEND
0
POLYLINE
8
TRACED_LINE
66
1
70
0
0
VERTEX
8
TRACED_LINE
10
1045.5983
20
-1068.3455
30
0.0
0
VERTEX
8
TRACED_LINE
10
1105.9309
20
-1110.5791
30
0.0
0
SEQEND
0
POLYLINE
8
TRACED_LINE
66
1
70
0
0
VERTEX
8
TRACED_LINE
10
409.5996
20
-1096.4604
30
0.0
0
VERTEX
8
TRACED_LINE
10
467.2933
20
-1113.3422
30
0.0
0
SEQEND
0
POLYLINE
8
TRACED_LINE
66
1
70
0
0
VERTEX
8
TRACED_LINE
10
1376.5003
20
-1052.4589
30
0.0
0
VERTEX
8
TRACED_LINE
10
1380.5549
20
-1053.7748
30
0.0
0
VERTEX
8
TRACED_LINE
10
1386.7601
20
-1058.4898
30
0.0
0
SEQEND
0
POLYLINE
8
TRACED_LINE
66
1
70
0
0
VERTEX
8
TRACED_LINE
10
1373.5098
20
-1052.5935
30
0.0
0
VERTEX
8
TRACED_LINE
10
1373.6443
20
-1055.5840
30
0.0
0
SEQEND
0
POLYLINE
8
TRACED_LINE
66
1
70
0
0
VERTEX
8
TRACED_LINE
10
1319.5241
20
-1051.5264
30
0.0
0
VERTEX
8
TRACED_LINE
10
1361.0668
20
-1064.6400
30
0.0
0
SEQEND
0
POLYLINE
8
TRACED_LINE
66
1
70
0
0
VERTEX
8
TRACED_LINE
10
1291.4560
20
-1049.2933
30
0.0
0
VERTEX
8
TRACED_LINE
10
1289.0984
20
-1052.3959
30
0.0
0
SEQEND
0
POLYLINE
8
TRACED_LINE
66
1
70
0
0
VERTEX
8
TRACED_LINE
10
863.8168
20
-1068.5333
30
0.0
0
VERTEX
8
TRACED_LINE
10
872.0829
20
-1074.6539
30
0.0
0
SEQEND
0
POLYLINE
8
TRACED_LINE
66
1
70
0
0
VERTEX
8
TRACED_LINE
10
860.8263
20
-1068.6678
30
0.0
0
VERTEX
8
TRACED_LINE
10
809.2299
20
-1142.9061
30
0.0
0
SEQEND
0
POLYLINE
8
TRACED_LINE
66
1
70
0
0
VERTEX
8
TRACED_LINE
10
1319.8207
20
-1047.0183
30
0.0
0
VERTEX
8
TRACED_LINE
10
1322.8561
20
-1047.8805
30
0.0
0
SEQEND
0
POLYLINE
8
TRACED_LINE
66
1
70
0
0
VERTEX
8
TRACED_LINE
10
1287.9222
20
-1048.4534
30
0.0
0
VERTEX
8
TRACED_LINE
10
1233.4698
20
-1125.8167
30
0.0
0
SEQEND
0
POLYLINE
8
TRACED_LINE
66
1
70
0
0
VERTEX
8
TRACED_LINE
10
368.3036
20
-1088.8293
30
0.0
0
VERTEX
8
TRACED_LINE
10
368.8469
20
-1089.8037
30
0.0
0
VERTEX
8
TRACED_LINE
10
367.4413
20
-1091.8646
30
0.0
0
VERTEX
8
TRACED_LINE
10
364.4508
20
-1091.9992
30
0.0
0
VERTEX
8
TRACED_LINE
10
362.3675
20
-1090.0952
30
0.0
0
SEQEND
0
POLYLINE
8
TRACED_LINE
66
1
70
0
0
VERTEX
8
TRACED_LINE
10
1459.8078
20
-1039.2218
30
0.0
0
VERTEX
8
TRACED_LINE
10
1455.9326
20
-1041.8933
30
0.0
0
VERTEX
8
TRACED_LINE
10
1453.9165
20
-1041.4846
30
0.0
0
VERTEX
8
TRACED_LINE
10
1454.3476
20
-1039.9669
30
0.0
0
VERTEX
8
TRACED_LINE
10
1453.9165
20
-1041.4846
30
0.0
0
SEQEND
0
POLYLINE
8
TRACED_LINE
66
1
70
0
0
VERTEX
8
TRACED_LINE
10
1451.3123
20
-1039.1046
30
0.0
0
VERTEX
8
TRACED_LINE
10
1396.9251
20
-1073.5146
30
0.0
0
SEQEND
0
POLYLINE
8
TRACED_LINE
66
1
70
0
0
VERTEX
8
TRACED_LINE
10
1284.7972
20
-1045.5975
30
0.0
0
VERTEX
8
TRACED_LINE
10
1282.4621
20
-1049.1985
30
0.0
0
SEQEND
0
POLYLINE
8
TRACED_LINE
66
1
70
0
0
VERTEX
8
TRACED_LINE
10
369.2107
20
-1086.7908
30
0.0
0
VERTEX
8
TRACED_LINE
10
372.2012
20
-1086.6563
30
0.0
0
SEQEND
0
POLYLINE
8
TRACED_LINE
66
1
70
0
0
VERTEX
8
TRACED_LINE
10
866.5830
20
-1063.4146
30
0.0
0
VERTEX
8
TRACED_LINE
10
924.3563
20
-1104.2651
30
0.0
0
SEQEND
0
POLYLINE
8
TRACED_LINE
66
1
70
0
0
VERTEX
8
TRACED_LINE
10
374.1500
20
-1085.5697
30
0.0
0
VERTEX
8
TRACED_LINE
10
407.0627
20
-1095.5757
30
0.0
0
SEQEND
0
POLYLINE
8
TRACED_LINE
66
1
70
0
0
VERTEX
8
TRACED_LINE
10
1557.3175
20
-1030.8393
30
0.0
0
VERTEX
8
TRACED_LINE
10
1558.2339
20
-1106.7104
30
0.0
0
SEQEND
0
POLYLINE
8
TRACED_LINE
66
1
70
0
0
VERTEX
8
TRACED_LINE
10
1421.7489
20
-1036.9387
30
0.0
0
VERTEX
8
TRACED_LINE
10
1426.3019
20
-1038.2322
30
0.0
0
SEQEND
0
POLYLINE
8
TRACED_LINE
66
1
70
0
0
VERTEX
8
TRACED_LINE
10
1292.6597
20
-1042.7466
30
0.0
0
VERTEX
8
TRACED_LINE
10
1316.9872
20
-1050.6417
30
0.0
0
SEQEND
0
POLYLINE
8
TRACED_LINE
66
1
70
0
0
VERTEX
8
TRACED_LINE
10
1550.7484
20
-1029.1372
30
0.0
0
VERTEX
8
TRACED_LINE
10
1555.7550
20
-1029.4114
30
0.0
0
SEQEND
0
POLYLINE
8
TRACED_LINE
66
1
70
0
0
VERTEX
8
TRACED_LINE
10
868.9181
20
-1059.8136
30
0.0
0
VERTEX
8
TRACED_LINE
10
875.6442
20
-1065.0046
30
0.0
0
SEQEND
0
POLYLINE
8
TRACED_LINE
66
1
70
0
0
VERTEX
8
TRACED_LINE
10
112.8017
20
-1093.3327
30
0.0
0
VERTEX
8
TRACED_LINE
10
110.3769
20
-1094.9401
30
0.0
0
SEQEND
0
POLYLINE
8
TRACED_LINE
66
1
70
0
0
VERTEX
8
TRACED_LINE
10
1405.6651
20
-1034.6658
30
0.0
0
VERTEX
8
TRACED_LINE
10
1404.7131
20
-1035.7075
30
0.0
0
VERTEX
8
TRACED_LINE
10
1406.5672
20
-1043.6149
30
0.0
0
VERTEX
8
TRACED_LINE
10
1405.8843
20
-1050.6375
30
0.0
0
VERTEX
8
TRACED_LINE
10
1402.1212
20
-1055.8010
30
0.0
0
VERTEX
8
TRACED_LINE
10
1395.7764
20
-1059.0830
30
0.0
0
VERTEX
8
TRACED_LINE
10
1402.1212
20
-1055.8010
30
0.0
0
VERTEX
8
TRACED_LINE
10
1404.9772
20
-1052.6760
30
0.0
0
VERTEX
8
TRACED_LINE
10
1406.3154
20
-1049.1198
30
0.0
0
SEQEND
0
POLYLINE
8
TRACED_LINE
66
1
70
0
0
VERTEX
8
TRACED_LINE
10
1465.8835
20
-1029.9588
30
0.0
0
VERTEX
8
TRACED_LINE
10
1454.7115
20
-1036.9540
30
0.0
0
SEQEND
0
POLYLINE
8
TRACED_LINE
66
1
70
0
0
VERTEX
8
TRACED_LINE
10
1310.3784
20
-1036.9552
30
0.0
0
VERTEX
8
TRACED_LINE
10
1308.9280
20
-1038.0193
30
0.0
0
VERTEX
8
TRACED_LINE
10
1309.5161
20
-1039.9905
30
0.0
0
VERTEX
8
TRACED_LINE
10
1314.1363
20
-1042.7792
30
0.0
0
SEQEND
0
POLYLINE
8
TRACED_LINE
66
1
70
0
0
VERTEX
8
TRACED_LINE
10
1557.0709
20
-1025.3568
30
0.0
0
VERTEX
8
TRACED_LINE
10
1557.1830
20
-1027.8489
30
0.0
0
SEQEND
0
POLYLINE
8
TRACED_LINE
66
1
70
0
0
VERTEX
8
TRACED_LINE
10
862.7578
20
-1056.0953
30
0.0
0
VERTEX
8
TRACED_LINE
10
866.3364
20
-1057.9320
30
0.0
0
SEQEND
0
POLYLINE
8
TRACED_LINE
66
1
70
0
0
VERTEX
8
TRACED_LINE
10
1479.7046
20
-1026.3405
30
0.0
0
VERTEX
8
TRACED_LINE
10
1470.7555
20
-1027.2425
30
0.0
0
VERTEX
8
TRACED_LINE
10
1546.5145
20
-1023.8340
30
0.0
0
SEQEND
0
POLYLINE
8
TRACED_LINE
66
1
70
0
0
VERTEX
8
TRACED_LINE
10
342.7775
20
-1076.4933
30
0.0
0
VERTEX
8
TRACED_LINE
10
371.1147
20
-1084.7074
30
0.0
0
SEQEND
0
POLYLINE
8
TRACED_LINE
66
1
70
0
0
VERTEX
8
TRACED_LINE
10
1306.6428
20
-1031.6296
30
0.0
0
VERTEX
8
TRACED_LINE
10
1311.2855
20
-1034.9167
30
0.0
0
SEQEND
0
POLYLINE
8
TRACED_LINE
66
1
70
0
0
VERTEX
8
TRACED_LINE
10
1467.1097
20
-1023.9106
30
0.0
0
VERTEX
8
TRACED_LINE
10
1465.6817
20
-1025.4731
30
0.0
0
VERTEX
8
TRACED_LINE
10
1466.2474
20
-1026.9459
30
0.0
0
SEQEND
0
POLYLINE
8
TRACED_LINE
66
1
70
0
0
VERTEX
8
TRACED_LINE
10
249.9828
20
-1078.6706
30
0.0
0
VERTEX
8
TRACED_LINE
10
250.6677
20
-1116.0965
30
0.0
0
SEQEND
0
POLYLINE
8
TRACED_LINE
66
1
70
0
0
VERTEX
8
TRACED_LINE
10
1547.8303
20
-1019.7795
30
0.0
0
VERTEX
8
TRACED_LINE
10
1555.3065
20
-1019.4431
30
0.0
0
SEQEND
0
POLYLINE
8
TRACED_LINE
66
1
70
0
0
VERTEX
8
TRACED_LINE
10
1470.0553
20
-1022.7792
30
0.0
0
VERTEX
8
TRACED_LINE
10
1474.5410
20
-1022.5774
30
0.0
0
SEQEND
0
POLYLINE
8
TRACED_LINE
66
1
70
0
0
VERTEX
8
TRACED_LINE
10
585.8689
20
-1062.5598
30
0.0
0
VERTEX
8
TRACED_LINE
10
550.2319
20
-1114.1055
30
0.0
0
SEQEND
0
POLYLINE
8
TRACED_LINE
66
1
70
0
0
VERTEX
8
TRACED_LINE
10
251.4332
20
-1077.6065
30
0.0
0
VERTEX
8
TRACED_LINE
10
340.7614
20
-1076.0846
30
0.0
0
SEQEND
0
POLYLINE
8
TRACED_LINE
66
1
70
0
0
VERTEX
8
TRACED_LINE
10
190.6266
20
-1080.3422
30
0.0
0
VERTEX
8
TRACED_LINE
10
191.2892
20
-1117.2697
30
0.0
0
SEQEND
0
POLYLINE
8
TRACED_LINE
66
1
70
0
0
VERTEX
8
TRACED_LINE
10
684.5100
20
-1057.1230
30
0.0
0
VERTEX
8
TRACED_LINE
10
745.4083
20
-1100.8294
30
0.0
0
SEQEND
0
POLYLINE
8
TRACED_LINE
66
1
70
0
0
VERTEX
8
TRACED_LINE
10
587.8177
20
-1061.4733
30
0.0
0
VERTEX
8
TRACED_LINE
10
647.1311
20
-1103.2534
30
0.0
0
SEQEND
0
POLYLINE
8
TRACED_LINE
66
1
70
0
0
VERTEX
8
TRACED_LINE
10
108.7746
20
-1081.5278
30
0.0
0
VERTEX
8
TRACED_LINE
10
105.5548
20
-1087.6657
30
0.0
0
VERTEX
8
TRACED_LINE
10
105.7791
20
-1092.6498
30
0.0
0
VERTEX
8
TRACED_LINE
10
107.8848
20
-1095.0522
30
0.0
0
SEQEND
0
POLYLINE
8
TRACED_LINE
66
1
70
0
0
VERTEX
8
TRACED_LINE
10
110.2026
20
-1079.9652
30
0.0
0
VERTEX
8
TRACED_LINE
10
189.0641
20
-1078.9143
30
0.0
0
SEQEND
0
POLYLINE
8
TRACED_LINE
66
1
70
0
0
VERTEX
8
TRACED_LINE
10
100.2119
20
-1079.9153
30
0.0
0
VERTEX
8
TRACED_LINE
10
98.2407
20
-1080.5034
30
0.0
0
VERTEX
8
TRACED_LINE
10
106.2153
20
-1080.1446
30
0.0
0
SEQEND
0
POLYLINE
8
TRACED_LINE
66
1
70
0
0
VERTEX
8
TRACED_LINE
10
578.5323
20
-1054.8991
30
0.0
0
VERTEX
8
TRACED_LINE
10
585.7344
20
-1059.5693
30
0.0
0
SEQEND
0
POLYLINE
8
TRACED_LINE
66
1
70
0
0
VERTEX
8
TRACED_LINE
10
96.4988
20
-1075.0881
30
0.0
0
VERTEX
8
TRACED_LINE
10
96.6782
20
-1079.0755
30
0.0
0
SEQEND
0
POLYLINE
8
TRACED_LINE
66
1
70
0
0
VERTEX
8
TRACED_LINE
10
580.2793
20
-1049.3269
30
0.0
0
VERTEX
8
TRACED_LINE
10
578.3978
20
-1051.9087
30
0.0
0
SEQEND
0
POLYLINE
8
TRACED_LINE
66
1
70
0
0
VERTEX
8
TRACED_LINE
10
976.9944
20
-1030.9788
30
0.0
0
VERTEX
8
TRACED_LINE
10
936.2112
20
-1090.2473
30
0.0
0
SEQEND
0
POLYLINE
8
TRACED_LINE
66
1
70
0
0
VERTEX
8
TRACED_LINE
10
1213.6962
20
-1019.3304
30
0.0
0
VERTEX
8
TRACED_LINE
10
1148.3164
20
-1064.7229
30
0.0
0
SEQEND
0
POLYLINE
8
TRACED_LINE
66
1
70
0
0
VERTEX
8
TRACED_LINE
10
1216.6418
20
-1018.1991
30
0.0
0
VERTEX
8
TRACED_LINE
10
1286.5666
20
-1040.5236
30
0.0
0
SEQEND
0
POLYLINE
8
TRACED_LINE
66
1
70
0
0
VERTEX
8
TRACED_LINE
10
988.3682
20
-1028.4694
30
0.0
0
VERTEX
8
TRACED_LINE
10
1043.0165
20
-1066.4639
30
0.0
0
SEQEND
0
POLYLINE
8
TRACED_LINE
66
1
70
0
0
VERTEX
8
TRACED_LINE
10
986.3522
20
-1028.0607
30
0.0
0
VERTEX
8
TRACED_LINE
10
982.9530
20
-1030.2113
30
0.0
0
VERTEX
8
TRACED_LINE
10
979.4192
20
-1029.3714
30
0.0
0
SEQEND
0
POLYLINE
8
TRACED_LINE
66
1
70
0
0
VERTEX
8
TRACED_LINE
10
977.0668
20
-1021.4865
30
0.0
0
VERTEX
8
TRACED_LINE
10
977.3583
20
-1027.9659
30
0.0
0
SEQEND
0
POLYLINE
8
TRACED_LINE
66
1
70
0
0
VERTEX
8
TRACED_LINE
10
979.9451
20
-1018.8599
30
0.0
0
VERTEX
8
TRACED_LINE
10
978.4723
20
-1019.4256
30
0.0
0
VERTEX
8
TRACED_LINE
10
984.4533
20
-1019.1565
30
0.0
0
VERTEX
8
TRACED_LINE
10
987.0575
20
-1021.5364
30
0.0
0
VERTEX
8
TRACED_LINE
10
987.7129
20
-1025.0029
30
0.0
0
SEQEND
0
POLYLINE
8
TRACED_LINE
66
1
70
0
0
VERTEX
8
TRACED_LINE
10
799.4520
20
-1025.4822
30
0.0
0
VERTEX
8
TRACED_LINE
10
747.8556
20
-1099.7205
30
0.0
0
SEQEND
0
POLYLINE
8
TRACED_LINE
66
1
70
0
0
VERTEX
8
TRACED_LINE
10
801.4232
20
-1024.8941
30
0.0
0
VERTEX
8
TRACED_LINE
10
805.5451
20
-1027.7052
30
0.0
0
SEQEND
0
POLYLINE
8
TRACED_LINE
66
1
70
0
0
VERTEX
8
TRACED_LINE
10
505.2308
20
-1035.2236
30
0.0
0
VERTEX
8
TRACED_LINE
10
469.2422
20
-1112.2556
30
0.0
0
SEQEND
0
POLYLINE
8
TRACED_LINE
66
1
70
0
0
VERTEX
8
TRACED_LINE
10
805.2087
20
-1020.2290
30
0.0
0
VERTEX
8
TRACED_LINE
10
864.0237
20
-1062.0315
30
0.0
0
SEQEND
0
POLYLINE
8
TRACED_LINE
66
1
70
0
0
VERTEX
8
TRACED_LINE
10
503.1474
20
-1033.3197
30
0.0
0
VERTEX
8
TRACED_LINE
10
499.7707
20
-1035.9687
30
0.0
0
VERTEX
8
TRACED_LINE
10
497.7770
20
-1036.0584
30
0.0
0
VERTEX
8
TRACED_LINE
10
496.2145
20
-1034.6304
30
0.0
0
VERTEX
8
TRACED_LINE
10
497.2562
20
-1035.5824
30
0.0
0
SEQEND
0
POLYLINE
8
TRACED_LINE
66
1
70
0
0
VERTEX
8
TRACED_LINE
10
807.5438
20
-1016.6280
30
0.0
0
VERTEX
8
TRACED_LINE
10
810.6464
20
-1018.9855
30
0.0
0
SEQEND
0
POLYLINE
8
TRACED_LINE
66
1
70
0
0
VERTEX
8
TRACED_LINE
10
-223.2659
20
-1061.0076
30
0.0
0
VERTEX
8
TRACED_LINE
10
-219.4302
20
-1290.5696
30
0.0
0
SEQEND
0
POLYLINE
8
TRACED_LINE
66
1
70
0
0
VERTEX
8
TRACED_LINE
10
802.3803
20
-1012.8649
30
0.0
0
VERTEX
8
TRACED_LINE
10
804.9621
20
-1014.7464
30
0.0
0
SEQEND
0
POLYLINE
8
TRACED_LINE
66
1
70
0
0
VERTEX
8
TRACED_LINE
10
189.8295
20
-1040.4243
30
0.0
0
VERTEX
8
TRACED_LINE
10
190.4921
20
-1077.3518
30
0.0
0
SEQEND
0
POLYLINE
8
TRACED_LINE
66
1
70
0
0
VERTEX
8
TRACED_LINE
10
1075.4439
20
-999.0812
30
0.0
0
VERTEX
8
TRACED_LINE
10
1081.0610
20
-1001.8250
30
0.0
0
SEQEND
0
POLYLINE
8
TRACED_LINE
66
1
70
0
0
VERTEX
8
TRACED_LINE
10
1071.9550
20
-999.2381
30
0.0
0
VERTEX
8
TRACED_LINE
10
1071.7481
20
-1005.7399
30
0.0
0
VERTEX
8
TRACED_LINE
10
1074.0333
20
-1012.1296
30
0.0
0
VERTEX
8
TRACED_LINE
10
1077.2480
20
-1016.9792
30
0.0
0
VERTEX
8
TRACED_LINE
10
1082.9772
20
-1022.2151
30
0.0
0
VERTEX
8
TRACED_LINE
10
1145.3708
20
-1065.8543
30
0.0
0
SEQEND
0
POLYLINE
8
TRACED_LINE
66
1
70
0
0
VERTEX
8
TRACED_LINE
10
96.0156
20
-1042.1480
30
0.0
0
VERTEX
8
TRACED_LINE
10
96.1950
20
-1046.1353
30
0.0
0
SEQEND
0
POLYLINE
8
TRACED_LINE
66
1
70
0
0
VERTEX
8
TRACED_LINE
10
96.9227
20
-1040.1095
30
0.0
0
VERTEX
8
TRACED_LINE
10
188.2670
20
-1038.9963
30
0.0
0
SEQEND
0
POLYLINE
8
TRACED_LINE
66
1
70
0
0
VERTEX
8
TRACED_LINE
10
91.9386
20
-1040.3337
30
0.0
0
VERTEX
8
TRACED_LINE
10
94.4531
20
-1040.7200
30
0.0
0
SEQEND
0
POLYLINE
8
TRACED_LINE
66
1
70
0
0
VERTEX
8
TRACED_LINE
10
625.1743
20
-1014.8445
30
0.0
0
VERTEX
8
TRACED_LINE
10
682.4491
20
-1055.7175
30
0.0
0
SEQEND
0
POLYLINE
8
TRACED_LINE
66
1
70
0
0
VERTEX
8
TRACED_LINE
10
1067.7434
20
-994.4334
30
0.0
0
VERTEX
8
TRACED_LINE
10
1070.3028
20
-995.8165
30
0.0
0
SEQEND
0
POLYLINE
8
TRACED_LINE
66
1
70
0
0
VERTEX
8
TRACED_LINE
10
1556.6651
20
-971.9368
30
0.0
0
VERTEX
8
TRACED_LINE
10
1557.2553
20
-1018.3566
30
0.0
0
SEQEND
0
POLYLINE
8
TRACED_LINE
66
1
70
0
0
VERTEX
8
TRACED_LINE
10
1560.1092
20
-970.7830
30
0.0
0
VERTEX
8
TRACED_LINE
10
1564.2310
20
-973.5941
30
0.0
0
SEQEND
0
POLYLINE
8
TRACED_LINE
66
1
70
0
0
VERTEX
8
TRACED_LINE
10
512.9414
20
-1017.8963
30
0.0
0
VERTEX
8
TRACED_LINE
10
506.1379
20
-1033.1851
30
0.0
0
SEQEND
0
POLYLINE
8
TRACED_LINE
66
1
70
0
0
VERTEX
8
TRACED_LINE
10
1074.9730
20
-988.6145
30
0.0
0
VERTEX
8
TRACED_LINE
10
1072.2516
20
-994.7300
30
0.0
0
SEQEND
0
POLYLINE
8
TRACED_LINE
66
1
70
0
0
VERTEX
8
TRACED_LINE
10
612.8087
20
-1006.4113
30
0.0
0
VERTEX
8
TRACED_LINE
10
622.6149
20
-1013.4614
30
0.0
0
SEQEND
0
POLYLINE
8
TRACED_LINE
66
1
70
0
0
VERTEX
8
TRACED_LINE
10
919.9040
20
-983.1056
30
0.0
0
VERTEX
8
TRACED_LINE
10
868.8060
20
-1057.3215
30
0.0
0
SEQEND
0
POLYLINE
8
TRACED_LINE
66
1
70
0
0
VERTEX
8
TRACED_LINE
10
753.4338
20
-990.5953
30
0.0
0
VERTEX
8
TRACED_LINE
10
763.7384
20
-997.6231
30
0.0
0
SEQEND
0
POLYLINE
8
TRACED_LINE
66
1
70
0
0
VERTEX
8
TRACED_LINE
10
728.0147
20
-991.7390
30
0.0
0
VERTEX
8
TRACED_LINE
10
684.3979
20
-1054.6309
30
0.0
0
SEQEND
0
POLYLINE
8
TRACED_LINE
66
1
70
0
0
VERTEX
8
TRACED_LINE
10
922.3288
20
-981.4983
30
0.0
0
VERTEX
8
TRACED_LINE
10
975.4594
20
-1019.0617
30
0.0
0
SEQEND
0
POLYLINE
8
TRACED_LINE
66
1
70
0
0
VERTEX
8
TRACED_LINE
10
757.7625
20
-986.9046
30
0.0
0
VERTEX
8
TRACED_LINE
10
802.6494
20
-1018.8459
30
0.0
0
SEQEND
0
POLYLINE
8
TRACED_LINE
66
1
70
0
0
VERTEX
8
TRACED_LINE
10
764.1971
20
-985.6163
30
0.0
0
VERTEX
8
TRACED_LINE
10
767.2997
20
-987.9738
30
0.0
0
SEQEND
0
POLYLINE
8
TRACED_LINE
66
1
70
0
0
VERTEX
8
TRACED_LINE
10
647.9321
20
-987.8506
30
0.0
0
VERTEX
8
TRACED_LINE
10
648.9513
20
-988.3042
30
0.0
0
VERTEX
8
TRACED_LINE
10
649.1307
20
-992.2915
30
0.0
0
VERTEX
8
TRACED_LINE
10
648.1787
20
-993.3332
30
0.0
0
VERTEX
8
TRACED_LINE
10
646.0505
20
-990.4324
30
0.0
0
SEQEND
0
POLYLINE
8
TRACED_LINE
66
1
70
0
0
VERTEX
8
TRACED_LINE
10
643.3566
20
-986.0588
30
0.0
0
VERTEX
8
TRACED_LINE
10
625.0621
20
-1012.3525
30
0.0
0
SEQEND
0
POLYLINE
8
TRACED_LINE
66
1
70
0
0
VERTEX
8
TRACED_LINE
10
770.8833
20
-978.8230
30
0.0
0
VERTEX
8
TRACED_LINE
10
767.9377
20
-979.9543
30
0.0
0
VERTEX
8
TRACED_LINE
10
773.8963
20
-979.1868
30
0.0
0
VERTEX
8
TRACED_LINE
10
778.0181
20
-981.9979
30
0.0
0
SEQEND
0
POLYLINE
8
TRACED_LINE
66
1
70
0
0
VERTEX
8
TRACED_LINE
10
647.0973
20
-980.3969
30
0.0
0
VERTEX
8
TRACED_LINE
10
645.2158
20
-982.9786
30
0.0
0
SEQEND
0
POLYLINE
8
TRACED_LINE
66
1
70
0
0
VERTEX
8
TRACED_LINE
10
431.7600
20
-989.5857
30
0.0
0
VERTEX
8
TRACED_LINE
10
408.9891
20
-1093.9907
30
0.0
0
SEQEND
0
POLYLINE
8
TRACED_LINE
66
1
70
0
0
VERTEX
8
TRACED_LINE
10
650.5413
20
-979.2431
30
0.0
0
VERTEX
8
TRACED_LINE
10
652.1711
20
-982.1663
30
0.0
0
VERTEX
8
TRACED_LINE
10
649.7463
20
-983.7736
30
0.0
0
VERTEX
8
TRACED_LINE
10
649.1358
20
-981.3040
30
0.0
0
SEQEND
0
POLYLINE
8
TRACED_LINE
66
1
70
0
0
VERTEX
8
TRACED_LINE
10
1193.0675
20
-949.3405
30
0.0
0
VERTEX
8
TRACED_LINE
10
1215.0793
20
-1016.7711
30
0.0
0
SEQEND
0
POLYLINE
8
TRACED_LINE
66
1
70
0
0
VERTEX
8
TRACED_LINE
10
1169.1436
20
-950.4169
30
0.0
0
VERTEX
8
TRACED_LINE
10
1169.7541
20
-952.8865
30
0.0
0
SEQEND
0
POLYLINE
8
TRACED_LINE
66
1
70
0
0
VERTEX
8
TRACED_LINE
10
1464.6807
20
-936.6209
30
0.0
0
VERTEX
8
TRACED_LINE
10
1468.4928
20
-1021.3513
30
0.0
0
SEQEND
0
POLYLINE
8
TRACED_LINE
66
1
70
0
0
VERTEX
8
TRACED_LINE
10
1388.9217
20
-940.0294
30
0.0
0
VERTEX
8
TRACED_LINE
10
1394.2139
20
-1057.6551
30
0.0
0
SEQEND
0
POLYLINE
8
TRACED_LINE
66
1
70
0
0
VERTEX
8
TRACED_LINE
10
1313.6612
20
-943.4154
30
0.0
0
VERTEX
8
TRACED_LINE
10
1318.1909
20
-1044.0950
30
0.0
0
SEQEND
0
POLYLINE
8
TRACED_LINE
66
1
70
0
0
VERTEX
8
TRACED_LINE
10
1170.5716
20
-948.8544
30
0.0
0
VERTEX
8
TRACED_LINE
10
1186.5208
20
-948.1368
30
0.0
0
SEQEND
0
POLYLINE
8
TRACED_LINE
66
1
70
0
0
VERTEX
8
TRACED_LINE
10
1467.1055
20
-935.0135
30
0.0
0
VERTEX
8
TRACED_LINE
10
1515.4516
20
-932.8384
30
0.0
0
VERTEX
8
TRACED_LINE
10
1533.4394
20
-933.0279
30
0.0
0
VERTEX
8
TRACED_LINE
10
1538.9892
20
-934.2765
30
0.0
0
VERTEX
8
TRACED_LINE
10
1547.1881
20
-938.9018
30
0.0
0
VERTEX
8
TRACED_LINE
10
1554.0935
20
-948.0802
30
0.0
0
VERTEX
8
TRACED_LINE
10
1556.4908
20
-956.9620
30
0.0
0
VERTEX
8
TRACED_LINE
10
1556.5306
20
-968.9463
30
0.0
0
SEQEND
0
POLYLINE
8
TRACED_LINE
66
1
70
0
0
VERTEX
8
TRACED_LINE
10
1314.5908
20
-941.8753
30
0.0
0
VERTEX
8
TRACED_LINE
10
1387.3592
20
-938.6014
30
0.0
0
SEQEND
0
POLYLINE
8
TRACED_LINE
66
1
70
0
0
VERTEX
8
TRACED_LINE
10
1296.1495
20
-942.7050
30
0.0
0
VERTEX
8
TRACED_LINE
10
1199.4796
20
-947.5537
30
0.0
0
VERTEX
8
TRACED_LINE
10
1215.9273
20
-946.8137
30
0.0
0
SEQEND
0
POLYLINE
8
TRACED_LINE
66
1
70
0
0
VERTEX
8
TRACED_LINE
10
1461.6005
20
-934.7618
30
0.0
0
VERTEX
8
TRACED_LINE
10
1392.3434
20
-938.3772
30
0.0
0
VERTEX
8
TRACED_LINE
10
1394.3370
20
-938.2875
30
0.0
0
SEQEND
0
POLYLINE
8
TRACED_LINE
66
1
70
0
0
VERTEX
8
TRACED_LINE
10
560.9216
20
-974.2855
30
0.0
0
VERTEX
8
TRACED_LINE
10
590.1385
20
-990.9503
30
0.0
0
VERTEX
8
TRACED_LINE
10
609.2077
20
-1004.0762
30
0.0
0
SEQEND
0
POLYLINE
8
TRACED_LINE
66
1
70
0
0
VERTEX
8
TRACED_LINE
10
725.3309
20
-965.3903
30
0.0
0
VERTEX
8
TRACED_LINE
10
723.9478
20
-967.9496
30
0.0
0
SEQEND
0
POLYLINE
8
TRACED_LINE
66
1
70
0
0
VERTEX
8
TRACED_LINE
10
1465.9068
20
-930.5726
30
0.0
0
VERTEX
8
TRACED_LINE
10
1465.5430
20
-933.5855
30
0.0
0
SEQEND
0
POLYLINE
8
TRACED_LINE
66
1
70
0
0
VERTEX
8
TRACED_LINE
10
713.7553
20
-963.4140
30
0.0
0
VERTEX
8
TRACED_LINE
10
721.4557
20
-968.0618
30
0.0
0
SEQEND
0
POLYLINE
8
TRACED_LINE
66
1
70
0
0
VERTEX
8
TRACED_LINE
10
343.8873
20
-979.0559
30
0.0
0
VERTEX
8
TRACED_LINE
10
342.1893
20
-1074.5221
30
0.0
0
SEQEND
0
POLYLINE
8
TRACED_LINE
66
1
70
0
0
VERTEX
8
TRACED_LINE
10
1393.0263
20
-931.3545
30
0.0
0
VERTEX
8
TRACED_LINE
10
1390.7809
20
-936.9492
30
0.0
0
SEQEND
0
POLYLINE
8
TRACED_LINE
66
1
70
0
0
VERTEX
8
TRACED_LINE
10
327.8708
20
-978.2783
30
0.0
0
VERTEX
8
TRACED_LINE
10
328.5037
20
-981.2463
30
0.0
0
SEQEND
0
POLYLINE
8
TRACED_LINE
66
1
70
0
0
VERTEX
8
TRACED_LINE
10
329.3212
20
-977.2142
30
0.0
0
VERTEX
8
TRACED_LINE
10
342.8008
20
-977.1071
30
0.0
0
SEQEND
0
POLYLINE
8
TRACED_LINE
66
1
70
0
0
VERTEX
8
TRACED_LINE
10
272.8883
20
-977.2561
30
0.0
0
VERTEX
8
TRACED_LINE
10
264.4825
20
-979.1325
30
0.0
0
VERTEX
8
TRACED_LINE
10
256.7097
20
-983.9770
30
0.0
0
VERTEX
8
TRACED_LINE
10
251.5186
20
-990.7031
30
0.0
0
VERTEX
8
TRACED_LINE
10
248.8421
20
-997.8154
30
0.0
0
VERTEX
8
TRACED_LINE
10
249.8931
20
-1076.6769
30
0.0
0
VERTEX
8
TRACED_LINE
10
248.9889
20
-1023.2794
30
0.0
0
SEQEND
0
POLYLINE
8
TRACED_LINE
66
1
70
0
0
VERTEX
8
TRACED_LINE
10
328.5536
20
-971.2556
30
0.0
0
VERTEX
8
TRACED_LINE
10
327.7362
20
-975.2878
30
0.0
0
SEQEND
0
POLYLINE
8
TRACED_LINE
66
1
70
0
0
VERTEX
8
TRACED_LINE
10
718.2909
20
-953.2215
30
0.0
0
VERTEX
8
TRACED_LINE
10
727.5988
20
-960.2940
30
0.0
0
SEQEND
0
POLYLINE
8
TRACED_LINE
66
1
70
0
0
VERTEX
8
TRACED_LINE
10
566.7507
20
-959.5400
30
0.0
0
VERTEX
8
TRACED_LINE
10
560.3335
20
-972.3143
30
0.0
0
SEQEND
0
POLYLINE
8
TRACED_LINE
66
1
70
0
0
VERTEX
8
TRACED_LINE
10
579.5076
20
-954.4713
30
0.0
0
VERTEX
8
TRACED_LINE
10
575.1340
20
-957.1652
30
0.0
0
SEQEND
0
POLYLINE
8
TRACED_LINE
66
1
70
0
0
VERTEX
8
TRACED_LINE
10
859.0282
20
-939.8976
30
0.0
0
VERTEX
8
TRACED_LINE
10
806.9333
20
-1014.1583
30
0.0
0
SEQEND
0
POLYLINE
8
TRACED_LINE
66
1
70
0
0
VERTEX
8
TRACED_LINE
10
860.9770
20
-938.8111
30
0.0
0
VERTEX
8
TRACED_LINE
10
920.2679
20
-980.0927
30
0.0
0
SEQEND
0
POLYLINE
8
TRACED_LINE
66
1
70
0
0
VERTEX
8
TRACED_LINE
10
-224.6584
20
-985.6574
30
0.0
0
VERTEX
8
TRACED_LINE
10
-224.1079
20
-1020.0928
30
0.0
0
SEQEND
0
POLYLINE
8
TRACED_LINE
66
1
70
0
0
VERTEX
8
TRACED_LINE
10
188.0060
20
-966.5917
30
0.0
0
VERTEX
8
TRACED_LINE
10
189.6950
20
-1037.4338
30
0.0
0
SEQEND
0
POLYLINE
8
TRACED_LINE
66
1
70
0
0
VERTEX
8
TRACED_LINE
10
-226.1984
20
-984.7279
30
0.0
0
VERTEX
8
TRACED_LINE
10
-228.5784
20
-987.3321
30
0.0
0
VERTEX
8
TRACED_LINE
10
-229.4407
20
-990.3674
30
0.0
0
SEQEND
0
POLYLINE
8
TRACED_LINE
66
1
70
0
0
VERTEX
8
TRACED_LINE
10
-223.2304
20
-984.0949
30
0.0
0
VERTEX
8
TRACED_LINE
10
-219.4948
20
-989.4205
30
0.0
0
SEQEND
0
POLYLINE
8
TRACED_LINE
66
1
70
0
0
VERTEX
8
TRACED_LINE
10
94.1920
20
-968.3154
30
0.0
0
VERTEX
8
TRACED_LINE
10
94.4163
20
-973.2996
30
0.0
0
SEQEND
0
POLYLINE
8
TRACED_LINE
66
1
70
0
0
VERTEX
8
TRACED_LINE
10
89.1855
20
-968.0413
30
0.0
0
VERTEX
8
TRACED_LINE
10
90.3985
20
-1039.4042
30
0.0
0
SEQEND
0
POLYLINE
8
TRACED_LINE
66
1
70
0
0
VERTEX
8
TRACED_LINE
10
95.6200
20
-966.7529
30
0.0
0
VERTEX
8
TRACED_LINE
10
186.4435
20
-965.1638
30
0.0
0
SEQEND
0
POLYLINE
8
TRACED_LINE
66
1
70
0
0
VERTEX
8
TRACED_LINE
10
676.1826
20
-938.6350
30
0.0
0
VERTEX
8
TRACED_LINE
10
649.4772
20
-977.7927
30
0.0
0
SEQEND
0
POLYLINE
8
TRACED_LINE
66
1
70
0
0
VERTEX
8
TRACED_LINE
10
94.3765
20
-961.3152
30
0.0
0
VERTEX
8
TRACED_LINE
10
94.0575
20
-965.3249
30
0.0
0
SEQEND
0
POLYLINE
8
TRACED_LINE
66
1
70
0
0
VERTEX
8
TRACED_LINE
10
681.9617
20
-933.8802
30
0.0
0
VERTEX
8
TRACED_LINE
10
724.7652
20
-963.9175
30
0.0
0
SEQEND
0
POLYLINE
8
TRACED_LINE
66
1
70
0
0
VERTEX
8
TRACED_LINE
10
672.9903
20
-934.2838
30
0.0
0
VERTEX
8
TRACED_LINE
10
675.5721
20
-936.1654
30
0.0
0
SEQEND
0
POLYLINE
8
TRACED_LINE
66
1
70
0
0
VERTEX
8
TRACED_LINE
10
684.2520
20
-929.2824
30
0.0
0
VERTEX
8
TRACED_LINE
10
689.9364
20
-933.5214
30
0.0
0
SEQEND
0
POLYLINE
8
TRACED_LINE
66
1
70
0
0
VERTEX
8
TRACED_LINE
10
678.0916
20
-925.5641
30
0.0
0
VERTEX
8
TRACED_LINE
10
681.6702
20
-927.4008
30
0.0
0
SEQEND
0
POLYLINE
8
TRACED_LINE
66
1
70
0
0
VERTEX
8
TRACED_LINE
10
501.4961
20
-930.0134
30
0.0
0
VERTEX
8
TRACED_LINE
10
496.6190
20
-943.7173
30
0.0
0
SEQEND
0
POLYLINE
8
TRACED_LINE
66
1
70
0
0
VERTEX
8
TRACED_LINE
10
507.3201
20
-926.2554
30
0.0
0
VERTEX
8
TRACED_LINE
10
503.9433
20
-928.9045
30
0.0
0
SEQEND
0
POLYLINE
8
TRACED_LINE
66
1
70
0
0
VERTEX
8
TRACED_LINE
10
514.7290
20
-924.4238
30
0.0
0
VERTEX
8
TRACED_LINE
10
510.3779
20
-927.6161
30
0.0
0
SEQEND
0
POLYLINE
8
TRACED_LINE
66
1
70
0
0
VERTEX
8
TRACED_LINE
10
504.1502
20
-922.4027
30
0.0
0
VERTEX
8
TRACED_LINE
10
502.3584
20
-926.9781
30
0.0
0
SEQEND
0
POLYLINE
8
TRACED_LINE
66
1
70
0
0
VERTEX
8
TRACED_LINE
10
1461.0826
20
-878.8497
30
0.0
0
VERTEX
8
TRACED_LINE
10
1464.1852
20
-881.2072
30
0.0
0
VERTEX
8
TRACED_LINE
10
1468.1501
20
-880.5294
30
0.0
0
SEQEND
0
POLYLINE
8
TRACED_LINE
66
1
70
0
0
VERTEX
8
TRACED_LINE
10
913.8241
20
-903.4715
30
0.0
0
VERTEX
8
TRACED_LINE
10
995.3093
20
-960.7350
30
0.0
0
VERTEX
8
TRACED_LINE
10
1003.9168
20
-963.3443
30
0.0
0
VERTEX
8
TRACED_LINE
10
1011.8915
20
-962.9855
30
0.0
0
VERTEX
8
TRACED_LINE
10
1019.7315
20
-959.6362
30
0.0
0
VERTEX
8
TRACED_LINE
10
1026.4627
20
-953.8397
30
0.0
0
SEQEND
0
POLYLINE
8
TRACED_LINE
66
1
70
0
0
VERTEX
8
TRACED_LINE
10
1166.9735
20
-891.0832
30
0.0
0
VERTEX
8
TRACED_LINE
10
1166.6097
20
-894.0961
30
0.0
0
SEQEND
0
POLYLINE
8
TRACED_LINE
66
1
70
0
0
VERTEX
8
TRACED_LINE
10
502.0893
20
-920.9971
30
0.0
0
VERTEX
8
TRACED_LINE
10
498.2365
20
-924.1670
30
0.0
0
SEQEND
0
POLYLINE
8
TRACED_LINE
66
1
70
0
0
VERTEX
8
TRACED_LINE
10
1394.6815
20
-879.3401
30
0.0
0
VERTEX
8
TRACED_LINE
10
1392.7102
20
-879.9282
30
0.0
0
VERTEX
8
TRACED_LINE
10
1456.4848
20
-876.5595
30
0.0
0
SEQEND
0
POLYLINE
8
TRACED_LINE
66
1
70
0
0
VERTEX
8
TRACED_LINE
10
1324.9035
20
-882.4795
30
0.0
0
VERTEX
8
TRACED_LINE
10
1317.9481
20
-883.2918
30
0.0
0
VERTEX
8
TRACED_LINE
10
1383.2179
20
-879.8558
30
0.0
0
SEQEND
0
POLYLINE
8
TRACED_LINE
66
1
70
0
0
VERTEX
8
TRACED_LINE
10
1246.6525
20
-886.0001
30
0.0
0
VERTEX
8
TRACED_LINE
10
1314.9576
20
-883.4264
30
0.0
0
SEQEND
0
POLYLINE
8
TRACED_LINE
66
1
70
0
0
VERTEX
8
TRACED_LINE
10
1237.6811
20
-886.4037
30
0.0
0
VERTEX
8
TRACED_LINE
10
1240.1731
20
-886.2916
30
0.0
0
SEQEND
0
POLYLINE
8
TRACED_LINE
66
1
70
0
0
VERTEX
8
TRACED_LINE
10
1168.4015
20
-889.5207
30
0.0
0
VERTEX
8
TRACED_LINE
10
1234.6906
20
-886.5382
30
0.0
0
SEQEND
0
POLYLINE
8
TRACED_LINE
66
1
70
0
0
VERTEX
8
TRACED_LINE
10
916.5231
20
-896.8576
30
0.0
0
VERTEX
8
TRACED_LINE
10
913.7120
20
-900.9795
30
0.0
0
SEQEND
0
POLYLINE
8
TRACED_LINE
66
1
70
0
0
VERTEX
8
TRACED_LINE
10
1467.2256
20
-871.0820
30
0.0
0
VERTEX
8
TRACED_LINE
10
1469.7850
20
-872.4651
30
0.0
0
VERTEX
8
TRACED_LINE
10
1470.3731
20
-874.4363
30
0.0
0
SEQEND
0
POLYLINE
8
TRACED_LINE
66
1
70
0
0
VERTEX
8
TRACED_LINE
10
1464.2127
20
-870.7181
30
0.0
0
VERTEX
8
TRACED_LINE
10
1461.3120
20
-872.8463
30
0.0
0
VERTEX
8
TRACED_LINE
10
1460.4272
20
-875.3832
30
0.0
0
SEQEND
0
POLYLINE
8
TRACED_LINE
66
1
70
0
0
VERTEX
8
TRACED_LINE
10
1241.3993
20
-880.2433
30
0.0
0
VERTEX
8
TRACED_LINE
10
1241.6011
20
-884.7291
30
0.0
0
SEQEND
0
POLYLINE
8
TRACED_LINE
66
1
70
0
0
VERTEX
8
TRACED_LINE
10
1235.8943
20
-879.9916
30
0.0
0
VERTEX
8
TRACED_LINE
10
1236.1185
20
-884.9757
30
0.0
0
SEQEND
0
POLYLINE
8
TRACED_LINE
66
1
70
0
0
VERTEX
8
TRACED_LINE
10
908.9123
20
-894.2035
30
0.0
0
VERTEX
8
TRACED_LINE
10
907.5292
20
-896.7628
30
0.0
0
SEQEND
0
POLYLINE
8
TRACED_LINE
66
1
70
0
0
VERTEX
8
TRACED_LINE
10
327.7392
20
-919.8517
30
0.0
0
VERTEX
8
TRACED_LINE
10
327.5771
20
-927.3504
30
0.0
0
SEQEND
0
POLYLINE
8
TRACED_LINE
66
1
70
0
0
VERTEX
8
TRACED_LINE
10
1237.3223
20
-878.4291
30
0.0
0
VERTEX
8
TRACED_LINE
10
1239.8592
20
-879.3138
30
0.0
0
SEQEND
0
POLYLINE
8
TRACED_LINE
66
1
70
0
0
VERTEX
8
TRACED_LINE
10
329.1672
20
-918.2892
30
0.0
0
VERTEX
8
TRACED_LINE
10
337.6626
20
-918.4064
30
0.0
0
SEQEND
0
POLYLINE
8
TRACED_LINE
66
1
70
0
0
VERTEX
8
TRACED_LINE
10
795.5929
20
-895.3065
30
0.0
0
VERTEX
8
TRACED_LINE
10
751.9762
20
-958.1984
30
0.0
0
SEQEND
0
POLYLINE
8
TRACED_LINE
66
1
70
0
0
VERTEX
8
TRACED_LINE
10
1095.0949
20
-880.8327
30
0.0
0
VERTEX
8
TRACED_LINE
10
1096.8990
20
-898.7307
30
0.0
0
SEQEND
0
POLYLINE
8
TRACED_LINE
66
1
70
0
0
VERTEX
8
TRACED_LINE
10
798.0402
20
-894.1975
30
0.0
0
VERTEX
8
TRACED_LINE
10
858.8936
20
-936.9071
30
0.0
0
SEQEND
0
POLYLINE
8
TRACED_LINE
66
1
70
0
0
VERTEX
8
TRACED_LINE
10
1244.5742
20
-873.1086
30
0.0
0
VERTEX
8
TRACED_LINE
10
1245.0900
20
-884.5721
30
0.0
0
SEQEND
0
POLYLINE
8
TRACED_LINE
66
1
70
0
0
VERTEX
8
TRACED_LINE
10
338.4352
20
-913.3774
30
0.0
0
VERTEX
8
TRACED_LINE
10
339.0906
20
-916.8439
30
0.0
0
SEQEND
0
POLYLINE
8
TRACED_LINE
66
1
70
0
0
VERTEX
8
TRACED_LINE
10
1225.8190
20
-866.9605
30
0.0
0
VERTEX
8
TRACED_LINE
10
1226.5416
20
-871.9222
30
0.0
0
VERTEX
8
TRACED_LINE
10
1232.7468
20
-876.6372
30
0.0
0
SEQEND
0
POLYLINE
8
TRACED_LINE
66
1
70
0
0
VERTEX
8
TRACED_LINE
10
620.5874
20
-890.6946
30
0.0
0
VERTEX
8
TRACED_LINE
10
678.8816
20
-932.0211
30
0.0
0
SEQEND
0
POLYLINE
8
TRACED_LINE
66
1
70
0
0
VERTEX
8
TRACED_LINE
10
1159.2832
20
-864.4603
30
0.0
0
VERTEX
8
TRACED_LINE
10
1158.3985
20
-866.9973
30
0.0
0
VERTEX
8
TRACED_LINE
10
1161.3890
20
-866.8627
30
0.0
0
SEQEND
0
POLYLINE
8
TRACED_LINE
66
1
70
0
0
VERTEX
8
TRACED_LINE
10
332.3921
20
-901.1637
30
0.0
0
VERTEX
8
TRACED_LINE
10
330.9417
20
-902.2278
30
0.0
0
VERTEX
8
TRACED_LINE
10
328.7411
20
-908.8193
30
0.0
0
VERTEX
8
TRACED_LINE
10
325.8403
20
-910.9475
30
0.0
0
VERTEX
8
TRACED_LINE
10
321.2425
20
-908.6573
30
0.0
0
VERTEX
8
TRACED_LINE
10
320.5871
20
-905.1908
30
0.0
0
VERTEX
8
TRACED_LINE
10
320.6992
20
-907.6829
30
0.0
0
VERTEX
8
TRACED_LINE
10
322.8050
20
-910.0853
30
0.0
0
VERTEX
8
TRACED_LINE
10
325.8403
20
-910.9475
30
0.0
0
VERTEX
8
TRACED_LINE
10
328.2651
20
-909.3402
30
0.0
0
SEQEND
0
POLYLINE
8
TRACED_LINE
66
1
70
0
0
VERTEX
8
TRACED_LINE
10
623.9194
20
-887.0487
30
0.0
0
VERTEX
8
TRACED_LINE
10
628.0188
20
-889.3614
30
0.0
0
SEQEND
0
POLYLINE
8
TRACED_LINE
66
1
70
0
0
VERTEX
8
TRACED_LINE
10
604.4812
20
-887.9233
30
0.0
0
VERTEX
8
TRACED_LINE
10
568.6098
20
-956.4598
30
0.0
0
SEQEND
0
POLYLINE
8
TRACED_LINE
66
1
70
0
0
VERTEX
8
TRACED_LINE
10
606.4525
20
-887.3352
30
0.0
0
VERTEX
8
TRACED_LINE
10
613.6769
20
-892.5038
30
0.0
0
SEQEND
0
POLYLINE
8
TRACED_LINE
66
1
70
0
0
VERTEX
8
TRACED_LINE
10
1165.1297
20
-861.2008
30
0.0
0
VERTEX
8
TRACED_LINE
10
1166.3406
20
-888.1151
30
0.0
0
SEQEND
0
POLYLINE
8
TRACED_LINE
66
1
70
0
0
VERTEX
8
TRACED_LINE
10
517.6899
20
-890.3299
30
0.0
0
VERTEX
8
TRACED_LINE
10
518.8437
20
-893.7739
30
0.0
0
SEQEND
0
POLYLINE
8
TRACED_LINE
66
1
70
0
0
VERTEX
8
TRACED_LINE
10
515.1754
20
-889.9436
30
0.0
0
VERTEX
8
TRACED_LINE
10
505.0349
20
-919.8657
30
0.0
0
SEQEND
0
POLYLINE
8
TRACED_LINE
66
1
70
0
0
VERTEX
8
TRACED_LINE
10
518.6195
20
-888.7898
30
0.0
0
VERTEX
8
TRACED_LINE
10
520.1371
20
-889.2209
30
0.0
0
VERTEX
8
TRACED_LINE
10
521.2685
20
-892.1665
30
0.0
0
SEQEND
0
POLYLINE
8
TRACED_LINE
66
1
70
0
0
VERTEX
8
TRACED_LINE
10
606.7715
20
-883.3254
30
0.0
0
VERTEX
8
TRACED_LINE
10
605.8868
20
-885.8624
30
0.0
0
SEQEND
0
POLYLINE
8
TRACED_LINE
66
1
70
0
0
VERTEX
8
TRACED_LINE
10
608.7203
20
-882.2389
30
0.0
0
VERTEX
8
TRACED_LINE
10
618.5265
20
-889.2891
30
0.0
0
SEQEND
0
POLYLINE
8
TRACED_LINE
66
1
70
0
0
VERTEX
8
TRACED_LINE
10
186.6360
20
-891.7399
30
0.0
0
VERTEX
8
TRACED_LINE
10
188.3699
20
-963.5788
30
0.0
0
SEQEND
0
POLYLINE
8
TRACED_LINE
66
1
70
0
0
VERTEX
8
TRACED_LINE
10
87.3171
20
-893.2119
30
0.0
0
VERTEX
8
TRACED_LINE
10
89.0958
20
-966.0476
30
0.0
0
SEQEND
0
POLYLINE
8
TRACED_LINE
66
1
70
0
0
VERTEX
8
TRACED_LINE
10
93.7516
20
-891.9235
30
0.0
0
VERTEX
8
TRACED_LINE
10
185.0735
20
-890.3120
30
0.0
0
SEQEND
0
POLYLINE
8
TRACED_LINE
66
1
70
0
0
VERTEX
8
TRACED_LINE
10
735.2827
20
-853.5713
30
0.0
0
VERTEX
8
TRACED_LINE
10
684.1623
20
-927.2887
30
0.0
0
SEQEND
0
POLYLINE
8
TRACED_LINE
66
1
70
0
0
VERTEX
8
TRACED_LINE
10
737.7075
20
-851.9639
30
0.0
0
VERTEX
8
TRACED_LINE
10
795.4584
20
-892.3160
30
0.0
0
SEQEND
0
POLYLINE
8
TRACED_LINE
66
1
70
0
0
VERTEX
8
TRACED_LINE
10
830.2780
20
-844.8025
30
0.0
0
VERTEX
8
TRACED_LINE
10
905.5804
20
-897.8493
30
0.0
0
SEQEND
0
POLYLINE
8
TRACED_LINE
66
1
70
0
0
VERTEX
8
TRACED_LINE
10
833.4978
20
-838.6646
30
0.0
0
VERTEX
8
TRACED_LINE
10
830.6643
20
-842.2880
30
0.0
0
SEQEND
0
POLYLINE
8
TRACED_LINE
66
1
70
0
0
VERTEX
8
TRACED_LINE
10
560.2100
20
-847.4642
30
0.0
0
VERTEX
8
TRACED_LINE
10
604.5984
20
-879.4278
30
0.0
0
SEQEND
0
POLYLINE
8
TRACED_LINE
66
1
70
0
0
VERTEX
8
TRACED_LINE
10
530.1930
20
-846.3175
30
0.0
0
VERTEX
8
TRACED_LINE
10
516.0377
20
-886.9082
30
0.0
0
SEQEND
0
POLYLINE
8
TRACED_LINE
66
1
70
0
0
VERTEX
8
TRACED_LINE
10
823.2380
20
-832.6337
30
0.0
0
VERTEX
8
TRACED_LINE
10
824.9126
20
-836.5537
30
0.0
0
SEQEND
0
POLYLINE
8
TRACED_LINE
66
1
70
0
0
VERTEX
8
TRACED_LINE
10
562.5227
20
-843.3647
30
0.0
0
VERTEX
8
TRACED_LINE
10
569.2263
20
-848.0573
30
0.0
0
SEQEND
0
POLYLINE
8
TRACED_LINE
66
1
70
0
0
VERTEX
8
TRACED_LINE
10
524.5535
20
-843.0753
30
0.0
0
VERTEX
8
TRACED_LINE
10
529.1065
20
-844.3687
30
0.0
0
SEQEND
0
POLYLINE
8
TRACED_LINE
66
1
70
0
0
VERTEX
8
TRACED_LINE
10
533.4353
20
-840.6780
30
0.0
0
VERTEX
8
TRACED_LINE
10
557.6731
20
-846.5794
30
0.0
0
SEQEND
0
POLYLINE
8
TRACED_LINE
66
1
70
0
0
VERTEX
8
TRACED_LINE
10
825.9146
20
-825.5213
30
0.0
0
VERTEX
8
TRACED_LINE
10
827.6340
20
-830.4382
30
0.0
0
SEQEND
0
POLYLINE
8
TRACED_LINE
66
1
70
0
0
VERTEX
8
TRACED_LINE
10
556.7486
20
-837.1320
30
0.0
0
VERTEX
8
TRACED_LINE
10
558.9441
20
-841.5280
30
0.0
0
SEQEND
0
POLYLINE
8
TRACED_LINE
66
1
70
0
0
VERTEX
8
TRACED_LINE
10
959.9431
20
-818.4924
30
0.0
0
VERTEX
8
TRACED_LINE
10
910.6094
20
-898.6219
30
0.0
0
SEQEND
0
POLYLINE
8
TRACED_LINE
66
1
70
0
0
VERTEX
8
TRACED_LINE
10
556.9106
20
-829.6334
30
0.0
0
VERTEX
8
TRACED_LINE
10
559.1061
20
-834.0294
30
0.0
0
SEQEND
0
POLYLINE
8
TRACED_LINE
66
1
70
0
0
VERTEX
8
TRACED_LINE
10
493.9984
20
-829.9668
30
0.0
0
VERTEX
8
TRACED_LINE
10
531.3967
20
-839.7709
30
0.0
0
SEQEND
0
POLYLINE
8
TRACED_LINE
66
1
70
0
0
VERTEX
8
TRACED_LINE
10
512.8708
20
-827.6194
30
0.0
0
VERTEX
8
TRACED_LINE
10
514.4333
20
-829.0474
30
0.0
0
VERTEX
8
TRACED_LINE
10
513.0278
20
-831.1083
30
0.0
0
VERTEX
8
TRACED_LINE
10
509.4940
20
-830.2684
30
0.0
0
SEQEND
0
POLYLINE
8
TRACED_LINE
66
1
70
0
0
VERTEX
8
TRACED_LINE
10
1554.4663
20
-778.7591
30
0.0
0
VERTEX
8
TRACED_LINE
10
1555.1361
20
-849.1476
30
0.0
0
VERTEX
8
TRACED_LINE
10
1553.9323
20
-855.6942
30
0.0
0
VERTEX
8
TRACED_LINE
10
1549.8054
20
-863.8707
30
0.0
0
VERTEX
8
TRACED_LINE
10
1545.0231
20
-868.5806
30
0.0
0
VERTEX
8
TRACED_LINE
10
1534.7358
20
-873.0389
30
0.0
0
VERTEX
8
TRACED_LINE
10
1472.4340
20
-875.8419
30
0.0
0
SEQEND
0
POLYLINE
8
TRACED_LINE
66
1
70
0
0
VERTEX
8
TRACED_LINE
10
1461.7613
20
-782.9300
30
0.0
0
VERTEX
8
TRACED_LINE
10
1465.6407
20
-869.1556
30
0.0
0
SEQEND
0
POLYLINE
8
TRACED_LINE
66
1
70
0
0
VERTEX
8
TRACED_LINE
10
1387.9512
20
-785.2519
30
0.0
0
VERTEX
8
TRACED_LINE
10
1391.6237
20
-877.9794
30
0.0
0
SEQEND
0
POLYLINE
8
TRACED_LINE
66
1
70
0
0
VERTEX
8
TRACED_LINE
10
1312.1923
20
-788.6604
30
0.0
0
VERTEX
8
TRACED_LINE
10
1316.3856
20
-881.8638
30
0.0
0
SEQEND
0
POLYLINE
8
TRACED_LINE
66
1
70
0
0
VERTEX
8
TRACED_LINE
10
1543.4339
20
-777.7572
30
0.0
0
VERTEX
8
TRACED_LINE
10
1552.9038
20
-777.3311
30
0.0
0
SEQEND
0
POLYLINE
8
TRACED_LINE
66
1
70
0
0
VERTEX
8
TRACED_LINE
10
495.2694
20
-824.9153
30
0.0
0
VERTEX
8
TRACED_LINE
10
507.9091
20
-828.3420
30
0.0
0
SEQEND
0
POLYLINE
8
TRACED_LINE
66
1
70
0
0
VERTEX
8
TRACED_LINE
10
1463.1669
20
-780.8691
30
0.0
0
VERTEX
8
TRACED_LINE
10
1475.1288
20
-780.3309
30
0.0
0
SEQEND
0
POLYLINE
8
TRACED_LINE
66
1
70
0
0
VERTEX
8
TRACED_LINE
10
1388.8808
20
-783.7119
30
0.0
0
VERTEX
8
TRACED_LINE
10
1394.3633
20
-783.4652
30
0.0
0
SEQEND
0
POLYLINE
8
TRACED_LINE
66
1
70
0
0
VERTEX
8
TRACED_LINE
10
1382.8998
20
-783.9809
30
0.0
0
VERTEX
8
TRACED_LINE
10
1385.8903
20
-783.8464
30
0.0
0
SEQEND
0
POLYLINE
8
TRACED_LINE
66
1
70
0
0
VERTEX
8
TRACED_LINE
10
1162.1024
20
-793.9149
30
0.0
0
VERTEX
8
TRACED_LINE
10
1164.9951
20
-858.2103
30
0.0
0
SEQEND
0
POLYLINE
8
TRACED_LINE
66
1
70
0
0
VERTEX
8
TRACED_LINE
10
1324.0645
20
-786.1286
30
0.0
0
VERTEX
8
TRACED_LINE
10
1313.6202
20
-787.0979
30
0.0
0
SEQEND
0
POLYLINE
8
TRACED_LINE
66
1
70
0
0
VERTEX
8
TRACED_LINE
10
446.3575
20
-825.6177
30
0.0
0
VERTEX
8
TRACED_LINE
10
442.4273
20
-849.2674
30
0.0
0
VERTEX
8
TRACED_LINE
10
435.6412
20
-876.0421
30
0.0
0
VERTEX
8
TRACED_LINE
10
426.8512
20
-924.8816
30
0.0
0
SEQEND
0
POLYLINE
8
TRACED_LINE
66
1
70
0
0
VERTEX
8
TRACED_LINE
10
1087.7939
20
-796.2593
30
0.0
0
VERTEX
8
TRACED_LINE
10
1094.9603
20
-877.8422
30
0.0
0
SEQEND
0
POLYLINE
8
TRACED_LINE
66
1
70
0
0
VERTEX
8
TRACED_LINE
10
1013.0318
20
-799.6229
30
0.0
0
VERTEX
8
TRACED_LINE
10
1026.8490
20
-951.3252
30
0.0
0
SEQEND
0
POLYLINE
8
TRACED_LINE
66
1
70
0
0
VERTEX
8
TRACED_LINE
10
977.6444
20
-801.2150
30
0.0
0
VERTEX
8
TRACED_LINE
10
977.2581
20
-803.7295
30
0.0
0
VERTEX
8
TRACED_LINE
10
974.8109
20
-804.8385
30
0.0
0
SEQEND
0
POLYLINE
8
TRACED_LINE
66
1
70
0
0
VERTEX
8
TRACED_LINE
10
1163.5304
20
-792.3524
30
0.0
0
VERTEX
8
TRACED_LINE
10
1169.5113
20
-792.0833
30
0.0
0
SEQEND
0
POLYLINE
8
TRACED_LINE
66
1
70
0
0
VERTEX
8
TRACED_LINE
10
970.6442
20
-801.0305
30
0.0
0
VERTEX
8
TRACED_LINE
10
961.8246
20
-815.9106
30
0.0
0
SEQEND
0
POLYLINE
8
TRACED_LINE
66
1
70
0
0
VERTEX
8
TRACED_LINE
10
1152.5428
20
-792.3473
30
0.0
0
VERTEX
8
TRACED_LINE
10
1160.5399
20
-792.4869
30
0.0
0
SEQEND
0
POLYLINE
8
TRACED_LINE
66
1
70
0
0
VERTEX
8
TRACED_LINE
10
1089.2218
20
-794.6968
30
0.0
0
VERTEX
8
TRACED_LINE
10
1096.7205
20
-794.8588
30
0.0
0
SEQEND
0
POLYLINE
8
TRACED_LINE
66
1
70
0
0
VERTEX
8
TRACED_LINE
10
1083.7393
20
-794.9434
30
0.0
0
VERTEX
8
TRACED_LINE
10
1086.2314
20
-794.8313
30
0.0
0
SEQEND
0
POLYLINE
8
TRACED_LINE
66
1
70
0
0
VERTEX
8
TRACED_LINE
10
1014.4597
20
-798.0604
30
0.0
0
VERTEX
8
TRACED_LINE
10
1020.9391
20
-797.7689
30
0.0
0
SEQEND
0
POLYLINE
8
TRACED_LINE
66
1
70
0
0
VERTEX
8
TRACED_LINE
10
1554.2196
20
-773.2765
30
0.0
0
VERTEX
8
TRACED_LINE
10
1554.3318
20
-775.7686
30
0.0
0
SEQEND
0
POLYLINE
8
TRACED_LINE
66
1
70
0
0
VERTEX
8
TRACED_LINE
10
481.1344
20
-821.5559
30
0.0
0
VERTEX
8
TRACED_LINE
10
492.2340
20
-824.0531
30
0.0
0
SEQEND
0
POLYLINE
8
TRACED_LINE
66
1
70
0
0
VERTEX
8
TRACED_LINE
10
1461.4922
20
-776.9490
30
0.0
0
VERTEX
8
TRACED_LINE
10
1461.6268
20
-779.9395
30
0.0
0
SEQEND
0
POLYLINE
8
TRACED_LINE
66
1
70
0
0
VERTEX
8
TRACED_LINE
10
1387.2061
20
-779.7918
30
0.0
0
VERTEX
8
TRACED_LINE
10
1387.3182
20
-782.2839
30
0.0
0
SEQEND
0
POLYLINE
8
TRACED_LINE
66
1
70
0
0
VERTEX
8
TRACED_LINE
10
580.2739
20
-816.0967
30
0.0
0
VERTEX
8
TRACED_LINE
10
580.4084
20
-819.0871
30
0.0
0
VERTEX
8
TRACED_LINE
10
581.4501
20
-820.0391
30
0.0
0
VERTEX
8
TRACED_LINE
10
582.4021
20
-818.9974
30
0.0
0
SEQEND
0
POLYLINE
8
TRACED_LINE
66
1
70
0
0
VERTEX
8
TRACED_LINE
10
441.2164
20
-822.3530
30
0.0
0
VERTEX
8
TRACED_LINE
10
445.7470
20
-823.1480
30
0.0
0
SEQEND
0
POLYLINE
8
TRACED_LINE
66
1
70
0
0
VERTEX
8
TRACED_LINE
10
1311.9232
20
-782.6795
30
0.0
0
VERTEX
8
TRACED_LINE
10
1312.0577
20
-785.6699
30
0.0
0
SEQEND
0
POLYLINE
8
TRACED_LINE
66
1
70
0
0
VERTEX
8
TRACED_LINE
10
1462.9202
20
-775.3865
30
0.0
0
VERTEX
8
TRACED_LINE
10
1552.6571
20
-771.8486
30
0.0
0
SEQEND
0
POLYLINE
8
TRACED_LINE
66
1
70
0
0
VERTEX
8
TRACED_LINE
10
1237.1387
20
-785.5447
30
0.0
0
VERTEX
8
TRACED_LINE
10
1241.3096
20
-878.2497
30
0.0
0
SEQEND
0
POLYLINE
8
TRACED_LINE
66
1
70
0
0
VERTEX
8
TRACED_LINE
10
953.5411
20
-798.3041
30
0.0
0
VERTEX
8
TRACED_LINE
10
959.6118
20
-800.0286
30
0.0
0
VERTEX
8
TRACED_LINE
10
966.0912
20
-799.7371
30
0.0
0
SEQEND
0
POLYLINE
8
TRACED_LINE
66
1
70
0
0
VERTEX
8
TRACED_LINE
10
578.2354
20
-815.1895
30
0.0
0
VERTEX
8
TRACED_LINE
10
562.3881
20
-840.3742
30
0.0
0
SEQEND
0
POLYLINE
8
TRACED_LINE
66
1
70
0
0
VERTEX
8
TRACED_LINE
10
1429.0056
20
-776.4129
30
0.0
0
VERTEX
8
TRACED_LINE
10
1451.4567
20
-775.9023
30
0.0
0
SEQEND
0
POLYLINE
8
TRACED_LINE
66
1
70
0
0
VERTEX
8
TRACED_LINE
10
1388.6341
20
-778.2293
30
0.0
0
VERTEX
8
TRACED_LINE
10
1426.0151
20
-776.5475
30
0.0
0
SEQEND
0
POLYLINE
8
TRACED_LINE
66
1
70
0
0
VERTEX
8
TRACED_LINE
10
1161.8557
20
-788.4323
30
0.0
0
VERTEX
8
TRACED_LINE
10
1161.9679
20
-790.9244
30
0.0
0
SEQEND
0
POLYLINE
8
TRACED_LINE
66
1
70
0
0
VERTEX
8
TRACED_LINE
10
674.9053
20
-810.3408
30
0.0
0
VERTEX
8
TRACED_LINE
10
623.3088
20
-884.5791
30
0.0
0
SEQEND
0
POLYLINE
8
TRACED_LINE
66
1
70
0
0
VERTEX
8
TRACED_LINE
10
1313.3512
20
-781.1169
30
0.0
0
VERTEX
8
TRACED_LINE
10
1385.6436
20
-778.3638
30
0.0
0
SEQEND
0
POLYLINE
8
TRACED_LINE
66
1
70
0
0
VERTEX
8
TRACED_LINE
10
447.6061
20
-820.0679
30
0.0
0
VERTEX
8
TRACED_LINE
10
447.2198
20
-822.5823
30
0.0
0
SEQEND
0
POLYLINE
8
TRACED_LINE
66
1
70
0
0
VERTEX
8
TRACED_LINE
10
1238.5666
20
-783.9822
30
0.0
0
VERTEX
8
TRACED_LINE
10
1310.3607
20
-781.2515
30
0.0
0
SEQEND
0
POLYLINE
8
TRACED_LINE
66
1
70
0
0
VERTEX
8
TRACED_LINE
10
677.3525
20
-809.2319
30
0.0
0
VERTEX
8
TRACED_LINE
10
735.6466
20
-850.5584
30
0.0
0
SEQEND
0
POLYLINE
8
TRACED_LINE
66
1
70
0
0
VERTEX
8
TRACED_LINE
10
1163.2837
20
-786.8698
30
0.0
0
VERTEX
8
TRACED_LINE
10
1235.5762
20
-784.1167
30
0.0
0
SEQEND
0
POLYLINE
8
TRACED_LINE
66
1
70
0
0
VERTEX
8
TRACED_LINE
10
1151.3218
20
-787.4080
30
0.0
0
VERTEX
8
TRACED_LINE
10
1160.2932
20
-787.0044
30
0.0
0
SEQEND
0
POLYLINE
8
TRACED_LINE
66
1
70
0
0
VERTEX
8
TRACED_LINE
10
1088.5216
20
-790.2335
30
0.0
0
VERTEX
8
TRACED_LINE
10
1148.3313
20
-787.5425
30
0.0
0
SEQEND
0
POLYLINE
8
TRACED_LINE
66
1
70
0
0
VERTEX
8
TRACED_LINE
10
1062.6041
20
-791.3995
30
0.0
0
VERTEX
8
TRACED_LINE
10
1085.5311
20
-790.3680
30
0.0
0
SEQEND
0
POLYLINE
8
TRACED_LINE
66
1
70
0
0
VERTEX
8
TRACED_LINE
10
449.0565
20
-819.0037
30
0.0
0
VERTEX
8
TRACED_LINE
10
491.4839
20
-829.5805
30
0.0
0
SEQEND
0
POLYLINE
8
TRACED_LINE
66
1
70
0
0
VERTEX
8
TRACED_LINE
10
1048.1277
20
-791.5514
30
0.0
0
VERTEX
8
TRACED_LINE
10
1046.6548
20
-792.1171
30
0.0
0
VERTEX
8
TRACED_LINE
10
1056.1247
20
-791.6910
30
0.0
0
SEQEND
0
POLYLINE
8
TRACED_LINE
66
1
70
0
0
VERTEX
8
TRACED_LINE
10
1013.7371
20
-793.0987
30
0.0
0
VERTEX
8
TRACED_LINE
10
1043.6643
20
-792.2516
30
0.0
0
SEQEND
0
POLYLINE
8
TRACED_LINE
66
1
70
0
0
VERTEX
8
TRACED_LINE
10
975.8576
20
-794.8029
30
0.0
0
VERTEX
8
TRACED_LINE
10
1011.7434
20
-793.1884
30
0.0
0
SEQEND
0
POLYLINE
8
TRACED_LINE
66
1
70
0
0
VERTEX
8
TRACED_LINE
10
1549.9632
20
-767.4749
30
0.0
0
VERTEX
8
TRACED_LINE
10
1552.4553
20
-767.3628
30
0.0
0
SEQEND
0
POLYLINE
8
TRACED_LINE
66
1
70
0
0
VERTEX
8
TRACED_LINE
10
346.2711
20
-821.1311
30
0.0
0
VERTEX
8
TRACED_LINE
10
344.0747
20
-916.6197
30
0.0
0
SEQEND
0
POLYLINE
8
TRACED_LINE
66
1
70
0
0
VERTEX
8
TRACED_LINE
10
1471.1690
20
-770.0212
30
0.0
0
VERTEX
8
TRACED_LINE
10
1462.7184
20
-770.9008
30
0.0
0
SEQEND
0
POLYLINE
8
TRACED_LINE
66
1
70
0
0
VERTEX
8
TRACED_LINE
10
1424.3181
20
-772.1290
30
0.0
0
VERTEX
8
TRACED_LINE
10
1426.8101
20
-772.0169
30
0.0
0
SEQEND
0
POLYLINE
8
TRACED_LINE
66
1
70
0
0
VERTEX
8
TRACED_LINE
10
1388.4323
20
-773.7436
30
0.0
0
VERTEX
8
TRACED_LINE
10
1394.4132
20
-773.4745
30
0.0
0
SEQEND
0
POLYLINE
8
TRACED_LINE
66
1
70
0
0
VERTEX
8
TRACED_LINE
10
1378.4640
20
-774.1921
30
0.0
0
VERTEX
8
TRACED_LINE
10
1385.4418
20
-773.8781
30
0.0
0
SEQEND
0
POLYLINE
8
TRACED_LINE
66
1
70
0
0
VERTEX
8
TRACED_LINE
10
-225.9306
20
-846.3757
30
0.0
0
VERTEX
8
TRACED_LINE
10
-226.8377
20
-848.4142
30
0.0
0
VERTEX
8
TRACED_LINE
10
-224.3393
20
-981.6477
30
0.0
0
SEQEND
0
POLYLINE
8
TRACED_LINE
66
1
70
0
0
VERTEX
8
TRACED_LINE
10
1313.1493
20
-776.6312
30
0.0
0
VERTEX
8
TRACED_LINE
10
1321.1240
20
-776.2724
30
0.0
0
SEQEND
0
POLYLINE
8
TRACED_LINE
66
1
70
0
0
VERTEX
8
TRACED_LINE
10
1307.6668
20
-776.8779
30
0.0
0
VERTEX
8
TRACED_LINE
10
1310.1589
20
-776.7658
30
0.0
0
SEQEND
0
POLYLINE
8
TRACED_LINE
66
1
70
0
0
VERTEX
8
TRACED_LINE
10
347.6991
20
-819.5686
30
0.0
0
VERTEX
8
TRACED_LINE
10
353.6800
20
-819.2995
30
0.0
0
SEQEND
0
POLYLINE
8
TRACED_LINE
66
1
70
0
0
VERTEX
8
TRACED_LINE
10
340.2228
20
-819.9049
30
0.0
0
VERTEX
8
TRACED_LINE
10
344.7086
20
-819.7031
30
0.0
0
SEQEND
0
POLYLINE
8
TRACED_LINE
66
1
70
0
0
VERTEX
8
TRACED_LINE
10
244.5274
20
-824.2104
30
0.0
0
VERTEX
8
TRACED_LINE
10
246.3784
20
-887.5538
30
0.0
0
VERTEX
8
TRACED_LINE
10
248.4118
20
-899.4485
30
0.0
0
VERTEX
8
TRACED_LINE
10
254.3429
20
-909.1701
30
0.0
0
VERTEX
8
TRACED_LINE
10
262.6090
20
-915.2907
30
0.0
0
VERTEX
8
TRACED_LINE
10
269.1781
20
-916.9928
30
0.0
0
VERTEX
8
TRACED_LINE
10
326.1767
20
-918.4238
30
0.0
0
SEQEND
0
POLYLINE
8
TRACED_LINE
66
1
70
0
0
VERTEX
8
TRACED_LINE
10
1156.6025
20
-782.6756
30
0.0
0
VERTEX
8
TRACED_LINE
10
1151.1424
20
-783.4207
30
0.0
0
SEQEND
0
POLYLINE
8
TRACED_LINE
66
1
70
0
0
VERTEX
8
TRACED_LINE
10
1143.1453
20
-783.2811
30
0.0
0
VERTEX
8
TRACED_LINE
10
1148.1519
20
-783.5552
30
0.0
0
SEQEND
0
POLYLINE
8
TRACED_LINE
66
1
70
0
0
VERTEX
8
TRACED_LINE
10
1055.9229
20
-787.2053
30
0.0
0
VERTEX
8
TRACED_LINE
10
1059.9102
20
-787.0259
30
0.0
0
SEQEND
0
POLYLINE
8
TRACED_LINE
66
1
70
0
0
VERTEX
8
TRACED_LINE
10
1069.3576
20
-786.1014
30
0.0
0
VERTEX
8
TRACED_LINE
10
1062.9007
20
-786.8914
30
0.0
0
SEQEND
0
POLYLINE
8
TRACED_LINE
66
1
70
0
0
VERTEX
8
TRACED_LINE
10
1047.9258
20
-787.0657
30
0.0
0
VERTEX
8
TRACED_LINE
10
1052.4116
20
-786.8639
30
0.0
0
SEQEND
0
POLYLINE
8
TRACED_LINE
66
1
70
0
0
VERTEX
8
TRACED_LINE
10
1040.4496
20
-787.4020
30
0.0
0
VERTEX
8
TRACED_LINE
10
1044.4369
20
-787.2226
30
0.0
0
SEQEND
0
POLYLINE
8
TRACED_LINE
66
1
70
0
0
VERTEX
8
TRACED_LINE
10
976.1318
20
-789.7964
30
0.0
0
VERTEX
8
TRACED_LINE
10
980.6175
20
-789.5945
30
0.0
0
SEQEND
0
POLYLINE
8
TRACED_LINE
66
1
70
0
0
VERTEX
8
TRACED_LINE
10
245.9553
20
-822.6479
30
0.0
0
VERTEX
8
TRACED_LINE
10
258.4157
20
-822.0873
30
0.0
0
SEQEND
0
POLYLINE
8
TRACED_LINE
66
1
70
0
0
VERTEX
8
TRACED_LINE
10
590.3370
20
-806.6543
30
0.0
0
VERTEX
8
TRACED_LINE
10
589.8834
20
-807.6736
30
0.0
0
VERTEX
8
TRACED_LINE
10
590.3370
20
-806.6543
30
0.0
0
VERTEX
8
TRACED_LINE
10
591.8546
20
-807.0854
30
0.0
0
VERTEX
8
TRACED_LINE
10
591.9892
20
-810.0759
30
0.0
0
VERTEX
8
TRACED_LINE
10
590.0404
20
-811.1624
30
0.0
0
SEQEND
0
POLYLINE
8
TRACED_LINE
66
1
70
0
0
VERTEX
8
TRACED_LINE
10
425.3171
20
-813.0799
30
0.0
0
VERTEX
8
TRACED_LINE
10
446.5196
20
-818.1190
30
0.0
0
SEQEND
0
POLYLINE
8
TRACED_LINE
66
1
70
0
0
VERTEX
8
TRACED_LINE
10
587.7552
20
-804.7728
30
0.0
0
VERTEX
8
TRACED_LINE
10
587.9122
20
-808.2617
30
0.0
0
SEQEND
0
POLYLINE
8
TRACED_LINE
66
1
70
0
0
VERTEX
8
TRACED_LINE
10
346.5228
20
-815.6261
30
0.0
0
VERTEX
8
TRACED_LINE
10
346.6350
20
-818.1182
30
0.0
0
SEQEND
0
POLYLINE
8
TRACED_LINE
66
1
70
0
0
VERTEX
8
TRACED_LINE
10
585.7167
20
-803.8656
30
0.0
0
VERTEX
8
TRACED_LINE
10
580.1394
20
-813.1062
30
0.0
0
SEQEND
0
POLYLINE
8
TRACED_LINE
66
1
70
0
0
VERTEX
8
TRACED_LINE
10
347.9732
20
-814.5620
30
0.0
0
VERTEX
8
TRACED_LINE
10
422.3042
20
-812.7160
30
0.0
0
SEQEND
0
POLYLINE
8
TRACED_LINE
66
1
70
0
0
VERTEX
8
TRACED_LINE
10
244.2134
20
-817.2326
30
0.0
0
VERTEX
8
TRACED_LINE
10
244.3928
20
-821.2199
30
0.0
0
SEQEND
0
POLYLINE
8
TRACED_LINE
66
1
70
0
0
VERTEX
8
TRACED_LINE
10
246.1847
20
-816.6445
30
0.0
0
VERTEX
8
TRACED_LINE
10
344.9603
20
-814.1981
30
0.0
0
SEQEND
0
POLYLINE
8
TRACED_LINE
66
1
70
0
0
VERTEX
8
TRACED_LINE
10
425.0480
20
-807.0989
30
0.0
0
VERTEX
8
TRACED_LINE
10
433.1347
20
-809.2322
30
0.0
0
SEQEND
0
POLYLINE
8
TRACED_LINE
66
1
70
0
0
VERTEX
8
TRACED_LINE
10
347.7490
20
-809.5779
30
0.0
0
VERTEX
8
TRACED_LINE
10
354.2284
20
-809.2863
30
0.0
0
SEQEND
0
POLYLINE
8
TRACED_LINE
66
1
70
0
0
VERTEX
8
TRACED_LINE
10
340.7712
20
-809.8918
30
0.0
0
VERTEX
8
TRACED_LINE
10
344.7585
20
-809.7124
30
0.0
0
SEQEND
0
POLYLINE
8
TRACED_LINE
66
1
70
0
0
VERTEX
8
TRACED_LINE
10
184.7676
20
-816.9106
30
0.0
0
VERTEX
8
TRACED_LINE
10
186.5015
20
-888.7495
30
0.0
0
SEQEND
0
POLYLINE
8
TRACED_LINE
66
1
70
0
0
VERTEX
8
TRACED_LINE
10
245.9828
20
-812.1587
30
0.0
0
VERTEX
8
TRACED_LINE
10
252.9606
20
-811.8448
30
0.0
0
SEQEND
0
POLYLINE
8
TRACED_LINE
66
1
70
0
0
VERTEX
8
TRACED_LINE
10
1386.3316
20
-760.3537
30
0.0
0
VERTEX
8
TRACED_LINE
10
1386.8698
20
-772.3156
30
0.0
0
SEQEND
0
POLYLINE
8
TRACED_LINE
66
1
70
0
0
VERTEX
8
TRACED_LINE
10
1377.8585
20
-760.7349
30
0.0
0
VERTEX
8
TRACED_LINE
10
1379.4435
20
-762.6613
30
0.0
0
VERTEX
8
TRACED_LINE
10
1381.4147
20
-762.0732
30
0.0
0
SEQEND
0
POLYLINE
8
TRACED_LINE
66
1
70
0
0
VERTEX
8
TRACED_LINE
10
90.9537
20
-818.6343
30
0.0
0
VERTEX
8
TRACED_LINE
10
91.0882
20
-821.6248
30
0.0
0
SEQEND
0
POLYLINE
8
TRACED_LINE
66
1
70
0
0
VERTEX
8
TRACED_LINE
10
85.9695
20
-818.8585
30
0.0
0
VERTEX
8
TRACED_LINE
10
87.1825
20
-890.2214
30
0.0
0
SEQEND
0
POLYLINE
8
TRACED_LINE
66
1
70
0
0
VERTEX
8
TRACED_LINE
10
870.4507
20
-783.0643
30
0.0
0
VERTEX
8
TRACED_LINE
10
832.6182
20
-830.2140
30
0.0
0
SEQEND
0
POLYLINE
8
TRACED_LINE
66
1
70
0
0
VERTEX
8
TRACED_LINE
10
1060.8000
20
-773.5015
30
0.0
0
VERTEX
8
TRACED_LINE
10
1061.3382
20
-785.4634
30
0.0
0
SEQEND
0
POLYLINE
8
TRACED_LINE
66
1
70
0
0
VERTEX
8
TRACED_LINE
10
92.3816
20
-817.0718
30
0.0
0
VERTEX
8
TRACED_LINE
10
183.2051
20
-815.4826
30
0.0
0
SEQEND
0
POLYLINE
8
TRACED_LINE
66
1
70
0
0
VERTEX
8
TRACED_LINE
10
415.8299
20
-802.0200
30
0.0
0
VERTEX
8
TRACED_LINE
10
415.3987
20
-803.5377
30
0.0
0
VERTEX
8
TRACED_LINE
10
420.0190
20
-806.3263
30
0.0
0
VERTEX
8
TRACED_LINE
10
419.4757
20
-805.3519
30
0.0
0
SEQEND
0
POLYLINE
8
TRACED_LINE
66
1
70
0
0
VERTEX
8
TRACED_LINE
10
1394.1717
20
-757.0044
30
0.0
0
VERTEX
8
TRACED_LINE
10
1391.3830
20
-761.6247
30
0.0
0
SEQEND
0
POLYLINE
8
TRACED_LINE
66
1
70
0
0
VERTEX
8
TRACED_LINE
10
1383.7050
20
-757.4753
30
0.0
0
VERTEX
8
TRACED_LINE
10
1380.7817
20
-759.1051
30
0.0
0
SEQEND
0
POLYLINE
8
TRACED_LINE
66
1
70
0
0
VERTEX
8
TRACED_LINE
10
1054.2533
20
-772.2977
30
0.0
0
VERTEX
8
TRACED_LINE
10
1050.8765
20
-774.9468
30
0.0
0
VERTEX
8
TRACED_LINE
10
1048.6536
20
-781.0399
30
0.0
0
VERTEX
8
TRACED_LINE
10
1050.4230
20
-775.9660
30
0.0
0
SEQEND
0
POLYLINE
8
TRACED_LINE
66
1
70
0
0
VERTEX
8
TRACED_LINE
10
871.2233
20
-778.0354
30
0.0
0
VERTEX
8
TRACED_LINE
10
871.8338
20
-780.5050
30
0.0
0
SEQEND
0
POLYLINE
8
TRACED_LINE
66
1
70
0
0
VERTEX
8
TRACED_LINE
10
885.1116
20
-775.9122
30
0.0
0
VERTEX
8
TRACED_LINE
10
885.6997
20
-777.8835
30
0.0
0
VERTEX
8
TRACED_LINE
10
883.2749
20
-779.4908
30
0.0
0
VERTEX
8
TRACED_LINE
10
880.2844
20
-779.6254
30
0.0
0
VERTEX
8
TRACED_LINE
10
878.2011
20
-777.7214
30
0.0
0
SEQEND
0
POLYLINE
8
TRACED_LINE
66
1
70
0
0
VERTEX
8
TRACED_LINE
10
90.6397
20
-811.6565
30
0.0
0
VERTEX
8
TRACED_LINE
10
90.8191
20
-815.6438
30
0.0
0
SEQEND
0
POLYLINE
8
TRACED_LINE
66
1
70
0
0
VERTEX
8
TRACED_LINE
10
412.0943
20
-796.6944
30
0.0
0
VERTEX
8
TRACED_LINE
10
417.2354
20
-799.9591
30
0.0
0
SEQEND
0
POLYLINE
8
TRACED_LINE
66
1
70
0
0
VERTEX
8
TRACED_LINE
10
867.1014
20
-775.2243
30
0.0
0
VERTEX
8
TRACED_LINE
10
870.1143
20
-775.5881
30
0.0
0
SEQEND
0
POLYLINE
8
TRACED_LINE
66
1
70
0
0
VERTEX
8
TRACED_LINE
10
597.8682
20
-785.3397
30
0.0
0
VERTEX
8
TRACED_LINE
10
587.5982
20
-801.2839
30
0.0
0
SEQEND
0
POLYLINE
8
TRACED_LINE
66
1
70
0
0
VERTEX
8
TRACED_LINE
10
875.3951
20
-770.8557
30
0.0
0
VERTEX
8
TRACED_LINE
10
875.5745
20
-774.8431
30
0.0
0
SEQEND
0
POLYLINE
8
TRACED_LINE
66
1
70
0
0
VERTEX
8
TRACED_LINE
10
602.5608
20
-778.6361
30
0.0
0
VERTEX
8
TRACED_LINE
10
599.7497
20
-782.7579
30
0.0
0
SEQEND
0
POLYLINE
8
TRACED_LINE
66
1
70
0
0
VERTEX
8
TRACED_LINE
10
600.0015
20
-777.2530
30
0.0
0
VERTEX
8
TRACED_LINE
10
595.6054
20
-779.4484
30
0.0
0
VERTEX
8
TRACED_LINE
10
596.6023
20
-779.4036
30
0.0
0
SEQEND
0
POLYLINE
8
TRACED_LINE
66
1
70
0
0
VERTEX
8
TRACED_LINE
10
726.0329
20
-770.0844
30
0.0
0
VERTEX
8
TRACED_LINE
10
729.6564
20
-772.9179
30
0.0
0
SEQEND
0
POLYLINE
8
TRACED_LINE
66
1
70
0
0
VERTEX
8
TRACED_LINE
10
596.3556
20
-773.9210
30
0.0
0
VERTEX
8
TRACED_LINE
10
593.4324
20
-775.5508
30
0.0
0
SEQEND
0
POLYLINE
8
TRACED_LINE
66
1
70
0
0
VERTEX
8
TRACED_LINE
10
623.7235
20
-771.6909
30
0.0
0
VERTEX
8
TRACED_LINE
10
674.7707
20
-807.3503
30
0.0
0
SEQEND
0
POLYLINE
8
TRACED_LINE
66
1
70
0
0
VERTEX
8
TRACED_LINE
10
734.3490
20
-766.2143
30
0.0
0
VERTEX
8
TRACED_LINE
10
736.2030
20
-774.1216
30
0.0
0
VERTEX
8
TRACED_LINE
10
743.1085
20
-783.3000
30
0.0
0
VERTEX
8
TRACED_LINE
10
818.9317
20
-836.8228
30
0.0
0
SEQEND
0
POLYLINE
8
TRACED_LINE
66
1
70
0
0
VERTEX
8
TRACED_LINE
10
736.8186
20
-765.6037
30
0.0
0
VERTEX
8
TRACED_LINE
10
739.4228
20
-767.9837
30
0.0
0
SEQEND
0
POLYLINE
8
TRACED_LINE
66
1
70
0
0
VERTEX
8
TRACED_LINE
10
730.1599
20
-761.9079
30
0.0
0
VERTEX
8
TRACED_LINE
10
725.4224
20
-767.6147
30
0.0
0
VERTEX
8
TRACED_LINE
10
727.7799
20
-764.5121
30
0.0
0
SEQEND
0
POLYLINE
8
TRACED_LINE
66
1
70
0
0
VERTEX
8
TRACED_LINE
10
610.9716
20
-765.7721
30
0.0
0
VERTEX
8
TRACED_LINE
10
603.9439
20
-776.0767
30
0.0
0
SEQEND
0
POLYLINE
8
TRACED_LINE
66
1
70
0
0
VERTEX
8
TRACED_LINE
10
612.8980
20
-764.1872
30
0.0
0
VERTEX
8
TRACED_LINE
10
620.6209
20
-769.3333
30
0.0
0
SEQEND
0
POLYLINE
8
TRACED_LINE
66
1
70
0
0
VERTEX
8
TRACED_LINE
10
626.8312
20
-763.0609
30
0.0
0
VERTEX
8
TRACED_LINE
10
623.0906
20
-768.7228
30
0.0
0
SEQEND
0
POLYLINE
8
TRACED_LINE
66
1
70
0
0
VERTEX
8
TRACED_LINE
10
1807.4169
20
-706.4489
30
0.0
0
VERTEX
8
TRACED_LINE
10
1810.7256
20
-802.1893
30
0.0
0
SEQEND
0
POLYLINE
8
TRACED_LINE
66
1
70
0
0
VERTEX
8
TRACED_LINE
10
738.6156
20
-750.0408
30
0.0
0
VERTEX
8
TRACED_LINE
10
734.6007
20
-760.7093
30
0.0
0
SEQEND
0
POLYLINE
8
TRACED_LINE
66
1
70
0
0
VERTEX
8
TRACED_LINE
10
89.8976
20
-750.7603
30
0.0
0
VERTEX
8
TRACED_LINE
10
89.5786
20
-754.7700
30
0.0
0
SEQEND
0
POLYLINE
8
TRACED_LINE
66
1
70
0
0
VERTEX
8
TRACED_LINE
10
108.2717
20
-748.4353
30
0.0
0
VERTEX
8
TRACED_LINE
10
108.3838
20
-750.9274
30
0.0
0
VERTEX
8
TRACED_LINE
10
104.8949
20
-751.0844
30
0.0
0
VERTEX
8
TRACED_LINE
10
104.8052
20
-749.0907
30
0.0
0
SEQEND
0
POLYLINE
8
TRACED_LINE
66
1
70
0
0
VERTEX
8
TRACED_LINE
10
1233.1696
20
-697.3254
30
0.0
0
VERTEX
8
TRACED_LINE
10
1237.0041
20
-782.5542
30
0.0
0
SEQEND
0
POLYLINE
8
TRACED_LINE
66
1
70
0
0
VERTEX
8
TRACED_LINE
10
1227.6422
20
-696.5752
30
0.0
0
VERTEX
8
TRACED_LINE
10
1228.7685
20
-710.5084
30
0.0
0
SEQEND
0
POLYLINE
8
TRACED_LINE
66
1
70
0
0
VERTEX
8
TRACED_LINE
10
183.4425
20
-743.0556
30
0.0
0
VERTEX
8
TRACED_LINE
10
185.1315
20
-813.8977
30
0.0
0
SEQEND
0
POLYLINE
8
TRACED_LINE
66
1
70
0
0
VERTEX
8
TRACED_LINE
10
657.9102
20
-721.2093
30
0.0
0
VERTEX
8
TRACED_LINE
10
662.9840
20
-722.9787
30
0.0
0
SEQEND
0
POLYLINE
8
TRACED_LINE
66
1
70
0
0
VERTEX
8
TRACED_LINE
10
655.9165
20
-721.2990
30
0.0
0
VERTEX
8
TRACED_LINE
10
653.5590
20
-724.4016
30
0.0
0
SEQEND
0
POLYLINE
8
TRACED_LINE
66
1
70
0
0
VERTEX
8
TRACED_LINE
10
970.8244
20
-705.1332
30
0.0
0
VERTEX
8
TRACED_LINE
10
974.5693
20
-788.3684
30
0.0
0
SEQEND
0
POLYLINE
8
TRACED_LINE
66
1
70
0
0
VERTEX
8
TRACED_LINE
10
89.6285
20
-744.7793
30
0.0
0
VERTEX
8
TRACED_LINE
10
89.2871
20
-748.2906
30
0.0
0
SEQEND
0
POLYLINE
8
TRACED_LINE
66
1
70
0
0
VERTEX
8
TRACED_LINE
10
521.7086
20
-724.3407
30
0.0
0
VERTEX
8
TRACED_LINE
10
494.6812
20
-822.9441
30
0.0
0
SEQEND
0
POLYLINE
8
TRACED_LINE
66
1
70
0
0
VERTEX
8
TRACED_LINE
10
139.9235
20
-741.5176
30
0.0
0
VERTEX
8
TRACED_LINE
10
181.8800
20
-741.6276
30
0.0
0
SEQEND
0
POLYLINE
8
TRACED_LINE
66
1
70
0
0
VERTEX
8
TRACED_LINE
10
98.0567
20
-743.4013
30
0.0
0
VERTEX
8
TRACED_LINE
10
96.8081
20
-748.9511
30
0.0
0
VERTEX
8
TRACED_LINE
10
94.3609
20
-750.0600
30
0.0
0
VERTEX
8
TRACED_LINE
10
93.7952
20
-748.5872
30
0.0
0
SEQEND
0
POLYLINE
8
TRACED_LINE
66
1
70
0
0
VERTEX
8
TRACED_LINE
10
84.5771
20
-743.5083
30
0.0
0
VERTEX
8
TRACED_LINE
10
85.8350
20
-815.8680
30
0.0
0
SEQEND
0
POLYLINE
8
TRACED_LINE
66
1
70
0
0
VERTEX
8
TRACED_LINE
10
109.9738
20
-741.8663
30
0.0
0
VERTEX
8
TRACED_LINE
10
137.9298
20
-741.6073
30
0.0
0
SEQEND
0
POLYLINE
8
TRACED_LINE
66
1
70
0
0
VERTEX
8
TRACED_LINE
10
689.6068
20
-715.2884
30
0.0
0
VERTEX
8
TRACED_LINE
10
685.7765
20
-718.9567
30
0.0
0
SEQEND
0
POLYLINE
8
TRACED_LINE
66
1
70
0
0
VERTEX
8
TRACED_LINE
10
99.9831
20
-741.8163
30
0.0
0
VERTEX
8
TRACED_LINE
10
106.9833
20
-742.0008
30
0.0
0
SEQEND
0
POLYLINE
8
TRACED_LINE
66
1
70
0
0
VERTEX
8
TRACED_LINE
10
86.0275
20
-742.4442
30
0.0
0
VERTEX
8
TRACED_LINE
10
96.9926
20
-741.9509
30
0.0
0
SEQEND
0
POLYLINE
8
TRACED_LINE
66
1
70
0
0
VERTEX
8
TRACED_LINE
10
1513.9611
20
-677.7003
30
0.0
0
VERTEX
8
TRACED_LINE
10
1513.0316
20
-679.2404
30
0.0
0
VERTEX
8
TRACED_LINE
10
1514.1181
20
-681.1892
30
0.0
0
VERTEX
8
TRACED_LINE
10
1517.5621
20
-680.0354
30
0.0
0
VERTEX
8
TRACED_LINE
10
1518.4917
20
-678.4954
30
0.0
0
SEQEND
0
POLYLINE
8
TRACED_LINE
66
1
70
0
0
VERTEX
8
TRACED_LINE
10
673.1367
20
-715.5300
30
0.0
0
VERTEX
8
TRACED_LINE
10
668.2423
20
-717.7479
30
0.0
0
SEQEND
0
POLYLINE
8
TRACED_LINE
66
1
70
0
0
VERTEX
8
TRACED_LINE
10
1220.3729
20
-690.4098
30
0.0
0
VERTEX
8
TRACED_LINE
10
1219.5106
20
-693.4451
30
0.0
0
VERTEX
8
TRACED_LINE
10
1222.2045
20
-697.8187
30
0.0
0
VERTEX
8
TRACED_LINE
10
1222.3614
20
-701.3076
30
0.0
0
VERTEX
8
TRACED_LINE
10
1221.1179
20
-695.8699
30
0.0
0
SEQEND
0
POLYLINE
8
TRACED_LINE
66
1
70
0
0
VERTEX
8
TRACED_LINE
10
659.6571
20
-715.6371
30
0.0
0
VERTEX
8
TRACED_LINE
10
657.7980
20
-718.7173
30
0.0
0
SEQEND
0
POLYLINE
8
TRACED_LINE
66
1
70
0
0
VERTEX
8
TRACED_LINE
10
675.0856
20
-714.4435
30
0.0
0
VERTEX
8
TRACED_LINE
10
679.1401
20
-715.7594
30
0.0
0
SEQEND
0
POLYLINE
8
TRACED_LINE
66
1
70
0
0
VERTEX
8
TRACED_LINE
10
1525.7212
20
-672.6764
30
0.0
0
VERTEX
8
TRACED_LINE
10
1524.3830
20
-676.2326
30
0.0
0
SEQEND
0
POLYLINE
8
TRACED_LINE
66
1
70
0
0
VERTEX
8
TRACED_LINE
10
1456.8953
20
-674.7742
30
0.0
0
VERTEX
8
TRACED_LINE
10
1461.1334
20
-768.9744
30
0.0
0
SEQEND
0
POLYLINE
8
TRACED_LINE
66
1
70
0
0
VERTEX
8
TRACED_LINE
10
1527.1492
20
-671.1139
30
0.0
0
VERTEX
8
TRACED_LINE
10
1534.6703
20
-671.7744
30
0.0
0
VERTEX
8
TRACED_LINE
10
1541.8050
20
-674.9493
30
0.0
0
VERTEX
8
TRACED_LINE
10
1548.0551
20
-680.6612
30
0.0
0
VERTEX
8
TRACED_LINE
10
1552.4460
20
-689.4533
30
0.0
0
VERTEX
8
TRACED_LINE
10
1554.3817
20
-765.7779
30
0.0
0
SEQEND
0
POLYLINE
8
TRACED_LINE
66
1
70
0
0
VERTEX
8
TRACED_LINE
10
1520.6698
20
-671.4054
30
0.0
0
VERTEX
8
TRACED_LINE
10
1524.1587
20
-671.2485
30
0.0
0
SEQEND
0
POLYLINE
8
TRACED_LINE
66
1
70
0
0
VERTEX
8
TRACED_LINE
10
1382.6092
20
-677.6170
30
0.0
0
VERTEX
8
TRACED_LINE
10
1386.0849
20
-754.8711
30
0.0
0
SEQEND
0
POLYLINE
8
TRACED_LINE
66
1
70
0
0
VERTEX
8
TRACED_LINE
10
1307.3486
20
-681.0030
30
0.0
0
VERTEX
8
TRACED_LINE
10
1311.5868
20
-775.2033
30
0.0
0
SEQEND
0
POLYLINE
8
TRACED_LINE
66
1
70
0
0
VERTEX
8
TRACED_LINE
10
1236.5739
20
-684.1873
30
0.0
0
VERTEX
8
TRACED_LINE
10
1237.0448
20
-694.6539
30
0.0
0
SEQEND
0
POLYLINE
8
TRACED_LINE
66
1
70
0
0
VERTEX
8
TRACED_LINE
10
1232.5865
20
-684.3666
30
0.0
0
VERTEX
8
TRACED_LINE
10
1233.0350
20
-694.3349
30
0.0
0
SEQEND
0
POLYLINE
8
TRACED_LINE
66
1
70
0
0
VERTEX
8
TRACED_LINE
10
1228.1008
20
-684.5685
30
0.0
0
VERTEX
8
TRACED_LINE
10
1227.8939
20
-691.0703
30
0.0
0
SEQEND
0
POLYLINE
8
TRACED_LINE
66
1
70
0
0
VERTEX
8
TRACED_LINE
10
1145.3641
20
-688.2909
30
0.0
0
VERTEX
8
TRACED_LINE
10
1149.5799
20
-781.9927
30
0.0
0
SEQEND
0
POLYLINE
8
TRACED_LINE
66
1
70
0
0
VERTEX
8
TRACED_LINE
10
1057.6208
20
-691.7391
30
0.0
0
VERTEX
8
TRACED_LINE
10
1060.6654
20
-770.5110
30
0.0
0
SEQEND
0
POLYLINE
8
TRACED_LINE
66
1
70
0
0
VERTEX
8
TRACED_LINE
10
969.9000
20
-695.6858
30
0.0
0
VERTEX
8
TRACED_LINE
10
970.6899
20
-702.1428
30
0.0
0
SEQEND
0
POLYLINE
8
TRACED_LINE
66
1
70
0
0
VERTEX
8
TRACED_LINE
10
1458.3232
20
-673.2116
30
0.0
0
VERTEX
8
TRACED_LINE
10
1517.6569
20
-671.0416
30
0.0
0
SEQEND
0
POLYLINE
8
TRACED_LINE
66
1
70
0
0
VERTEX
8
TRACED_LINE
10
868.2011
20
-699.7619
30
0.0
0
VERTEX
8
TRACED_LINE
10
871.5423
20
-774.0256
30
0.0
0
SEQEND
0
POLYLINE
8
TRACED_LINE
66
1
70
0
0
VERTEX
8
TRACED_LINE
10
183.3803
20
-730.5728
30
0.0
0
VERTEX
8
TRACED_LINE
10
183.3079
20
-740.0651
30
0.0
0
SEQEND
0
POLYLINE
8
TRACED_LINE
66
1
70
0
0
VERTEX
8
TRACED_LINE
10
84.6943
20
-735.0128
30
0.0
0
VERTEX
8
TRACED_LINE
10
84.4874
20
-741.5146
30
0.0
0
SEQEND
0
POLYLINE
8
TRACED_LINE
66
1
70
0
0
VERTEX
8
TRACED_LINE
10
1384.0371
20
-676.0544
30
0.0
0
VERTEX
8
TRACED_LINE
10
1455.3327
20
-673.3462
30
0.0
0
SEQEND
0
POLYLINE
8
TRACED_LINE
66
1
70
0
0
VERTEX
8
TRACED_LINE
10
1308.7766
20
-679.4405
30
0.0
0
VERTEX
8
TRACED_LINE
10
1381.0466
20
-676.1890
30
0.0
0
SEQEND
0
POLYLINE
8
TRACED_LINE
66
1
70
0
0
VERTEX
8
TRACED_LINE
10
1238.0018
20
-682.6247
30
0.0
0
VERTEX
8
TRACED_LINE
10
1305.7861
20
-679.5750
30
0.0
0
SEQEND
0
POLYLINE
8
TRACED_LINE
66
1
70
0
0
VERTEX
8
TRACED_LINE
10
1146.7921
20
-686.7284
30
0.0
0
VERTEX
8
TRACED_LINE
10
1226.5383
20
-683.1405
30
0.0
0
SEQEND
0
POLYLINE
8
TRACED_LINE
66
1
70
0
0
VERTEX
8
TRACED_LINE
10
1059.0488
20
-690.1766
30
0.0
0
VERTEX
8
TRACED_LINE
10
1143.8016
20
-686.8629
30
0.0
0
SEQEND
0
POLYLINE
8
TRACED_LINE
66
1
70
0
0
VERTEX
8
TRACED_LINE
10
971.3279
20
-694.1233
30
0.0
0
VERTEX
8
TRACED_LINE
10
1056.0583
20
-690.3112
30
0.0
0
SEQEND
0
POLYLINE
8
TRACED_LINE
66
1
70
0
0
VERTEX
8
TRACED_LINE
10
86.1447
20
-733.9487
30
0.0
0
VERTEX
8
TRACED_LINE
10
87.1864
20
-734.9007
30
0.0
0
VERTEX
8
TRACED_LINE
10
89.1576
20
-734.3126
30
0.0
0
SEQEND
0
POLYLINE
8
TRACED_LINE
66
1
70
0
0
VERTEX
8
TRACED_LINE
10
875.1116
20
-697.9528
30
0.0
0
VERTEX
8
TRACED_LINE
10
968.3374
20
-694.2578
30
0.0
0
SEQEND
0
POLYLINE
8
TRACED_LINE
66
1
70
0
0
VERTEX
8
TRACED_LINE
10
869.6291
20
-698.1994
30
0.0
0
VERTEX
8
TRACED_LINE
10
872.1211
20
-698.0873
30
0.0
0
SEQEND
0
POLYLINE
8
TRACED_LINE
66
1
70
0
0
VERTEX
8
TRACED_LINE
10
864.1465
20
-698.4461
30
0.0
0
VERTEX
8
TRACED_LINE
10
866.6386
20
-698.3340
30
0.0
0
SEQEND
0
POLYLINE
8
TRACED_LINE
66
1
70
0
0
VERTEX
8
TRACED_LINE
10
34.2872
20
-735.7824
30
0.0
0
VERTEX
8
TRACED_LINE
10
43.6457
20
-1221.2998
30
0.0
0
SEQEND
0
POLYLINE
8
TRACED_LINE
66
1
70
0
0
VERTEX
8
TRACED_LINE
10
856.1495
20
-698.3065
30
0.0
0
VERTEX
8
TRACED_LINE
10
861.1336
20
-698.0822
30
0.0
0
SEQEND
0
POLYLINE
8
TRACED_LINE
66
1
70
0
0
VERTEX
8
TRACED_LINE
10
842.6923
20
-698.9119
30
0.0
0
VERTEX
8
TRACED_LINE
10
849.1717
20
-698.6204
30
0.0
0
SEQEND
0
POLYLINE
8
TRACED_LINE
66
1
70
0
0
VERTEX
8
TRACED_LINE
10
35.7152
20
-734.2199
30
0.0
0
VERTEX
8
TRACED_LINE
10
39.2265
20
-734.5614
30
0.0
0
SEQEND
0
POLYLINE
8
TRACED_LINE
66
1
70
0
0
VERTEX
8
TRACED_LINE
10
342.6934
20
-719.4098
30
0.0
0
VERTEX
8
TRACED_LINE
10
346.1865
20
-808.1499
30
0.0
0
SEQEND
0
POLYLINE
8
TRACED_LINE
66
1
70
0
0
VERTEX
8
TRACED_LINE
10
419.7681
20
-711.9467
30
0.0
0
VERTEX
8
TRACED_LINE
10
423.4855
20
-805.6710
30
0.0
0
SEQEND
0
POLYLINE
8
TRACED_LINE
66
1
70
0
0
VERTEX
8
TRACED_LINE
10
336.4657
20
-714.1963
30
0.0
0
VERTEX
8
TRACED_LINE
10
338.5939
20
-717.0971
30
0.0
0
VERTEX
8
TRACED_LINE
10
341.1309
20
-717.9818
30
0.0
0
SEQEND
0
POLYLINE
8
TRACED_LINE
66
1
70
0
0
VERTEX
8
TRACED_LINE
10
310.0498
20
-715.3848
30
0.0
0
VERTEX
8
TRACED_LINE
10
309.2099
20
-718.9185
30
0.0
0
SEQEND
0
POLYLINE
8
TRACED_LINE
66
1
70
0
0
VERTEX
8
TRACED_LINE
10
347.8844
20
-712.6837
30
0.0
0
VERTEX
8
TRACED_LINE
10
418.2056
20
-710.5187
30
0.0
0
SEQEND
0
POLYLINE
8
TRACED_LINE
66
1
70
0
0
VERTEX
8
TRACED_LINE
10
311.4778
20
-713.8223
30
0.0
0
VERTEX
8
TRACED_LINE
10
334.9032
20
-712.7683
30
0.0
0
SEQEND
0
POLYLINE
8
TRACED_LINE
66
1
70
0
0
VERTEX
8
TRACED_LINE
10
261.1155
20
-715.5887
30
0.0
0
VERTEX
8
TRACED_LINE
10
251.8475
20
-720.5005
30
0.0
0
VERTEX
8
TRACED_LINE
10
247.0876
20
-725.7089
30
0.0
0
VERTEX
8
TRACED_LINE
10
242.6192
20
-737.3966
30
0.0
0
VERTEX
8
TRACED_LINE
10
244.4203
20
-810.7308
30
0.0
0
VERTEX
8
TRACED_LINE
10
243.2868
20
-763.3366
30
0.0
0
SEQEND
0
POLYLINE
8
TRACED_LINE
66
1
70
0
0
VERTEX
8
TRACED_LINE
10
340.8169
20
-711.0040
30
0.0
0
VERTEX
8
TRACED_LINE
10
339.9546
20
-714.0393
30
0.0
0
VERTEX
8
TRACED_LINE
10
342.9900
20
-714.9016
30
0.0
0
SEQEND
0
POLYLINE
8
TRACED_LINE
66
1
70
0
0
VERTEX
8
TRACED_LINE
10
419.9975
20
-705.9433
30
0.0
0
VERTEX
8
TRACED_LINE
10
419.6336
20
-708.9562
30
0.0
0
SEQEND
0
POLYLINE
8
TRACED_LINE
66
1
70
0
0
VERTEX
8
TRACED_LINE
10
674.6422
20
-693.4877
30
0.0
0
VERTEX
8
TRACED_LINE
10
679.8057
20
-697.2508
30
0.0
0
VERTEX
8
TRACED_LINE
10
680.5059
20
-701.7141
30
0.0
0
VERTEX
8
TRACED_LINE
10
678.1484
20
-704.8167
30
0.0
0
VERTEX
8
TRACED_LINE
10
673.7075
20
-706.0153
30
0.0
0
VERTEX
8
TRACED_LINE
10
671.3051
20
-708.1211
30
0.0
0
VERTEX
8
TRACED_LINE
10
673.0022
20
-712.5396
30
0.0
0
SEQEND
0
POLYLINE
8
TRACED_LINE
66
1
70
0
0
VERTEX
8
TRACED_LINE
10
344.1937
20
-708.3550
30
0.0
0
VERTEX
8
TRACED_LINE
10
346.3219
20
-711.2558
30
0.0
0
SEQEND
0
POLYLINE
8
TRACED_LINE
66
1
70
0
0
VERTEX
8
TRACED_LINE
10
340.1615
20
-707.5375
30
0.0
0
VERTEX
8
TRACED_LINE
10
336.3312
20
-711.2058
30
0.0
0
VERTEX
8
TRACED_LINE
10
337.7592
20
-709.6433
30
0.0
0
SEQEND
0
POLYLINE
8
TRACED_LINE
66
1
70
0
0
VERTEX
8
TRACED_LINE
10
32.9642
20
-706.3760
30
0.0
0
VERTEX
8
TRACED_LINE
10
34.1303
20
-732.2936
30
0.0
0
SEQEND
0
POLYLINE
8
TRACED_LINE
66
1
70
0
0
VERTEX
8
TRACED_LINE
10
588.0455
20
-666.9190
30
0.0
0
VERTEX
8
TRACED_LINE
10
584.0307
20
-677.5875
30
0.0
0
SEQEND
0
POLYLINE
8
TRACED_LINE
66
1
70
0
0
VERTEX
8
TRACED_LINE
10
1448.8339
20
-617.7032
30
0.0
0
VERTEX
8
TRACED_LINE
10
1449.4220
20
-619.6744
30
0.0
0
VERTEX
8
TRACED_LINE
10
1452.0038
20
-621.5560
30
0.0
0
VERTEX
8
TRACED_LINE
10
1457.4415
20
-620.3125
30
0.0
0
VERTEX
8
TRACED_LINE
10
1458.8022
20
-617.2547
30
0.0
0
SEQEND
0
POLYLINE
8
TRACED_LINE
66
1
70
0
0
VERTEX
8
TRACED_LINE
10
1381.9792
20
-619.2128
30
0.0
0
VERTEX
8
TRACED_LINE
10
1446.7954
20
-616.7961
30
0.0
0
SEQEND
0
POLYLINE
8
TRACED_LINE
66
1
70
0
0
VERTEX
8
TRACED_LINE
10
1306.6962
20
-622.1005
30
0.0
0
VERTEX
8
TRACED_LINE
10
1378.9887
20
-619.3474
30
0.0
0
SEQEND
0
POLYLINE
8
TRACED_LINE
66
1
70
0
0
VERTEX
8
TRACED_LINE
10
1235.4006
20
-624.8087
30
0.0
0
VERTEX
8
TRACED_LINE
10
1303.7058
20
-622.2350
30
0.0
0
SEQEND
0
POLYLINE
8
TRACED_LINE
66
1
70
0
0
VERTEX
8
TRACED_LINE
10
82.5691
20
-676.6760
30
0.0
0
VERTEX
8
TRACED_LINE
10
84.5598
20
-732.0224
30
0.0
0
SEQEND
0
POLYLINE
8
TRACED_LINE
66
1
70
0
0
VERTEX
8
TRACED_LINE
10
1157.1272
20
-627.8309
30
0.0
0
VERTEX
8
TRACED_LINE
10
1224.4355
20
-625.3021
30
0.0
0
SEQEND
0
POLYLINE
8
TRACED_LINE
66
1
70
0
0
VERTEX
8
TRACED_LINE
10
1082.3427
20
-630.6961
30
0.0
0
VERTEX
8
TRACED_LINE
10
1154.1367
20
-627.9655
30
0.0
0
SEQEND
0
POLYLINE
8
TRACED_LINE
66
1
70
0
0
VERTEX
8
TRACED_LINE
10
1006.5613
20
-633.6062
30
0.0
0
VERTEX
8
TRACED_LINE
10
1079.3522
20
-630.8307
30
0.0
0
SEQEND
0
POLYLINE
8
TRACED_LINE
66
1
70
0
0
VERTEX
8
TRACED_LINE
10
83.9971
20
-675.1135
30
0.0
0
VERTEX
8
TRACED_LINE
10
86.4891
20
-675.0013
30
0.0
0
SEQEND
0
POLYLINE
8
TRACED_LINE
66
1
70
0
0
VERTEX
8
TRACED_LINE
10
931.2784
20
-636.4938
30
0.0
0
VERTEX
8
TRACED_LINE
10
1003.5708
20
-633.7407
30
0.0
0
SEQEND
0
POLYLINE
8
TRACED_LINE
66
1
70
0
0
VERTEX
8
TRACED_LINE
10
857.4683
20
-638.8158
30
0.0
0
VERTEX
8
TRACED_LINE
10
928.2879
20
-636.6284
30
0.0
0
SEQEND
0
POLYLINE
8
TRACED_LINE
66
1
70
0
0
VERTEX
8
TRACED_LINE
10
850.4905
20
-639.1297
30
0.0
0
VERTEX
8
TRACED_LINE
10
854.4778
20
-638.9504
30
0.0
0
SEQEND
0
POLYLINE
8
TRACED_LINE
66
1
70
0
0
VERTEX
8
TRACED_LINE
10
840.0238
20
-639.6007
30
0.0
0
VERTEX
8
TRACED_LINE
10
847.5000
20
-639.2643
30
0.0
0
SEQEND
0
POLYLINE
8
TRACED_LINE
66
1
70
0
0
VERTEX
8
TRACED_LINE
10
137.2601
20
-671.2188
30
0.0
0
VERTEX
8
TRACED_LINE
10
137.3722
20
-673.7109
30
0.0
0
SEQEND
0
POLYLINE
8
TRACED_LINE
66
1
70
0
0
VERTEX
8
TRACED_LINE
10
1455.5426
20
-611.4083
30
0.0
0
VERTEX
8
TRACED_LINE
10
1458.6901
20
-614.7627
30
0.0
0
SEQEND
0
POLYLINE
8
TRACED_LINE
66
1
70
0
0
VERTEX
8
TRACED_LINE
10
1451.5553
20
-611.5877
30
0.0
0
VERTEX
8
TRACED_LINE
10
1448.7218
20
-615.2111
30
0.0
0
VERTEX
8
TRACED_LINE
10
1449.6289
20
-613.1726
30
0.0
0
SEQEND
0
POLYLINE
8
TRACED_LINE
66
1
70
0
0
VERTEX
8
TRACED_LINE
10
181.0981
20
-668.7471
30
0.0
0
VERTEX
8
TRACED_LINE
10
183.2457
20
-727.5824
30
0.0
0
SEQEND
0
POLYLINE
8
TRACED_LINE
66
1
70
0
0
VERTEX
8
TRACED_LINE
10
92.8788
20
-672.7162
30
0.0
0
VERTEX
8
TRACED_LINE
10
90.4316
20
-673.8251
30
0.0
0
VERTEX
8
TRACED_LINE
10
90.0229
20
-675.8412
30
0.0
0
VERTEX
8
TRACED_LINE
10
94.5535
20
-676.6362
30
0.0
0
VERTEX
8
TRACED_LINE
10
95.1416
20
-678.6074
30
0.0
0
VERTEX
8
TRACED_LINE
10
94.1896
20
-679.6491
30
0.0
0
VERTEX
8
TRACED_LINE
10
90.1799
20
-679.3301
30
0.0
0
SEQEND
0
POLYLINE
8
TRACED_LINE
66
1
70
0
0
VERTEX
8
TRACED_LINE
10
138.6656
20
-669.1579
30
0.0
0
VERTEX
8
TRACED_LINE
10
179.0596
20
-667.8400
30
0.0
0
SEQEND
0
POLYLINE
8
TRACED_LINE
66
1
70
0
0
VERTEX
8
TRACED_LINE
10
93.8084
20
-671.1761
30
0.0
0
VERTEX
8
TRACED_LINE
10
135.6976
20
-669.7909
30
0.0
0
SEQEND
0
POLYLINE
8
TRACED_LINE
66
1
70
0
0
VERTEX
8
TRACED_LINE
10
83.8401
20
-671.6246
30
0.0
0
VERTEX
8
TRACED_LINE
10
89.8211
20
-671.3555
30
0.0
0
SEQEND
0
POLYLINE
8
TRACED_LINE
66
1
70
0
0
VERTEX
8
TRACED_LINE
10
1233.6363
20
-618.8950
30
0.0
0
VERTEX
8
TRACED_LINE
10
1233.8381
20
-623.3807
30
0.0
0
SEQEND
0
POLYLINE
8
TRACED_LINE
66
1
70
0
0
VERTEX
8
TRACED_LINE
10
1225.0960
20
-617.7810
30
0.0
0
VERTEX
8
TRACED_LINE
10
1225.8635
20
-623.7395
30
0.0
0
SEQEND
0
POLYLINE
8
TRACED_LINE
66
1
70
0
0
VERTEX
8
TRACED_LINE
10
417.0324
20
-651.1402
30
0.0
0
VERTEX
8
TRACED_LINE
10
417.6603
20
-665.0958
30
0.0
0
SEQEND
0
POLYLINE
8
TRACED_LINE
66
1
70
0
0
VERTEX
8
TRACED_LINE
10
327.2730
20
-654.1797
30
0.0
0
VERTEX
8
TRACED_LINE
10
331.4397
20
-657.9877
30
0.0
0
VERTEX
8
TRACED_LINE
10
334.9286
20
-657.8307
30
0.0
0
VERTEX
8
TRACED_LINE
10
336.3566
20
-656.2682
30
0.0
0
SEQEND
0
POLYLINE
8
TRACED_LINE
66
1
70
0
0
VERTEX
8
TRACED_LINE
10
1229.8783
20
-613.0710
30
0.0
0
VERTEX
8
TRACED_LINE
10
1230.3492
20
-623.5377
30
0.0
0
SEQEND
0
POLYLINE
8
TRACED_LINE
66
1
70
0
0
VERTEX
8
TRACED_LINE
10
1224.8942
20
-613.2953
30
0.0
0
VERTEX
8
TRACED_LINE
10
1225.0287
20
-616.2858
30
0.0
0
SEQEND
0
POLYLINE
8
TRACED_LINE
66
1
70
0
0
VERTEX
8
TRACED_LINE
10
339.1901
20
-652.6447
30
0.0
0
VERTEX
8
TRACED_LINE
10
415.4699
20
-649.7122
30
0.0
0
SEQEND
0
POLYLINE
8
TRACED_LINE
66
1
70
0
0
VERTEX
8
TRACED_LINE
10
781.1712
20
-630.2624
30
0.0
0
VERTEX
8
TRACED_LINE
10
787.3937
20
-646.4634
30
0.0
0
SEQEND
0
POLYLINE
8
TRACED_LINE
66
1
70
0
0
VERTEX
8
TRACED_LINE
10
333.9817
20
-647.8848
30
0.0
0
VERTEX
8
TRACED_LINE
10
336.5411
20
-649.2680
30
0.0
0
VERTEX
8
TRACED_LINE
10
337.1292
20
-651.2392
30
0.0
0
SEQEND
0
POLYLINE
8
TRACED_LINE
66
1
70
0
0
VERTEX
8
TRACED_LINE
10
330.4928
20
-648.0418
30
0.0
0
VERTEX
8
TRACED_LINE
10
327.1609
20
-651.6877
30
0.0
0
VERTEX
8
TRACED_LINE
10
328.0905
20
-650.1476
30
0.0
0
SEQEND
0
POLYLINE
8
TRACED_LINE
66
1
70
0
0
VERTEX
8
TRACED_LINE
10
1214.2307
20
-598.2929
30
0.0
0
VERTEX
8
TRACED_LINE
10
1214.4101
20
-602.2802
30
0.0
0
VERTEX
8
TRACED_LINE
10
1216.0399
20
-605.2034
30
0.0
0
VERTEX
8
TRACED_LINE
10
1222.7211
20
-609.3977
30
0.0
0
SEQEND
0
POLYLINE
8
TRACED_LINE
66
1
70
0
0
VERTEX
8
TRACED_LINE
10
95.1120
20
-644.6480
30
0.0
0
VERTEX
8
TRACED_LINE
10
90.8056
20
-648.8372
30
0.0
0
VERTEX
8
TRACED_LINE
10
92.0716
20
-654.7733
30
0.0
0
VERTEX
8
TRACED_LINE
10
91.4335
20
-662.7927
30
0.0
0
SEQEND
0
POLYLINE
8
TRACED_LINE
66
1
70
0
0
VERTEX
8
TRACED_LINE
10
1223.7057
20
-586.8793
30
0.0
0
VERTEX
8
TRACED_LINE
10
1224.6475
20
-607.8127
30
0.0
0
SEQEND
0
POLYLINE
8
TRACED_LINE
66
1
70
0
0
VERTEX
8
TRACED_LINE
10
414.2793
20
-578.8478
30
0.0
0
VERTEX
8
TRACED_LINE
10
417.3963
20
-648.1273
30
0.0
0
SEQEND
0
POLYLINE
8
TRACED_LINE
66
1
70
0
0
VERTEX
8
TRACED_LINE
10
926.1056
20
-554.8212
30
0.0
0
VERTEX
8
TRACED_LINE
10
929.7159
20
-635.0659
30
0.0
0
SEQEND
0
POLYLINE
8
TRACED_LINE
66
1
70
0
0
VERTEX
8
TRACED_LINE
10
409.6366
20
-575.5607
30
0.0
0
VERTEX
8
TRACED_LINE
10
412.7168
20
-577.4198
30
0.0
0
SEQEND
0
POLYLINE
8
TRACED_LINE
66
1
70
0
0
VERTEX
8
TRACED_LINE
10
633.2002
20
-560.5080
30
0.0
0
VERTEX
8
TRACED_LINE
10
589.4286
20
-664.3596
30
0.0
0
SEQEND
0
POLYLINE
8
TRACED_LINE
66
1
70
0
0
VERTEX
8
TRACED_LINE
10
1550.7131
20
-517.7298
30
0.0
0
VERTEX
8
TRACED_LINE
10
1552.3348
20
-587.0766
30
0.0
0
VERTEX
8
TRACED_LINE
10
1550.7896
20
-597.1346
30
0.0
0
VERTEX
8
TRACED_LINE
10
1548.5218
20
-602.2308
30
0.0
0
VERTEX
8
TRACED_LINE
10
1544.2603
20
-607.4168
30
0.0
0
VERTEX
8
TRACED_LINE
10
1536.9859
20
-612.2389
30
0.0
0
VERTEX
8
TRACED_LINE
10
1531.5706
20
-613.9808
30
0.0
0
VERTEX
8
TRACED_LINE
10
1460.7286
20
-615.6698
30
0.0
0
SEQEND
0
POLYLINE
8
TRACED_LINE
66
1
70
0
0
VERTEX
8
TRACED_LINE
10
1450.4870
20
-521.2402
30
0.0
0
VERTEX
8
TRACED_LINE
10
1454.4785
20
-609.9579
30
0.0
0
SEQEND
0
POLYLINE
8
TRACED_LINE
66
1
70
0
0
VERTEX
8
TRACED_LINE
10
1376.7217
20
-524.5590
30
0.0
0
VERTEX
8
TRACED_LINE
10
1380.4167
20
-617.7848
30
0.0
0
SEQEND
0
POLYLINE
8
TRACED_LINE
66
1
70
0
0
VERTEX
8
TRACED_LINE
10
176.5409
20
-578.5566
30
0.0
0
VERTEX
8
TRACED_LINE
10
180.9860
20
-666.2550
30
0.0
0
SEQEND
0
POLYLINE
8
TRACED_LINE
66
1
70
0
0
VERTEX
8
TRACED_LINE
10
77.8549
20
-582.9966
30
0.0
0
VERTEX
8
TRACED_LINE
10
82.1206
20
-666.7077
30
0.0
0
SEQEND
0
POLYLINE
8
TRACED_LINE
66
1
70
0
0
VERTEX
8
TRACED_LINE
10
1542.1728
20
-516.6158
30
0.0
0
VERTEX
8
TRACED_LINE
10
1549.1505
20
-516.3018
30
0.0
0
SEQEND
0
POLYLINE
8
TRACED_LINE
66
1
70
0
0
VERTEX
8
TRACED_LINE
10
1301.4388
20
-527.4467
30
0.0
0
VERTEX
8
TRACED_LINE
10
1305.1337
20
-620.6725
30
0.0
0
SEQEND
0
POLYLINE
8
TRACED_LINE
66
1
70
0
0
VERTEX
8
TRACED_LINE
10
1151.4162
20
-534.1964
30
0.0
0
VERTEX
8
TRACED_LINE
10
1155.5647
20
-626.4029
30
0.0
0
SEQEND
0
POLYLINE
8
TRACED_LINE
66
1
70
0
0
VERTEX
8
TRACED_LINE
10
1076.6317
20
-537.0616
30
0.0
0
VERTEX
8
TRACED_LINE
10
1080.7802
20
-629.2682
30
0.0
0
SEQEND
0
POLYLINE
8
TRACED_LINE
66
1
70
0
0
VERTEX
8
TRACED_LINE
10
1001.3712
20
-540.4476
30
0.0
0
VERTEX
8
TRACED_LINE
10
1004.9988
20
-632.1782
30
0.0
0
SEQEND
0
POLYLINE
8
TRACED_LINE
66
1
70
0
0
VERTEX
8
TRACED_LINE
10
1452.4134
20
-519.6553
30
0.0
0
VERTEX
8
TRACED_LINE
10
1464.8737
20
-519.0947
30
0.0
0
SEQEND
0
POLYLINE
8
TRACED_LINE
66
1
70
0
0
VERTEX
8
TRACED_LINE
10
1378.1497
20
-522.9965
30
0.0
0
VERTEX
8
TRACED_LINE
10
1384.1531
20
-523.2258
30
0.0
0
SEQEND
0
POLYLINE
8
TRACED_LINE
66
1
70
0
0
VERTEX
8
TRACED_LINE
10
1369.1783
20
-523.4001
30
0.0
0
VERTEX
8
TRACED_LINE
10
1375.1592
20
-523.1310
30
0.0
0
SEQEND
0
POLYLINE
8
TRACED_LINE
66
1
70
0
0
VERTEX
8
TRACED_LINE
10
1302.8668
20
-525.8841
30
0.0
0
VERTEX
8
TRACED_LINE
10
1311.8606
20
-525.9789
30
0.0
0
SEQEND
0
POLYLINE
8
TRACED_LINE
66
1
70
0
0
VERTEX
8
TRACED_LINE
10
1294.8921
20
-526.2429
30
0.0
0
VERTEX
8
TRACED_LINE
10
1293.9177
20
-526.7862
30
0.0
0
VERTEX
8
TRACED_LINE
10
1298.8795
20
-526.0635
30
0.0
0
SEQEND
0
POLYLINE
8
TRACED_LINE
66
1
70
0
0
VERTEX
8
TRACED_LINE
10
1152.8442
20
-532.6338
30
0.0
0
VERTEX
8
TRACED_LINE
10
1160.8412
20
-532.7735
30
0.0
0
SEQEND
0
POLYLINE
8
TRACED_LINE
66
1
70
0
0
VERTEX
8
TRACED_LINE
10
1145.8664
20
-532.9478
30
0.0
0
VERTEX
8
TRACED_LINE
10
1149.8537
20
-532.7684
30
0.0
0
SEQEND
0
POLYLINE
8
TRACED_LINE
66
1
70
0
0
VERTEX
8
TRACED_LINE
10
852.3005
20
-546.1557
30
0.0
0
VERTEX
8
TRACED_LINE
10
855.9058
20
-637.3878
30
0.0
0
SEQEND
0
POLYLINE
8
TRACED_LINE
66
1
70
0
0
VERTEX
8
TRACED_LINE
10
93.2161
20
-580.3078
30
0.0
0
VERTEX
8
TRACED_LINE
10
79.7813
20
-581.4116
30
0.0
0
VERTEX
8
TRACED_LINE
10
161.5436
20
-578.2325
30
0.0
0
SEQEND
0
POLYLINE
8
TRACED_LINE
66
1
70
0
0
VERTEX
8
TRACED_LINE
10
1078.0596
20
-535.4991
30
0.0
0
VERTEX
8
TRACED_LINE
10
1087.0535
20
-535.5938
30
0.0
0
SEQEND
0
POLYLINE
8
TRACED_LINE
66
1
70
0
0
VERTEX
8
TRACED_LINE
10
1072.0787
20
-535.7682
30
0.0
0
VERTEX
8
TRACED_LINE
10
1075.0692
20
-535.6336
30
0.0
0
SEQEND
0
POLYLINE
8
TRACED_LINE
66
1
70
0
0
VERTEX
8
TRACED_LINE
10
1002.7991
20
-538.8851
30
0.0
0
VERTEX
8
TRACED_LINE
10
1011.2722
20
-538.5039
30
0.0
0
SEQEND
0
POLYLINE
8
TRACED_LINE
66
1
70
0
0
VERTEX
8
TRACED_LINE
10
995.8213
20
-539.1991
30
0.0
0
VERTEX
8
TRACED_LINE
10
999.8087
20
-539.0197
30
0.0
0
SEQEND
0
POLYLINE
8
TRACED_LINE
66
1
70
0
0
VERTEX
8
TRACED_LINE
10
748.6080
20
-550.3215
30
0.0
0
VERTEX
8
TRACED_LINE
10
780.0847
20
-628.3135
30
0.0
0
SEQEND
0
POLYLINE
8
TRACED_LINE
66
1
70
0
0
VERTEX
8
TRACED_LINE
10
403.7055
20
-565.8391
30
0.0
0
VERTEX
8
TRACED_LINE
10
408.8467
20
-569.1037
30
0.0
0
SEQEND
0
POLYLINE
8
TRACED_LINE
66
1
70
0
0
VERTEX
8
TRACED_LINE
10
1440.3842
20
-518.6982
30
0.0
0
VERTEX
8
TRACED_LINE
10
1440.4963
20
-521.1903
30
0.0
0
VERTEX
8
TRACED_LINE
10
1442.5572
20
-522.5958
30
0.0
0
SEQEND
0
POLYLINE
8
TRACED_LINE
66
1
70
0
0
VERTEX
8
TRACED_LINE
10
943.9639
20
-541.0328
30
0.0
0
VERTEX
8
TRACED_LINE
10
955.9258
20
-540.4946
30
0.0
0
SEQEND
0
POLYLINE
8
TRACED_LINE
66
1
70
0
0
VERTEX
8
TRACED_LINE
10
641.9250
20
-554.6219
30
0.0
0
VERTEX
8
TRACED_LINE
10
725.3733
20
-677.7208
30
0.0
0
SEQEND
0
POLYLINE
8
TRACED_LINE
66
1
70
0
0
VERTEX
8
TRACED_LINE
10
635.4456
20
-554.9134
30
0.0
0
VERTEX
8
TRACED_LINE
10
634.0849
20
-557.9711
30
0.0
0
SEQEND
0
POLYLINE
8
TRACED_LINE
66
1
70
0
0
VERTEX
8
TRACED_LINE
10
524.7977
20
-559.8916
30
0.0
0
VERTEX
8
TRACED_LINE
10
506.5848
20
-654.6025
30
0.0
0
SEQEND
0
POLYLINE
8
TRACED_LINE
66
1
70
0
0
VERTEX
8
TRACED_LINE
10
1442.3554
20
-518.1101
30
0.0
0
VERTEX
8
TRACED_LINE
10
1445.5477
20
-522.4613
30
0.0
0
SEQEND
0
POLYLINE
8
TRACED_LINE
66
1
70
0
0
VERTEX
8
TRACED_LINE
10
899.5826
20
-542.5301
30
0.0
0
VERTEX
8
TRACED_LINE
10
906.0620
20
-542.2386
30
0.0
0
SEQEND
0
POLYLINE
8
TRACED_LINE
66
1
70
0
0
VERTEX
8
TRACED_LINE
10
853.7285
20
-544.5931
30
0.0
0
VERTEX
8
TRACED_LINE
10
860.2079
20
-544.3016
30
0.0
0
SEQEND
0
POLYLINE
8
TRACED_LINE
66
1
70
0
0
VERTEX
8
TRACED_LINE
10
845.7539
20
-544.9519
30
0.0
0
VERTEX
8
TRACED_LINE
10
850.7380
20
-544.7277
30
0.0
0
SEQEND
0
POLYLINE
8
TRACED_LINE
66
1
70
0
0
VERTEX
8
TRACED_LINE
10
1446.3203
20
-517.4323
30
0.0
0
VERTEX
8
TRACED_LINE
10
1446.9757
20
-520.8988
30
0.0
0
SEQEND
0
POLYLINE
8
TRACED_LINE
66
1
70
0
0
VERTEX
8
TRACED_LINE
10
749.5376
20
-548.7814
30
0.0
0
VERTEX
8
TRACED_LINE
10
756.5154
20
-548.4675
30
0.0
0
SEQEND
0
POLYLINE
8
TRACED_LINE
66
1
70
0
0
VERTEX
8
TRACED_LINE
10
740.0677
20
-549.2075
30
0.0
0
VERTEX
8
TRACED_LINE
10
746.0487
20
-548.9384
30
0.0
0
SEQEND
0
POLYLINE
8
TRACED_LINE
66
1
70
0
0
VERTEX
8
TRACED_LINE
10
413.6066
20
-563.8953
30
0.0
0
VERTEX
8
TRACED_LINE
10
414.1447
20
-575.8573
30
0.0
0
SEQEND
0
POLYLINE
8
TRACED_LINE
66
1
70
0
0
VERTEX
8
TRACED_LINE
10
329.8730
20
-567.6626
30
0.0
0
VERTEX
8
TRACED_LINE
10
332.9176
20
-646.4344
30
0.0
0
SEQEND
0
POLYLINE
8
TRACED_LINE
66
1
70
0
0
VERTEX
8
TRACED_LINE
10
626.4069
20
-553.8218
30
0.0
0
VERTEX
8
TRACED_LINE
10
633.8831
20
-553.4854
30
0.0
0
SEQEND
0
POLYLINE
8
TRACED_LINE
66
1
70
0
0
VERTEX
8
TRACED_LINE
10
235.1519
20
-571.4248
30
0.0
0
VERTEX
8
TRACED_LINE
10
238.4534
20
-633.7041
30
0.0
0
VERTEX
8
TRACED_LINE
10
242.9340
20
-644.4898
30
0.0
0
VERTEX
8
TRACED_LINE
10
249.2065
20
-650.7001
30
0.0
0
VERTEX
8
TRACED_LINE
10
256.8621
20
-654.3511
30
0.0
0
VERTEX
8
TRACED_LINE
10
261.3927
20
-655.1461
30
0.0
0
VERTEX
8
TRACED_LINE
10
325.2345
20
-653.2726
30
0.0
0
SEQEND
0
POLYLINE
8
TRACED_LINE
66
1
70
0
0
VERTEX
8
TRACED_LINE
10
527.2001
20
-557.7858
30
0.0
0
VERTEX
8
TRACED_LINE
10
537.6892
20
-557.8133
30
0.0
0
SEQEND
0
POLYLINE
8
TRACED_LINE
66
1
70
0
0
VERTEX
8
TRACED_LINE
10
1225.9541
20
-525.8486
30
0.0
0
VERTEX
8
TRACED_LINE
10
1229.7662
20
-610.5790
30
0.0
0
SEQEND
0
POLYLINE
8
TRACED_LINE
66
1
70
0
0
VERTEX
8
TRACED_LINE
10
399.5837
20
-563.0280
30
0.0
0
VERTEX
8
TRACED_LINE
10
408.5551
20
-562.6243
30
0.0
0
SEQEND
0
POLYLINE
8
TRACED_LINE
66
1
70
0
0
VERTEX
8
TRACED_LINE
10
331.3010
20
-566.1001
30
0.0
0
VERTEX
8
TRACED_LINE
10
334.2915
20
-565.9655
30
0.0
0
SEQEND
0
POLYLINE
8
TRACED_LINE
66
1
70
0
0
VERTEX
8
TRACED_LINE
10
316.8470
20
-566.7504
30
0.0
0
VERTEX
8
TRACED_LINE
10
328.3105
20
-566.2346
30
0.0
0
SEQEND
0
POLYLINE
8
TRACED_LINE
66
1
70
0
0
VERTEX
8
TRACED_LINE
10
1445.7322
20
-515.4611
30
0.0
0
VERTEX
8
TRACED_LINE
10
1448.7227
20
-515.3265
30
0.0
0
SEQEND
0
POLYLINE
8
TRACED_LINE
66
1
70
0
0
VERTEX
8
TRACED_LINE
10
236.5799
20
-569.8623
30
0.0
0
VERTEX
8
TRACED_LINE
10
250.5355
20
-569.2344
30
0.0
0
SEQEND
0
POLYLINE
8
TRACED_LINE
66
1
70
0
0
VERTEX
8
TRACED_LINE
10
1454.1828
20
-514.5815
30
0.0
0
VERTEX
8
TRACED_LINE
10
1451.7132
20
-515.1920
30
0.0
0
VERTEX
8
TRACED_LINE
10
1546.4342
20
-511.4298
30
0.0
0
SEQEND
0
POLYLINE
8
TRACED_LINE
66
1
70
0
0
VERTEX
8
TRACED_LINE
10
1377.9255
20
-518.0124
30
0.0
0
VERTEX
8
TRACED_LINE
10
1440.2496
20
-515.7077
30
0.0
0
SEQEND
0
POLYLINE
8
TRACED_LINE
66
1
70
0
0
VERTEX
8
TRACED_LINE
10
1302.6650
20
-521.3984
30
0.0
0
VERTEX
8
TRACED_LINE
10
1374.9350
20
-518.1469
30
0.0
0
SEQEND
0
POLYLINE
8
TRACED_LINE
66
1
70
0
0
VERTEX
8
TRACED_LINE
10
1227.3820
20
-524.2861
30
0.0
0
VERTEX
8
TRACED_LINE
10
1299.6745
20
-521.5330
30
0.0
0
SEQEND
0
POLYLINE
8
TRACED_LINE
66
1
70
0
0
VERTEX
8
TRACED_LINE
10
1152.6199
20
-527.6497
30
0.0
0
VERTEX
8
TRACED_LINE
10
1224.3915
20
-524.4206
30
0.0
0
SEQEND
0
POLYLINE
8
TRACED_LINE
66
1
70
0
0
VERTEX
8
TRACED_LINE
10
1124.2103
20
-528.9279
30
0.0
0
VERTEX
8
TRACED_LINE
10
1149.6294
20
-527.7842
30
0.0
0
SEQEND
0
POLYLINE
8
TRACED_LINE
66
1
70
0
0
VERTEX
8
TRACED_LINE
10
1077.8578
20
-531.0133
30
0.0
0
VERTEX
8
TRACED_LINE
10
1122.2167
20
-529.0176
30
0.0
0
SEQEND
0
POLYLINE
8
TRACED_LINE
66
1
70
0
0
VERTEX
8
TRACED_LINE
10
1002.5749
20
-533.9010
30
0.0
0
VERTEX
8
TRACED_LINE
10
1074.3689
20
-531.1703
30
0.0
0
SEQEND
0
POLYLINE
8
TRACED_LINE
66
1
70
0
0
VERTEX
8
TRACED_LINE
10
944.7589
20
-536.5022
30
0.0
0
VERTEX
8
TRACED_LINE
10
999.5844
20
-534.0355
30
0.0
0
SEQEND
0
POLYLINE
8
TRACED_LINE
66
1
70
0
0
VERTEX
8
TRACED_LINE
10
906.8794
20
-538.2064
30
0.0
0
VERTEX
8
TRACED_LINE
10
907.4899
20
-540.6761
30
0.0
0
SEQEND
0
POLYLINE
8
TRACED_LINE
66
1
70
0
0
VERTEX
8
TRACED_LINE
10
853.5043
20
-539.6090
30
0.0
0
VERTEX
8
TRACED_LINE
10
904.8409
20
-537.2993
30
0.0
0
SEQEND
0
POLYLINE
8
TRACED_LINE
66
1
70
0
0
VERTEX
8
TRACED_LINE
10
779.2406
20
-542.9502
30
0.0
0
VERTEX
8
TRACED_LINE
10
850.5138
20
-539.7435
30
0.0
0
SEQEND
0
POLYLINE
8
TRACED_LINE
66
1
70
0
0
VERTEX
8
TRACED_LINE
10
1550.7630
20
-507.7391
30
0.0
0
VERTEX
8
TRACED_LINE
10
1550.8751
20
-510.2311
30
0.0
0
SEQEND
0
POLYLINE
8
TRACED_LINE
66
1
70
0
0
VERTEX
8
TRACED_LINE
10
747.8181
20
-543.8645
30
0.0
0
VERTEX
8
TRACED_LINE
10
777.2469
20
-543.0399
30
0.0
0
SEQEND
0
POLYLINE
8
TRACED_LINE
66
1
70
0
0
VERTEX
8
TRACED_LINE
10
703.4592
20
-545.8603
30
0.0
0
VERTEX
8
TRACED_LINE
10
744.8276
20
-543.9991
30
0.0
0
SEQEND
0
POLYLINE
8
TRACED_LINE
66
1
70
0
0
VERTEX
8
TRACED_LINE
10
639.1638
20
-548.7530
30
0.0
0
VERTEX
8
TRACED_LINE
10
701.4656
20
-545.9500
30
0.0
0
SEQEND
0
POLYLINE
8
TRACED_LINE
66
1
70
0
0
VERTEX
8
TRACED_LINE
10
630.1924
20
-549.1566
30
0.0
0
VERTEX
8
TRACED_LINE
10
636.6718
20
-548.8651
30
0.0
0
SEQEND
0
POLYLINE
8
TRACED_LINE
66
1
70
0
0
VERTEX
8
TRACED_LINE
10
554.4110
20
-552.0667
30
0.0
0
VERTEX
8
TRACED_LINE
10
627.2019
20
-549.2912
30
0.0
0
SEQEND
0
POLYLINE
8
TRACED_LINE
66
1
70
0
0
VERTEX
8
TRACED_LINE
10
527.4967
20
-553.2776
30
0.0
0
VERTEX
8
TRACED_LINE
10
551.9190
20
-552.1788
30
0.0
0
SEQEND
0
POLYLINE
8
TRACED_LINE
66
1
70
0
0
VERTEX
8
TRACED_LINE
10
479.6265
20
-554.9319
30
0.0
0
VERTEX
8
TRACED_LINE
10
524.5062
20
-553.4122
30
0.0
0
SEQEND
0
POLYLINE
8
TRACED_LINE
66
1
70
0
0
VERTEX
8
TRACED_LINE
10
1541.7243
20
-506.6475
30
0.0
0
VERTEX
8
TRACED_LINE
10
1549.2005
20
-506.3111
30
0.0
0
SEQEND
0
POLYLINE
8
TRACED_LINE
66
1
70
0
0
VERTEX
8
TRACED_LINE
10
420.2928
20
-557.1020
30
0.0
0
VERTEX
8
TRACED_LINE
10
414.3343
20
-557.8695
30
0.0
0
VERTEX
8
TRACED_LINE
10
470.6551
20
-555.3356
30
0.0
0
SEQEND
0
POLYLINE
8
TRACED_LINE
66
1
70
0
0
VERTEX
8
TRACED_LINE
10
408.8293
20
-557.6178
30
0.0
0
VERTEX
8
TRACED_LINE
10
403.8676
20
-558.3404
30
0.0
0
VERTEX
8
TRACED_LINE
10
406.3597
20
-558.2283
30
0.0
0
SEQEND
0
POLYLINE
8
TRACED_LINE
66
1
70
0
0
VERTEX
8
TRACED_LINE
10
331.0767
20
-561.1160
30
0.0
0
VERTEX
8
TRACED_LINE
10
401.3755
20
-558.4525
30
0.0
0
SEQEND
0
POLYLINE
8
TRACED_LINE
66
1
70
0
0
VERTEX
8
TRACED_LINE
10
1451.4889
20
-510.2078
30
0.0
0
VERTEX
8
TRACED_LINE
10
1462.9749
20
-510.1905
30
0.0
0
SEQEND
0
POLYLINE
8
TRACED_LINE
66
1
70
0
0
VERTEX
8
TRACED_LINE
10
1377.7236
20
-513.5266
30
0.0
0
VERTEX
8
TRACED_LINE
10
1386.2191
20
-513.6438
30
0.0
0
SEQEND
0
POLYLINE
8
TRACED_LINE
66
1
70
0
0
VERTEX
8
TRACED_LINE
10
1366.2601
20
-514.0424
30
0.0
0
VERTEX
8
TRACED_LINE
10
1374.7332
20
-513.6612
30
0.0
0
SEQEND
0
POLYLINE
8
TRACED_LINE
66
1
70
0
0
VERTEX
8
TRACED_LINE
10
1124.0309
20
-524.9406
30
0.0
0
VERTEX
8
TRACED_LINE
10
1123.6446
20
-527.4551
30
0.0
0
SEQEND
0
POLYLINE
8
TRACED_LINE
66
1
70
0
0
VERTEX
8
TRACED_LINE
10
236.3557
20
-564.8781
30
0.0
0
VERTEX
8
TRACED_LINE
10
328.0863
20
-561.2505
30
0.0
0
SEQEND
0
POLYLINE
8
TRACED_LINE
66
1
70
0
0
VERTEX
8
TRACED_LINE
10
1302.4407
20
-516.4143
30
0.0
0
VERTEX
8
TRACED_LINE
10
1306.9489
20
-516.7109
30
0.0
0
SEQEND
0
POLYLINE
8
TRACED_LINE
66
1
70
0
0
VERTEX
8
TRACED_LINE
10
1290.9772
20
-516.9300
30
0.0
0
VERTEX
8
TRACED_LINE
10
1299.4502
20
-516.5488
30
0.0
0
SEQEND
0
POLYLINE
8
TRACED_LINE
66
1
70
0
0
VERTEX
8
TRACED_LINE
10
1152.4181
20
-523.1640
30
0.0
0
VERTEX
8
TRACED_LINE
10
1156.9038
20
-522.9622
30
0.0
0
SEQEND
0
POLYLINE
8
TRACED_LINE
66
1
70
0
0
VERTEX
8
TRACED_LINE
10
1142.9482
20
-523.5900
30
0.0
0
VERTEX
8
TRACED_LINE
10
1149.4276
20
-523.2985
30
0.0
0
SEQEND
0
POLYLINE
8
TRACED_LINE
66
1
70
0
0
VERTEX
8
TRACED_LINE
10
1126.9990
20
-524.3076
30
0.0
0
VERTEX
8
TRACED_LINE
10
1136.4689
20
-523.8816
30
0.0
0
SEQEND
0
POLYLINE
8
TRACED_LINE
66
1
70
0
0
VERTEX
8
TRACED_LINE
10
1077.6336
20
-526.0292
30
0.0
0
VERTEX
8
TRACED_LINE
10
1084.6338
20
-526.2137
30
0.0
0
SEQEND
0
POLYLINE
8
TRACED_LINE
66
1
70
0
0
VERTEX
8
TRACED_LINE
10
1071.1542
20
-526.3207
30
0.0
0
VERTEX
8
TRACED_LINE
10
1074.6431
20
-526.1637
30
0.0
0
SEQEND
0
POLYLINE
8
TRACED_LINE
66
1
70
0
0
VERTEX
8
TRACED_LINE
10
1002.3731
20
-529.4153
30
0.0
0
VERTEX
8
TRACED_LINE
10
1007.3796
20
-529.6894
30
0.0
0
SEQEND
0
POLYLINE
8
TRACED_LINE
66
1
70
0
0
VERTEX
8
TRACED_LINE
10
994.3985
20
-529.7740
30
0.0
0
VERTEX
8
TRACED_LINE
10
993.4241
20
-530.3173
30
0.0
0
VERTEX
8
TRACED_LINE
10
998.3858
20
-529.5947
30
0.0
0
SEQEND
0
POLYLINE
8
TRACED_LINE
66
1
70
0
0
VERTEX
8
TRACED_LINE
10
944.5571
20
-532.0165
30
0.0
0
VERTEX
8
TRACED_LINE
10
953.0301
20
-531.6353
30
0.0
0
SEQEND
0
POLYLINE
8
TRACED_LINE
66
1
70
0
0
VERTEX
8
TRACED_LINE
10
897.2077
20
-534.1468
30
0.0
0
VERTEX
8
TRACED_LINE
10
905.1824
20
-533.7880
30
0.0
0
SEQEND
0
POLYLINE
8
TRACED_LINE
66
1
70
0
0
VERTEX
8
TRACED_LINE
10
836.3788
20
-536.3841
30
0.0
0
VERTEX
8
TRACED_LINE
10
850.3344
20
-535.7562
30
0.0
0
SEQEND
0
POLYLINE
8
TRACED_LINE
66
1
70
0
0
VERTEX
8
TRACED_LINE
10
780.0356
20
-538.4196
30
0.0
0
VERTEX
8
TRACED_LINE
10
788.5311
20
-538.5368
30
0.0
0
SEQEND
0
POLYLINE
8
TRACED_LINE
66
1
70
0
0
VERTEX
8
TRACED_LINE
10
703.7783
20
-541.8505
30
0.0
0
VERTEX
8
TRACED_LINE
10
708.7848
20
-542.1247
30
0.0
0
SEQEND
0
POLYLINE
8
TRACED_LINE
66
1
70
0
0
VERTEX
8
TRACED_LINE
10
688.8258
20
-542.5233
30
0.0
0
VERTEX
8
TRACED_LINE
10
700.7878
20
-541.9851
30
0.0
0
SEQEND
0
POLYLINE
8
TRACED_LINE
66
1
70
0
0
VERTEX
8
TRACED_LINE
10
613.5429
20
-545.4109
30
0.0
0
VERTEX
8
TRACED_LINE
10
627.0001
20
-544.8055
30
0.0
0
SEQEND
0
POLYLINE
8
TRACED_LINE
66
1
70
0
0
VERTEX
8
TRACED_LINE
10
554.7301
20
-548.0570
30
0.0
0
VERTEX
8
TRACED_LINE
10
562.7047
20
-547.6982
30
0.0
0
SEQEND
0
POLYLINE
8
TRACED_LINE
66
1
70
0
0
VERTEX
8
TRACED_LINE
10
479.4471
20
-550.9446
30
0.0
0
VERTEX
8
TRACED_LINE
10
489.4378
20
-550.9946
30
0.0
0
SEQEND
0
POLYLINE
8
TRACED_LINE
66
1
70
0
0
VERTEX
8
TRACED_LINE
10
404.1642
20
-553.8323
30
0.0
0
VERTEX
8
TRACED_LINE
10
407.6755
20
-554.1737
30
0.0
0
SEQEND
0
POLYLINE
8
TRACED_LINE
66
1
70
0
0
VERTEX
8
TRACED_LINE
10
391.7038
20
-554.3929
30
0.0
0
VERTEX
8
TRACED_LINE
10
390.7294
20
-554.9361
30
0.0
0
VERTEX
8
TRACED_LINE
10
400.1769
20
-554.0117
30
0.0
0
SEQEND
0
POLYLINE
8
TRACED_LINE
66
1
70
0
0
VERTEX
8
TRACED_LINE
10
322.4243
20
-557.5099
30
0.0
0
VERTEX
8
TRACED_LINE
10
327.9069
20
-557.2632
30
0.0
0
SEQEND
0
POLYLINE
8
TRACED_LINE
66
1
70
0
0
VERTEX
8
TRACED_LINE
10
336.3575
20
-556.3836
30
0.0
0
VERTEX
8
TRACED_LINE
10
330.8973
20
-557.1286
30
0.0
0
SEQEND
0
POLYLINE
8
TRACED_LINE
66
1
70
0
0
VERTEX
8
TRACED_LINE
10
236.1538
20
-560.3924
30
0.0
0
VERTEX
8
TRACED_LINE
10
245.6237
20
-559.9664
30
0.0
0
SEQEND
0
POLYLINE
8
TRACED_LINE
66
1
70
0
0
VERTEX
8
TRACED_LINE
10
758.8780
20
-534.3773
30
0.0
0
VERTEX
8
TRACED_LINE
10
757.1310
20
-539.9496
30
0.0
0
VERTEX
8
TRACED_LINE
10
746.6419
20
-539.9221
30
0.0
0
SEQEND
0
POLYLINE
8
TRACED_LINE
66
1
70
0
0
VERTEX
8
TRACED_LINE
10
1075.6002
20
-514.1345
30
0.0
0
VERTEX
8
TRACED_LINE
10
1076.0711
20
-524.6012
30
0.0
0
SEQEND
0
POLYLINE
8
TRACED_LINE
66
1
70
0
0
VERTEX
8
TRACED_LINE
10
1079.4529
20
-510.9647
30
0.0
0
VERTEX
8
TRACED_LINE
10
1077.0281
20
-512.5720
30
0.0
0
VERTEX
8
TRACED_LINE
10
1081.9450
20
-510.8525
30
0.0
0
VERTEX
8
TRACED_LINE
10
1082.5331
20
-512.8238
30
0.0
0
VERTEX
8
TRACED_LINE
10
1081.1051
20
-514.3863
30
0.0
0
SEQEND
0
POLYLINE
8
TRACED_LINE
66
1
70
0
0
VERTEX
8
TRACED_LINE
10
777.7779
20
-521.5408
30
0.0
0
VERTEX
8
TRACED_LINE
10
778.4731
20
-536.9917
30
0.0
0
SEQEND
0
POLYLINE
8
TRACED_LINE
66
1
70
0
0
VERTEX
8
TRACED_LINE
10
793.6599
20
-519.3280
30
0.0
0
VERTEX
8
TRACED_LINE
10
791.2127
20
-520.4370
30
0.0
0
VERTEX
8
TRACED_LINE
10
779.2283
20
-520.4767
30
0.0
0
SEQEND
0
POLYLINE
8
TRACED_LINE
66
1
70
0
0
VERTEX
8
TRACED_LINE
10
174.9264
20
-542.6708
30
0.0
0
VERTEX
8
TRACED_LINE
10
176.4064
20
-575.5661
30
0.0
0
SEQEND
0
POLYLINE
8
TRACED_LINE
66
1
70
0
0
VERTEX
8
TRACED_LINE
10
166.3412
20
-540.5599
30
0.0
0
VERTEX
8
TRACED_LINE
10
164.9581
20
-543.1193
30
0.0
0
VERTEX
8
TRACED_LINE
10
165.5910
20
-546.0873
30
0.0
0
VERTEX
8
TRACED_LINE
10
167.6071
20
-546.4960
30
0.0
0
VERTEX
8
TRACED_LINE
10
169.0127
20
-544.4351
30
0.0
0
VERTEX
8
TRACED_LINE
10
168.8781
20
-541.4446
30
0.0
0
VERTEX
8
TRACED_LINE
10
168.9230
20
-542.4415
30
0.0
0
SEQEND
0
POLYLINE
8
TRACED_LINE
66
1
70
0
0
VERTEX
8
TRACED_LINE
10
169.7852
20
-539.4061
30
0.0
0
VERTEX
8
TRACED_LINE
10
172.8206
20
-540.2684
30
0.0
0
SEQEND
0
POLYLINE
8
TRACED_LINE
66
1
70
0
0
VERTEX
8
TRACED_LINE
10
175.0211
20
-533.6769
30
0.0
0
VERTEX
8
TRACED_LINE
10
174.7918
20
-539.6803
30
0.0
0
SEQEND
0
POLYLINE
8
TRACED_LINE
66
1
70
0
0
VERTEX
8
TRACED_LINE
10
168.3175
20
-528.9843
30
0.0
0
VERTEX
8
TRACED_LINE
10
166.8895
20
-530.5468
30
0.0
0
VERTEX
8
TRACED_LINE
10
166.9792
20
-532.5404
30
0.0
0
VERTEX
8
TRACED_LINE
10
169.5610
20
-534.4220
30
0.0
0
VERTEX
8
TRACED_LINE
10
172.5291
20
-533.7890
30
0.0
0
VERTEX
8
TRACED_LINE
10
169.5610
20
-534.4220
30
0.0
0
VERTEX
8
TRACED_LINE
10
168.5193
20
-533.4700
30
0.0
0
SEQEND
0
POLYLINE
8
TRACED_LINE
66
1
70
0
0
VERTEX
8
TRACED_LINE
10
101.7919
20
-504.5091
30
0.0
0
VERTEX
8
TRACED_LINE
10
100.9072
20
-507.0460
30
0.0
0
VERTEX
8
TRACED_LINE
10
98.8463
20
-505.6405
30
0.0
0
SEQEND
0
POLYLINE
8
TRACED_LINE
66
1
70
0
0
VERTEX
8
TRACED_LINE
10
96.9250
20
-496.2379
30
0.0
0
VERTEX
8
TRACED_LINE
10
101.1141
20
-500.5442
30
0.0
0
VERTEX
8
TRACED_LINE
10
101.1814
20
-502.0394
30
0.0
0
SEQEND
0
POLYLINE
8
TRACED_LINE
66
1
70
0
0
VERTEX
8
TRACED_LINE
10
98.8738
20
-495.1513
30
0.0
0
VERTEX
8
TRACED_LINE
10
100.9572
20
-497.0553
30
0.0
0
SEQEND
0
POLYLINE
8
TRACED_LINE
66
1
70
0
0
VERTEX
8
TRACED_LINE
10
172.5718
20
-490.3373
30
0.0
0
VERTEX
8
TRACED_LINE
10
174.3657
20
-530.2104
30
0.0
0
SEQEND
0
POLYLINE
8
TRACED_LINE
66
1
70
0
0
VERTEX
8
TRACED_LINE
10
73.8858
20
-494.7773
30
0.0
0
VERTEX
8
TRACED_LINE
10
77.7428
20
-580.5045
30
0.0
0
SEQEND
0
POLYLINE
8
TRACED_LINE
66
1
70
0
0
VERTEX
8
TRACED_LINE
10
103.7010
20
-491.4382
30
0.0
0
VERTEX
8
TRACED_LINE
10
171.0093
20
-488.9093
30
0.0
0
SEQEND
0
POLYLINE
8
TRACED_LINE
66
1
70
0
0
VERTEX
8
TRACED_LINE
10
77.2850
20
-492.6267
30
0.0
0
VERTEX
8
TRACED_LINE
10
74.8154
20
-493.2372
30
0.0
0
VERTEX
8
TRACED_LINE
10
93.2343
20
-491.9091
30
0.0
0
SEQEND
0
POLYLINE
8
TRACED_LINE
66
1
70
0
0
VERTEX
8
TRACED_LINE
10
774.9301
20
-458.2423
30
0.0
0
VERTEX
8
TRACED_LINE
10
777.5761
20
-517.0551
30
0.0
0
SEQEND
0
POLYLINE
8
TRACED_LINE
66
1
70
0
0
VERTEX
8
TRACED_LINE
10
91.9235
20
-484.9762
30
0.0
0
VERTEX
8
TRACED_LINE
10
95.9781
20
-486.2920
30
0.0
0
SEQEND
0
POLYLINE
8
TRACED_LINE
66
1
70
0
0
VERTEX
8
TRACED_LINE
10
1208.3260
20
-433.7490
30
0.0
0
VERTEX
8
TRACED_LINE
10
1212.6721
20
-441.5443
30
0.0
0
SEQEND
0
POLYLINE
8
TRACED_LINE
66
1
70
0
0
VERTEX
8
TRACED_LINE
10
1209.7764
20
-432.6849
30
0.0
0
VERTEX
8
TRACED_LINE
10
1212.8117
20
-433.5472
30
0.0
0
VERTEX
8
TRACED_LINE
10
1216.4576
20
-436.8791
30
0.0
0
SEQEND
0
POLYLINE
8
TRACED_LINE
66
1
70
0
0
VERTEX
8
TRACED_LINE
10
1446.2091
20
-415.0556
30
0.0
0
VERTEX
8
TRACED_LINE
10
1449.9264
20
-508.7799
30
0.0
0
SEQEND
0
POLYLINE
8
TRACED_LINE
66
1
70
0
0
VERTEX
8
TRACED_LINE
10
1371.9229
20
-417.8984
30
0.0
0
VERTEX
8
TRACED_LINE
10
1376.1611
20
-512.0987
30
0.0
0
SEQEND
0
POLYLINE
8
TRACED_LINE
66
1
70
0
0
VERTEX
8
TRACED_LINE
10
1296.6400
20
-420.7861
30
0.0
0
VERTEX
8
TRACED_LINE
10
1300.8782
20
-514.9863
30
0.0
0
SEQEND
0
POLYLINE
8
TRACED_LINE
66
1
70
0
0
VERTEX
8
TRACED_LINE
10
1447.6370
20
-413.4931
30
0.0
0
VERTEX
8
TRACED_LINE
10
1529.4442
20
-411.3108
30
0.0
0
VERTEX
8
TRACED_LINE
10
1539.1159
20
-415.3704
30
0.0
0
VERTEX
8
TRACED_LINE
10
1547.5166
20
-424.4815
30
0.0
0
VERTEX
8
TRACED_LINE
10
1550.4795
20
-434.8361
30
0.0
0
VERTEX
8
TRACED_LINE
10
1550.6284
20
-504.7486
30
0.0
0
SEQEND
0
POLYLINE
8
TRACED_LINE
66
1
70
0
0
VERTEX
8
TRACED_LINE
10
1225.8428
20
-423.4719
30
0.0
0
VERTEX
8
TRACED_LINE
10
1226.3810
20
-435.4338
30
0.0
0
SEQEND
0
POLYLINE
8
TRACED_LINE
66
1
70
0
0
VERTEX
8
TRACED_LINE
10
1221.8555
20
-423.6513
30
0.0
0
VERTEX
8
TRACED_LINE
10
1225.8195
20
-522.8581
30
0.0
0
SEQEND
0
POLYLINE
8
TRACED_LINE
66
1
70
0
0
VERTEX
8
TRACED_LINE
10
1217.8682
20
-423.8307
30
0.0
0
VERTEX
8
TRACED_LINE
10
1218.4064
20
-435.7926
30
0.0
0
SEQEND
0
POLYLINE
8
TRACED_LINE
66
1
70
0
0
VERTEX
8
TRACED_LINE
10
1146.5950
20
-427.0374
30
0.0
0
VERTEX
8
TRACED_LINE
10
1150.8556
20
-521.7360
30
0.0
0
SEQEND
0
POLYLINE
8
TRACED_LINE
66
1
70
0
0
VERTEX
8
TRACED_LINE
10
1372.8525
20
-416.3583
30
0.0
0
VERTEX
8
TRACED_LINE
10
1444.6465
20
-413.6277
30
0.0
0
SEQEND
0
POLYLINE
8
TRACED_LINE
66
1
70
0
0
VERTEX
8
TRACED_LINE
10
1071.8105
20
-429.9026
30
0.0
0
VERTEX
8
TRACED_LINE
10
1075.4656
20
-511.1441
30
0.0
0
SEQEND
0
POLYLINE
8
TRACED_LINE
66
1
70
0
0
VERTEX
8
TRACED_LINE
10
1298.0680
20
-419.2236
30
0.0
0
VERTEX
8
TRACED_LINE
10
1370.8588
20
-416.4480
30
0.0
0
SEQEND
0
POLYLINE
8
TRACED_LINE
66
1
70
0
0
VERTEX
8
TRACED_LINE
10
996.0291
20
-432.8126
30
0.0
0
VERTEX
8
TRACED_LINE
10
1000.8106
20
-527.9873
30
0.0
0
SEQEND
0
POLYLINE
8
TRACED_LINE
66
1
70
0
0
VERTEX
8
TRACED_LINE
10
1227.2708
20
-421.9094
30
0.0
0
VERTEX
8
TRACED_LINE
10
1295.0775
20
-419.3581
30
0.0
0
SEQEND
0
POLYLINE
8
TRACED_LINE
66
1
70
0
0
VERTEX
8
TRACED_LINE
10
1147.5245
20
-425.4973
30
0.0
0
VERTEX
8
TRACED_LINE
10
1216.3057
20
-422.4027
30
0.0
0
SEQEND
0
POLYLINE
8
TRACED_LINE
66
1
70
0
0
VERTEX
8
TRACED_LINE
10
921.2446
20
-435.6779
30
0.0
0
VERTEX
8
TRACED_LINE
10
924.8325
20
-515.4241
30
0.0
0
SEQEND
0
POLYLINE
8
TRACED_LINE
66
1
70
0
0
VERTEX
8
TRACED_LINE
10
846.9809
20
-439.0191
30
0.0
0
VERTEX
8
TRACED_LINE
10
851.7624
20
-534.1937
30
0.0
0
SEQEND
0
POLYLINE
8
TRACED_LINE
66
1
70
0
0
VERTEX
8
TRACED_LINE
10
1073.2384
20
-428.3401
30
0.0
0
VERTEX
8
TRACED_LINE
10
1145.5309
20
-425.5870
30
0.0
0
SEQEND
0
POLYLINE
8
TRACED_LINE
66
1
70
0
0
VERTEX
8
TRACED_LINE
10
773.6916
20
-441.8170
30
0.0
0
VERTEX
8
TRACED_LINE
10
775.2939
20
-455.2294
30
0.0
0
SEQEND
0
POLYLINE
8
TRACED_LINE
66
1
70
0
0
VERTEX
8
TRACED_LINE
10
996.9587
20
-431.2726
30
0.0
0
VERTEX
8
TRACED_LINE
10
1070.2480
20
-428.4746
30
0.0
0
SEQEND
0
POLYLINE
8
TRACED_LINE
66
1
70
0
0
VERTEX
8
TRACED_LINE
10
697.9103
20
-444.7271
30
0.0
0
VERTEX
8
TRACED_LINE
10
702.2157
20
-540.4226
30
0.0
0
SEQEND
0
POLYLINE
8
TRACED_LINE
66
1
70
0
0
VERTEX
8
TRACED_LINE
10
624.1450
20
-448.0459
30
0.0
0
VERTEX
8
TRACED_LINE
10
628.4281
20
-543.2430
30
0.0
0
SEQEND
0
POLYLINE
8
TRACED_LINE
66
1
70
0
0
VERTEX
8
TRACED_LINE
10
921.6757
20
-434.1602
30
0.0
0
VERTEX
8
TRACED_LINE
10
994.9650
20
-431.3623
30
0.0
0
SEQEND
0
POLYLINE
8
TRACED_LINE
66
1
70
0
0
VERTEX
8
TRACED_LINE
10
847.9105
20
-437.4790
30
0.0
0
VERTEX
8
TRACED_LINE
10
919.6821
20
-434.2499
30
0.0
0
SEQEND
0
POLYLINE
8
TRACED_LINE
66
1
70
0
0
VERTEX
8
TRACED_LINE
10
548.8621
20
-450.9335
30
0.0
0
VERTEX
8
TRACED_LINE
10
553.1675
20
-546.6290
30
0.0
0
SEQEND
0
POLYLINE
8
TRACED_LINE
66
1
70
0
0
VERTEX
8
TRACED_LINE
10
774.6212
20
-440.2769
30
0.0
0
VERTEX
8
TRACED_LINE
10
844.9200
20
-437.6135
30
0.0
0
SEQEND
0
POLYLINE
8
TRACED_LINE
66
1
70
0
0
VERTEX
8
TRACED_LINE
10
473.5792
20
-453.8212
30
0.0
0
VERTEX
8
TRACED_LINE
10
477.8846
20
-549.5167
30
0.0
0
SEQEND
0
POLYLINE
8
TRACED_LINE
66
1
70
0
0
VERTEX
8
TRACED_LINE
10
698.8398
20
-443.1870
30
0.0
0
VERTEX
8
TRACED_LINE
10
772.6275
20
-440.3666
30
0.0
0
SEQEND
0
POLYLINE
8
TRACED_LINE
66
1
70
0
0
VERTEX
8
TRACED_LINE
10
398.7946
20
-456.6864
30
0.0
0
VERTEX
8
TRACED_LINE
10
402.6017
20
-552.4043
30
0.0
0
SEQEND
0
POLYLINE
8
TRACED_LINE
66
1
70
0
0
VERTEX
8
TRACED_LINE
10
625.5506
20
-445.9850
30
0.0
0
VERTEX
8
TRACED_LINE
10
696.8462
20
-443.2767
30
0.0
0
SEQEND
0
POLYLINE
8
TRACED_LINE
66
1
70
0
0
VERTEX
8
TRACED_LINE
10
550.2901
20
-449.3710
30
0.0
0
VERTEX
8
TRACED_LINE
10
623.0585
20
-446.0971
30
0.0
0
SEQEND
0
POLYLINE
8
TRACED_LINE
66
1
70
0
0
VERTEX
8
TRACED_LINE
10
325.0069
20
-459.5068
30
0.0
0
VERTEX
8
TRACED_LINE
10
329.3348
20
-555.7007
30
0.0
0
SEQEND
0
POLYLINE
8
TRACED_LINE
66
1
70
0
0
VERTEX
8
TRACED_LINE
10
474.9847
20
-451.7602
30
0.0
0
VERTEX
8
TRACED_LINE
10
547.2996
20
-449.5056
30
0.0
0
SEQEND
0
POLYLINE
8
TRACED_LINE
66
1
70
0
0
VERTEX
8
TRACED_LINE
10
399.7242
20
-455.1463
30
0.0
0
VERTEX
8
TRACED_LINE
10
472.4926
20
-451.8724
30
0.0
0
SEQEND
0
POLYLINE
8
TRACED_LINE
66
1
70
0
0
VERTEX
8
TRACED_LINE
10
325.9365
20
-457.9667
30
0.0
0
VERTEX
8
TRACED_LINE
10
397.7305
20
-455.2360
30
0.0
0
SEQEND
0
POLYLINE
8
TRACED_LINE
66
1
70
0
0
VERTEX
8
TRACED_LINE
10
251.1744
20
-461.3303
30
0.0
0
VERTEX
8
TRACED_LINE
10
240.4335
20
-466.8078
30
0.0
0
VERTEX
8
TRACED_LINE
10
234.2681
20
-474.0771
30
0.0
0
VERTEX
8
TRACED_LINE
10
231.1604
20
-482.7071
30
0.0
0
VERTEX
8
TRACED_LINE
10
234.6137
20
-559.4629
30
0.0
0
VERTEX
8
TRACED_LINE
10
230.8414
20
-486.7168
30
0.0
0
SEQEND
0
POLYLINE
8
TRACED_LINE
66
1
70
0
0
VERTEX
8
TRACED_LINE
10
171.0694
20
-456.9436
30
0.0
0
VERTEX
8
TRACED_LINE
10
172.4373
20
-487.3468
30
0.0
0
SEQEND
0
POLYLINE
8
TRACED_LINE
66
1
70
0
0
VERTEX
8
TRACED_LINE
10
162.0307
20
-455.8520
30
0.0
0
VERTEX
8
TRACED_LINE
10
162.1876
20
-459.3409
30
0.0
0
VERTEX
8
TRACED_LINE
10
164.6349
20
-458.2319
30
0.0
0
VERTEX
8
TRACED_LINE
10
164.5227
20
-455.7398
30
0.0
0
SEQEND
0
POLYLINE
8
TRACED_LINE
66
1
70
0
0
VERTEX
8
TRACED_LINE
10
164.4106
20
-453.2478
30
0.0
0
VERTEX
8
TRACED_LINE
10
166.9027
20
-453.1357
30
0.0
0
VERTEX
8
TRACED_LINE
10
168.9860
20
-455.0396
30
0.0
0
SEQEND
0
POLYLINE
8
TRACED_LINE
66
1
70
0
0
VERTEX
8
TRACED_LINE
10
170.5985
20
-446.4769
30
0.0
0
VERTEX
8
TRACED_LINE
10
170.9348
20
-453.9531
30
0.0
0
SEQEND
0
POLYLINE
8
TRACED_LINE
66
1
70
0
0
VERTEX
8
TRACED_LINE
10
164.9590
20
-443.2346
30
0.0
0
VERTEX
8
TRACED_LINE
10
163.5310
20
-444.7972
30
0.0
0
VERTEX
8
TRACED_LINE
10
163.6207
20
-446.7908
30
0.0
0
VERTEX
8
TRACED_LINE
10
165.1608
20
-447.7204
30
0.0
0
VERTEX
8
TRACED_LINE
10
167.6528
20
-447.6083
30
0.0
0
VERTEX
8
TRACED_LINE
10
168.1064
20
-446.5890
30
0.0
0
VERTEX
8
TRACED_LINE
10
165.6592
20
-447.6980
30
0.0
0
SEQEND
0
POLYLINE
8
TRACED_LINE
66
1
70
0
0
VERTEX
8
TRACED_LINE
10
1438.5116
20
-354.9718
30
0.0
0
VERTEX
8
TRACED_LINE
10
1441.6815
20
-358.8245
30
0.0
0
VERTEX
8
TRACED_LINE
10
1446.1672
20
-358.6227
30
0.0
0
VERTEX
8
TRACED_LINE
10
1449.0007
20
-354.9993
30
0.0
0
SEQEND
0
POLYLINE
8
TRACED_LINE
66
1
70
0
0
VERTEX
8
TRACED_LINE
10
1371.1360
20
-356.0054
30
0.0
0
VERTEX
8
TRACED_LINE
10
1436.9491
20
-353.5438
30
0.0
0
SEQEND
0
POLYLINE
8
TRACED_LINE
66
1
70
0
0
VERTEX
8
TRACED_LINE
10
1295.8755
20
-359.3915
30
0.0
0
VERTEX
8
TRACED_LINE
10
1368.1455
20
-356.1399
30
0.0
0
SEQEND
0
POLYLINE
8
TRACED_LINE
66
1
70
0
0
VERTEX
8
TRACED_LINE
10
1225.0783
20
-362.0773
30
0.0
0
VERTEX
8
TRACED_LINE
10
1292.8850
20
-359.5260
30
0.0
0
SEQEND
0
POLYLINE
8
TRACED_LINE
66
1
70
0
0
VERTEX
8
TRACED_LINE
10
1145.3320
20
-365.6652
30
0.0
0
VERTEX
8
TRACED_LINE
10
1213.6148
20
-362.5930
30
0.0
0
SEQEND
0
POLYLINE
8
TRACED_LINE
66
1
70
0
0
VERTEX
8
TRACED_LINE
10
1071.5444
20
-368.4855
30
0.0
0
VERTEX
8
TRACED_LINE
10
1143.3384
20
-365.7549
30
0.0
0
SEQEND
0
POLYLINE
8
TRACED_LINE
66
1
70
0
0
VERTEX
8
TRACED_LINE
10
995.7630
20
-371.3956
30
0.0
0
VERTEX
8
TRACED_LINE
10
1068.5539
20
-368.6201
30
0.0
0
SEQEND
0
POLYLINE
8
TRACED_LINE
66
1
70
0
0
VERTEX
8
TRACED_LINE
10
922.9721
20
-374.1711
30
0.0
0
VERTEX
8
TRACED_LINE
10
921.0009
20
-374.7592
30
0.0
0
VERTEX
8
TRACED_LINE
10
990.7789
20
-371.6198
30
0.0
0
SEQEND
0
POLYLINE
8
TRACED_LINE
66
1
70
0
0
VERTEX
8
TRACED_LINE
10
846.7148
20
-377.6020
30
0.0
0
VERTEX
8
TRACED_LINE
10
918.0104
20
-374.8938
30
0.0
0
SEQEND
0
POLYLINE
8
TRACED_LINE
66
1
70
0
0
VERTEX
8
TRACED_LINE
10
772.9495
20
-380.9208
30
0.0
0
VERTEX
8
TRACED_LINE
10
843.7243
20
-377.7366
30
0.0
0
SEQEND
0
POLYLINE
8
TRACED_LINE
66
1
70
0
0
VERTEX
8
TRACED_LINE
10
326.8690
20
-400.9905
30
0.0
0
VERTEX
8
TRACED_LINE
10
326.9587
20
-402.9842
30
0.0
0
VERTEX
8
TRACED_LINE
10
325.0324
20
-404.5691
30
0.0
0
SEQEND
0
POLYLINE
8
TRACED_LINE
66
1
70
0
0
VERTEX
8
TRACED_LINE
10
697.6666
20
-383.8085
30
0.0
0
VERTEX
8
TRACED_LINE
10
769.9591
20
-381.0554
30
0.0
0
SEQEND
0
POLYLINE
8
TRACED_LINE
66
1
70
0
0
VERTEX
8
TRACED_LINE
10
316.8783
20
-400.9406
30
0.0
0
VERTEX
8
TRACED_LINE
10
319.0290
20
-404.3398
30
0.0
0
VERTEX
8
TRACED_LINE
10
323.0611
20
-405.1572
30
0.0
0
SEQEND
0
POLYLINE
8
TRACED_LINE
66
1
70
0
0
VERTEX
8
TRACED_LINE
10
623.8789
20
-386.6288
30
0.0
0
VERTEX
8
TRACED_LINE
10
694.6761
20
-383.9430
30
0.0
0
SEQEND
0
POLYLINE
8
TRACED_LINE
66
1
70
0
0
VERTEX
8
TRACED_LINE
10
548.1200
20
-390.0373
30
0.0
0
VERTEX
8
TRACED_LINE
10
621.4093
20
-387.2394
30
0.0
0
SEQEND
0
POLYLINE
8
TRACED_LINE
66
1
70
0
0
VERTEX
8
TRACED_LINE
10
472.8595
20
-393.4234
30
0.0
0
VERTEX
8
TRACED_LINE
10
545.1295
20
-390.1719
30
0.0
0
SEQEND
0
POLYLINE
8
TRACED_LINE
66
1
70
0
0
VERTEX
8
TRACED_LINE
10
398.0750
20
-396.2886
30
0.0
0
VERTEX
8
TRACED_LINE
10
469.8690
20
-393.5579
30
0.0
0
SEQEND
0
POLYLINE
8
TRACED_LINE
66
1
70
0
0
VERTEX
8
TRACED_LINE
10
328.7954
20
-399.4056
30
0.0
0
VERTEX
8
TRACED_LINE
10
395.0845
20
-396.4232
30
0.0
0
SEQEND
0
POLYLINE
8
TRACED_LINE
66
1
70
0
0
VERTEX
8
TRACED_LINE
10
1444.7219
20
-348.6993
30
0.0
0
VERTEX
8
TRACED_LINE
10
1448.3677
20
-352.0312
30
0.0
0
SEQEND
0
POLYLINE
8
TRACED_LINE
66
1
70
0
0
VERTEX
8
TRACED_LINE
10
1441.2330
20
-348.8563
30
0.0
0
VERTEX
8
TRACED_LINE
10
1438.8755
20
-351.9589
30
0.0
0
VERTEX
8
TRACED_LINE
10
1439.8050
20
-350.4188
30
0.0
0
SEQEND
0
POLYLINE
8
TRACED_LINE
66
1
70
0
0
VERTEX
8
TRACED_LINE
10
1223.2467
20
-354.6683
30
0.0
0
VERTEX
8
TRACED_LINE
10
1223.5158
20
-360.6493
30
0.0
0
SEQEND
0
POLYLINE
8
TRACED_LINE
66
1
70
0
0
VERTEX
8
TRACED_LINE
10
323.6095
20
-395.1441
30
0.0
0
VERTEX
8
TRACED_LINE
10
326.7569
20
-398.4985
30
0.0
0
SEQEND
0
POLYLINE
8
TRACED_LINE
66
1
70
0
0
VERTEX
8
TRACED_LINE
10
320.5966
20
-394.7802
30
0.0
0
VERTEX
8
TRACED_LINE
10
317.2422
20
-397.9277
30
0.0
0
VERTEX
8
TRACED_LINE
10
318.1942
20
-396.8860
30
0.0
0
SEQEND
0
POLYLINE
8
TRACED_LINE
66
1
70
0
0
VERTEX
8
TRACED_LINE
10
169.0339
20
-400.6004
30
0.0
0
VERTEX
8
TRACED_LINE
10
170.4864
20
-443.9848
30
0.0
0
SEQEND
0
POLYLINE
8
TRACED_LINE
66
1
70
0
0
VERTEX
8
TRACED_LINE
10
69.3286
20
-404.5868
30
0.0
0
VERTEX
8
TRACED_LINE
10
73.2529
20
-491.8092
30
0.0
0
SEQEND
0
POLYLINE
8
TRACED_LINE
66
1
70
0
0
VERTEX
8
TRACED_LINE
10
75.7407
20
-402.8000
30
0.0
0
VERTEX
8
TRACED_LINE
10
166.9729
20
-399.1948
30
0.0
0
SEQEND
0
POLYLINE
8
TRACED_LINE
66
1
70
0
0
VERTEX
8
TRACED_LINE
10
1214.5270
20
-349.5670
30
0.0
0
VERTEX
8
TRACED_LINE
10
1215.0427
20
-361.0305
30
0.0
0
SEQEND
0
POLYLINE
8
TRACED_LINE
66
1
70
0
0
VERTEX
8
TRACED_LINE
10
74.8835
20
-394.8478
30
0.0
0
VERTEX
8
TRACED_LINE
10
74.6542
20
-400.8512
30
0.0
0
SEQEND
0
POLYLINE
8
TRACED_LINE
66
1
70
0
0
VERTEX
8
TRACED_LINE
10
28.2548
20
-357.4913
30
0.0
0
VERTEX
8
TRACED_LINE
10
38.7837
20
-369.5032
30
0.0
0
VERTEX
8
TRACED_LINE
10
44.1714
20
-378.2504
30
0.0
0
SEQEND
0
POLYLINE
8
TRACED_LINE
66
1
70
0
0
VERTEX
8
TRACED_LINE
10
20.4422
20
-350.3515
30
0.0
0
VERTEX
8
TRACED_LINE
10
25.1297
20
-354.6354
30
0.0
0
SEQEND
0
POLYLINE
8
TRACED_LINE
66
1
70
0
0
VERTEX
8
TRACED_LINE
10
66.4135
20
-339.7930
30
0.0
0
VERTEX
8
TRACED_LINE
10
69.2165
20
-402.0947
30
0.0
0
SEQEND
0
POLYLINE
8
TRACED_LINE
66
1
70
0
0
VERTEX
8
TRACED_LINE
10
59.7771
20
-336.5956
30
0.0
0
VERTEX
8
TRACED_LINE
10
64.8510
20
-338.3650
30
0.0
0
SEQEND
0
POLYLINE
8
TRACED_LINE
66
1
70
0
0
VERTEX
8
TRACED_LINE
10
841.5644
20
-296.4278
30
0.0
0
VERTEX
8
TRACED_LINE
10
845.1523
20
-376.1741
30
0.0
0
SEQEND
0
POLYLINE
8
TRACED_LINE
66
1
70
0
0
VERTEX
8
TRACED_LINE
10
1548.3205
20
-253.6427
30
0.0
0
VERTEX
8
TRACED_LINE
10
1550.2113
20
-328.9705
30
0.0
0
VERTEX
8
TRACED_LINE
10
1548.0780
20
-337.0573
30
0.0
0
VERTEX
8
TRACED_LINE
10
1541.4590
20
-345.3458
30
0.0
0
VERTEX
8
TRACED_LINE
10
1535.6350
20
-349.1038
30
0.0
0
VERTEX
8
TRACED_LINE
10
1529.7213
20
-350.8681
30
0.0
0
VERTEX
8
TRACED_LINE
10
1473.3333
20
-351.9068
30
0.0
0
VERTEX
8
TRACED_LINE
10
1450.4287
20
-353.4368
30
0.0
0
SEQEND
0
POLYLINE
8
TRACED_LINE
66
1
70
0
0
VERTEX
8
TRACED_LINE
10
1440.1422
20
-258.0104
30
0.0
0
VERTEX
8
TRACED_LINE
10
1443.6578
20
-347.2489
30
0.0
0
SEQEND
0
POLYLINE
8
TRACED_LINE
66
1
70
0
0
VERTEX
8
TRACED_LINE
10
1365.3802
20
-261.3740
30
0.0
0
VERTEX
8
TRACED_LINE
10
1369.5735
20
-354.5774
30
0.0
0
SEQEND
0
POLYLINE
8
TRACED_LINE
66
1
70
0
0
VERTEX
8
TRACED_LINE
10
1290.6181
20
-264.7376
30
0.0
0
VERTEX
8
TRACED_LINE
10
1294.3130
20
-357.9635
30
0.0
0
SEQEND
0
POLYLINE
8
TRACED_LINE
66
1
70
0
0
VERTEX
8
TRACED_LINE
10
1140.5730
20
-270.9889
30
0.0
0
VERTEX
8
TRACED_LINE
10
1144.2679
20
-364.2148
30
0.0
0
SEQEND
0
POLYLINE
8
TRACED_LINE
66
1
70
0
0
VERTEX
8
TRACED_LINE
10
1065.8109
20
-274.3526
30
0.0
0
VERTEX
8
TRACED_LINE
10
1069.9818
20
-367.0576
30
0.0
0
SEQEND
0
POLYLINE
8
TRACED_LINE
66
1
70
0
0
VERTEX
8
TRACED_LINE
10
1531.3072
20
-252.9099
30
0.0
0
VERTEX
8
TRACED_LINE
10
1546.7580
20
-252.2148
30
0.0
0
SEQEND
0
POLYLINE
8
TRACED_LINE
66
1
70
0
0
VERTEX
8
TRACED_LINE
10
990.0296
20
-277.2626
30
0.0
0
VERTEX
8
TRACED_LINE
10
994.2005
20
-369.9676
30
0.0
0
SEQEND
0
POLYLINE
8
TRACED_LINE
66
1
70
0
0
VERTEX
8
TRACED_LINE
10
915.2675
20
-280.6263
30
0.0
0
VERTEX
8
TRACED_LINE
10
919.4384
20
-373.3313
30
0.0
0
SEQEND
0
POLYLINE
8
TRACED_LINE
66
1
70
0
0
VERTEX
8
TRACED_LINE
10
165.1545
20
-314.3748
30
0.0
0
VERTEX
8
TRACED_LINE
10
168.9217
20
-398.1083
30
0.0
0
SEQEND
0
POLYLINE
8
TRACED_LINE
66
1
70
0
0
VERTEX
8
TRACED_LINE
10
1441.5702
20
-256.4479
30
0.0
0
VERTEX
8
TRACED_LINE
10
1456.5226
20
-255.7751
30
0.0
0
SEQEND
0
POLYLINE
8
TRACED_LINE
66
1
70
0
0
VERTEX
8
TRACED_LINE
10
1366.8081
20
-259.8115
30
0.0
0
VERTEX
8
TRACED_LINE
10
1381.7830
20
-259.6372
30
0.0
0
SEQEND
0
POLYLINE
8
TRACED_LINE
66
1
70
0
0
VERTEX
8
TRACED_LINE
10
768.2129
20
-286.7430
30
0.0
0
VERTEX
8
TRACED_LINE
10
771.3870
20
-379.4929
30
0.0
0
SEQEND
0
POLYLINE
8
TRACED_LINE
66
1
70
0
0
VERTEX
8
TRACED_LINE
10
1294.5157
20
-262.5646
30
0.0
0
VERTEX
8
TRACED_LINE
10
1292.0460
20
-263.1751
30
0.0
0
SEQEND
0
POLYLINE
8
TRACED_LINE
66
1
70
0
0
VERTEX
8
TRACED_LINE
10
1275.0775
20
-263.4391
30
0.0
0
VERTEX
8
TRACED_LINE
10
1289.0331
20
-262.8113
30
0.0
0
SEQEND
0
POLYLINE
8
TRACED_LINE
66
1
70
0
0
VERTEX
8
TRACED_LINE
10
1120.5692
20
-270.3907
30
0.0
0
VERTEX
8
TRACED_LINE
10
1139.0105
20
-269.5610
30
0.0
0
SEQEND
0
POLYLINE
8
TRACED_LINE
66
1
70
0
0
VERTEX
8
TRACED_LINE
10
691.9332
20
-289.6755
30
0.0
0
VERTEX
8
TRACED_LINE
10
696.1041
20
-382.3805
30
0.0
0
SEQEND
0
POLYLINE
8
TRACED_LINE
66
1
70
0
0
VERTEX
8
TRACED_LINE
10
618.1679
20
-292.9943
30
0.0
0
VERTEX
8
TRACED_LINE
10
622.3164
20
-385.2009
30
0.0
0
SEQEND
0
POLYLINE
8
TRACED_LINE
66
1
70
0
0
VERTEX
8
TRACED_LINE
10
1048.7752
20
-273.1213
30
0.0
0
VERTEX
8
TRACED_LINE
10
1064.2484
20
-272.9246
30
0.0
0
SEQEND
0
POLYLINE
8
TRACED_LINE
66
1
70
0
0
VERTEX
8
TRACED_LINE
10
978.9972
20
-276.2607
30
0.0
0
VERTEX
8
TRACED_LINE
10
988.4671
20
-275.8347
30
0.0
0
SEQEND
0
POLYLINE
8
TRACED_LINE
66
1
70
0
0
VERTEX
8
TRACED_LINE
10
916.6955
20
-279.0638
30
0.0
0
VERTEX
8
TRACED_LINE
10
928.1590
20
-278.5480
30
0.0
0
SEQEND
0
POLYLINE
8
TRACED_LINE
66
1
70
0
0
VERTEX
8
TRACED_LINE
10
542.8850
20
-295.8819
30
0.0
0
VERTEX
8
TRACED_LINE
10
546.5575
20
-388.6094
30
0.0
0
SEQEND
0
POLYLINE
8
TRACED_LINE
66
1
70
0
0
VERTEX
8
TRACED_LINE
10
996.4193
20
-274.9775
30
0.0
0
VERTEX
8
TRACED_LINE
10
991.4576
20
-275.7001
30
0.0
0
SEQEND
0
POLYLINE
8
TRACED_LINE
66
1
70
0
0
VERTEX
8
TRACED_LINE
10
859.3554
20
-281.1441
30
0.0
0
VERTEX
8
TRACED_LINE
10
871.8382
20
-281.0819
30
0.0
0
SEQEND
0
POLYLINE
8
TRACED_LINE
66
1
70
0
0
VERTEX
8
TRACED_LINE
10
808.5172
20
-283.4314
30
0.0
0
VERTEX
8
TRACED_LINE
10
820.9776
20
-282.8708
30
0.0
0
SEQEND
0
POLYLINE
8
TRACED_LINE
66
1
70
0
0
VERTEX
8
TRACED_LINE
10
769.6409
20
-285.1805
30
0.0
0
VERTEX
8
TRACED_LINE
10
783.5965
20
-284.5526
30
0.0
0
SEQEND
0
POLYLINE
8
TRACED_LINE
66
1
70
0
0
VERTEX
8
TRACED_LINE
10
467.1036
20
-298.7920
30
0.0
0
VERTEX
8
TRACED_LINE
10
471.2970
20
-391.9954
30
0.0
0
SEQEND
0
POLYLINE
8
TRACED_LINE
66
1
70
0
0
VERTEX
8
TRACED_LINE
10
392.8400
20
-302.1332
30
0.0
0
VERTEX
8
TRACED_LINE
10
396.5124
20
-394.8606
30
0.0
0
SEQEND
0
POLYLINE
8
TRACED_LINE
66
1
70
0
0
VERTEX
8
TRACED_LINE
10
319.0747
20
-305.4520
30
0.0
0
VERTEX
8
TRACED_LINE
10
322.5229
20
-393.1953
30
0.0
0
SEQEND
0
POLYLINE
8
TRACED_LINE
66
1
70
0
0
VERTEX
8
TRACED_LINE
10
693.3612
20
-288.1130
30
0.0
0
VERTEX
8
TRACED_LINE
10
698.8661
20
-288.3647
30
0.0
0
SEQEND
0
POLYLINE
8
TRACED_LINE
66
1
70
0
0
VERTEX
8
TRACED_LINE
10
684.3897
20
-288.5166
30
0.0
0
VERTEX
8
TRACED_LINE
10
682.9169
20
-289.0823
30
0.0
0
VERTEX
8
TRACED_LINE
10
688.8754
20
-288.3148
30
0.0
0
SEQEND
0
POLYLINE
8
TRACED_LINE
66
1
70
0
0
VERTEX
8
TRACED_LINE
10
600.6562
20
-292.2839
30
0.0
0
VERTEX
8
TRACED_LINE
10
616.1070
20
-291.5887
30
0.0
0
SEQEND
0
POLYLINE
8
TRACED_LINE
66
1
70
0
0
VERTEX
8
TRACED_LINE
10
544.3130
20
-294.3194
30
0.0
0
VERTEX
8
TRACED_LINE
10
553.3068
20
-294.4142
30
0.0
0
SEQEND
0
POLYLINE
8
TRACED_LINE
66
1
70
0
0
VERTEX
8
TRACED_LINE
10
538.8304
20
-294.5661
30
0.0
0
VERTEX
8
TRACED_LINE
10
540.8241
20
-294.4764
30
0.0
0
SEQEND
0
POLYLINE
8
TRACED_LINE
66
1
70
0
0
VERTEX
8
TRACED_LINE
10
223.3344
20
-308.7606
30
0.0
0
VERTEX
8
TRACED_LINE
10
225.6716
20
-349.6082
30
0.0
0
VERTEX
8
TRACED_LINE
10
226.1099
20
-381.5515
30
0.0
0
VERTEX
8
TRACED_LINE
10
228.4175
20
-388.4396
30
0.0
0
VERTEX
8
TRACED_LINE
10
233.7380
20
-395.6916
30
0.0
0
VERTEX
8
TRACED_LINE
10
240.4416
20
-400.3842
30
0.0
0
VERTEX
8
TRACED_LINE
10
248.5283
20
-402.5175
30
0.0
0
VERTEX
8
TRACED_LINE
10
315.3158
20
-399.5126
30
0.0
0
SEQEND
0
POLYLINE
8
TRACED_LINE
66
1
70
0
0
VERTEX
8
TRACED_LINE
10
1216.1526
20
-263.5931
30
0.0
0
VERTEX
8
TRACED_LINE
10
1220.0269
20
-360.8063
30
0.0
0
SEQEND
0
POLYLINE
8
TRACED_LINE
66
1
70
0
0
VERTEX
8
TRACED_LINE
10
468.5316
20
-297.2295
30
0.0
0
VERTEX
8
TRACED_LINE
10
474.0366
20
-297.4812
30
0.0
0
SEQEND
0
POLYLINE
8
TRACED_LINE
66
1
70
0
0
VERTEX
8
TRACED_LINE
10
459.5602
20
-297.6331
30
0.0
0
VERTEX
8
TRACED_LINE
10
465.0427
20
-297.3865
30
0.0
0
SEQEND
0
POLYLINE
8
TRACED_LINE
66
1
70
0
0
VERTEX
8
TRACED_LINE
10
394.2679
20
-300.5707
30
0.0
0
VERTEX
8
TRACED_LINE
10
397.7792
20
-300.9122
30
0.0
0
SEQEND
0
POLYLINE
8
TRACED_LINE
66
1
70
0
0
VERTEX
8
TRACED_LINE
10
381.3092
20
-301.1537
30
0.0
0
VERTEX
8
TRACED_LINE
10
380.3348
20
-301.6970
30
0.0
0
VERTEX
8
TRACED_LINE
10
390.2806
20
-300.7501
30
0.0
0
SEQEND
0
POLYLINE
8
TRACED_LINE
66
1
70
0
0
VERTEX
8
TRACED_LINE
10
320.4802
20
-303.3911
30
0.0
0
VERTEX
8
TRACED_LINE
10
323.4931
20
-303.7549
30
0.0
0
SEQEND
0
POLYLINE
8
TRACED_LINE
66
1
70
0
0
VERTEX
8
TRACED_LINE
10
306.0262
20
-304.0414
30
0.0
0
VERTEX
8
TRACED_LINE
10
316.9913
20
-303.5480
30
0.0
0
SEQEND
0
POLYLINE
8
TRACED_LINE
66
1
70
0
0
VERTEX
8
TRACED_LINE
10
1441.3908
20
-252.4606
30
0.0
0
VERTEX
8
TRACED_LINE
10
1547.0770
20
-248.2050
30
0.0
0
SEQEND
0
POLYLINE
8
TRACED_LINE
66
1
70
0
0
VERTEX
8
TRACED_LINE
10
224.7623
20
-307.1981
30
0.0
0
VERTEX
8
TRACED_LINE
10
239.7372
20
-307.0238
30
0.0
0
SEQEND
0
POLYLINE
8
TRACED_LINE
66
1
70
0
0
VERTEX
8
TRACED_LINE
10
1366.6063
20
-255.3258
30
0.0
0
VERTEX
8
TRACED_LINE
10
1431.4225
20
-252.9090
30
0.0
0
SEQEND
0
POLYLINE
8
TRACED_LINE
66
1
70
0
0
VERTEX
8
TRACED_LINE
10
1291.8442
20
-258.6894
30
0.0
0
VERTEX
8
TRACED_LINE
10
1363.6158
20
-255.4603
30
0.0
0
SEQEND
0
POLYLINE
8
TRACED_LINE
66
1
70
0
0
VERTEX
8
TRACED_LINE
10
1219.5518
20
-261.4425
30
0.0
0
VERTEX
8
TRACED_LINE
10
1217.5805
20
-262.0306
30
0.0
0
VERTEX
8
TRACED_LINE
10
1286.8601
20
-258.9137
30
0.0
0
SEQEND
0
POLYLINE
8
TRACED_LINE
66
1
70
0
0
VERTEX
8
TRACED_LINE
10
1141.7992
20
-264.9407
30
0.0
0
VERTEX
8
TRACED_LINE
10
1214.5900
20
-262.1652
30
0.0
0
SEQEND
0
POLYLINE
8
TRACED_LINE
66
1
70
0
0
VERTEX
8
TRACED_LINE
10
1067.0371
20
-268.3043
30
0.0
0
VERTEX
8
TRACED_LINE
10
1138.8311
20
-265.5737
30
0.0
0
SEQEND
0
POLYLINE
8
TRACED_LINE
66
1
70
0
0
VERTEX
8
TRACED_LINE
10
991.2557
20
-271.2144
30
0.0
0
VERTEX
8
TRACED_LINE
10
1063.5482
20
-268.4613
30
0.0
0
SEQEND
0
POLYLINE
8
TRACED_LINE
66
1
70
0
0
VERTEX
8
TRACED_LINE
10
916.4936
20
-274.5780
30
0.0
0
VERTEX
8
TRACED_LINE
10
988.2653
20
-271.3489
30
0.0
0
SEQEND
0
POLYLINE
8
TRACED_LINE
66
1
70
0
0
VERTEX
8
TRACED_LINE
10
158.9044
20
-308.6629
30
0.0
0
VERTEX
8
TRACED_LINE
10
159.4925
20
-310.6341
30
0.0
0
VERTEX
8
TRACED_LINE
10
163.5920
20
-312.9468
30
0.0
0
SEQEND
0
POLYLINE
8
TRACED_LINE
66
1
70
0
0
VERTEX
8
TRACED_LINE
10
65.2026
20
-312.8786
30
0.0
0
VERTEX
8
TRACED_LINE
10
66.2789
20
-336.8025
30
0.0
0
SEQEND
0
POLYLINE
8
TRACED_LINE
66
1
70
0
0
VERTEX
8
TRACED_LINE
10
859.6520
20
-276.6360
30
0.0
0
VERTEX
8
TRACED_LINE
10
913.5032
20
-274.7126
30
0.0
0
SEQEND
0
POLYLINE
8
TRACED_LINE
66
1
70
0
0
VERTEX
8
TRACED_LINE
10
769.4167
20
-280.1964
30
0.0
0
VERTEX
8
TRACED_LINE
10
820.2549
20
-277.9091
30
0.0
0
SEQEND
0
POLYLINE
8
TRACED_LINE
66
1
70
0
0
VERTEX
8
TRACED_LINE
10
693.1369
20
-283.1289
30
0.0
0
VERTEX
8
TRACED_LINE
10
766.4262
20
-280.3309
30
0.0
0
SEQEND
0
POLYLINE
8
TRACED_LINE
66
1
70
0
0
VERTEX
8
TRACED_LINE
10
674.1972
20
-283.9810
30
0.0
0
VERTEX
8
TRACED_LINE
10
690.1464
20
-283.2634
30
0.0
0
SEQEND
0
POLYLINE
8
TRACED_LINE
66
1
70
0
0
VERTEX
8
TRACED_LINE
10
631.3112
20
-285.4110
30
0.0
0
VERTEX
8
TRACED_LINE
10
619.3716
20
-286.4476
30
0.0
0
VERTEX
8
TRACED_LINE
10
658.7463
20
-284.6761
30
0.0
0
SEQEND
0
POLYLINE
8
TRACED_LINE
66
1
70
0
0
VERTEX
8
TRACED_LINE
10
544.0887
20
-289.3353
30
0.0
0
VERTEX
8
TRACED_LINE
10
616.3812
20
-286.5822
30
0.0
0
SEQEND
0
POLYLINE
8
TRACED_LINE
66
1
70
0
0
VERTEX
8
TRACED_LINE
10
69.1002
20
-310.7056
30
0.0
0
VERTEX
8
TRACED_LINE
10
66.6305
20
-311.3161
30
0.0
0
VERTEX
8
TRACED_LINE
10
154.8722
20
-307.8454
30
0.0
0
SEQEND
0
POLYLINE
8
TRACED_LINE
66
1
70
0
0
VERTEX
8
TRACED_LINE
10
1535.4117
20
-244.2351
30
0.0
0
VERTEX
8
TRACED_LINE
10
1546.8752
20
-243.7193
30
0.0
0
SEQEND
0
POLYLINE
8
TRACED_LINE
66
1
70
0
0
VERTEX
8
TRACED_LINE
10
470.7994
20
-292.1332
30
0.0
0
VERTEX
8
TRACED_LINE
10
468.3298
20
-292.7438
30
0.0
0
VERTEX
8
TRACED_LINE
10
538.6062
20
-289.5820
30
0.0
0
SEQEND
0
POLYLINE
8
TRACED_LINE
66
1
70
0
0
VERTEX
8
TRACED_LINE
10
394.0437
20
-295.5866
30
0.0
0
VERTEX
8
TRACED_LINE
10
465.3393
20
-292.8783
30
0.0
0
SEQEND
0
POLYLINE
8
TRACED_LINE
66
1
70
0
0
VERTEX
8
TRACED_LINE
10
1441.1890
20
-247.9748
30
0.0
0
VERTEX
8
TRACED_LINE
10
1451.6557
20
-247.5039
30
0.0
0
SEQEND
0
POLYLINE
8
TRACED_LINE
66
1
70
0
0
VERTEX
8
TRACED_LINE
10
322.2496
20
-298.3172
30
0.0
0
VERTEX
8
TRACED_LINE
10
320.2784
20
-298.9054
30
0.0
0
VERTEX
8
TRACED_LINE
10
389.0595
20
-295.8108
30
0.0
0
SEQEND
0
POLYLINE
8
TRACED_LINE
66
1
70
0
0
VERTEX
8
TRACED_LINE
10
225.0589
20
-302.6900
30
0.0
0
VERTEX
8
TRACED_LINE
10
317.2879
20
-299.0399
30
0.0
0
SEQEND
0
POLYLINE
8
TRACED_LINE
66
1
70
0
0
VERTEX
8
TRACED_LINE
10
1347.9632
20
-251.6697
30
0.0
0
VERTEX
8
TRACED_LINE
10
1363.4140
20
-250.9746
30
0.0
0
SEQEND
0
POLYLINE
8
TRACED_LINE
66
1
70
0
0
VERTEX
8
TRACED_LINE
10
1291.6200
20
-253.7053
30
0.0
0
VERTEX
8
TRACED_LINE
10
1298.5978
20
-253.3913
30
0.0
0
SEQEND
0
POLYLINE
8
TRACED_LINE
66
1
70
0
0
VERTEX
8
TRACED_LINE
10
1277.6644
20
-254.3331
30
0.0
0
VERTEX
8
TRACED_LINE
10
1288.6295
20
-253.8398
30
0.0
0
SEQEND
0
POLYLINE
8
TRACED_LINE
66
1
70
0
0
VERTEX
8
TRACED_LINE
10
1225.3309
20
-256.6877
30
0.0
0
VERTEX
8
TRACED_LINE
10
1219.8708
20
-257.4328
30
0.0
0
SEQEND
0
POLYLINE
8
TRACED_LINE
66
1
70
0
0
VERTEX
8
TRACED_LINE
10
1203.8991
20
-257.6519
30
0.0
0
VERTEX
8
TRACED_LINE
10
1208.3848
20
-257.4501
30
0.0
0
SEQEND
0
POLYLINE
8
TRACED_LINE
66
1
70
0
0
VERTEX
8
TRACED_LINE
10
1141.5974
20
-260.4550
30
0.0
0
VERTEX
8
TRACED_LINE
10
1148.5752
20
-260.1410
30
0.0
0
SEQEND
0
POLYLINE
8
TRACED_LINE
66
1
70
0
0
VERTEX
8
TRACED_LINE
10
1125.1497
20
-261.1950
30
0.0
0
VERTEX
8
TRACED_LINE
10
1138.6069
20
-260.5895
30
0.0
0
SEQEND
0
POLYLINE
8
TRACED_LINE
66
1
70
0
0
VERTEX
8
TRACED_LINE
10
1074.2891
20
-262.9838
30
0.0
0
VERTEX
8
TRACED_LINE
10
1078.2764
20
-262.8044
30
0.0
0
SEQEND
0
POLYLINE
8
TRACED_LINE
66
1
70
0
0
VERTEX
8
TRACED_LINE
10
1066.3144
20
-263.3426
30
0.0
0
VERTEX
8
TRACED_LINE
10
1071.2986
20
-263.1184
30
0.0
0
SEQEND
0
POLYLINE
8
TRACED_LINE
66
1
70
0
0
VERTEX
8
TRACED_LINE
10
1055.8477
20
-263.8135
30
0.0
0
VERTEX
8
TRACED_LINE
10
1054.3749
20
-264.3792
30
0.0
0
VERTEX
8
TRACED_LINE
10
1061.8287
20
-263.5444
30
0.0
0
SEQEND
0
POLYLINE
8
TRACED_LINE
66
1
70
0
0
VERTEX
8
TRACED_LINE
10
991.0539
20
-266.7287
30
0.0
0
VERTEX
8
TRACED_LINE
10
1000.5238
20
-266.3026
30
0.0
0
SEQEND
0
POLYLINE
8
TRACED_LINE
66
1
70
0
0
VERTEX
8
TRACED_LINE
10
978.5936
20
-267.2893
30
0.0
0
VERTEX
8
TRACED_LINE
10
977.6192
20
-267.8325
30
0.0
0
VERTEX
8
TRACED_LINE
10
987.0666
20
-266.9081
30
0.0
0
SEQEND
0
POLYLINE
8
TRACED_LINE
66
1
70
0
0
VERTEX
8
TRACED_LINE
10
916.2918
20
-270.0923
30
0.0
0
VERTEX
8
TRACED_LINE
10
924.2664
20
-269.7335
30
0.0
0
SEQEND
0
POLYLINE
8
TRACED_LINE
66
1
70
0
0
VERTEX
8
TRACED_LINE
10
906.8220
20
-270.5184
30
0.0
0
VERTEX
8
TRACED_LINE
10
913.3013
20
-270.2269
30
0.0
0
SEQEND
0
POLYLINE
8
TRACED_LINE
66
1
70
0
0
VERTEX
8
TRACED_LINE
10
859.4726
20
-272.6487
30
0.0
0
VERTEX
8
TRACED_LINE
10
877.9139
20
-271.8190
30
0.0
0
SEQEND
0
POLYLINE
8
TRACED_LINE
66
1
70
0
0
VERTEX
8
TRACED_LINE
10
802.1550
20
-275.2275
30
0.0
0
VERTEX
8
TRACED_LINE
10
820.5963
20
-274.3978
30
0.0
0
SEQEND
0
POLYLINE
8
TRACED_LINE
66
1
70
0
0
VERTEX
8
TRACED_LINE
10
769.2597
20
-276.7075
30
0.0
0
VERTEX
8
TRACED_LINE
10
773.2470
20
-276.5281
30
0.0
0
SEQEND
0
POLYLINE
8
TRACED_LINE
66
1
70
0
0
VERTEX
8
TRACED_LINE
10
764.2531
20
-276.4333
30
0.0
0
VERTEX
8
TRACED_LINE
10
753.3105
20
-277.4250
30
0.0
0
VERTEX
8
TRACED_LINE
10
754.8057
20
-277.3578
30
0.0
0
SEQEND
0
POLYLINE
8
TRACED_LINE
66
1
70
0
0
VERTEX
8
TRACED_LINE
10
692.9799
20
-279.6400
30
0.0
0
VERTEX
8
TRACED_LINE
10
701.4754
20
-279.7572
30
0.0
0
SEQEND
0
POLYLINE
8
TRACED_LINE
66
1
70
0
0
VERTEX
8
TRACED_LINE
10
685.0053
20
-279.9987
30
0.0
0
VERTEX
8
TRACED_LINE
10
689.4910
20
-279.7969
30
0.0
0
SEQEND
0
POLYLINE
8
TRACED_LINE
66
1
70
0
0
VERTEX
8
TRACED_LINE
10
676.0339
20
-280.4024
30
0.0
0
VERTEX
8
TRACED_LINE
10
680.0436
20
-280.7214
30
0.0
0
SEQEND
0
POLYLINE
8
TRACED_LINE
66
1
70
0
0
VERTEX
8
TRACED_LINE
10
660.5830
20
-281.0975
30
0.0
0
VERTEX
8
TRACED_LINE
10
672.0466
20
-280.5818
30
0.0
0
SEQEND
0
POLYLINE
8
TRACED_LINE
66
1
70
0
0
VERTEX
8
TRACED_LINE
10
619.2147
20
-282.9587
30
0.0
0
VERTEX
8
TRACED_LINE
10
631.6974
20
-282.8965
30
0.0
0
SEQEND
0
POLYLINE
8
TRACED_LINE
66
1
70
0
0
VERTEX
8
TRACED_LINE
10
613.7321
20
-283.2054
30
0.0
0
VERTEX
8
TRACED_LINE
10
616.2242
20
-283.0933
30
0.0
0
SEQEND
0
POLYLINE
8
TRACED_LINE
66
1
70
0
0
VERTEX
8
TRACED_LINE
10
527.4841
20
-286.5864
30
0.0
0
VERTEX
8
TRACED_LINE
10
540.4428
20
-286.0034
30
0.0
0
SEQEND
0
POLYLINE
8
TRACED_LINE
66
1
70
0
0
VERTEX
8
TRACED_LINE
10
165.6355
20
-302.8664
30
0.0
0
VERTEX
8
TRACED_LINE
10
168.1949
20
-304.2495
30
0.0
0
VERTEX
8
TRACED_LINE
10
169.3263
20
-307.1951
30
0.0
0
VERTEX
8
TRACED_LINE
10
168.5088
20
-311.2273
30
0.0
0
VERTEX
8
TRACED_LINE
10
166.5600
20
-312.3138
30
0.0
0
SEQEND
0
POLYLINE
8
TRACED_LINE
66
1
70
0
0
VERTEX
8
TRACED_LINE
10
468.1504
20
-288.7565
30
0.0
0
VERTEX
8
TRACED_LINE
10
479.1379
20
-288.7615
30
0.0
0
SEQEND
0
POLYLINE
8
TRACED_LINE
66
1
70
0
0
VERTEX
8
TRACED_LINE
10
462.6678
20
-289.0031
30
0.0
0
VERTEX
8
TRACED_LINE
10
465.1599
20
-288.8910
30
0.0
0
SEQEND
0
POLYLINE
8
TRACED_LINE
66
1
70
0
0
VERTEX
8
TRACED_LINE
10
376.4422
20
-292.8825
30
0.0
0
VERTEX
8
TRACED_LINE
10
390.3978
20
-292.2546
30
0.0
0
SEQEND
0
POLYLINE
8
TRACED_LINE
66
1
70
0
0
VERTEX
8
TRACED_LINE
10
162.1242
20
-302.5249
30
0.0
0
VERTEX
8
TRACED_LINE
10
158.8147
20
-306.6692
30
0.0
0
VERTEX
8
TRACED_LINE
10
159.7443
20
-305.1291
30
0.0
0
SEQEND
0
POLYLINE
8
TRACED_LINE
66
1
70
0
0
VERTEX
8
TRACED_LINE
10
320.0990
20
-294.9180
30
0.0
0
VERTEX
8
TRACED_LINE
10
333.5562
20
-294.3126
30
0.0
0
SEQEND
0
POLYLINE
8
TRACED_LINE
66
1
70
0
0
VERTEX
8
TRACED_LINE
10
224.8571
20
-298.2042
30
0.0
0
VERTEX
8
TRACED_LINE
10
238.3367
20
-298.0972
30
0.0
0
SEQEND
0
POLYLINE
8
TRACED_LINE
66
1
70
0
0
VERTEX
8
TRACED_LINE
10
1074.1097
20
-258.9965
30
0.0
0
VERTEX
8
TRACED_LINE
10
1073.2250
20
-261.5334
30
0.0
0
SEQEND
0
POLYLINE
8
TRACED_LINE
66
1
70
0
0
VERTEX
8
TRACED_LINE
10
989.7207
20
-259.2973
30
0.0
0
VERTEX
8
TRACED_LINE
10
989.4914
20
-265.3007
30
0.0
0
SEQEND
0
POLYLINE
8
TRACED_LINE
66
1
70
0
0
VERTEX
8
TRACED_LINE
10
986.6630
20
-257.9366
30
0.0
0
VERTEX
8
TRACED_LINE
10
983.3759
20
-262.5793
30
0.0
0
VERTEX
8
TRACED_LINE
10
983.8295
20
-261.5601
30
0.0
0
SEQEND
0
POLYLINE
8
TRACED_LINE
66
1
70
0
0
VERTEX
8
TRACED_LINE
10
691.6019
20
-271.2118
30
0.0
0
VERTEX
8
TRACED_LINE
10
691.4174
20
-278.2120
30
0.0
0
SEQEND
0
POLYLINE
8
TRACED_LINE
66
1
70
0
0
VERTEX
8
TRACED_LINE
10
1218.3806
20
-246.5125
30
0.0
0
VERTEX
8
TRACED_LINE
10
1218.7843
20
-255.4840
30
0.0
0
SEQEND
0
POLYLINE
8
TRACED_LINE
66
1
70
0
0
VERTEX
8
TRACED_LINE
10
993.0975
20
-256.6483
30
0.0
0
VERTEX
8
TRACED_LINE
10
991.6247
20
-257.2140
30
0.0
0
VERTEX
8
TRACED_LINE
10
994.5927
20
-256.5810
30
0.0
0
VERTEX
8
TRACED_LINE
10
995.6344
20
-257.5330
30
0.0
0
VERTEX
8
TRACED_LINE
10
994.7497
20
-260.0699
30
0.0
0
SEQEND
0
POLYLINE
8
TRACED_LINE
66
1
70
0
0
VERTEX
8
TRACED_LINE
10
1210.3611
20
-245.8745
30
0.0
0
VERTEX
8
TRACED_LINE
10
1210.3112
20
-255.8652
30
0.0
0
SEQEND
0
POLYLINE
8
TRACED_LINE
66
1
70
0
0
VERTEX
8
TRACED_LINE
10
1064.7570
20
-250.9271
30
0.0
0
VERTEX
8
TRACED_LINE
10
1064.7519
20
-261.9146
30
0.0
0
SEQEND
0
POLYLINE
8
TRACED_LINE
66
1
70
0
0
VERTEX
8
TRACED_LINE
10
683.4255
20
-267.0848
30
0.0
0
VERTEX
8
TRACED_LINE
10
679.4830
20
-268.2610
30
0.0
0
VERTEX
8
TRACED_LINE
10
677.1030
20
-270.8652
30
0.0
0
VERTEX
8
TRACED_LINE
10
674.8801
20
-276.9583
30
0.0
0
VERTEX
8
TRACED_LINE
10
677.1030
20
-270.8652
30
0.0
0
SEQEND
0
POLYLINE
8
TRACED_LINE
66
1
70
0
0
VERTEX
8
TRACED_LINE
10
1074.9770
20
-244.9736
30
0.0
0
VERTEX
8
TRACED_LINE
10
1066.1401
20
-248.3678
30
0.0
0
VERTEX
8
TRACED_LINE
10
1074.9770
20
-244.9736
30
0.0
0
VERTEX
8
TRACED_LINE
10
1077.9675
20
-244.8391
30
0.0
0
VERTEX
8
TRACED_LINE
10
1079.0316
20
-246.2895
30
0.0
0
SEQEND
0
POLYLINE
8
TRACED_LINE
66
1
70
0
0
VERTEX
8
TRACED_LINE
10
768.8163
20
-255.7516
30
0.0
0
VERTEX
8
TRACED_LINE
10
772.5294
20
-260.5788
30
0.0
0
VERTEX
8
TRACED_LINE
10
774.4334
20
-258.4955
30
0.0
0
SEQEND
0
POLYLINE
8
TRACED_LINE
66
1
70
0
0
VERTEX
8
TRACED_LINE
10
766.8226
20
-255.8413
30
0.0
0
VERTEX
8
TRACED_LINE
10
767.1763
20
-274.8035
30
0.0
0
SEQEND
0
POLYLINE
8
TRACED_LINE
66
1
70
0
0
VERTEX
8
TRACED_LINE
10
770.2443
20
-254.1891
30
0.0
0
VERTEX
8
TRACED_LINE
10
772.7812
20
-255.0738
30
0.0
0
SEQEND
0
POLYLINE
8
TRACED_LINE
66
1
70
0
0
VERTEX
8
TRACED_LINE
10
1198.0036
20
-171.0176
30
0.0
0
VERTEX
8
TRACED_LINE
10
1197.1189
20
-173.5545
30
0.0
0
VERTEX
8
TRACED_LINE
10
1200.8993
20
-179.8769
30
0.0
0
VERTEX
8
TRACED_LINE
10
1197.0965
20
-173.0561
30
0.0
0
SEQEND
0
POLYLINE
8
TRACED_LINE
66
1
70
0
0
VERTEX
8
TRACED_LINE
10
1435.4556
20
-153.8419
30
0.0
0
VERTEX
8
TRACED_LINE
10
1439.1505
20
-247.0677
30
0.0
0
SEQEND
0
POLYLINE
8
TRACED_LINE
66
1
70
0
0
VERTEX
8
TRACED_LINE
10
1361.1695
20
-156.6847
30
0.0
0
VERTEX
8
TRACED_LINE
10
1364.8420
20
-249.4121
30
0.0
0
SEQEND
0
POLYLINE
8
TRACED_LINE
66
1
70
0
0
VERTEX
8
TRACED_LINE
10
1285.9090
20
-160.0707
30
0.0
0
VERTEX
8
TRACED_LINE
10
1290.0575
20
-252.2773
30
0.0
0
SEQEND
0
POLYLINE
8
TRACED_LINE
66
1
70
0
0
VERTEX
8
TRACED_LINE
10
1215.1342
20
-163.2550
30
0.0
0
VERTEX
8
TRACED_LINE
10
1215.7172
20
-176.2137
30
0.0
0
SEQEND
0
POLYLINE
8
TRACED_LINE
66
1
70
0
0
VERTEX
8
TRACED_LINE
10
1211.6453
20
-163.4119
30
0.0
0
VERTEX
8
TRACED_LINE
10
1215.7938
20
-255.6185
30
0.0
0
SEQEND
0
POLYLINE
8
TRACED_LINE
66
1
70
0
0
VERTEX
8
TRACED_LINE
10
1206.6611
20
-163.6362
30
0.0
0
VERTEX
8
TRACED_LINE
10
1207.1096
20
-173.6044
30
0.0
0
SEQEND
0
POLYLINE
8
TRACED_LINE
66
1
70
0
0
VERTEX
8
TRACED_LINE
10
1136.3624
20
-166.2996
30
0.0
0
VERTEX
8
TRACED_LINE
10
1140.0348
20
-259.0270
30
0.0
0
SEQEND
0
POLYLINE
8
TRACED_LINE
66
1
70
0
0
VERTEX
8
TRACED_LINE
10
1436.8836
20
-152.2793
30
0.0
0
VERTEX
8
TRACED_LINE
10
1519.6427
20
-149.0553
30
0.0
0
VERTEX
8
TRACED_LINE
10
1530.6975
20
-150.5557
30
0.0
0
VERTEX
8
TRACED_LINE
10
1537.8771
20
-154.7274
30
0.0
0
VERTEX
8
TRACED_LINE
10
1543.1303
20
-160.4842
30
0.0
0
VERTEX
8
TRACED_LINE
10
1547.1126
20
-171.2923
30
0.0
0
VERTEX
8
TRACED_LINE
10
1548.3032
20
-242.1568
30
0.0
0
SEQEND
0
POLYLINE
8
TRACED_LINE
66
1
70
0
0
VERTEX
8
TRACED_LINE
10
1061.0794
20
-169.1872
30
0.0
0
VERTEX
8
TRACED_LINE
10
1064.6000
20
-247.4382
30
0.0
0
SEQEND
0
POLYLINE
8
TRACED_LINE
66
1
70
0
0
VERTEX
8
TRACED_LINE
10
985.8189
20
-172.5733
30
0.0
0
VERTEX
8
TRACED_LINE
10
989.0878
20
-256.3293
30
0.0
0
SEQEND
0
POLYLINE
8
TRACED_LINE
66
1
70
0
0
VERTEX
8
TRACED_LINE
10
910.5584
20
-175.9593
30
0.0
0
VERTEX
8
TRACED_LINE
10
914.7293
20
-268.6643
30
0.0
0
SEQEND
0
POLYLINE
8
TRACED_LINE
66
1
70
0
0
VERTEX
8
TRACED_LINE
10
1362.5974
20
-155.1221
30
0.0
0
VERTEX
8
TRACED_LINE
10
1433.8931
20
-152.4139
30
0.0
0
SEQEND
0
POLYLINE
8
TRACED_LINE
66
1
70
0
0
VERTEX
8
TRACED_LINE
10
1287.3369
20
-158.5082
30
0.0
0
VERTEX
8
TRACED_LINE
10
1359.6070
20
-155.2567
30
0.0
0
SEQEND
0
POLYLINE
8
TRACED_LINE
66
1
70
0
0
VERTEX
8
TRACED_LINE
10
1216.5622
20
-161.6924
30
0.0
0
VERTEX
8
TRACED_LINE
10
1284.3465
20
-158.6427
30
0.0
0
SEQEND
0
POLYLINE
8
TRACED_LINE
66
1
70
0
0
VERTEX
8
TRACED_LINE
10
836.2723
20
-178.8021
30
0.0
0
VERTEX
8
TRACED_LINE
10
839.7929
20
-257.0531
30
0.0
0
SEQEND
0
POLYLINE
8
TRACED_LINE
66
1
70
0
0
VERTEX
8
TRACED_LINE
10
1137.7903
20
-164.7371
30
0.0
0
VERTEX
8
TRACED_LINE
10
1205.0986
20
-162.2082
30
0.0
0
SEQEND
0
POLYLINE
8
TRACED_LINE
66
1
70
0
0
VERTEX
8
TRACED_LINE
10
763.4814
20
-181.5777
30
0.0
0
VERTEX
8
TRACED_LINE
10
766.1897
20
-252.8733
30
0.0
0
SEQEND
0
POLYLINE
8
TRACED_LINE
66
1
70
0
0
VERTEX
8
TRACED_LINE
10
687.7225
20
-184.9861
30
0.0
0
VERTEX
8
TRACED_LINE
10
691.4225
20
-267.2245
30
0.0
0
SEQEND
0
POLYLINE
8
TRACED_LINE
66
1
70
0
0
VERTEX
8
TRACED_LINE
10
1062.0090
20
-167.6471
30
0.0
0
VERTEX
8
TRACED_LINE
10
1134.7998
20
-164.8716
30
0.0
0
SEQEND
0
POLYLINE
8
TRACED_LINE
66
1
70
0
0
VERTEX
8
TRACED_LINE
10
987.2469
20
-171.0108
30
0.0
0
VERTEX
8
TRACED_LINE
10
1060.0153
20
-167.7368
30
0.0
0
SEQEND
0
POLYLINE
8
TRACED_LINE
66
1
70
0
0
VERTEX
8
TRACED_LINE
10
911.9864
20
-174.3968
30
0.0
0
VERTEX
8
TRACED_LINE
10
984.2564
20
-171.1453
30
0.0
0
SEQEND
0
POLYLINE
8
TRACED_LINE
66
1
70
0
0
VERTEX
8
TRACED_LINE
10
613.9348
20
-187.8065
30
0.0
0
VERTEX
8
TRACED_LINE
10
617.6522
20
-281.5308
30
0.0
0
SEQEND
0
POLYLINE
8
TRACED_LINE
66
1
70
0
0
VERTEX
8
TRACED_LINE
10
538.1759
20
-191.2150
30
0.0
0
VERTEX
8
TRACED_LINE
10
542.3692
20
-284.4184
30
0.0
0
SEQEND
0
POLYLINE
8
TRACED_LINE
66
1
70
0
0
VERTEX
8
TRACED_LINE
10
463.4138
20
-194.5786
30
0.0
0
VERTEX
8
TRACED_LINE
10
466.5879
20
-287.3285
30
0.0
0
SEQEND
0
POLYLINE
8
TRACED_LINE
66
1
70
0
0
VERTEX
8
TRACED_LINE
10
837.7003
20
-177.2396
30
0.0
0
VERTEX
8
TRACED_LINE
10
908.9959
20
-174.5314
30
0.0
0
SEQEND
0
POLYLINE
8
TRACED_LINE
66
1
70
0
0
VERTEX
8
TRACED_LINE
10
388.6293
20
-197.4439
30
0.0
0
VERTEX
8
TRACED_LINE
10
392.3242
20
-290.6697
30
0.0
0
SEQEND
0
POLYLINE
8
TRACED_LINE
66
1
70
0
0
VERTEX
8
TRACED_LINE
10
314.8640
20
-200.7627
30
0.0
0
VERTEX
8
TRACED_LINE
10
318.0829
20
-294.5093
30
0.0
0
SEQEND
0
POLYLINE
8
TRACED_LINE
66
1
70
0
0
VERTEX
8
TRACED_LINE
10
60.1745
20
-212.2214
30
0.0
0
VERTEX
8
TRACED_LINE
10
65.0680
20
-309.8882
30
0.0
0
SEQEND
0
POLYLINE
8
TRACED_LINE
66
1
70
0
0
VERTEX
8
TRACED_LINE
10
763.9126
20
-180.0600
30
0.0
0
VERTEX
8
TRACED_LINE
10
834.7098
20
-177.3742
30
0.0
0
SEQEND
0
POLYLINE
8
TRACED_LINE
66
1
70
0
0
VERTEX
8
TRACED_LINE
10
689.1505
20
-183.4236
30
0.0
0
VERTEX
8
TRACED_LINE
10
761.9189
20
-180.1497
30
0.0
0
SEQEND
0
POLYLINE
8
TRACED_LINE
66
1
70
0
0
VERTEX
8
TRACED_LINE
10
9.8122
20
-213.9879
30
0.0
0
VERTEX
8
TRACED_LINE
10
32.8072
20
-702.8871
30
0.0
0
SEQEND
0
POLYLINE
8
TRACED_LINE
66
1
70
0
0
VERTEX
8
TRACED_LINE
10
614.3660
20
-186.2889
30
0.0
0
VERTEX
8
TRACED_LINE
10
686.1600
20
-183.5582
30
0.0
0
SEQEND
0
POLYLINE
8
TRACED_LINE
66
1
70
0
0
VERTEX
8
TRACED_LINE
10
539.6039
20
-189.6525
30
0.0
0
VERTEX
8
TRACED_LINE
10
612.3723
20
-186.3786
30
0.0
0
SEQEND
0
POLYLINE
8
TRACED_LINE
66
1
70
0
0
VERTEX
8
TRACED_LINE
10
464.3209
20
-192.5401
30
0.0
0
VERTEX
8
TRACED_LINE
10
536.6134
20
-189.7870
30
0.0
0
SEQEND
0
POLYLINE
8
TRACED_LINE
66
1
70
0
0
VERTEX
8
TRACED_LINE
10
389.5588
20
-195.9038
30
0.0
0
VERTEX
8
TRACED_LINE
10
461.8513
20
-193.1507
30
0.0
0
SEQEND
0
POLYLINE
8
TRACED_LINE
66
1
70
0
0
VERTEX
8
TRACED_LINE
10
315.7936
20
-199.2226
30
0.0
0
VERTEX
8
TRACED_LINE
10
387.5652
20
-195.9935
30
0.0
0
SEQEND
0
POLYLINE
8
TRACED_LINE
66
1
70
0
0
VERTEX
8
TRACED_LINE
10
241.0315
20
-202.5862
30
0.0
0
VERTEX
8
TRACED_LINE
10
236.1146
20
-204.3057
30
0.0
0
VERTEX
8
TRACED_LINE
10
227.3898
20
-210.1919
30
0.0
0
VERTEX
8
TRACED_LINE
10
223.6267
20
-215.3554
30
0.0
0
VERTEX
8
TRACED_LINE
10
220.0879
20
-225.5031
30
0.0
0
VERTEX
8
TRACED_LINE
10
222.8186
20
-297.2971
30
0.0
0
VERTEX
8
TRACED_LINE
10
220.0828
20
-236.4906
30
0.0
0
VERTEX
8
TRACED_LINE
10
220.5415
20
-224.4838
30
0.0
0
SEQEND
0
POLYLINE
8
TRACED_LINE
66
1
70
0
0
VERTEX
8
TRACED_LINE
10
62.1009
20
-210.6365
30
0.0
0
VERTEX
8
TRACED_LINE
10
137.3838
20
-207.7489
30
0.0
0
VERTEX
8
TRACED_LINE
10
143.9304
20
-208.9526
30
0.0
0
VERTEX
8
TRACED_LINE
10
150.5668
20
-212.1500
30
0.0
0
VERTEX
8
TRACED_LINE
10
157.3601
20
-218.8362
30
0.0
0
VERTEX
8
TRACED_LINE
10
161.3648
20
-230.1428
30
0.0
0
VERTEX
8
TRACED_LINE
10
164.5490
20
-300.9176
30
0.0
0
SEQEND
0
POLYLINE
8
TRACED_LINE
66
1
70
0
0
VERTEX
8
TRACED_LINE
10
11.2402
20
-212.4254
30
0.0
0
VERTEX
8
TRACED_LINE
10
59.1104
20
-210.7710
30
0.0
0
SEQEND
0
POLYLINE
8
TRACED_LINE
66
1
70
0
0
VERTEX
8
TRACED_LINE
10
1429.2085
20
-92.6939
30
0.0
0
VERTEX
8
TRACED_LINE
10
1431.3143
20
-95.0963
30
0.0
0
SEQEND
0
POLYLINE
8
TRACED_LINE
66
1
70
0
0
VERTEX
8
TRACED_LINE
10
1362.3313
20
-93.7051
30
0.0
0
VERTEX
8
TRACED_LINE
10
1359.8617
20
-94.3156
30
0.0
0
VERTEX
8
TRACED_LINE
10
1425.1539
20
-91.3781
30
0.0
0
SEQEND
0
POLYLINE
8
TRACED_LINE
66
1
70
0
0
VERTEX
8
TRACED_LINE
10
1285.0772
20
-97.1809
30
0.0
0
VERTEX
8
TRACED_LINE
10
1357.8680
20
-94.4053
30
0.0
0
SEQEND
0
POLYLINE
8
TRACED_LINE
66
1
70
0
0
VERTEX
8
TRACED_LINE
10
1214.3024
20
-100.3651
30
0.0
0
VERTEX
8
TRACED_LINE
10
1282.0867
20
-97.3154
30
0.0
0
SEQEND
0
POLYLINE
8
TRACED_LINE
66
1
70
0
0
VERTEX
8
TRACED_LINE
10
1205.3309
20
-100.7687
30
0.0
0
VERTEX
8
TRACED_LINE
10
1207.8230
20
-100.6566
30
0.0
0
SEQEND
0
POLYLINE
8
TRACED_LINE
66
1
70
0
0
VERTEX
8
TRACED_LINE
10
1135.0321
20
-103.4321
30
0.0
0
VERTEX
8
TRACED_LINE
10
1202.3404
20
-100.9033
30
0.0
0
SEQEND
0
POLYLINE
8
TRACED_LINE
66
1
70
0
0
VERTEX
8
TRACED_LINE
10
1059.7716
20
-106.8182
30
0.0
0
VERTEX
8
TRACED_LINE
10
1132.0417
20
-103.5667
30
0.0
0
SEQEND
0
POLYLINE
8
TRACED_LINE
66
1
70
0
0
VERTEX
8
TRACED_LINE
10
986.9808
20
-109.5937
30
0.0
0
VERTEX
8
TRACED_LINE
10
984.5111
20
-110.2043
30
0.0
0
VERTEX
8
TRACED_LINE
10
1054.2891
20
-107.0649
30
0.0
0
SEQEND
0
POLYLINE
8
TRACED_LINE
66
1
70
0
0
VERTEX
8
TRACED_LINE
10
909.7266
20
-113.0695
30
0.0
0
VERTEX
8
TRACED_LINE
10
982.5175
20
-110.2940
30
0.0
0
SEQEND
0
POLYLINE
8
TRACED_LINE
66
1
70
0
0
VERTEX
8
TRACED_LINE
10
835.9389
20
-115.8899
30
0.0
0
VERTEX
8
TRACED_LINE
10
906.7361
20
-113.2040
30
0.0
0
SEQEND
0
POLYLINE
8
TRACED_LINE
66
1
70
0
0
VERTEX
8
TRACED_LINE
10
762.6721
20
-119.1862
30
0.0
0
VERTEX
8
TRACED_LINE
10
833.4468
20
-116.0020
30
0.0
0
SEQEND
0
POLYLINE
8
TRACED_LINE
66
1
70
0
0
VERTEX
8
TRACED_LINE
10
307.1217
20
-139.6820
30
0.0
0
VERTEX
8
TRACED_LINE
10
308.7291
20
-142.1068
30
0.0
0
VERTEX
8
TRACED_LINE
10
311.7868
20
-143.4675
30
0.0
0
VERTEX
8
TRACED_LINE
10
315.7293
20
-142.2912
30
0.0
0
VERTEX
8
TRACED_LINE
10
317.0900
20
-139.2335
30
0.0
0
SEQEND
0
POLYLINE
8
TRACED_LINE
66
1
70
0
0
VERTEX
8
TRACED_LINE
10
686.8907
20
-122.0963
30
0.0
0
VERTEX
8
TRACED_LINE
10
759.6816
20
-119.3208
30
0.0
0
SEQEND
0
POLYLINE
8
TRACED_LINE
66
1
70
0
0
VERTEX
8
TRACED_LINE
10
612.6270
20
-125.4375
30
0.0
0
VERTEX
8
TRACED_LINE
10
683.9002
20
-122.2308
30
0.0
0
SEQEND
0
POLYLINE
8
TRACED_LINE
66
1
70
0
0
VERTEX
8
TRACED_LINE
10
537.8425
20
-128.3027
30
0.0
0
VERTEX
8
TRACED_LINE
10
609.6365
20
-125.5720
30
0.0
0
SEQEND
0
POLYLINE
8
TRACED_LINE
66
1
70
0
0
VERTEX
8
TRACED_LINE
10
462.5596
20
-131.1904
30
0.0
0
VERTEX
8
TRACED_LINE
10
534.8520
20
-128.4373
30
0.0
0
SEQEND
0
POLYLINE
8
TRACED_LINE
66
1
70
0
0
VERTEX
8
TRACED_LINE
10
386.8006
20
-134.5989
30
0.0
0
VERTEX
8
TRACED_LINE
10
459.5691
20
-131.3249
30
0.0
0
SEQEND
0
POLYLINE
8
TRACED_LINE
66
1
70
0
0
VERTEX
8
TRACED_LINE
10
6.5108
20
-151.7085
30
0.0
0
VERTEX
8
TRACED_LINE
10
9.6777
20
-210.9974
30
0.0
0
SEQEND
0
POLYLINE
8
TRACED_LINE
66
1
70
0
0
VERTEX
8
TRACED_LINE
10
325.9717
20
-136.8362
30
0.0
0
VERTEX
8
TRACED_LINE
10
319.0164
20
-137.6486
30
0.0
0
VERTEX
8
TRACED_LINE
10
377.8068
20
-134.5041
30
0.0
0
SEQEND
0
POLYLINE
8
TRACED_LINE
66
1
70
0
0
VERTEX
8
TRACED_LINE
10
237.7300
20
-140.3069
30
0.0
0
VERTEX
8
TRACED_LINE
10
305.5592
20
-138.2540
30
0.0
0
SEQEND
0
POLYLINE
8
TRACED_LINE
66
1
70
0
0
VERTEX
8
TRACED_LINE
10
163.9423
20
-143.1272
30
0.0
0
VERTEX
8
TRACED_LINE
10
234.7395
20
-140.4414
30
0.0
0
SEQEND
0
POLYLINE
8
TRACED_LINE
66
1
70
0
0
VERTEX
8
TRACED_LINE
10
59.2530
20
-147.3379
30
0.0
0
VERTEX
8
TRACED_LINE
10
160.4534
20
-143.2842
30
0.0
0
SEQEND
0
POLYLINE
8
TRACED_LINE
66
1
70
0
0
VERTEX
8
TRACED_LINE
10
9.4116
20
-149.5803
30
0.0
0
VERTEX
8
TRACED_LINE
10
8.4372
20
-150.1236
30
0.0
0
VERTEX
8
TRACED_LINE
10
54.7897
20
-148.0382
30
0.0
0
SEQEND
0
POLYLINE
8
TRACED_LINE
66
1
70
0
0
VERTEX
8
TRACED_LINE
10
1425.2935
20
-83.3810
30
0.0
0
VERTEX
8
TRACED_LINE
10
1429.9362
20
-86.6681
30
0.0
0
SEQEND
0
POLYLINE
8
TRACED_LINE
66
1
70
0
0
VERTEX
8
TRACED_LINE
10
314.3288
20
-133.3646
30
0.0
0
VERTEX
8
TRACED_LINE
10
316.3897
20
-134.7702
30
0.0
0
VERTEX
8
TRACED_LINE
10
316.9778
20
-136.7414
30
0.0
0
SEQEND
0
POLYLINE
8
TRACED_LINE
66
1
70
0
0
VERTEX
8
TRACED_LINE
10
310.3191
20
-133.0456
30
0.0
0
VERTEX
8
TRACED_LINE
10
306.9871
20
-136.6915
30
0.0
0
VERTEX
8
TRACED_LINE
10
307.9391
20
-135.6498
30
0.0
0
SEQEND
0
POLYLINE
8
TRACED_LINE
66
1
70
0
0
VERTEX
8
TRACED_LINE
10
1211.9275
20
-91.9818
30
0.0
0
VERTEX
8
TRACED_LINE
10
1212.7399
20
-98.9371
30
0.0
0
SEQEND
0
POLYLINE
8
TRACED_LINE
66
1
70
0
0
VERTEX
8
TRACED_LINE
10
1203.3424
20
-89.8709
30
0.0
0
VERTEX
8
TRACED_LINE
10
1203.7684
20
-99.3408
30
0.0
0
SEQEND
0
POLYLINE
8
TRACED_LINE
66
1
70
0
0
VERTEX
8
TRACED_LINE
10
1422.4427
20
-75.5185
30
0.0
0
VERTEX
8
TRACED_LINE
10
1428.5806
20
-78.7383
30
0.0
0
VERTEX
8
TRACED_LINE
10
1429.1239
20
-79.7127
30
0.0
0
VERTEX
8
TRACED_LINE
10
1426.2007
20
-81.3425
30
0.0
0
SEQEND
0
POLYLINE
8
TRACED_LINE
66
1
70
0
0
VERTEX
8
TRACED_LINE
10
-515.3980
20
-129.2429
30
0.0
0
VERTEX
8
TRACED_LINE
10
-454.2928
20
-1587.3056
30
0.0
0
VERTEX
8
TRACED_LINE
10
-453.2512
20
-1588.2576
30
0.0
0
VERTEX
8
TRACED_LINE
10
116.5257
20
-1564.6204
30
0.0
0
SEQEND
0
POLYLINE
8
TRACED_LINE
66
1
70
0
0
VERTEX
8
TRACED_LINE
10
905.1817
20
-45.3525
30
0.0
0
VERTEX
8
TRACED_LINE
10
908.1641
20
-111.6415
30
0.0
0
SEQEND
0
POLYLINE
8
TRACED_LINE
66
1
70
0
0
VERTEX
8
TRACED_LINE
10
906.6096
20
-43.7899
30
0.0
0
VERTEX
8
TRACED_LINE
10
909.1017
20
-43.6778
30
0.0
0
SEQEND
0
POLYLINE
8
TRACED_LINE
66
1
70
0
0
VERTEX
8
TRACED_LINE
10
980.3301
20
-39.4743
30
0.0
0
VERTEX
8
TRACED_LINE
10
983.4470
20
-108.7539
30
0.0
0
SEQEND
0
POLYLINE
8
TRACED_LINE
66
1
70
0
0
VERTEX
8
TRACED_LINE
10
961.7990
20
-38.3104
30
0.0
0
VERTEX
8
TRACED_LINE
10
978.7675
20
-38.0464
30
0.0
0
SEQEND
0
POLYLINE
8
TRACED_LINE
66
1
70
0
0
VERTEX
8
TRACED_LINE
10
902.9862
20
-40.9564
30
0.0
0
VERTEX
8
TRACED_LINE
10
903.1207
20
-43.9469
30
0.0
0
SEQEND
0
POLYLINE
8
TRACED_LINE
66
1
70
0
0
VERTEX
8
TRACED_LINE
10
1419.0791
20
-0.7564
30
0.0
0
VERTEX
8
TRACED_LINE
10
1423.2009
20
-3.5675
30
0.0
0
SEQEND
0
POLYLINE
8
TRACED_LINE
66
1
70
0
0
VERTEX
8
TRACED_LINE
10
1424.0183
20
0.4647
30
0.0
0
VERTEX
8
TRACED_LINE
10
1424.6289
20
-2.0050
30
0.0
0
SEQEND
0
POLYLINE
8
TRACED_LINE
66
1
70
0
0
VERTEX
8
TRACED_LINE
10
1001.3184
20
-17.5543
30
0.0
0
VERTEX
8
TRACED_LINE
10
999.9129
20
-19.6152
30
0.0
0
SEQEND
0
POLYLINE
8
TRACED_LINE
66
1
70
0
0
VERTEX
8
TRACED_LINE
10
1544.7966
20
13.3900
30
0.0
0
VERTEX
8
TRACED_LINE
10
1545.8251
20
-64.9732
30
0.0
0
VERTEX
8
TRACED_LINE
10
1542.3760
20
-77.1145
30
0.0
0
VERTEX
8
TRACED_LINE
10
1536.6865
20
-83.8630
30
0.0
0
VERTEX
8
TRACED_LINE
10
1525.9232
20
-88.8420
30
0.0
0
VERTEX
8
TRACED_LINE
10
1503.9257
20
-88.3334
30
0.0
0
VERTEX
8
TRACED_LINE
10
1437.1159
20
-90.8399
30
0.0
0
SEQEND
0
POLYLINE
8
TRACED_LINE
66
1
70
0
0
VERTEX
8
TRACED_LINE
10
1428.6437
20
8.6635
30
0.0
0
VERTEX
8
TRACED_LINE
10
1432.9043
20
-86.0351
30
0.0
0
SEQEND
0
POLYLINE
8
TRACED_LINE
66
1
70
0
0
VERTEX
8
TRACED_LINE
10
1418.1770
20
8.1926
30
0.0
0
VERTEX
8
TRACED_LINE
10
1420.3052
20
5.2918
30
0.0
0
VERTEX
8
TRACED_LINE
10
1424.4046
20
2.9791
30
0.0
0
SEQEND
0
POLYLINE
8
TRACED_LINE
66
1
70
0
0
VERTEX
8
TRACED_LINE
10
1354.3800
20
5.3223
30
0.0
0
VERTEX
8
TRACED_LINE
10
1358.7976
20
-92.8652
30
0.0
0
SEQEND
0
POLYLINE
8
TRACED_LINE
66
1
70
0
0
VERTEX
8
TRACED_LINE
10
1279.5955
20
2.4571
30
0.0
0
VERTEX
8
TRACED_LINE
10
1283.5147
20
-95.7529
30
0.0
0
SEQEND
0
POLYLINE
8
TRACED_LINE
66
1
70
0
0
VERTEX
8
TRACED_LINE
10
1209.3191
20
-0.7047
30
0.0
0
VERTEX
8
TRACED_LINE
10
1209.3140
20
-11.6923
30
0.0
0
SEQEND
0
POLYLINE
8
TRACED_LINE
66
1
70
0
0
VERTEX
8
TRACED_LINE
10
1205.3318
20
-0.8841
30
0.0
0
VERTEX
8
TRACED_LINE
10
1209.2510
20
-99.0941
30
0.0
0
SEQEND
0
POLYLINE
8
TRACED_LINE
66
1
70
0
0
VERTEX
8
TRACED_LINE
10
1200.3477
20
-1.1084
30
0.0
0
VERTEX
8
TRACED_LINE
10
1200.7737
20
-10.5782
30
0.0
0
SEQEND
0
POLYLINE
8
TRACED_LINE
66
1
70
0
0
VERTEX
8
TRACED_LINE
10
1129.5729
20
-4.2926
30
0.0
0
VERTEX
8
TRACED_LINE
10
1133.4696
20
-102.0042
30
0.0
0
SEQEND
0
POLYLINE
8
TRACED_LINE
66
1
70
0
0
VERTEX
8
TRACED_LINE
10
1054.2900
20
-7.1803
30
0.0
0
VERTEX
8
TRACED_LINE
10
1058.2091
20
-105.3902
30
0.0
0
SEQEND
0
POLYLINE
8
TRACED_LINE
66
1
70
0
0
VERTEX
8
TRACED_LINE
10
979.0294
20
-10.5663
30
0.0
0
VERTEX
8
TRACED_LINE
10
980.1731
20
-35.9854
30
0.0
0
SEQEND
0
POLYLINE
8
TRACED_LINE
66
1
70
0
0
VERTEX
8
TRACED_LINE
10
903.7689
20
-13.9524
30
0.0
0
VERTEX
8
TRACED_LINE
10
904.8677
20
-38.3747
30
0.0
0
SEQEND
0
POLYLINE
8
TRACED_LINE
66
1
70
0
0
VERTEX
8
TRACED_LINE
10
1430.0717
20
10.2260
30
0.0
0
VERTEX
8
TRACED_LINE
10
1543.2341
20
14.8179
30
0.0
0
SEQEND
0
POLYLINE
8
TRACED_LINE
66
1
70
0
0
VERTEX
8
TRACED_LINE
10
1419.6050
20
9.7551
30
0.0
0
VERTEX
8
TRACED_LINE
10
1427.0812
20
10.0915
30
0.0
0
SEQEND
0
POLYLINE
8
TRACED_LINE
66
1
70
0
0
VERTEX
8
TRACED_LINE
10
1355.8080
20
6.8848
30
0.0
0
VERTEX
8
TRACED_LINE
10
1416.6145
20
9.6206
30
0.0
0
SEQEND
0
POLYLINE
8
TRACED_LINE
66
1
70
0
0
VERTEX
8
TRACED_LINE
10
830.4797
20
-16.7503
30
0.0
0
VERTEX
8
TRACED_LINE
10
834.3764
20
-114.4619
30
0.0
0
SEQEND
0
POLYLINE
8
TRACED_LINE
66
1
70
0
0
VERTEX
8
TRACED_LINE
10
758.2096
20
-20.0018
30
0.0
0
VERTEX
8
TRACED_LINE
10
761.6080
20
-117.7358
30
0.0
0
SEQEND
0
POLYLINE
8
TRACED_LINE
66
1
70
0
0
VERTEX
8
TRACED_LINE
10
680.9555
20
-23.4776
30
0.0
0
VERTEX
8
TRACED_LINE
10
685.3282
20
-120.6683
30
0.0
0
SEQEND
0
POLYLINE
8
TRACED_LINE
66
1
70
0
0
VERTEX
8
TRACED_LINE
10
1314.9156
20
5.5444
30
0.0
0
VERTEX
8
TRACED_LINE
10
1312.4460
20
4.9339
30
0.0
0
VERTEX
8
TRACED_LINE
10
1350.3254
20
6.6382
30
0.0
0
SEQEND
0
POLYLINE
8
TRACED_LINE
66
1
70
0
0
VERTEX
8
TRACED_LINE
10
1281.0235
20
4.0196
30
0.0
0
VERTEX
8
TRACED_LINE
10
1309.9315
20
5.3202
30
0.0
0
SEQEND
0
POLYLINE
8
TRACED_LINE
66
1
70
0
0
VERTEX
8
TRACED_LINE
10
1210.7471
20
0.8578
30
0.0
0
VERTEX
8
TRACED_LINE
10
1278.0330
20
3.8851
30
0.0
0
SEQEND
0
POLYLINE
8
TRACED_LINE
66
1
70
0
0
VERTEX
8
TRACED_LINE
10
1131.0009
20
-2.7301
30
0.0
0
VERTEX
8
TRACED_LINE
10
1198.7852
20
0.3196
30
0.0
0
SEQEND
0
POLYLINE
8
TRACED_LINE
66
1
70
0
0
VERTEX
8
TRACED_LINE
10
607.1678
20
-26.2980
30
0.0
0
VERTEX
8
TRACED_LINE
10
611.0645
20
-124.0095
30
0.0
0
SEQEND
0
POLYLINE
8
TRACED_LINE
66
1
70
0
0
VERTEX
8
TRACED_LINE
10
531.9073
20
-29.6840
30
0.0
0
VERTEX
8
TRACED_LINE
10
536.2800
20
-126.8748
30
0.0
0
SEQEND
0
POLYLINE
8
TRACED_LINE
66
1
70
0
0
VERTEX
8
TRACED_LINE
10
1055.7179
20
-5.6177
30
0.0
0
VERTEX
8
TRACED_LINE
10
1128.0104
20
-2.8646
30
0.0
0
SEQEND
0
POLYLINE
8
TRACED_LINE
66
1
70
0
0
VERTEX
8
TRACED_LINE
10
980.4574
20
-9.0038
30
0.0
0
VERTEX
8
TRACED_LINE
10
1052.7274
20
-5.7523
30
0.0
0
SEQEND
0
POLYLINE
8
TRACED_LINE
66
1
70
0
0
VERTEX
8
TRACED_LINE
10
905.1969
20
-12.3899
30
0.0
0
VERTEX
8
TRACED_LINE
10
977.4669
20
-9.1383
30
0.0
0
SEQEND
0
POLYLINE
8
TRACED_LINE
66
1
70
0
0
VERTEX
8
TRACED_LINE
10
456.6243
20
-32.5717
30
0.0
0
VERTEX
8
TRACED_LINE
10
460.9971
20
-129.7624
30
0.0
0
SEQEND
0
POLYLINE
8
TRACED_LINE
66
1
70
0
0
VERTEX
8
TRACED_LINE
10
831.9076
20
-15.1878
30
0.0
0
VERTEX
8
TRACED_LINE
10
902.2064
20
-12.5244
30
0.0
0
SEQEND
0
POLYLINE
8
TRACED_LINE
66
1
70
0
0
VERTEX
8
TRACED_LINE
10
759.1392
20
-18.4617
30
0.0
0
VERTEX
8
TRACED_LINE
10
828.9171
20
-15.3224
30
0.0
0
SEQEND
0
POLYLINE
8
TRACED_LINE
66
1
70
0
0
VERTEX
8
TRACED_LINE
10
682.3834
20
-21.9151
30
0.0
0
VERTEX
8
TRACED_LINE
10
756.1487
20
-18.5963
30
0.0
0
SEQEND
0
POLYLINE
8
TRACED_LINE
66
1
70
0
0
VERTEX
8
TRACED_LINE
10
381.3414
20
-35.4593
30
0.0
0
VERTEX
8
TRACED_LINE
10
385.7365
20
-133.1485
30
0.0
0
SEQEND
0
POLYLINE
8
TRACED_LINE
66
1
70
0
0
VERTEX
8
TRACED_LINE
10
608.0973
20
-24.7579
30
0.0
0
VERTEX
8
TRACED_LINE
10
679.3930
20
-22.0496
30
0.0
0
SEQEND
0
POLYLINE
8
TRACED_LINE
66
1
70
0
0
VERTEX
8
TRACED_LINE
10
308.5505
20
-38.2348
30
0.0
0
VERTEX
8
TRACED_LINE
10
312.7439
20
-131.4383
30
0.0
0
SEQEND
0
POLYLINE
8
TRACED_LINE
66
1
70
0
0
VERTEX
8
TRACED_LINE
10
231.7948
20
-41.6882
30
0.0
0
VERTEX
8
TRACED_LINE
10
236.1675
20
-138.8789
30
0.0
0
SEQEND
0
POLYLINE
8
TRACED_LINE
66
1
70
0
0
VERTEX
8
TRACED_LINE
10
158.0295
20
-45.0070
30
0.0
0
VERTEX
8
TRACED_LINE
10
162.3798
20
-141.6993
30
0.0
0
SEQEND
0
POLYLINE
8
TRACED_LINE
66
1
70
0
0
VERTEX
8
TRACED_LINE
10
537.3001
20
-27.4437
30
0.0
0
VERTEX
8
TRACED_LINE
10
533.3352
20
-28.1215
30
0.0
0
VERTEX
8
TRACED_LINE
10
602.1164
20
-25.0270
30
0.0
0
SEQEND
0
POLYLINE
8
TRACED_LINE
66
1
70
0
0
VERTEX
8
TRACED_LINE
10
458.0523
20
-31.0092
30
0.0
0
VERTEX
8
TRACED_LINE
10
530.3448
20
-28.2561
30
0.0
0
SEQEND
0
POLYLINE
8
TRACED_LINE
66
1
70
0
0
VERTEX
8
TRACED_LINE
10
382.7694
20
-33.8968
30
0.0
0
VERTEX
8
TRACED_LINE
10
455.0618
20
-31.1437
30
0.0
0
SEQEND
0
POLYLINE
8
TRACED_LINE
66
1
70
0
0
VERTEX
8
TRACED_LINE
10
309.9785
20
-36.6723
30
0.0
0
VERTEX
8
TRACED_LINE
10
379.7789
20
-34.0314
30
0.0
0
SEQEND
0
POLYLINE
8
TRACED_LINE
66
1
70
0
0
VERTEX
8
TRACED_LINE
10
233.2228
20
-40.1257
30
0.0
0
VERTEX
8
TRACED_LINE
10
307.9848
20
-36.7620
30
0.0
0
SEQEND
0
POLYLINE
8
TRACED_LINE
66
1
70
0
0
VERTEX
8
TRACED_LINE
10
159.4575
20
-43.4445
30
0.0
0
VERTEX
8
TRACED_LINE
10
231.2291
20
-40.2154
30
0.0
0
SEQEND
0
POLYLINE
8
TRACED_LINE
66
1
70
0
0
VERTEX
8
TRACED_LINE
10
66.7301
20
-47.1169
30
0.0
0
VERTEX
8
TRACED_LINE
10
156.4670
20
-43.5790
30
0.0
0
SEQEND
0
POLYLINE
8
TRACED_LINE
66
1
70
0
0
VERTEX
8
TRACED_LINE
10
53.7713
20
-47.7000
30
0.0
0
VERTEX
8
TRACED_LINE
10
52.8193
20
-48.7417
30
0.0
0
VERTEX
8
TRACED_LINE
10
57.2145
20
-146.4308
30
0.0
0
VERTEX
8
TRACED_LINE
10
56.7660
20
-136.4625
30
0.0
0
SEQEND
0
POLYLINE
8
TRACED_LINE
66
1
70
0
0
VERTEX
8
TRACED_LINE
10
1313.6048
20
12.4774
30
0.0
0
VERTEX
8
TRACED_LINE
10
1311.3594
20
6.8827
30
0.0
0
SEQEND
0
POLYLINE
8
TRACED_LINE
66
1
70
0
0
VERTEX
8
TRACED_LINE
10
68.3874
20
-39.5510
30
0.0
0
VERTEX
8
TRACED_LINE
10
65.1675
20
-45.6890
30
0.0
0
SEQEND
0
POLYLINE
8
TRACED_LINE
66
1
70
0
0
VERTEX
8
TRACED_LINE
10
92.2541
20
-15.0044
30
0.0
0
VERTEX
8
TRACED_LINE
10
85.9093
20
-18.2864
30
0.0
0
VERTEX
8
TRACED_LINE
10
89.8293
20
-16.6117
30
0.0
0
SEQEND
0
POLYLINE
8
TRACED_LINE
66
1
70
0
0
VERTEX
8
TRACED_LINE
10
1624.8597
20
65.4361
30
0.0
0
VERTEX
8
TRACED_LINE
10
1634.7854
20
-810.1050
30
0.0
0
VERTEX
8
TRACED_LINE
10
1637.0422
20
-926.8684
30
0.0
0
VERTEX
8
TRACED_LINE
10
1635.7784
20
-965.3809
30
0.0
0
VERTEX
8
TRACED_LINE
10
1637.5774
20
-994.2664
30
0.0
0
VERTEX
8
TRACED_LINE
10
1636.9618
20
-1002.7843
30
0.0
0
VERTEX
8
TRACED_LINE
10
1638.8628
20
-1056.1370
30
0.0
0
VERTEX
8
TRACED_LINE
10
1639.7364
20
-1175.4598
30
0.0
0
SEQEND
0
POLYLINE
8
TRACED_LINE
66
1
70
0
0
VERTEX
8
TRACED_LINE
10
1544.0270
20
63.7970
30
0.0
0
VERTEX
8
TRACED_LINE
10
1544.6620
20
16.3804
30
0.0
0
SEQEND
0
POLYLINE
8
TRACED_LINE
66
1
70
0
0
VERTEX
8
TRACED_LINE
10
1531.0682
20
63.2140
30
0.0
0
VERTEX
8
TRACED_LINE
10
1531.1803
20
60.7219
30
0.0
0
VERTEX
8
TRACED_LINE
10
1533.2413
20
59.3164
30
0.0
0
SEQEND
0
POLYLINE
8
TRACED_LINE
66
1
70
0
0
VERTEX
8
TRACED_LINE
10
1355.6041
20
55.8191
30
0.0
0
VERTEX
8
TRACED_LINE
10
1355.7386
20
52.8286
30
0.0
0
VERTEX
8
TRACED_LINE
10
1354.3106
20
51.2661
30
0.0
0
SEQEND
0
POLYLINE
8
TRACED_LINE
66
1
70
0
0
VERTEX
8
TRACED_LINE
10
1545.4549
20
65.3596
30
0.0
0
VERTEX
8
TRACED_LINE
10
1623.7284
20
68.3817
30
0.0
0
SEQEND
0
POLYLINE
8
TRACED_LINE
66
1
70
0
0
VERTEX
8
TRACED_LINE
10
1532.4962
20
64.7765
30
0.0
0
VERTEX
8
TRACED_LINE
10
1542.4645
20
65.2250
30
0.0
0
SEQEND
0
POLYLINE
8
TRACED_LINE
66
1
70
0
0
VERTEX
8
TRACED_LINE
10
-415.8040
20
-22.8798
30
0.0
0
VERTEX
8
TRACED_LINE
10
-413.9428
20
-64.2482
30
0.0
0
SEQEND
0
POLYLINE
8
TRACED_LINE
66
1
70
0
0
VERTEX
8
TRACED_LINE
10
1357.0320
20
57.3816
30
0.0
0
VERTEX
8
TRACED_LINE
10
1529.5057
20
64.6420
30
0.0
0
SEQEND
0
POLYLINE
8
TRACED_LINE
66
1
70
0
0
VERTEX
8
TRACED_LINE
10
1223.4571
20
51.3719
30
0.0
0
VERTEX
8
TRACED_LINE
10
1354.0415
20
57.2471
30
0.0
0
SEQEND
0
POLYLINE
8
TRACED_LINE
66
1
70
0
0
VERTEX
8
TRACED_LINE
10
1166.1395
20
48.7931
30
0.0
0
VERTEX
8
TRACED_LINE
10
1220.4666
20
51.2374
30
0.0
0
SEQEND
0
POLYLINE
8
TRACED_LINE
66
1
70
0
0
VERTEX
8
TRACED_LINE
10
0.2819
20
-2.1619
30
0.0
0
VERTEX
8
TRACED_LINE
10
6.8747
20
-148.6956
30
0.0
0
SEQEND
0
POLYLINE
8
TRACED_LINE
66
1
70
0
0
VERTEX
8
TRACED_LINE
10
1160.5672
20
50.5401
30
0.0
0
VERTEX
8
TRACED_LINE
10
1163.0593
20
50.6522
30
0.0
0
SEQEND
0
POLYLINE
8
TRACED_LINE
66
1
70
0
0
VERTEX
8
TRACED_LINE
10
232.4756
20
9.7830
30
0.0
0
VERTEX
8
TRACED_LINE
10
1156.1712
20
48.3446
30
0.0
0
SEQEND
0
POLYLINE
8
TRACED_LINE
66
1
70
0
0
VERTEX
8
TRACED_LINE
10
2.6619
20
0.4423
30
0.0
0
VERTEX
8
TRACED_LINE
10
229.4851
20
9.6485
30
0.0
0
SEQEND
0
POLYLINE
8
TRACED_LINE
66
1
70
0
0
VERTEX
8
TRACED_LINE
10
-412.0410
20
-17.7163
30
0.0
0
VERTEX
8
TRACED_LINE
10
-414.4209
20
-20.3205
30
0.0
0
SEQEND
0
POLYLINE
8
TRACED_LINE
66
1
70
0
0
VERTEX
8
TRACED_LINE
10
-49.7164
20
-0.9155
30
0.0
0
VERTEX
8
TRACED_LINE
10
-1.3479
20
0.7613
30
0.0
0
SEQEND
0
POLYLINE
8
TRACED_LINE
66
1
70
0
0
VERTEX
8
TRACED_LINE
10
-421.5333
20
-17.6439
30
0.0
0
VERTEX
8
TRACED_LINE
10
-417.3665
20
-21.4519
30
0.0
0
SEQEND
0
POLYLINE
8
TRACED_LINE
66
1
70
0
0
VERTEX
8
TRACED_LINE
10
-222.6885
20
-8.1983
30
0.0
0
VERTEX
8
TRACED_LINE
10
-149.3992
20
-5.4003
30
0.0
0
SEQEND
0
POLYLINE
8
TRACED_LINE
66
1
70
0
0
VERTEX
8
TRACED_LINE
10
-316.8887
20
-12.4364
30
0.0
0
VERTEX
8
TRACED_LINE
10
-239.1137
20
-9.4367
30
0.0
0
SEQEND
0
POLYLINE
8
TRACED_LINE
66
1
70
0
0
VERTEX
8
TRACED_LINE
10
-409.5937
20
-16.6073
30
0.0
0
VERTEX
8
TRACED_LINE
10
-338.3205
20
-13.4007
30
0.0
0
SEQEND
0
POLYLINE
8
TRACED_LINE
66
1
70
0
0
VERTEX
8
TRACED_LINE
10
-455.4703
20
-18.1720
30
0.0
0
VERTEX
8
TRACED_LINE
10
-424.0702
20
-16.7592
30
0.0
0
SEQEND
0
POLYLINE
8
TRACED_LINE
66
1
70
0
0
VERTEX
8
TRACED_LINE
10
1222.1687
20
57.8064
30
0.0
0
VERTEX
8
TRACED_LINE
10
1221.8946
20
52.7999
30
0.0
0
SEQEND
0
POLYLINE
8
TRACED_LINE
66
1
70
0
0
VERTEX
8
TRACED_LINE
10
0.8751
20
6.8544
30
0.0
0
VERTEX
8
TRACED_LINE
10
0.6234
20
1.3494
30
0.0
0
SEQEND
0
POLYLINE
8
TRACED_LINE
66
1
70
0
0
VERTEX
8
TRACED_LINE
10
-415.3005
20
-11.8699
30
0.0
0
VERTEX
8
TRACED_LINE
10
-412.1755
20
-14.7258
30
0.0
0
SEQEND
0
POLYLINE
8
TRACED_LINE
66
1
70
0
0
VERTEX
8
TRACED_LINE
10
-417.8150
20
-11.4836
30
0.0
0
VERTEX
8
TRACED_LINE
10
-421.6454
20
-15.1519
30
0.0
0
SEQEND
0
POLYLINE
8
TRACED_LINE
66
1
70
0
0
VERTEX
8
TRACED_LINE
10
8.3116
20
19.1751
30
0.0
0
VERTEX
8
TRACED_LINE
10
3.0084
20
14.9411
30
0.0
0
VERTEX
8
TRACED_LINE
10
1.6926
20
10.8865
30
0.0
0
VERTEX
8
TRACED_LINE
10
2.5773
20
13.4234
30
0.0
0
SEQEND
0
POLYLINE
8
TRACED_LINE
66
1
70
0
0
VERTEX
8
TRACED_LINE
10
-417.0771
20
16.5173
30
0.0
0
VERTEX
8
TRACED_LINE
10
-416.4095
20
-9.4227
30
0.0
0
SEQEND
0
POLYLINE
8
TRACED_LINE
66
1
70
0
0
VERTEX
8
TRACED_LINE
10
867.1267
20
112.2513
30
0.0
0
VERTEX
8
TRACED_LINE
10
868.6892
20
110.8233
30
0.0
0
VERTEX
8
TRACED_LINE
10
868.3926
20
106.3152
30
0.0
0
VERTEX
8
TRACED_LINE
10
866.4662
20
104.7302
30
0.0
0
SEQEND
0
POLYLINE
8
TRACED_LINE
66
1
70
0
0
VERTEX
8
TRACED_LINE
10
842.2060
20
111.1301
30
0.0
0
VERTEX
8
TRACED_LINE
10
842.9510
20
105.6700
30
0.0
0
SEQEND
0
POLYLINE
8
TRACED_LINE
66
1
70
0
0
VERTEX
8
TRACED_LINE
10
862.6185
20
112.5479
30
0.0
0
VERTEX
8
TRACED_LINE
10
862.2771
20
109.0366
30
0.0
0
VERTEX
8
TRACED_LINE
10
863.9741
20
104.6181
30
0.0
0
SEQEND
0
POLYLINE
8
TRACED_LINE
66
1
70
0
0
VERTEX
8
TRACED_LINE
10
1720.2768
20
153.6321
30
0.0
0
VERTEX
8
TRACED_LINE
10
1737.7800
20
-257.6043
30
0.0
0
VERTEX
8
TRACED_LINE
10
1737.1817
20
-277.6081
30
0.0
0
VERTEX
8
TRACED_LINE
10
1738.6067
20
-331.4817
30
0.0
0
VERTEX
8
TRACED_LINE
10
1744.4523
20
-428.1067
30
0.0
0
VERTEX
8
TRACED_LINE
10
1788.5649
20
-1497.3841
30
0.0
0
VERTEX
8
TRACED_LINE
10
1787.6130
20
-1498.4258
30
0.0
0
VERTEX
8
TRACED_LINE
10
165.3927
20
-1562.9212
30
0.0
0
SEQEND
0
POLYLINE
8
TRACED_LINE
66
1
70
0
0
VERTEX
8
TRACED_LINE
10
1300.1139
20
134.7284
30
0.0
0
VERTEX
8
TRACED_LINE
10
1300.7692
20
131.2620
30
0.0
0
VERTEX
8
TRACED_LINE
10
1301.8109
20
130.3100
30
0.0
0
VERTEX
8
TRACED_LINE
10
1303.2837
20
130.8757
30
0.0
0
SEQEND
0
POLYLINE
8
TRACED_LINE
66
1
70
0
0
VERTEX
8
TRACED_LINE
10
137.3141
20
82.4127
30
0.0
0
VERTEX
8
TRACED_LINE
10
138.1264
20
75.4573
30
0.0
0
SEQEND
0
POLYLINE
8
TRACED_LINE
66
1
70
0
0
VERTEX
8
TRACED_LINE
10
156.7298
20
83.7857
30
0.0
0
VERTEX
8
TRACED_LINE
10
155.7778
20
82.7440
30
0.0
0
VERTEX
8
TRACED_LINE
10
155.9348
20
79.2551
30
0.0
0
VERTEX
8
TRACED_LINE
10
159.5806
20
75.9232
30
0.0
0
VERTEX
8
TRACED_LINE
10
161.5295
20
77.0097
30
0.0
0
VERTEX
8
TRACED_LINE
10
161.7139
20
84.0099
30
0.0
0
SEQEND
0
POLYLINE
8
TRACED_LINE
66
1
70
0
0
VERTEX
8
TRACED_LINE
10
1483.9389
20
144.9966
30
0.0
0
VERTEX
8
TRACED_LINE
10
1301.5418
20
136.2910
30
0.0
0
VERTEX
8
TRACED_LINE
10
1536.2948
20
146.8528
30
0.0
0
SEQEND
0
POLYLINE
8
TRACED_LINE
66
1
70
0
0
VERTEX
8
TRACED_LINE
10
1172.9286
20
131.0039
30
0.0
0
VERTEX
8
TRACED_LINE
10
1298.5513
20
136.1564
30
0.0
0
SEQEND
0
POLYLINE
8
TRACED_LINE
66
1
70
0
0
VERTEX
8
TRACED_LINE
10
852.0723
20
136.0457
30
0.0
0
VERTEX
8
TRACED_LINE
10
849.1939
20
133.4191
30
0.0
0
VERTEX
8
TRACED_LINE
10
846.4450
20
116.8145
30
0.0
0
VERTEX
8
TRACED_LINE
10
843.5891
20
113.6894
30
0.0
0
SEQEND
0
POLYLINE
8
TRACED_LINE
66
1
70
0
0
VERTEX
8
TRACED_LINE
10
149.2413
20
105.9228
30
0.0
0
VERTEX
8
TRACED_LINE
10
151.8007
20
104.5396
30
0.0
0
VERTEX
8
TRACED_LINE
10
155.5760
20
87.2297
30
0.0
0
VERTEX
8
TRACED_LINE
10
157.1385
20
85.8017
30
0.0
0
SEQEND
0
POLYLINE
8
TRACED_LINE
66
1
70
0
0
VERTEX
8
TRACED_LINE
10
853.5502
20
147.5989
30
0.0
0
VERTEX
8
TRACED_LINE
10
853.0018
20
137.5858
30
0.0
0
SEQEND
0
POLYLINE
8
TRACED_LINE
66
1
70
0
0
VERTEX
8
TRACED_LINE
10
874.9596
20
149.0616
30
0.0
0
VERTEX
8
TRACED_LINE
10
875.5701
20
146.5919
30
0.0
0
VERTEX
8
TRACED_LINE
10
868.9185
20
116.8267
30
0.0
0
VERTEX
8
TRACED_LINE
10
867.0145
20
114.7434
30
0.0
0
SEQEND
0
POLYLINE
8
TRACED_LINE
66
1
70
0
0
VERTEX
8
TRACED_LINE
10
147.7736
20
116.3446
30
0.0
0
VERTEX
8
TRACED_LINE
10
148.1324
20
108.3700
30
0.0
0
SEQEND
0
POLYLINE
8
TRACED_LINE
66
1
70
0
0
VERTEX
8
TRACED_LINE
10
170.6109
20
119.3698
30
0.0
0
VERTEX
8
TRACED_LINE
10
163.5506
20
87.5885
30
0.0
0
VERTEX
8
TRACED_LINE
10
162.1002
20
86.5244
30
0.0
0
SEQEND
0
POLYLINE
8
TRACED_LINE
66
1
70
0
0
VERTEX
8
TRACED_LINE
10
1169.7342
20
179.8036
30
0.0
0
VERTEX
8
TRACED_LINE
10
1171.3661
20
132.4319
30
0.0
0
SEQEND
0
POLYLINE
8
TRACED_LINE
66
1
70
0
0
VERTEX
8
TRACED_LINE
10
1613.3002
20
200.2596
30
0.0
0
VERTEX
8
TRACED_LINE
10
1697.5322
20
204.0493
30
0.0
0
VERTEX
8
TRACED_LINE
10
1717.0152
20
203.9270
30
0.0
0
VERTEX
8
TRACED_LINE
10
1718.6449
20
201.0038
30
0.0
0
VERTEX
8
TRACED_LINE
10
1720.1423
20
156.6226
30
0.0
0
SEQEND
0
POLYLINE
8
TRACED_LINE
66
1
70
0
0
VERTEX
8
TRACED_LINE
10
868.6473
20
167.2562
30
0.0
0
VERTEX
8
TRACED_LINE
10
865.1808
20
166.6008
30
0.0
0
SEQEND
0
POLYLINE
8
TRACED_LINE
66
1
70
0
0
VERTEX
8
TRACED_LINE
10
1171.1622
20
181.3662
30
0.0
0
VERTEX
8
TRACED_LINE
10
1610.3097
20
200.1251
30
0.0
0
SEQEND
0
POLYLINE
8
TRACED_LINE
66
1
70
0
0
VERTEX
8
TRACED_LINE
10
1161.1939
20
180.9177
30
0.0
0
VERTEX
8
TRACED_LINE
10
1168.1717
20
181.2316
30
0.0
0
SEQEND
0
POLYLINE
8
TRACED_LINE
66
1
70
0
0
VERTEX
8
TRACED_LINE
10
1123.8128
20
179.2359
30
0.0
0
VERTEX
8
TRACED_LINE
10
1157.2066
20
180.7383
30
0.0
0
SEQEND
0
POLYLINE
8
TRACED_LINE
66
1
70
0
0
VERTEX
8
TRACED_LINE
10
1090.4191
20
177.7334
30
0.0
0
VERTEX
8
TRACED_LINE
10
1120.8224
20
179.1013
30
0.0
0
SEQEND
0
POLYLINE
8
TRACED_LINE
66
1
70
0
0
VERTEX
8
TRACED_LINE
10
875.0818
20
168.5446
30
0.0
0
VERTEX
8
TRACED_LINE
10
1078.9556
20
177.2177
30
0.0
0
SEQEND
0
POLYLINE
8
TRACED_LINE
66
1
70
0
0
VERTEX
8
TRACED_LINE
10
865.5447
20
169.6138
30
0.0
0
VERTEX
8
TRACED_LINE
10
868.0368
20
169.7259
30
0.0
0
SEQEND
0
POLYLINE
8
TRACED_LINE
66
1
70
0
0
VERTEX
8
TRACED_LINE
10
-521.2448
20
111.7152
30
0.0
0
VERTEX
8
TRACED_LINE
10
-524.2128
20
111.0823
30
0.0
0
VERTEX
8
TRACED_LINE
10
-525.0975
20
108.5454
30
0.0
0
VERTEX
8
TRACED_LINE
10
-519.1602
20
-34.5219
30
0.0
0
VERTEX
8
TRACED_LINE
10
-519.9328
20
-39.5509
30
0.0
0
VERTEX
8
TRACED_LINE
10
-515.5550
20
-125.7540
30
0.0
0
VERTEX
8
TRACED_LINE
10
-525.0975
20
108.5454
30
0.0
0
VERTEX
8
TRACED_LINE
10
-524.2128
20
111.0823
30
0.0
0
VERTEX
8
TRACED_LINE
10
-449.4732
20
114.9443
30
0.0
0
VERTEX
8
TRACED_LINE
10
-410.0536
20
115.7190
30
0.0
0
VERTEX
8
TRACED_LINE
10
622.8395
20
158.1947
30
0.0
0
SEQEND
0
POLYLINE
8
TRACED_LINE
66
1
70
0
0
VERTEX
8
TRACED_LINE
10
1766.3734
20
239.1096
30
0.0
0
VERTEX
8
TRACED_LINE
10
1781.3875
20
-116.8028
30
0.0
0
VERTEX
8
TRACED_LINE
10
1792.8606
20
-438.4143
30
0.0
0
VERTEX
8
TRACED_LINE
10
1807.5332
20
-797.8381
30
0.0
0
VERTEX
8
TRACED_LINE
10
1838.6306
20
-1500.1258
30
0.0
0
SEQEND
0
POLYLINE
8
TRACED_LINE
66
1
70
0
0
VERTEX
8
TRACED_LINE
10
-822.8872
20
122.6157
30
0.0
0
VERTEX
8
TRACED_LINE
10
-809.0320
20
-240.8402
30
0.0
0
VERTEX
8
TRACED_LINE
10
-777.1202
20
-994.5318
30
0.0
0
VERTEX
8
TRACED_LINE
10
-752.6012
20
-1617.2078
30
0.0
0
SEQEND
0
ARC
8
TRACED_CURVE
10
1190.9227
20
-1589.2152
30
0.0
40
147.9061
50
113.2318
51
145.0210
0
POLYLINE
8
TRACED_CURVE
66
1
70
0
0
VERTEX
8
TRACED_CURVE
10
1132.8671
20
-1453.9690
30
0.0
0
VERTEX
8
TRACED_CURVE
10
1122.5350
20
-1457.4304
30
0.0
0
VERTEX
8
TRACED_CURVE
10
1107.9413
20
-1466.0777
30
0.0
0
VERTEX
8
TRACED_CURVE
10
1096.8590
20
-1475.0665
30
0.0
0
VERTEX
8
TRACED_CURVE
10
1072.0403
20
-1500.6549
30
0.0
0
VERTEX
8
TRACED_CURVE
10
1068.1651
20
-1503.3263
30
0.0
0
SEQEND
0
ARC
8
TRACED_CURVE
10
1161.8382
20
-1452.0499
30
0.0
40
15.5846
50
119.6314
51
149.9399
0
POLYLINE
8
TRACED_CURVE
66
1
70
0
0
VERTEX
8
TRACED_CURVE
10
1154.1470
20
-1438.5283
30
0.0
0
VERTEX
8
TRACED_CURVE
10
1148.8215
20
-1442.2639
30
0.0
0
VERTEX
8
TRACED_CURVE
10
1145.3275
20
-1453.4084
30
0.0
0
VERTEX
8
TRACED_CURVE
10
1148.4127
20
-1444.2799
30
0.0
0
SEQEND
0
ARC
8
TRACED_CURVE
10
120.7320
20
-1501.5518
30
0.0
40
61.1137
50
136.0152
51
181.2024
0
POLYLINE
8
TRACED_CURVE
66
1
70
0
0
VERTEX
8
TRACED_CURVE
10
74.2113
20
-1456.6511
30
0.0
0
VERTEX
8
TRACED_CURVE
10
72.6213
20
-1465.7122
30
0.0
0
VERTEX
8
TRACED_CURVE
10
65.1176
20
-1476.5377
30
0.0
0
VERTEX
8
TRACED_CURVE
10
60.8959
20
-1493.7080
30
0.0
0
VERTEX
8
TRACED_CURVE
10
56.3154
20
-1502.9037
30
0.0
0
SEQEND
0
ARC
8
TRACED_CURVE
10
-248.8326
20
-604.4173
30
0.0
40
803.8555
50
268.5193
51
275.8182
0
POLYLINE
8
TRACED_CURVE
66
1
70
0
0
VERTEX
8
TRACED_CURVE
10
-269.5966
20
-1407.6939
30
0.0
0
VERTEX
8
TRACED_CURVE
10
-268.0340
20
-1409.1218
30
0.0
0
VERTEX
8
TRACED_CURVE
10
-168.8272
20
-1405.1578
30
0.0
0
VERTEX
8
TRACED_CURVE
10
-167.3993
20
-1403.5953
30
0.0
0
SEQEND
0
ARC
8
TRACED_CURVE
10
-90.1495
20
-2174.4701
30
0.0
40
782.4030
50
95.7614
51
88.4481
0
POLYLINE
8
TRACED_CURVE
66
1
70
0
0
VERTEX
8
TRACED_CURVE
10
-168.7773
20
-1395.1671
30
0.0
0
VERTEX
8
TRACED_CURVE
10
-169.7293
20
-1396.2088
30
0.0
0
VERTEX
8
TRACED_CURVE
10
-168.7773
20
-1395.1671
30
0.0
0
VERTEX
8
TRACED_CURVE
10
-69.5705
20
-1391.2031
30
0.0
0
VERTEX
8
TRACED_CURVE
10
-68.9824
20
-1393.1744
30
0.0
0
SEQEND
0
ARC
8
TRACED_CURVE
10
284.0874
20
-1556.0223
30
0.0
40
277.7053
50
74.9457
51
54.0119
0
POLYLINE
8
TRACED_CURVE
66
1
70
0
0
VERTEX
8
TRACED_CURVE
10
356.2726
20
-1287.6415
30
0.0
0
VERTEX
8
TRACED_CURVE
10
385.6740
20
-1297.3060
30
0.0
0
VERTEX
8
TRACED_CURVE
10
407.0783
20
-1306.8308
30
0.0
0
VERTEX
8
TRACED_CURVE
10
432.6941
20
-1321.1605
30
0.0
0
VERTEX
8
TRACED_CURVE
10
447.1431
20
-1331.4977
30
0.0
0
SEQEND
0
ARC
8
TRACED_CURVE
10
1788.2722
20
-1420.2575
30
0.0
40
207.8675
50
106.7421
51
126.4185
0
POLYLINE
8
TRACED_CURVE
66
1
70
0
0
VERTEX
8
TRACED_CURVE
10
1728.1596
20
-1220.4250
30
0.0
0
VERTEX
8
TRACED_CURVE
10
1687.9848
20
-1237.7146
30
0.0
0
VERTEX
8
TRACED_CURVE
10
1664.6888
20
-1252.7466
30
0.0
0
SEQEND
0
ARC
8
TRACED_CURVE
10
285.9201
20
-1544.7466
30
0.0
40
266.3429
50
90.8550
51
75.2404
0
POLYLINE
8
TRACED_CURVE
66
1
70
0
0
VERTEX
8
TRACED_CURVE
10
281.9468
20
-1278.4999
30
0.0
0
VERTEX
8
TRACED_CURVE
10
296.9216
20
-1278.3256
30
0.0
0
VERTEX
8
TRACED_CURVE
10
319.4848
20
-1280.3070
30
0.0
0
VERTEX
8
TRACED_CURVE
10
353.7581
20
-1287.2552
30
0.0
0
SEQEND
0
ARC
8
TRACED_CURVE
10
291.2875
20
-1538.5680
30
0.0
40
318.0440
50
64.2487
51
51.7642
0
POLYLINE
8
TRACED_CURVE
66
1
70
0
0
VERTEX
8
TRACED_CURVE
10
429.5772
20
-1251.8809
30
0.0
0
VERTEX
8
TRACED_CURVE
10
458.7716
20
-1268.0472
30
0.0
0
VERTEX
8
TRACED_CURVE
10
488.1679
20
-1288.6993
30
0.0
0
SEQEND
0
ARC
8
TRACED_CURVE
10
293.4921
20
-1528.4907
30
0.0
40
307.9687
50
78.8547
51
64.3441
0
POLYLINE
8
TRACED_CURVE
66
1
70
0
0
VERTEX
8
TRACED_CURVE
10
353.0160
20
-1226.3590
30
0.0
0
VERTEX
8
TRACED_CURVE
10
370.6624
20
-1230.0599
30
0.0
0
VERTEX
8
TRACED_CURVE
10
394.9674
20
-1237.4565
30
0.0
0
VERTEX
8
TRACED_CURVE
10
427.0178
20
-1250.4978
30
0.0
0
SEQEND
0
ARC
8
TRACED_CURVE
10
287.8768
20
-1528.8841
30
0.0
40
309.5267
50
91.3136
51
78.3418
0
POLYLINE
8
TRACED_CURVE
66
1
70
0
0
VERTEX
8
TRACED_CURVE
10
280.7735
20
-1219.1214
30
0.0
0
VERTEX
8
TRACED_CURVE
10
316.7939
20
-1220.4973
30
0.0
0
VERTEX
8
TRACED_CURVE
10
350.4791
20
-1225.4743
30
0.0
0
SEQEND
0
ARC
8
TRACED_CURVE
10
284.1513
20
-1198.6636
30
0.0
40
17.5719
50
124.0939
51
219.9379
0
POLYLINE
8
TRACED_CURVE
66
1
70
0
0
VERTEX
8
TRACED_CURVE
10
274.1973
20
-1183.9582
30
0.0
0
VERTEX
8
TRACED_CURVE
10
271.2741
20
-1185.5880
30
0.0
0
VERTEX
8
TRACED_CURVE
10
267.0574
20
-1191.7708
30
0.0
0
VERTEX
8
TRACED_CURVE
10
268.9787
20
-1201.1734
30
0.0
0
VERTEX
8
TRACED_CURVE
10
267.9768
20
-1212.2058
30
0.0
0
SEQEND
0
ARC
8
TRACED_CURVE
10
1007.0167
20
-1093.2178
30
0.0
40
42.7932
50
221.4808
51
254.5953
0
POLYLINE
8
TRACED_CURVE
66
1
70
0
0
VERTEX
8
TRACED_CURVE
10
975.0722
20
-1121.4608
30
0.0
0
VERTEX
8
TRACED_CURVE
10
983.4057
20
-1129.0766
30
0.0
0
VERTEX
8
TRACED_CURVE
10
995.6367
20
-1134.5194
30
0.0
0
SEQEND
0
ARC
8
TRACED_CURVE
10
448.6754
20
-1216.5493
30
0.0
40
104.0906
50
78.3189
51
42.2765
0
POLYLINE
8
TRACED_CURVE
66
1
70
0
0
VERTEX
8
TRACED_CURVE
10
469.8303
20
-1114.2269
30
0.0
0
VERTEX
8
TRACED_CURVE
10
493.1161
20
-1121.1700
30
0.0
0
VERTEX
8
TRACED_CURVE
10
526.6791
20
-1145.6299
30
0.0
0
SEQEND
0
ARC
8
TRACED_CURVE
10
301.3121
20
-1382.1330
30
0.0
40
266.4692
50
100.5083
51
77.5243
0
POLYLINE
8
TRACED_CURVE
66
1
70
0
0
VERTEX
8
TRACED_CURVE
10
252.2303
20
-1117.5245
30
0.0
0
VERTEX
8
TRACED_CURVE
10
337.5712
20
-1116.1820
30
0.0
0
VERTEX
8
TRACED_CURVE
10
358.8185
20
-1122.2180
30
0.0
0
SEQEND
0
ARC
8
TRACED_CURVE
10
87.5922
20
-1105.8627
30
0.0
40
22.9933
50
22.5142
51
328.1138
0
POLYLINE
8
TRACED_CURVE
66
1
70
0
0
VERTEX
8
TRACED_CURVE
10
108.9714
20
-1097.0010
30
0.0
0
VERTEX
8
TRACED_CURVE
10
110.8254
20
-1104.9084
30
0.0
0
VERTEX
8
TRACED_CURVE
10
107.9420
20
-1118.5225
30
0.0
0
SEQEND
0
ARC
8
TRACED_CURVE
10
1095.0362
20
-988.8877
30
0.0
40
17.5913
50
230.3908
51
287.3159
0
POLYLINE
8
TRACED_CURVE
66
1
70
0
0
VERTEX
8
TRACED_CURVE
10
1083.5979
20
-1002.7097
30
0.0
0
VERTEX
8
TRACED_CURVE
10
1094.2664
20
-1006.7245
30
0.0
0
VERTEX
8
TRACED_CURVE
10
1100.2025
20
-1005.4586
30
0.0
0
SEQEND
0
ARC
8
TRACED_CURVE
10
137.8442
20
-1059.9464
30
0.0
40
48.4151
50
158.6105
51
205.9098
0
POLYLINE
8
TRACED_CURVE
66
1
70
0
0
VERTEX
8
TRACED_CURVE
10
90.4882
20
-1041.3978
30
0.0
0
VERTEX
8
TRACED_CURVE
10
91.1956
20
-1079.3221
30
0.0
0
VERTEX
8
TRACED_CURVE
10
95.2502
20
-1080.6380
30
0.0
0
SEQEND
0
ARC
8
TRACED_CURVE
10
342.9494
20
-1383.1749
30
0.0
40
404.4991
50
64.9212
51
54.8316
0
POLYLINE
8
TRACED_CURVE
66
1
70
0
0
VERTEX
8
TRACED_CURVE
10
514.3918
20
-1016.8322
30
0.0
0
VERTEX
8
TRACED_CURVE
10
547.1200
20
-1033.8384
30
0.0
0
VERTEX
8
TRACED_CURVE
10
575.9281
20
-1052.5192
30
0.0
0
SEQEND
0
ARC
8
TRACED_CURVE
10
740.7597
20
-975.2273
30
0.0
40
18.5561
50
236.2345
51
306.7563
0
POLYLINE
8
TRACED_CURVE
66
1
70
0
0
VERTEX
8
TRACED_CURVE
10
730.4619
20
-990.6300
30
0.0
0
VERTEX
8
TRACED_CURVE
10
738.0951
20
-993.7826
30
0.0
0
VERTEX
8
TRACED_CURVE
10
745.0729
20
-993.4686
30
0.0
0
VERTEX
8
TRACED_CURVE
10
751.9161
20
-990.1642
30
0.0
0
SEQEND
0
ARC
8
TRACED_CURVE
10
-224.0554
20
-1040.5772
30
0.0
40
19.2178
50
85.4693
51
276.7030
0
POLYLINE
8
TRACED_CURVE
66
1
70
0
0
VERTEX
8
TRACED_CURVE
10
-222.5454
20
-1021.5208
30
0.0
0
VERTEX
8
TRACED_CURVE
10
-214.9795
20
-1023.1781
30
0.0
0
VERTEX
8
TRACED_CURVE
10
-208.7519
20
-1028.3916
30
0.0
0
VERTEX
8
TRACED_CURVE
10
-205.4250
20
-1035.7332
30
0.0
0
VERTEX
8
TRACED_CURVE
10
-205.0662
20
-1043.7079
30
0.0
0
VERTEX
8
TRACED_CURVE
10
-207.7203
20
-1051.3186
30
0.0
0
VERTEX
8
TRACED_CURVE
10
-212.0042
20
-1056.0061
30
0.0
0
VERTEX
8
TRACED_CURVE
10
-217.3747
20
-1058.7449
30
0.0
0
VERTEX
8
TRACED_CURVE
10
-221.8380
20
-1059.4451
30
0.0
0
SEQEND
0
ARC
8
TRACED_CURVE
10
-224.1904
20
-1040.6277
30
0.0
40
19.0134
50
97.0546
51
265.0812
0
POLYLINE
8
TRACED_CURVE
66
1
70
0
0
VERTEX
8
TRACED_CURVE
10
-226.5327
20
-1021.7002
30
0.0
0
VERTEX
8
TRACED_CURVE
10
-232.9448
20
-1023.4870
30
0.0
0
VERTEX
8
TRACED_CURVE
10
-236.8200
20
-1026.1584
30
0.0
0
VERTEX
8
TRACED_CURVE
10
-242.0110
20
-1032.8845
30
0.0
0
VERTEX
8
TRACED_CURVE
10
-243.1923
20
-1039.9295
30
0.0
0
VERTEX
8
TRACED_CURVE
10
-242.3800
20
-1046.8849
30
0.0
0
VERTEX
8
TRACED_CURVE
10
-239.1204
20
-1052.7313
30
0.0
0
VERTEX
8
TRACED_CURVE
10
-233.4136
20
-1057.4688
30
0.0
0
VERTEX
8
TRACED_CURVE
10
-224.8285
20
-1059.5797
30
0.0
0
VERTEX
8
TRACED_CURVE
10
-225.8253
20
-1059.6245
30
0.0
0
SEQEND
0
ARC
8
TRACED_CURVE
10
346.9984
20
-1368.7365
30
0.0
40
389.6776
50
77.2245
51
64.8885
0
POLYLINE
8
TRACED_CURVE
66
1
70
0
0
VERTEX
8
TRACED_CURVE
10
433.2104
20
-988.5216
30
0.0
0
VERTEX
8
TRACED_CURVE
10
451.8984
20
-993.1745
30
0.0
0
VERTEX
8
TRACED_CURVE
10
479.2612
20
-1001.9318
30
0.0
0
VERTEX
8
TRACED_CURVE
10
512.3533
20
-1015.9251
30
0.0
0
SEQEND
0
ARC
8
TRACED_CURVE
10
740.8539
20
-975.4649
30
0.0
40
18.2565
50
164.3669
51
226.7486
0
POLYLINE
8
TRACED_CURVE
66
1
70
0
0
VERTEX
8
TRACED_CURVE
10
723.0631
20
-970.4866
30
0.0
0
VERTEX
8
TRACED_CURVE
10
723.0132
20
-980.4773
30
0.0
0
VERTEX
8
TRACED_CURVE
10
725.2311
20
-985.3717
30
0.0
0
VERTEX
8
TRACED_CURVE
10
728.3785
20
-988.7261
30
0.0
0
SEQEND
0
ARC
8
TRACED_CURVE
10
1152.9356
20
-1047.0167
30
0.0
40
97.3659
50
97.5140
51
120.6825
0
POLYLINE
8
TRACED_CURVE
66
1
70
0
0
VERTEX
8
TRACED_CURVE
10
1140.1683
20
-950.2222
30
0.0
0
VERTEX
8
TRACED_CURVE
10
1123.3568
20
-953.9751
30
0.0
0
VERTEX
8
TRACED_CURVE
10
1101.8302
20
-963.9333
30
0.0
0
VERTEX
8
TRACED_CURVE
10
1088.7767
20
-973.5102
30
0.0
0
VERTEX
8
TRACED_CURVE
10
1077.3529
20
-986.0103
30
0.0
0
VERTEX
8
TRACED_CURVE
10
1088.7767
20
-973.5102
30
0.0
0
VERTEX
8
TRACED_CURVE
10
1103.3030
20
-963.3676
30
0.0
0
SEQEND
0
ARC
8
TRACED_CURVE
10
741.3110
20
-975.2565
30
0.0
40
17.8823
50
51.2754
51
343.3719
0
POLYLINE
8
TRACED_CURVE
66
1
70
0
0
VERTEX
8
TRACED_CURVE
10
752.6092
20
-961.1665
30
0.0
0
VERTEX
8
TRACED_CURVE
10
756.8207
20
-965.9712
30
0.0
0
VERTEX
8
TRACED_CURVE
10
758.4953
20
-969.8913
30
0.0
0
VERTEX
8
TRACED_CURVE
10
759.3077
20
-976.8466
30
0.0
0
VERTEX
8
TRACED_CURVE
10
758.4678
20
-980.3804
30
0.0
0
SEQEND
0
ARC
8
TRACED_CURVE
10
339.1818
20
-1372.6924
30
0.0
40
395.3382
50
89.1108
51
76.5446
0
POLYLINE
8
TRACED_CURVE
66
1
70
0
0
VERTEX
8
TRACED_CURVE
10
345.3152
20
-977.4934
30
0.0
0
VERTEX
8
TRACED_CURVE
10
357.2996
20
-977.4537
30
0.0
0
VERTEX
8
TRACED_CURVE
10
390.3967
20
-980.4594
30
0.0
0
VERTEX
8
TRACED_CURVE
10
431.1943
20
-988.1129
30
0.0
0
SEQEND
0
ARC
8
TRACED_CURVE
10
740.9188
20
-975.5408
30
0.0
40
18.3527
50
102.3052
51
85.2799
0
POLYLINE
8
TRACED_CURVE
66
1
70
0
0
VERTEX
8
TRACED_CURVE
10
736.9565
20
-957.3759
30
0.0
0
VERTEX
8
TRACED_CURVE
10
729.6148
20
-960.7028
30
0.0
0
VERTEX
8
TRACED_CURVE
10
736.9565
20
-957.3759
30
0.0
0
VERTEX
8
TRACED_CURVE
10
742.4391
20
-957.1292
30
0.0
0
SEQEND
0
ARC
8
TRACED_CURVE
10
362.2400
20
-1334.8341
30
0.0
40
411.3707
50
70.7817
51
61.4524
0
POLYLINE
8
TRACED_CURVE
66
1
70
0
0
VERTEX
8
TRACED_CURVE
10
497.7280
20
-946.1645
30
0.0
0
VERTEX
8
TRACED_CURVE
10
522.1227
20
-955.5548
30
0.0
0
VERTEX
8
TRACED_CURVE
10
558.8831
20
-973.3784
30
0.0
0
SEQEND
0
ARC
8
TRACED_CURVE
10
1147.7920
20
-1042.2282
30
0.0
40
150.2393
50
110.5315
51
142.0259
0
POLYLINE
8
TRACED_CURVE
66
1
70
0
0
VERTEX
8
TRACED_CURVE
10
1095.0175
20
-901.3125
30
0.0
0
VERTEX
8
TRACED_CURVE
10
1077.8869
20
-909.0751
30
0.0
0
VERTEX
8
TRACED_CURVE
10
1056.0413
20
-923.0430
30
0.0
0
VERTEX
8
TRACED_CURVE
10
1042.5790
20
-934.6360
30
0.0
0
VERTEX
8
TRACED_CURVE
10
1031.6313
20
-946.6153
30
0.0
0
VERTEX
8
TRACED_CURVE
10
1029.3186
20
-950.7147
30
0.0
0
VERTEX
8
TRACED_CURVE
10
1029.2738
20
-949.7179
30
0.0
0
SEQEND
0
ARC
8
TRACED_CURVE
10
340.4032
20
-1379.9479
30
0.0
40
461.1497
50
79.1264
51
70.3989
0
POLYLINE
8
TRACED_CURVE
66
1
70
0
0
VERTEX
8
TRACED_CURVE
10
427.4393
20
-926.8528
30
0.0
0
VERTEX
8
TRACED_CURVE
10
466.3105
20
-936.0913
30
0.0
0
VERTEX
8
TRACED_CURVE
10
495.1910
20
-945.2798
30
0.0
0
SEQEND
0
ARC
8
TRACED_CURVE
10
1145.3987
20
-1014.4719
30
0.0
40
123.3961
50
94.5808
51
98.3035
0
POLYLINE
8
TRACED_CURVE
66
1
70
0
0
VERTEX
8
TRACED_CURVE
10
1135.5062
20
-891.0007
30
0.0
0
VERTEX
8
TRACED_CURVE
10
1119.1482
20
-893.7343
30
0.0
0
VERTEX
8
TRACED_CURVE
10
1098.4615
20
-900.1587
30
0.0
0
VERTEX
8
TRACED_CURVE
10
1114.2089
20
-894.9554
30
0.0
0
VERTEX
8
TRACED_CURVE
10
1127.5764
20
-892.3563
30
0.0
0
SEQEND
0
ARC
8
TRACED_CURVE
10
341.3520
20
-1349.5747
30
0.0
40
431.0984
50
89.4274
51
78.8267
0
POLYLINE
8
TRACED_CURVE
66
1
70
0
0
VERTEX
8
TRACED_CURVE
10
345.6597
20
-918.5460
30
0.0
0
VERTEX
8
TRACED_CURVE
10
390.2203
20
-921.0360
30
0.0
0
VERTEX
8
TRACED_CURVE
10
424.9248
20
-926.4665
30
0.0
0
SEQEND
0
ARC
8
TRACED_CURVE
10
1021.1886
20
-63.0853
30
0.0
40
733.7145
50
258.3539
51
266.1837
0
POLYLINE
8
TRACED_CURVE
66
1
70
0
0
VERTEX
8
TRACED_CURVE
10
872.9203
20
-782.4538
30
0.0
0
VERTEX
8
TRACED_CURVE
10
950.3488
20
-793.9529
30
0.0
0
VERTEX
8
TRACED_CURVE
10
972.3687
20
-794.9599
30
0.0
0
SEQEND
0
ARC
8
TRACED_CURVE
10
1063.8527
20
-755.6336
30
0.0
40
15.9459
50
312.1874
51
264.3097
0
POLYLINE
8
TRACED_CURVE
66
1
70
0
0
VERTEX
8
TRACED_CURVE
10
1074.5089
20
-767.3910
30
0.0
0
VERTEX
8
TRACED_CURVE
10
1069.6593
20
-770.6057
30
0.0
0
VERTEX
8
TRACED_CURVE
10
1062.2279
20
-771.9389
30
0.0
0
SEQEND
0
ARC
8
TRACED_CURVE
10
752.6130
20
-744.0152
30
0.0
40
24.6379
50
234.1568
51
288.5863
0
POLYLINE
8
TRACED_CURVE
66
1
70
0
0
VERTEX
8
TRACED_CURVE
10
737.7706
20
-764.5621
30
0.0
0
VERTEX
8
TRACED_CURVE
10
751.9504
20
-768.9183
30
0.0
0
VERTEX
8
TRACED_CURVE
10
756.9346
20
-768.6941
30
0.0
0
VERTEX
8
TRACED_CURVE
10
760.3562
20
-767.0419
30
0.0
0
SEQEND
0
ARC
8
TRACED_CURVE
10
670.6553
20
-701.6612
30
0.0
40
22.8162
50
304.9482
51
256.9789
0
POLYLINE
8
TRACED_CURVE
66
1
70
0
0
VERTEX
8
TRACED_CURVE
10
683.8501
20
-720.5417
30
0.0
0
VERTEX
8
TRACED_CURVE
10
673.0420
20
-724.5239
30
0.0
0
VERTEX
8
TRACED_CURVE
10
665.5209
20
-723.8634
30
0.0
0
SEQEND
0
ARC
8
TRACED_CURVE
10
436.9491
20
-1029.2719
30
0.0
40
318.1045
50
74.2656
51
56.8751
0
POLYLINE
8
TRACED_CURVE
66
1
70
0
0
VERTEX
8
TRACED_CURVE
10
523.1590
20
-723.2766
30
0.0
0
VERTEX
8
TRACED_CURVE
10
544.9272
20
-729.7885
30
0.0
0
VERTEX
8
TRACED_CURVE
10
573.9422
20
-741.9675
30
0.0
0
VERTEX
8
TRACED_CURVE
10
610.8371
20
-762.7816
30
0.0
0
SEQEND
0
ARC
8
TRACED_CURVE
10
845.2051
20
-835.9609
30
0.0
40
137.3228
50
97.0907
51
133.0183
0
POLYLINE
8
TRACED_CURVE
66
1
70
0
0
VERTEX
8
TRACED_CURVE
10
828.2383
20
-699.5622
30
0.0
0
VERTEX
8
TRACED_CURVE
10
805.9666
20
-704.0602
30
0.0
0
VERTEX
8
TRACED_CURVE
10
782.4240
20
-713.6096
30
0.0
0
VERTEX
8
TRACED_CURVE
10
760.1024
20
-728.0983
30
0.0
0
VERTEX
8
TRACED_CURVE
10
740.4747
20
-746.9606
30
0.0
0
VERTEX
8
TRACED_CURVE
10
751.4449
20
-735.4797
30
0.0
0
SEQEND
0
ARC
8
TRACED_CURVE
10
434.5610
20
-1027.4977
30
0.0
40
317.0910
50
92.4133
51
74.1623
0
POLYLINE
8
TRACED_CURVE
66
1
70
0
0
VERTEX
8
TRACED_CURVE
10
421.1961
20
-710.3842
30
0.0
0
VERTEX
8
TRACED_CURVE
10
444.1680
20
-710.3495
30
0.0
0
VERTEX
8
TRACED_CURVE
10
469.7217
20
-712.1964
30
0.0
0
VERTEX
8
TRACED_CURVE
10
493.3489
20
-715.6281
30
0.0
0
VERTEX
8
TRACED_CURVE
10
521.1205
20
-722.3694
30
0.0
0
SEQEND
0
ARC
8
TRACED_CURVE
10
834.0488
20
-825.7296
30
0.0
40
181.6109
50
126.5064
51
141.4891
0
POLYLINE
8
TRACED_CURVE
66
1
70
0
0
VERTEX
8
TRACED_CURVE
10
725.9614
20
-679.6921
30
0.0
0
VERTEX
8
TRACED_CURVE
10
706.7200
20
-696.0399
30
0.0
0
VERTEX
8
TRACED_CURVE
10
691.9868
20
-712.6843
30
0.0
0
SEQEND
0
ARC
8
TRACED_CURVE
10
452.9761
20
-1001.5442
30
0.0
40
347.0985
50
67.6938
51
54.3591
0
POLYLINE
8
TRACED_CURVE
66
1
70
0
0
VERTEX
8
TRACED_CURVE
10
584.6636
20
-680.5556
30
0.0
0
VERTEX
8
TRACED_CURVE
10
601.9685
20
-687.7678
30
0.0
0
VERTEX
8
TRACED_CURVE
10
622.4208
20
-698.3343
30
0.0
0
VERTEX
8
TRACED_CURVE
10
655.3284
20
-719.3278
30
0.0
0
SEQEND
0
ARC
8
TRACED_CURVE
10
848.3404
20
-840.9212
30
0.0
40
202.4162
50
107.7831
51
126.4947
0
POLYLINE
8
TRACED_CURVE
66
1
70
0
0
VERTEX
8
TRACED_CURVE
10
786.4642
20
-648.0034
30
0.0
0
VERTEX
8
TRACED_CURVE
10
757.5287
20
-659.7932
30
0.0
0
VERTEX
8
TRACED_CURVE
10
742.9126
20
-667.9421
30
0.0
0
VERTEX
8
TRACED_CURVE
10
727.8878
20
-678.1071
30
0.0
0
SEQEND
0
ARC
8
TRACED_CURVE
10
427.8592
20
-1052.0761
30
0.0
40
403.4333
50
78.5916
51
67.5584
0
POLYLINE
8
TRACED_CURVE
66
1
70
0
0
VERTEX
8
TRACED_CURVE
10
507.6714
20
-656.5513
30
0.0
0
VERTEX
8
TRACED_CURVE
10
546.5650
20
-666.2881
30
0.0
0
VERTEX
8
TRACED_CURVE
10
582.0819
20
-678.6740
30
0.0
0
SEQEND
0
ARC
8
TRACED_CURVE
10
832.5282
20
-778.0671
30
0.0
40
137.5440
50
93.7189
51
102.7051
0
POLYLINE
8
TRACED_CURVE
66
1
70
0
0
VERTEX
8
TRACED_CURVE
10
823.5761
20
-640.3407
30
0.0
0
VERTEX
8
TRACED_CURVE
10
808.1926
20
-642.5310
30
0.0
0
VERTEX
8
TRACED_CURVE
10
788.9338
20
-647.3929
30
0.0
0
VERTEX
8
TRACED_CURVE
10
802.2565
20
-643.7970
30
0.0
0
SEQEND
0
ARC
8
TRACED_CURVE
10
433.5688
20
-1038.4455
30
0.0
40
389.0607
50
92.1515
51
79.3933
0
POLYLINE
8
TRACED_CURVE
66
1
70
0
0
VERTEX
8
TRACED_CURVE
10
418.9588
20
-649.5553
30
0.0
0
VERTEX
8
TRACED_CURVE
10
461.4361
20
-650.1413
30
0.0
0
VERTEX
8
TRACED_CURVE
10
490.5459
20
-653.3264
30
0.0
0
VERTEX
8
TRACED_CURVE
10
505.1569
20
-656.1650
30
0.0
0
SEQEND
0
ARC
8
TRACED_CURVE
10
925.8995
20
-536.6738
30
0.0
40
16.7579
50
339.1186
51
273.9118
0
POLYLINE
8
TRACED_CURVE
66
1
70
0
0
VERTEX
8
TRACED_CURVE
10
941.5391
20
-542.6401
30
0.0
0
VERTEX
8
TRACED_CURVE
10
936.3705
20
-549.8646
30
0.0
0
VERTEX
8
TRACED_CURVE
10
931.9969
20
-552.5585
30
0.0
0
VERTEX
8
TRACED_CURVE
10
927.0351
20
-553.2811
30
0.0
0
SEQEND
0
ARC
8
TRACED_CURVE
10
923.3443
20
-537.6904
30
0.0
40
15.8246
50
200.2262
51
276.1774
0
POLYLINE
8
TRACED_CURVE
66
1
70
0
0
VERTEX
8
TRACED_CURVE
10
908.5989
20
-543.1233
30
0.0
0
VERTEX
8
TRACED_CURVE
10
910.7944
20
-547.5193
30
0.0
0
VERTEX
8
TRACED_CURVE
10
914.4402
20
-550.8513
30
0.0
0
VERTEX
8
TRACED_CURVE
10
920.5558
20
-553.5727
30
0.0
0
VERTEX
8
TRACED_CURVE
10
925.0415
20
-553.3708
30
0.0
0
SEQEND
0
ARC
8
TRACED_CURVE
10
1103.1802
20
-469.5579
30
0.0
40
44.8074
50
298.7852
51
284.6410
0
POLYLINE
8
TRACED_CURVE
66
1
70
0
0
VERTEX
8
TRACED_CURVE
10
1124.8086
20
-508.9241
30
0.0
0
VERTEX
8
TRACED_CURVE
10
1110.0580
20
-514.0825
30
0.0
0
VERTEX
8
TRACED_CURVE
10
1099.0705
20
-514.0774
30
0.0
0
VERTEX
8
TRACED_CURVE
10
1110.0580
20
-514.0825
30
0.0
0
VERTEX
8
TRACED_CURVE
10
1114.4989
20
-512.8839
30
0.0
0
SEQEND
0
ARC
8
TRACED_CURVE
10
923.4688
20
-536.6245
30
0.0
40
19.9365
50
81.5817
51
16.1465
0
POLYLINE
8
TRACED_CURVE
66
1
70
0
0
VERTEX
8
TRACED_CURVE
10
926.3950
20
-516.8521
30
0.0
0
VERTEX
8
TRACED_CURVE
10
934.0057
20
-519.5062
30
0.0
0
VERTEX
8
TRACED_CURVE
10
939.7350
20
-524.7421
30
0.0
0
VERTEX
8
TRACED_CURVE
10
942.5186
20
-531.1093
30
0.0
0
SEQEND
0
ARC
8
TRACED_CURVE
10
924.7869
20
-535.1944
30
0.0
40
18.1492
50
102.0853
51
162.3382
0
POLYLINE
8
TRACED_CURVE
66
1
70
0
0
VERTEX
8
TRACED_CURVE
10
920.9124
20
-517.0987
30
0.0
0
VERTEX
8
TRACED_CURVE
10
911.6668
20
-522.5089
30
0.0
0
VERTEX
8
TRACED_CURVE
10
908.8333
20
-526.1324
30
0.0
0
VERTEX
8
TRACED_CURVE
10
906.6103
20
-532.2255
30
0.0
0
VERTEX
8
TRACED_CURVE
10
907.4950
20
-529.6886
30
0.0
0
SEQEND
0
ARC
8
TRACED_CURVE
10
778.7019
20
-536.4851
30
0.0
40
19.0658
50
113.1343
51
150.9637
0
POLYLINE
8
TRACED_CURVE
66
1
70
0
0
VERTEX
8
TRACED_CURVE
10
771.1640
20
-518.8419
30
0.0
0
VERTEX
8
TRACED_CURVE
10
765.3400
20
-522.5999
30
0.0
0
VERTEX
8
TRACED_CURVE
10
761.5769
20
-527.7634
30
0.0
0
VERTEX
8
TRACED_CURVE
10
760.2835
20
-532.3164
30
0.0
0
VERTEX
8
TRACED_CURVE
10
762.0529
20
-527.2426
30
0.0
0
SEQEND
0
ARC
8
TRACED_CURVE
10
23.2754
20
-392.1176
30
0.0
40
24.7325
50
26.9521
51
330.7570
0
POLYLINE
8
TRACED_CURVE
66
1
70
0
0
VERTEX
8
TRACED_CURVE
10
45.7788
20
-380.6752
30
0.0
0
VERTEX
8
TRACED_CURVE
10
47.5880
20
-387.5857
30
0.0
0
VERTEX
8
TRACED_CURVE
10
48.0140
20
-397.0556
30
0.0
0
VERTEX
8
TRACED_CURVE
10
44.8391
20
-404.1904
30
0.0
0
SEQEND
0
ARC
8
TRACED_CURVE
10
113.8178
20
-347.6854
30
0.0
40
72.1633
50
164.9055
51
195.1016
0
POLYLINE
8
TRACED_CURVE
66
1
70
0
0
VERTEX
8
TRACED_CURVE
10
45.4628
20
-329.2489
30
0.0
0
VERTEX
8
TRACED_CURVE
10
42.5844
20
-331.8755
30
0.0
0
VERTEX
8
TRACED_CURVE
10
41.1065
20
-343.4287
30
0.0
0
VERTEX
8
TRACED_CURVE
10
46.6635
20
-378.1383
30
0.0
0
VERTEX
8
TRACED_CURVE
10
45.1285
20
-366.2212
30
0.0
0
SEQEND
0
ARC
8
TRACED_CURVE
10
840.7473
20
-277.5015
30
0.0
40
17.4260
50
344.1522
51
274.1013
0
POLYLINE
8
TRACED_CURVE
66
1
70
0
0
VERTEX
8
TRACED_CURVE
10
857.4066
20
-282.2307
30
0.0
0
VERTEX
8
TRACED_CURVE
10
855.6148
20
-286.8061
30
0.0
0
VERTEX
8
TRACED_CURVE
10
851.3309
20
-291.4936
30
0.0
0
VERTEX
8
TRACED_CURVE
10
846.4589
20
-294.2099
30
0.0
0
VERTEX
8
TRACED_CURVE
10
841.9956
20
-294.9102
30
0.0
0
SEQEND
0
ARC
8
TRACED_CURVE
10
838.9631
20
-278.3609
30
0.0
40
16.6660
50
198.7622
51
273.5725
0
POLYLINE
8
TRACED_CURVE
66
1
70
0
0
VERTEX
8
TRACED_CURVE
10
823.0161
20
-283.7779
30
0.0
0
VERTEX
8
TRACED_CURVE
10
825.7324
20
-288.6499
30
0.0
0
VERTEX
8
TRACED_CURVE
10
830.4199
20
-292.9339
30
0.0
0
VERTEX
8
TRACED_CURVE
10
834.9953
20
-294.7257
30
0.0
0
VERTEX
8
TRACED_CURVE
10
840.0019
20
-294.9999
30
0.0
0
SEQEND
0
ARC
8
TRACED_CURVE
10
702.5418
20
-244.6607
30
0.0
40
26.7131
50
249.1605
51
296.3887
0
POLYLINE
8
TRACED_CURVE
66
1
70
0
0
VERTEX
8
TRACED_CURVE
10
693.0299
20
-269.6492
30
0.0
0
VERTEX
8
TRACED_CURVE
10
698.6021
20
-271.3962
30
0.0
0
VERTEX
8
TRACED_CURVE
10
708.5704
20
-270.9478
30
0.0
0
VERTEX
8
TRACED_CURVE
10
714.4617
20
-268.6850
30
0.0
0
SEQEND
0
ARC
8
TRACED_CURVE
10
1030.7094
20
-184.6912
30
0.0
40
72.4863
50
295.7421
51
269.4931
0
POLYLINE
8
TRACED_CURVE
66
1
70
0
0
VERTEX
8
TRACED_CURVE
10
1062.2201
20
-250.0424
30
0.0
0
VERTEX
8
TRACED_CURVE
10
1051.4344
20
-254.5230
30
0.0
0
VERTEX
8
TRACED_CURVE
10
1038.0669
20
-257.1222
30
0.0
0
VERTEX
8
TRACED_CURVE
10
1029.0730
20
-257.0274
30
0.0
0
VERTEX
8
TRACED_CURVE
10
1030.0698
20
-256.9825
30
0.0
0
SEQEND
0
ARC
8
TRACED_CURVE
10
839.1182
20
-278.1175
30
0.0
40
19.5824
50
83.5003
51
19.1936
0
POLYLINE
8
TRACED_CURVE
66
1
70
0
0
VERTEX
8
TRACED_CURVE
10
841.3554
20
-258.4811
30
0.0
0
VERTEX
8
TRACED_CURVE
10
850.5063
20
-262.0648
30
0.0
0
VERTEX
8
TRACED_CURVE
10
855.7371
20
-267.3231
30
0.0
0
VERTEX
8
TRACED_CURVE
10
857.4341
20
-271.7415
30
0.0
0
SEQEND
0
ARC
8
TRACED_CURVE
10
840.5644
20
-277.2702
30
0.0
40
18.5938
50
99.7457
51
164.6587
0
POLYLINE
8
TRACED_CURVE
66
1
70
0
0
VERTEX
8
TRACED_CURVE
10
837.3681
20
-258.6605
30
0.0
0
VERTEX
8
TRACED_CURVE
10
829.5280
20
-262.0098
30
0.0
0
VERTEX
8
TRACED_CURVE
10
824.7681
20
-267.2181
30
0.0
0
VERTEX
8
TRACED_CURVE
10
822.5451
20
-273.3112
30
0.0
0
VERTEX
8
TRACED_CURVE
10
822.5003
20
-272.3144
30
0.0
0
SEQEND
0
ARC
8
TRACED_CURVE
10
975.7922
20
-17.2565
30
0.0
40
20.8638
50
343.8893
51
286.7620
0
POLYLINE
8
TRACED_CURVE
66
1
70
0
0
VERTEX
8
TRACED_CURVE
10
996.5810
20
-23.2611
30
0.0
0
VERTEX
8
TRACED_CURVE
10
989.5308
20
-33.0673
30
0.0
0
VERTEX
8
TRACED_CURVE
10
986.6525
20
-35.6939
30
0.0
0
VERTEX
8
TRACED_CURVE
10
981.7132
20
-36.9150
30
0.0
0
SEQEND
0
ARC
8
TRACED_CURVE
10
1299.2050
20
33.3038
30
0.0
40
23.8782
50
352.9096
51
309.4076
0
POLYLINE
8
TRACED_CURVE
66
1
70
0
0
VERTEX
8
TRACED_CURVE
10
1322.7883
20
30.3704
30
0.0
0
VERTEX
8
TRACED_CURVE
10
1322.0157
20
25.3414
30
0.0
0
VERTEX
8
TRACED_CURVE
10
1315.0328
20
14.0399
30
0.0
0
SEQEND
0
ARC
8
TRACED_CURVE
10
1282.9861
20
89.3917
30
0.0
40
61.2984
50
297.2982
51
273.6863
0
POLYLINE
8
TRACED_CURVE
66
1
70
0
0
VERTEX
8
TRACED_CURVE
10
1311.6438
20
33.8643
30
0.0
0
VERTEX
8
TRACED_CURVE
10
1285.4521
20
27.6917
30
0.0
0
VERTEX
8
TRACED_CURVE
10
1277.9310
20
28.3522
30
0.0
0
VERTEX
8
TRACED_CURVE
10
1281.9632
20
27.5348
30
0.0
0
VERTEX
8
TRACED_CURVE
10
1286.9249
20
28.2574
30
0.0
0
SEQEND
0
ARC
8
TRACED_CURVE
10
102.8105
20
-49.3865
30
0.0
40
34.5376
50
122.9465
51
158.3657
0
POLYLINE
8
TRACED_CURVE
66
1
70
0
0
VERTEX
8
TRACED_CURVE
10
84.0053
20
-20.3697
30
0.0
0
VERTEX
8
TRACED_CURVE
10
74.8942
20
-28.7704
30
0.0
0
VERTEX
8
TRACED_CURVE
10
70.2465
20
-36.4709
30
0.0
0
SEQEND
0
ARC
8
TRACED_CURVE
10
1319.8023
20
67.7321
30
0.0
40
36.3201
50
327.8069
51
277.0290
0
POLYLINE
8
TRACED_CURVE
66
1
70
0
0
VERTEX
8
TRACED_CURVE
10
1350.9563
20
48.1186
30
0.0
0
VERTEX
8
TRACED_CURVE
10
1338.0149
20
36.0497
30
0.0
0
VERTEX
8
TRACED_CURVE
10
1332.1460
20
33.2885
30
0.0
0
VERTEX
8
TRACED_CURVE
10
1324.2162
20
31.9329
30
0.0
0
SEQEND
0
ARC
8
TRACED_CURVE
10
97.9008
20
10.4960
30
0.0
40
31.6879
50
201.6000
51
242.9400
0
POLYLINE
8
TRACED_CURVE
66
1
70
0
0
VERTEX
8
TRACED_CURVE
10
68.6543
20
-1.0835
30
0.0
0
VERTEX
8
TRACED_CURVE
10
68.2008
20
-2.1027
30
0.0
0
VERTEX
8
TRACED_CURVE
10
74.0197
20
-9.3323
30
0.0
0
VERTEX
8
TRACED_CURVE
10
74.0870
20
-10.8275
30
0.0
0
VERTEX
8
TRACED_CURVE
10
83.3948
20
-17.9001
30
0.0
0
SEQEND
0
ARC
8
TRACED_CURVE
10
840.9265
20
119.8185
30
0.0
40
19.7026
50
50.2376
51
346.2727
0
POLYLINE
8
TRACED_CURVE
66
1
70
0
0
VERTEX
8
TRACED_CURVE
10
854.0884
20
135.6370
30
0.0
0
VERTEX
8
TRACED_CURVE
10
856.6701
20
133.7555
30
0.0
0
VERTEX
8
TRACED_CURVE
10
860.9663
20
115.9695
30
0.0
0
VERTEX
8
TRACED_CURVE
10
862.5288
20
114.5415
30
0.0
0
SEQEND
0
ARC
8
TRACED_CURVE
10
158.3177
20
91.5789
30
0.0
40
17.7582
50
128.1985
51
199.9282
0
POLYLINE
8
TRACED_CURVE
66
1
70
0
0
VERTEX
8
TRACED_CURVE
10
146.7268
20
106.3091
30
0.0
0
VERTEX
8
TRACED_CURVE
10
143.8485
20
103.6824
30
0.0
0
VERTEX
8
TRACED_CURVE
10
141.0996
20
87.0778
30
0.0
0
VERTEX
8
TRACED_CURVE
10
138.7196
20
84.4736
30
0.0
0
SEQEND
0
ARC
8
TRACED_CURVE
10
895.4439
20
147.4887
30
0.0
40
64.3457
50
182.1439
51
211.9634
0
POLYLINE
8
TRACED_CURVE
66
1
70
0
0
VERTEX
8
TRACED_CURVE
10
829.6936
20
145.0273
30
0.0
0
VERTEX
8
TRACED_CURVE
10
837.9720
20
116.4332
30
0.0
0
VERTEX
8
TRACED_CURVE
10
841.0970
20
113.5773
30
0.0
0
SEQEND
0
ARC
8
TRACED_CURVE
10
191.8079
20
119.8982
30
0.0
40
66.2671
50
182.2160
51
212.3784
0
POLYLINE
8
TRACED_CURVE
66
1
70
0
0
VERTEX
8
TRACED_CURVE
10
124.2584
20
117.2843
30
0.0
0
VERTEX
8
TRACED_CURVE
10
133.1249
20
86.7190
30
0.0
0
VERTEX
8
TRACED_CURVE
10
135.7291
20
84.3391
30
0.0
0
SEQEND
0
TEXT
8
TITLEBLOCK
7
STANDARD
10
0.0000
20
250.0000
30
0.0
40
12.0
1
BEACHWOOD UNIT TWO -- COMPUTER VISION TRACED SKELETON & CURVES
50
0.0
0
TEXT
8
TITLEBLOCK
7
STANDARD
10
0.0000
20
230.0000
30
0.0
40
8.0
1
Extracted from 200 DPI Plat Scan: 70 Curves | 1151 Lines
50
0.0
0
TEXT
8
TITLEBLOCK
7
STANDARD
10
0.0000
20
214.0000
30
0.0
40
7.5
1
Layer TRACED_LINE (Blue): Straight Linework | Layer TRACED_CURVE (Magenta): Native CAD ARCs
50
0.0
0
ENDSEC
0
EOF
