  0
SECTION
  2
HEADER
  9
$ACADVER
  1
AC1024
  9
$ACADMAINTVER
 70
6
  9
$DWGCODEPAGE
  3
ANSI_1252
  9
$LASTSAVEDBY
  1
ezdxf
  9
$INSBASE
 10
0.0
 20
0.0
 30
0.0
  9
$EXTMIN
 10
1e+20
 20
1e+20
 30
1e+20
  9
$EXTMAX
 10
-1e+20
 20
-1e+20
 30
-1e+20
  9
$LIMMIN
 10
0.0
 20
0.0
  9
$LIMMAX
 10
420.0
 20
297.0
  9
$ORTHOMODE
 70
0
  9
$REGENMODE
 70
1
  9
$FILLMODE
 70
1
  9
$QTEXTMODE
 70
0
  9
$MIRRTEXT
 70
1
  9
$LTSCALE
 40
1.0
  9
$ATTMODE
 70
1
  9
$TEXTSIZE
 40
2.5
  9
$TRACEWID
 40
1.0
  9
$TEXTSTYLE
  7
OpenSans
  9
$CLAYER
  8
0
  9
$CELTYPE
  6
ByLayer
  9
$CECOLOR
 62
256
  9
$CELTSCALE
 40
1.0
  9
$DISPSILH
 70
0
  9
$DIMSCALE
 40
1.0
  9
$DIMASZ
 40
0.175
  9
$DIMEXO
 40
0.125
  9
$DIMDLI
 40
3.75
  9
$DIMRND
 40
0.0
  9
$DIMDLE
 40
0.0
  9
$DIMEXE
 40
0.375
  9
$DIMTP
 40
0.0
  9
$DIMTM
 40
0.0
  9
$DIMTXT
 40
0.25
  9
$DIMCEN
 40
2.5
  9
$DIMTSZ
 40
0.0
  9
$DIMTOL
 70
0
  9
$DIMLIM
 70
0
  9
$DIMTIH
 70
0
  9
$DIMTOH
 70
0
  9
$DIMSE1
 70
0
  9
$DIMSE2
 70
0
  9
$DIMTAD
 70
1
  9
$DIMZIN
 70
12
  9
$DIMBLK
  1
ARCHTICK
  9
$DIMASO
 70
1
  9
$DIMSHO
 70
1
  9
$DIMPOST
  1

  9
$DIMAPOST
  1

  9
$DIMALT
 70
0
  9
$DIMALTD
 70
3
  9
$DIMALTF
 40
0.03937007874
  9
$DIMLFAC
 40
100.0
  9
$DIMTOFL
 70
1
  9
$DIMTVP
 40
0.0
  9
$DIMTIX
 70
0
  9
$DIMSOXD
 70
0
  9
$DIMSAH
 70
0
  9
$DIMBLK1
  1

  9
$DIMBLK2
  1

  9
$DIMSTYLE
  2
EZDXF
  9
$DIMCLRD
 70
0
  9
$DIMCLRE
 70
0
  9
$DIMCLRT
 70
0
  9
$DIMTFAC
 40
0.5
  9
$DIMGAP
 40
0.1
  9
$DIMJUST
 70
0
  9
$DIMSD1
 70
0
  9
$DIMSD2
 70
0
  9
$DIMTOLJ
 70
0
  9
$DIMTZIN
 70
8
  9
$DIMALTZ
 70
0
  9
$DIMALTTZ
 70
0
  9
$DIMUPT
 70
1
  9
$DIMDEC
 70
2
  9
$DIMTDEC
 70
2
  9
$DIMALTU
 70
2
  9
$DIMALTTD
 70
3
  9
$DIMTXSTY
  7
OpenSansCondensed-Light
  9
$DIMAUNIT
 70
0
  9
$DIMADEC
 70
2
  9
$DIMALTRND
 40
0.0
  9
$DIMAZIN
 70
3
  9
$DIMDSEP
 70
46
  9
$DIMATFIT
 70
3
  9
$DIMFRAC
 70
0
  9
$DIMLDRBLK
  1

  9
$DIMLUNIT
 70
2
  9
$DIMLWD
 70
-2
  9
$DIMLWE
 70
-2
  9
$DIMTMOVE
 70
2
  9
$DIMFXL
 40
1.0
  9
$DIMFXLON
 70
0
  9
$DIMJOGANG
 40
0.785398163397
  9
$DIMTFILL
 70
0
  9
$DIMTFILLCLR
 70
0
  9
$DIMARCSYM
 70
0
  9
$DIMLTYPE
  6

  9
$DIMLTEX1
  6

  9
$DIMLTEX2
  6

  9
$DIMTXTDIRECTION
 70
0
  9
$LUNITS
 70
2
  9
$LUPREC
 70
4
  9
$SKETCHINC
 40
1.0
  9
$FILLETRAD
 40
10.0
  9
$AUNITS
 70
0
  9
$AUPREC
 70
2
  9
$MENU
  1
.
  9
$ELEVATION
 40
0.0
  9
$PELEVATION
 40
0.0
  9
$THICKNESS
 40
0.0
  9
$LIMCHECK
 70
0
  9
$CHAMFERA
 40
0.0
  9
$CHAMFERB
 40
0.0
  9
$CHAMFERC
 40
0.0
  9
$CHAMFERD
 40
0.0
  9
$SKPOLY
 70
0
  9
$TDCREATE
 40
2461308.1272106483
  9
$TDUCREATE
 40
2458532.153996898
  9
$TDUPDATE
 40
2461308.1272106483
  9
$TDUUPDATE
 40
2458532.1544311
  9
$TDINDWG
 40
0.0
  9
$TDUSRTIMER
 40
0.0
  9
$USRTIMER
 70
1
  9
$ANGBASE
 50
0.0
  9
$ANGDIR
 70
0
  9
$PDMODE
 70
0
  9
$PDSIZE
 40
0.0
  9
$PLINEWID
 40
0.0
  9
$SPLFRAME
 70
0
  9
$SPLINETYPE
 70
6
  9
$SPLINESEGS
 70
8
  9
$HANDSEED
  5
4A7
  9
$SURFTAB1
 70
6
  9
$SURFTAB2
 70
6
  9
$SURFTYPE
 70
6
  9
$SURFU
 70
6
  9
$SURFV
 70
6
  9
$UCSBASE
  2

  9
$UCSNAME
  2

  9
$UCSORG
 10
0.0
 20
0.0
 30
0.0
  9
$UCSXDIR
 10
1.0
 20
0.0
 30
0.0
  9
$UCSYDIR
 10
0.0
 20
1.0
 30
0.0
  9
$UCSORTHOREF
  2

  9
$UCSORTHOVIEW
 70
0
  9
$UCSORGTOP
 10
0.0
 20
0.0
 30
0.0
  9
$UCSORGBOTTOM
 10
0.0
 20
0.0
 30
0.0
  9
$UCSORGLEFT
 10
0.0
 20
0.0
 30
0.0
  9
$UCSORGRIGHT
 10
0.0
 20
0.0
 30
0.0
  9
$UCSORGFRONT
 10
0.0
 20
0.0
 30
0.0
  9
$UCSORGBACK
 10
0.0
 20
0.0
 30
0.0
  9
$PUCSBASE
  2

  9
$PUCSNAME
  2

  9
$PUCSORG
 10
0.0
 20
0.0
 30
0.0
  9
$PUCSXDIR
 10
1.0
 20
0.0
 30
0.0
  9
$PUCSYDIR
 10
0.0
 20
1.0
 30
0.0
  9
$PUCSORTHOREF
  2

  9
$PUCSORTHOVIEW
 70
0
  9
$PUCSORGTOP
 10
0.0
 20
0.0
 30
0.0
  9
$PUCSORGBOTTOM
 10
0.0
 20
0.0
 30
0.0
  9
$PUCSORGLEFT
 10
0.0
 20
0.0
 30
0.0
  9
$PUCSORGRIGHT
 10
0.0
 20
0.0
 30
0.0
  9
$PUCSORGFRONT
 10
0.0
 20
0.0
 30
0.0
  9
$PUCSORGBACK
 10
0.0
 20
0.0
 30
0.0
  9
$USERI1
 70
0
  9
$USERI2
 70
0
  9
$USERI3
 70
0
  9
$USERI4
 70
0
  9
$USERI5
 70
0
  9
$USERR1
 40
0.0
  9
$USERR2
 40
0.0
  9
$USERR3
 40
0.0
  9
$USERR4
 40
0.0
  9
$USERR5
 40
0.0
  9
$WORLDVIEW
 70
1
  9
$SHADEDGE
 70
3
  9
$SHADEDIF
 70
70
  9
$TILEMODE
 70
1
  9
$MAXACTVP
 70
64
  9
$PINSBASE
 10
0.0
 20
0.0
 30
0.0
  9
$PLIMCHECK
 70
0
  9
$PEXTMIN
 10
1e+20
 20
1e+20
 30
1e+20
  9
$PEXTMAX
 10
-1e+20
 20
-1e+20
 30
-1e+20
  9
$PLIMMIN
 10
0.0
 20
0.0
  9
$PLIMMAX
 10
420.0
 20
297.0
  9
$UNITMODE
 70
0
  9
$VISRETAIN
 70
1
  9
$PLINEGEN
 70
0
  9
$PSLTSCALE
 70
1
  9
$TREEDEPTH
 70
3020
  9
$CMLSTYLE
  2
Standard
  9
$CMLJUST
 70
0
  9
$CMLSCALE
 40
20.0
  9
$PROXYGRAPHICS
 70
1
  9
$MEASUREMENT
 70
0
  9
$CELWEIGHT
370
-1
  9
$ENDCAPS
280
0
  9
$JOINSTYLE
280
0
  9
$LWDISPLAY
290
0
  9
$INSUNITS
 70
0
  9
$HYPERLINKBASE
  1

  9
$STYLESHEET
  1

  9
$XEDIT
290
1
  9
$CEPSNTYPE
380
0
  9
$PSTYLEMODE
290
1
  9
$FINGERPRINTGUID
  2
{4C8DA395-9641-46A3-A76A-93235357849C}
  9
$VERSIONGUID
  2
{FA982633-F168-464E-A21E-CB000266AA39}
  9
$EXTNAMES
290
1
  9
$PSVPSCALE
 40
0.0
  9
$OLESTARTUP
290
0
  9
$SORTENTS
280
127
  9
$INDEXCTL
280
0
  9
$HIDETEXT
280
1
  9
$XCLIPFRAME
280
1
  9
$HALOGAP
280
0
  9
$OBSCOLOR
 70
257
  9
$OBSLTYPE
280
0
  9
$INTERSECTIONDISPLAY
280
0
  9
$INTERSECTIONCOLOR
 70
257
  9
$DIMASSOC
280
2
  9
$PROJECTNAME
  1

  9
$CAMERADISPLAY
290
0
  9
$LENSLENGTH
 40
50.0
  9
$CAMERAHEIGHT
 40
0.0
  9
$STEPSPERSEC
 40
24.0
  9
$STEPSIZE
 40
100.0
  9
$3DDWFPREC
 40
2.0
  9
$PSOLWIDTH
 40
0.005
  9
$PSOLHEIGHT
 40
0.08
  9
$LOFTANG1
 40
1.570796326795
  9
$LOFTANG2
 40
1.570796326795
  9
$LOFTMAG1
 40
0.0
  9
$LOFTMAG2
 40
0.0
  9
$LOFTPARAM
 70
7
  9
$LOFTNORMALS
280
1
  9
$LATITUDE
 40
37.795
  9
$LONGITUDE
 40
-122.394
  9
$NORTHDIRECTION
 40
0.0
  9
$TIMEZONE
 70
-8000
  9
$LIGHTGLYPHDISPLAY
280
1
  9
$TILEMODELIGHTSYNCH
280
1
  9
$CMATERIAL
347
20
  9
$SOLIDHIST
280
0
  9
$SHOWHIST
280
1
  9
$DWFFRAME
280
2
  9
$DGNFRAME
280
2
  9
$REALWORLDSCALE
290
1
  9
$INTERFERECOLOR
 62
256
  9
$CSHADOW
280
0
  9
$SHADOWPLANELOCATION
 40
0.0
  0
ENDSEC
  0
SECTION
  2
CLASSES
  0
CLASS
  1
ACDBDICTIONARYWDFLT
  2
AcDbDictionaryWithDefault
  3
ObjectDBX Classes
 90
0
 91
0
280
0
281
0
  0
CLASS
  1
SUN
  2
AcDbSun
  3
SCENEOE
 90
1153
 91
0
280
0
281
0
  0
CLASS
  1
VISUALSTYLE
  2
AcDbVisualStyle
  3
ObjectDBX Classes
 90
4095
 91
0
280
0
281
0
  0
CLASS
  1
MATERIAL
  2
AcDbMaterial
  3
ObjectDBX Classes
 90
1153
 91
0
280
0
281
0
  0
CLASS
  1
SCALE
  2
AcDbScale
  3
ObjectDBX Classes
 90
1153
 91
0
280
0
281
0
  0
CLASS
  1
TABLESTYLE
  2
AcDbTableStyle
  3
ObjectDBX Classes
 90
4095
 91
0
280
0
281
0
  0
CLASS
  1
MLEADERSTYLE
  2
AcDbMLeaderStyle
  3
ACDB_MLEADERSTYLE_CLASS
 90
4095
 91
0
280
0
281
0
  0
CLASS
  1
DICTIONARYVAR
  2
AcDbDictionaryVar
  3
ObjectDBX Classes
 90
0
 91
0
280
0
281
0
  0
CLASS
  1
CELLSTYLEMAP
  2
AcDbCellStyleMap
  3
ObjectDBX Classes
 90
1152
 91
0
280
0
281
0
  0
CLASS
  1
MENTALRAYRENDERSETTINGS
  2
AcDbMentalRayRenderSettings
  3
SCENEOE
 90
1024
 91
0
280
0
281
0
  0
CLASS
  1
ACDBDETAILVIEWSTYLE
  2
AcDbDetailViewStyle
  3
ObjectDBX Classes
 90
1025
 91
0
280
0
281
0
  0
CLASS
  1
ACDBSECTIONVIEWSTYLE
  2
AcDbSectionViewStyle
  3
ObjectDBX Classes
 90
1025
 91
0
280
0
281
0
  0
CLASS
  1
RASTERVARIABLES
  2
AcDbRasterVariables
  3
ISM
 90
0
 91
0
280
0
281
0
  0
CLASS
  1
LAYOUT
  2
AcDbLayout
  3
ObjectDBX Classes
 90
0
 91
0
280
0
281
0
  0
CLASS
  1
ACDBPLACEHOLDER
  2
AcDbPlaceHolder
  3
ObjectDBX Classes
 90
0
 91
0
280
0
281
0
  0
ENDSEC
  0
SECTION
  2
TABLES
  0
TABLE
  2
VPORT
  5
8
330
0
100
AcDbSymbolTable
 70
1
  0
VPORT
  5
23
330
8
100
AcDbSymbolTableRecord
100
AcDbViewportTableRecord
  2
*Active
 70
0
 10
0.0
 20
0.0
 11
1.0
 21
1.0
 12
0.0
 22
0.0
 13
0.0
 23
0.0
 14
0.5
 24
0.5
 15
0.5
 25
0.5
 16
0.0
 26
0.0
 36
1.0
 17
0.0
 27
0.0
 37
0.0
 40
1000.0
 41
1.34
 42
50.0
 43
0.0
 44
0.0
 50
0.0
 51
0.0
 71
0
 72
1000
 73
1
 74
3
 75
0
 76
0
 77
0
 78
0
281
0
 65
0
146
0.0
  0
ENDTAB
  0
TABLE
  2
LTYPE
  5
2
330
0
100
AcDbSymbolTable
 70
21
  0
LTYPE
  5
24
330
2
100
AcDbSymbolTableRecord
100
AcDbLinetypeTableRecord
  2
ByBlock
 70
0
  3

 72
65
 73
0
 40
0.0
  0
LTYPE
  5
25
330
2
100
AcDbSymbolTableRecord
100
AcDbLinetypeTableRecord
  2
ByLayer
 70
0
  3

 72
65
 73
0
 40
0.0
  0
LTYPE
  5
26
330
2
100
AcDbSymbolTableRecord
100
AcDbLinetypeTableRecord
  2
Continuous
 70
0
  3

 72
65
 73
0
 40
0.0
  0
LTYPE
  5
2F
330
2
100
AcDbSymbolTableRecord
100
AcDbLinetypeTableRecord
  2
CENTER
 70
0
  3
Center ____ _ ____ _ ____ _ ____ _ ____ _ ____
 72
65
 73
4
 40
5.08
 49
3.175
 74
0
 49
-0.635
 74
0
 49
0.635
 74
0
 49
-0.635
 74
0
  0
LTYPE
  5
30
330
2
100
AcDbSymbolTableRecord
100
AcDbLinetypeTableRecord
  2
CENTERX2
 70
0
  3
Center (2x) ________  __  ________  __  ________
 72
65
 73
4
 40
8.89
 49
6.35
 74
0
 49
-0.635
 74
0
 49
1.27
 74
0
 49
-0.635
 74
0
  0
LTYPE
  5
31
330
2
100
AcDbSymbolTableRecord
100
AcDbLinetypeTableRecord
  2
CENTER2
 70
0
  3
Center (.5x) ____ _ ____ _ ____ _ ____ _ ____
 72
65
 73
4
 40
2.54
 49
1.587
 74
0
 49
-0.318
 74
0
 49
0.318
 74
0
 49
-0.318
 74
0
  0
LTYPE
  5
32
330
2
100
AcDbSymbolTableRecord
100
AcDbLinetypeTableRecord
  2
DASHED
 70
0
  3
Dashed __ __ __ __ __ __ __ __ __ __ __ __ __ _
 72
65
 73
2
 40
1.524
 49
1.27
 74
0
 49
-0.254
 74
0
  0
LTYPE
  5
33
330
2
100
AcDbSymbolTableRecord
100
AcDbLinetypeTableRecord
  2
DASHEDX2
 70
0
  3
Dashed (2x) ____  ____  ____  ____  ____  ____
 72
65
 73
2
 40
3.048
 49
2.54
 74
0
 49
-0.508
 74
0
  0
LTYPE
  5
34
330
2
100
AcDbSymbolTableRecord
100
AcDbLinetypeTableRecord
  2
DASHED2
 70
0
  3
Dashed (.5x) _ _ _ _ _ _ _ _ _ _ _ _ _ _
 72
65
 73
2
 40
0.762
 49
0.635
 74
0
 49
-0.127
 74
0
  0
LTYPE
  5
35
330
2
100
AcDbSymbolTableRecord
100
AcDbLinetypeTableRecord
  2
PHANTOM
 70
0
  3
Phantom ______  __  __  ______  __  __  ______
 72
65
 73
6
 40
6.35
 49
3.175
 74
0
 49
-0.635
 74
0
 49
0.635
 74
0
 49
-0.635
 74
0
 49
0.635
 74
0
 49
-0.635
 74
0
  0
LTYPE
  5
36
330
2
100
AcDbSymbolTableRecord
100
AcDbLinetypeTableRecord
  2
PHANTOMX2
 70
0
  3
Phantom (2x)____________    ____    ____    ____________
 72
65
 73
6
 40
10.795
 49
6.35
 74
0
 49
-0.635
 74
0
 49
1.27
 74
0
 49
-0.635
 74
0
 49
1.27
 74
0
 49
-0.635
 74
0
  0
LTYPE
  5
37
330
2
100
AcDbSymbolTableRecord
100
AcDbLinetypeTableRecord
  2
PHANTOM2
 70
0
  3
Phantom (.5x) ___ _ _ ___ _ _ ___ _ _ ___ _ _ ___
 72
65
 73
6
 40
3.175
 49
1.587
 74
0
 49
-0.318
 74
0
 49
0.318
 74
0
 49
-0.318
 74
0
 49
0.318
 74
0
 49
-0.318
 74
0
  0
LTYPE
  5
38
330
2
100
AcDbSymbolTableRecord
100
AcDbLinetypeTableRecord
  2
DASHDOT
 70
0
  3
Dash dot __ . __ . __ . __ . __ . __ . __ . __
 72
65
 73
4
 40
3.556
 49
2.54
 74
0
 49
-0.508
 74
0
 49
0.0
 74
0
 49
-0.508
 74
0
  0
LTYPE
  5
39
330
2
100
AcDbSymbolTableRecord
100
AcDbLinetypeTableRecord
  2
DASHDOTX2
 70
0
  3
Dash dot (2x) ____  .  ____  .  ____  .  ____
 72
65
 73
4
 40
6.096
 49
5.08
 74
0
 49
-0.508
 74
0
 49
0.0
 74
0
 49
-0.508
 74
0
  0
LTYPE
  5
3A
330
2
100
AcDbSymbolTableRecord
100
AcDbLinetypeTableRecord
  2
DASHDOT2
 70
0
  3
Dash dot (.5x) _ . _ . _ . _ . _ . _ . _ . _
 72
65
 73
4
 40
1.778
 49
1.27
 74
0
 49
-0.254
 74
0
 49
0.0
 74
0
 49
-0.254
 74
0
  0
LTYPE
  5
3B
330
2
100
AcDbSymbolTableRecord
100
AcDbLinetypeTableRecord
  2
DOT
 70
0
  3
Dot .  .  .  .  .  .  .  .  .  .  .  .  .  .  .  .
 72
65
 73
2
 40
0.508
 49
0.0
 74
0
 49
-0.508
 74
0
  0
LTYPE
  5
3C
330
2
100
AcDbSymbolTableRecord
100
AcDbLinetypeTableRecord
  2
DOTX2
 70
0
  3
Dot (2x) .    .    .    .    .    .    .    . 
 72
65
 73
2
 40
1.016
 49
0.0
 74
0
 49
-1.016
 74
0
  0
LTYPE
  5
3D
330
2
100
AcDbSymbolTableRecord
100
AcDbLinetypeTableRecord
  2
DOT2
 70
0
  3
Dot (.5) . . . . . . . . . . . . . . . . . . . 
 72
65
 73
2
 40
0.254
 49
0.0
 74
0
 49
-0.254
 74
0
  0
LTYPE
  5
3E
330
2
100
AcDbSymbolTableRecord
100
AcDbLinetypeTableRecord
  2
DIVIDE
 70
0
  3
Divide __ . . __ . . __ . . __ . . __ . . __
 72
65
 73
6
 40
4.064
 49
2.54
 74
0
 49
-0.508
 74
0
 49
0.0
 74
0
 49
-0.508
 74
0
 49
0.0
 74
0
 49
-0.508
 74
0
  0
LTYPE
  5
3F
330
2
100
AcDbSymbolTableRecord
100
AcDbLinetypeTableRecord
  2
DIVIDEX2
 70
0
  3
Divide (2x) ____  . .  ____  . .  ____  . .  ____
 72
65
 73
6
 40
6.604
 49
5.08
 74
0
 49
-0.508
 74
0
 49
0.0
 74
0
 49
-0.508
 74
0
 49
0.0
 74
0
 49
-0.508
 74
0
  0
LTYPE
  5
40
330
2
100
AcDbSymbolTableRecord
100
AcDbLinetypeTableRecord
  2
DIVIDE2
 70
0
  3
Divide(.5x) _ . _ . _ . _ . _ . _ . _ . _
 72
65
 73
6
 40
2.032
 49
1.27
 74
0
 49
-0.254
 74
0
 49
0.0
 74
0
 49
-0.254
 74
0
 49
0.0
 74
0
 49
-0.254
 74
0
  0
ENDTAB
  0
TABLE
  2
LAYER
  5
1
330
0
100
AcDbSymbolTable
 70
18
  0
LAYER
  5
27
330
1
100
AcDbSymbolTableRecord
100
AcDbLayerTableRecord
  2
0
 70
0
 62
7
  6
Continuous
370
-3
390
13
347
21
  0
LAYER
  5
28
330
1
100
AcDbSymbolTableRecord
100
AcDbLayerTableRecord
  2
Defpoints
 70
0
 62
7
  6
Continuous
290
0
370
-3
390
13
347
21
  0
LAYER
  5
8B
330
1
100
AcDbSymbolTableRecord
100
AcDbLayerTableRecord
  2
PLAT-LINE
 70
0
 62
7
  6
CONTINUOUS
370
-3
390
13
347
21
  0
LAYER
  5
8C
330
1
100
AcDbSymbolTableRecord
100
AcDbLayerTableRecord
  2
PLAT-LINE-DASH
 70
0
 62
8
  6
DASHED
370
-3
390
13
347
21
  0
LAYER
  5
8D
330
1
100
AcDbSymbolTableRecord
100
AcDbLayerTableRecord
  2
PLAT-CURVE
 70
0
 62
4
  6
CONTINUOUS
370
-3
390
13
347
21
  0
LAYER
  5
8E
330
1
100
AcDbSymbolTableRecord
100
AcDbLayerTableRecord
  2
PLAT-TEXT-BRG
 70
0
 62
3
  6
CONTINUOUS
370
-3
390
13
347
21
  0
LAYER
  5
8F
330
1
100
AcDbSymbolTableRecord
100
AcDbLayerTableRecord
  2
PLAT-TEXT-DIST
 70
0
 62
2
  6
CONTINUOUS
370
-3
390
13
347
21
  0
LAYER
  5
90
330
1
100
AcDbSymbolTableRecord
100
AcDbLayerTableRecord
  2
PLAT-TEXT-CURVE
 70
0
 62
6
  6
CONTINUOUS
370
-3
390
13
347
21
  0
LAYER
  5
91
330
1
100
AcDbSymbolTableRecord
100
AcDbLayerTableRecord
  2
PLAT-TEXT-LOTNO
 70
0
 62
5
  6
CONTINUOUS
370
-3
390
13
347
21
  0
LAYER
  5
92
330
1
100
AcDbSymbolTableRecord
100
AcDbLayerTableRecord
  2
PLAT-TEXT-AREA
 70
0
 62
5
  6
CONTINUOUS
370
-3
390
13
347
21
  0
LAYER
  5
93
330
1
100
AcDbSymbolTableRecord
100
AcDbLayerTableRecord
  2
PLAT-TEXT-MISC
 70
0
 62
9
  6
CONTINUOUS
370
-3
390
13
347
21
  0
LAYER
  5
94
330
1
100
AcDbSymbolTableRecord
100
AcDbLayerTableRecord
  2
PLAT-TEXT-UNASSOC
 70
0
 62
30
  6
CONTINUOUS
370
-3
390
13
347
21
  0
LAYER
  5
95
330
1
100
AcDbSymbolTableRecord
100
AcDbLayerTableRecord
  2
PLAT-TABLE-CURVE
 70
0
 62
6
  6
CONTINUOUS
370
-3
390
13
347
21
  0
LAYER
  5
96
330
1
100
AcDbSymbolTableRecord
100
AcDbLayerTableRecord
  2
PLAT-TABLE
 70
0
 62
6
  6
CONTINUOUS
370
-3
390
13
347
21
  0
LAYER
  5
97
330
1
100
AcDbSymbolTableRecord
100
AcDbLayerTableRecord
  2
PLAT-NOTES
 70
0
 62
7
  6
CONTINUOUS
370
-3
390
13
347
21
  0
LAYER
  5
98
330
1
100
AcDbSymbolTableRecord
100
AcDbLayerTableRecord
  2
PLAT-QA
 70
0
 62
1
  6
CONTINUOUS
370
-3
390
13
347
21
  0
LAYER
  5
99
330
1
100
AcDbSymbolTableRecord
100
AcDbLayerTableRecord
  2
PLAT-MON
 70
0
 62
1
  6
CONTINUOUS
370
-3
390
13
347
21
  0
LAYER
  5
9A
330
1
100
AcDbSymbolTableRecord
100
AcDbLayerTableRecord
  2
PLAT-TEXT-LOWCONF
 70
1
 62
8
  6
CONTINUOUS
370
-3
390
13
347
21
  0
ENDTAB
  0
TABLE
  2
STYLE
  5
5
330
0
100
AcDbSymbolTable
 70
27
  0
STYLE
  5
29
330
5
100
AcDbSymbolTableRecord
100
AcDbTextStyleTableRecord
  2
Standard
 70
0
 40
0.0
 41
1.0
 50
0.0
 71
0
 42
2.5
  3
txt
  4

  0
STYLE
  5
41
330
5
100
AcDbSymbolTableRecord
100
AcDbTextStyleTableRecord
  2
OpenSans-Light
 70
0
 40
0.0
 41
1.0
 50
0.0
 71
0
 42
2.5
  3
OpenSans-Light.ttf
  4

  0
STYLE
  5
42
330
5
100
AcDbSymbolTableRecord
100
AcDbTextStyleTableRecord
  2
OpenSans-Light-Italic
 70
0
 40
0.0
 41
1.0
 50
0.0
 71
0
 42
2.5
  3
OpenSans-LightItalic.ttf
  4

  0
STYLE
  5
43
330
5
100
AcDbSymbolTableRecord
100
AcDbTextStyleTableRecord
  2
OpenSans
 70
0
 40
0.0
 41
1.0
 50
0.0
 71
0
 42
2.5
  3
OpenSans-Regular.ttf
  4

  0
STYLE
  5
44
330
5
100
AcDbSymbolTableRecord
100
AcDbTextStyleTableRecord
  2
OpenSans-Italic
 70
0
 40
0.0
 41
1.0
 50
0.0
 71
0
 42
2.5
  3
OpenSans-Italic.ttf
  4

  0
STYLE
  5
45
330
5
100
AcDbSymbolTableRecord
100
AcDbTextStyleTableRecord
  2
OpenSans-SemiBold
 70
0
 40
0.0
 41
1.0
 50
0.0
 71
0
 42
2.5
  3
OpenSans-SemiBold.ttf
  4

  0
STYLE
  5
46
330
5
100
AcDbSymbolTableRecord
100
AcDbTextStyleTableRecord
  2
OpenSans-SemiBoldItalic
 70
0
 40
0.0
 41
1.0
 50
0.0
 71
0
 42
2.5
  3
OpenSans-SemiBoldItalic.ttf
  4

  0
STYLE
  5
47
330
5
100
AcDbSymbolTableRecord
100
AcDbTextStyleTableRecord
  2
OpenSans-Bold
 70
0
 40
0.0
 41
1.0
 50
0.0
 71
0
 42
2.5
  3
OpenSans-Bold.ttf
  4

  0
STYLE
  5
48
330
5
100
AcDbSymbolTableRecord
100
AcDbTextStyleTableRecord
  2
OpenSans-BoldItalic
 70
0
 40
0.0
 41
1.0
 50
0.0
 71
0
 42
2.5
  3
OpenSans-BoldItalic.ttf
  4

  0
STYLE
  5
49
330
5
100
AcDbSymbolTableRecord
100
AcDbTextStyleTableRecord
  2
OpenSans-ExtraBold
 70
0
 40
0.0
 41
1.0
 50
0.0
 71
0
 42
2.5
  3
OpenSans-ExtraBold.ttf
  4

  0
STYLE
  5
4A
330
5
100
AcDbSymbolTableRecord
100
AcDbTextStyleTableRecord
  2
OpenSans-ExtraBoldItalic
 70
0
 40
0.0
 41
1.0
 50
0.0
 71
0
 42
2.5
  3
OpenSans-ExtraBoldItalic.ttf
  4

  0
STYLE
  5
4B
330
5
100
AcDbSymbolTableRecord
100
AcDbTextStyleTableRecord
  2
OpenSansCondensed-Bold
 70
0
 40
0.0
 41
1.0
 50
0.0
 71
0
 42
2.5
  3
OpenSansCondensed-Bold.ttf
  4

  0
STYLE
  5
4C
330
5
100
AcDbSymbolTableRecord
100
AcDbTextStyleTableRecord
  2
OpenSansCondensed-Light
 70
0
 40
0.0
 41
1.0
 50
0.0
 71
0
 42
2.5
  3
OpenSansCondensed-Light.ttf
  4

  0
STYLE
  5
4D
330
5
100
AcDbSymbolTableRecord
100
AcDbTextStyleTableRecord
  2
OpenSansCondensed-Italic
 70
0
 40
0.0
 41
1.0
 50
0.0
 71
0
 42
2.5
  3
OpenSansCondensed-LightItalic.ttf
  4

  0
STYLE
  5
4E
330
5
100
AcDbSymbolTableRecord
100
AcDbTextStyleTableRecord
  2
LiberationSans
 70
0
 40
0.0
 41
1.0
 50
0.0
 71
0
 42
2.5
  3
LiberationSans-Regular.ttf
  4

  0
STYLE
  5
4F
330
5
100
AcDbSymbolTableRecord
100
AcDbTextStyleTableRecord
  2
LiberationSans-Bold
 70
0
 40
0.0
 41
1.0
 50
0.0
 71
0
 42
2.5
  3
LiberationSans-Bold.ttf
  4

  0
STYLE
  5
50
330
5
100
AcDbSymbolTableRecord
100
AcDbTextStyleTableRecord
  2
LiberationSans-BoldItalic
 70
0
 40
0.0
 41
1.0
 50
0.0
 71
0
 42
2.5
  3
LiberationSans-BoldItalic.ttf
  4

  0
STYLE
  5
51
330
5
100
AcDbSymbolTableRecord
100
AcDbTextStyleTableRecord
  2
LiberationSans-Italic
 70
0
 40
0.0
 41
1.0
 50
0.0
 71
0
 42
2.5
  3
LiberationSans-Italic.ttf
  4

  0
STYLE
  5
52
330
5
100
AcDbSymbolTableRecord
100
AcDbTextStyleTableRecord
  2
LiberationSerif
 70
0
 40
0.0
 41
1.0
 50
0.0
 71
0
 42
2.5
  3
LiberationSerif-Regular.ttf
  4

  0
STYLE
  5
53
330
5
100
AcDbSymbolTableRecord
100
AcDbTextStyleTableRecord
  2
LiberationSerif-Bold
 70
0
 40
0.0
 41
1.0
 50
0.0
 71
0
 42
2.5
  3
LiberationSerif-Bold.ttf
  4

  0
STYLE
  5
54
330
5
100
AcDbSymbolTableRecord
100
AcDbTextStyleTableRecord
  2
LiberationSerif-BoldItalic
 70
0
 40
0.0
 41
1.0
 50
0.0
 71
0
 42
2.5
  3
LiberationSerif-BoldItalic.ttf
  4

  0
STYLE
  5
55
330
5
100
AcDbSymbolTableRecord
100
AcDbTextStyleTableRecord
  2
LiberationSerif-Italic
 70
0
 40
0.0
 41
1.0
 50
0.0
 71
0
 42
2.5
  3
LiberationSerif-Italic.ttf
  4

  0
STYLE
  5
56
330
5
100
AcDbSymbolTableRecord
100
AcDbTextStyleTableRecord
  2
LiberationMono
 70
0
 40
0.0
 41
1.0
 50
0.0
 71
0
 42
2.5
  3
LiberationMono-Regular.ttf
  4

  0
STYLE
  5
57
330
5
100
AcDbSymbolTableRecord
100
AcDbTextStyleTableRecord
  2
LiberationMono-Bold
 70
0
 40
0.0
 41
1.0
 50
0.0
 71
0
 42
2.5
  3
LiberationMono-Bold.ttf
  4

  0
STYLE
  5
58
330
5
100
AcDbSymbolTableRecord
100
AcDbTextStyleTableRecord
  2
LiberationMono-BoldItalic
 70
0
 40
0.0
 41
1.0
 50
0.0
 71
0
 42
2.5
  3
LiberationMono-BoldItalic.ttf
  4

  0
STYLE
  5
59
330
5
100
AcDbSymbolTableRecord
100
AcDbTextStyleTableRecord
  2
LiberationMono-Italic
 70
0
 40
0.0
 41
1.0
 50
0.0
 71
0
 42
2.5
  3
LiberationMono-Italic.ttf
  4

  0
STYLE
  5
9B
330
5
100
AcDbSymbolTableRecord
100
AcDbTextStyleTableRecord
  2
PLAT
 70
0
 40
0.0
 41
1.0
 50
0.0
 71
0
 42
2.5
  3
arial.ttf
  4

  0
ENDTAB
  0
TABLE
  2
VIEW
  5
7
330
0
100
AcDbSymbolTable
 70
0
  0
ENDTAB
  0
TABLE
  2
UCS
  5
6
330
0
100
AcDbSymbolTable
 70
0
  0
ENDTAB
  0
TABLE
  2
APPID
  5
3
330
0
100
AcDbSymbolTable
 70
4
  0
APPID
  5
2A
330
3
100
AcDbSymbolTableRecord
100
AcDbRegAppTableRecord
  2
ACAD
 70
0
  0
APPID
  5
8A
330
3
100
AcDbSymbolTableRecord
100
AcDbRegAppTableRecord
  2
RASTER2DXF
 70
0
  0
APPID
  5
4A4
330
3
100
AcDbSymbolTableRecord
100
AcDbRegAppTableRecord
  2
HATCHBACKGROUNDCOLOR
 70
0
  0
APPID
  5
4A5
330
3
100
AcDbSymbolTableRecord
100
AcDbRegAppTableRecord
  2
EZDXF
 70
0
  0
ENDTAB
  0
TABLE
  2
DIMSTYLE
  5
4
330
0
100
AcDbSymbolTable
 70
12
100
AcDbDimStyleTable
  0
DIMSTYLE
105
2B
330
4
100
AcDbSymbolTableRecord
100
AcDbDimStyleTableRecord
  2
Standard
 70
0
 40
1.0
 41
2.5
 42
0.625
 43
3.75
 44
1.25
 45
0.0
 46
0.0
 47
0.0
 48
0.0
 49
2.5
140
2.5
141
2.5
142
0.0
143
0.03937007874
144
1.0
145
0.0
146
1.0
147
0.625
148
0.0
 69
0
 70
0
 71
0
 72
0
 73
0
 74
0
 75
0
 76
0
 77
1
 78
8
 79
3
170
0
171
3
172
1
173
0
174
0
175
0
176
0
177
0
178
0
179
2
271
2
272
2
273
2
274
3
275
0
276
0
277
2
278
44
279
0
280
0
281
0
282
0
283
0
284
8
285
0
286
0
288
0
289
3
290
0
371
-2
372
-2
  0
DIMSTYLE
105
73
330
4
100
AcDbSymbolTableRecord
100
AcDbDimStyleTableRecord
  2
EZDXF
 70
0
 40
1.0
 41
0.175
 42
0.125
 43
3.75
 44
0.375
 45
0.0
 46
0.0
 47
0.0
 48
0.0
 49
2.5
140
0.25
141
2.5
142
0.0
143
0.03937007874
144
100.0
145
0.0
146
0.5
147
0.1
148
0.0
 69
0
 70
0
 71
0
 72
0
 73
0
 74
0
 75
0
 76
0
 77
1
 78
12
 79
3
170
0
171
3
172
1
173
0
174
0
175
0
176
0
177
0
178
0
179
2
271
2
272
2
273
2
274
3
275
0
276
0
277
2
278
46
279
2
280
0
281
0
282
0
283
0
284
8
285
0
286
0
288
1
289
3
290
0
340
4C
342
74
371
-2
372
-2
  0
DIMSTYLE
105
7C
330
4
100
AcDbSymbolTableRecord
100
AcDbDimStyleTableRecord
  2
EZ_M_100_H25_CM
 70
0
 40
1.0
 41
0.25
 42
0.125
 43
3.75
 44
0.375
 45
0.0
 46
0.0
 47
0.0
 48
0.0
 49
2.5
140
0.25
141
2.5
142
0.125
143
0.03937007874
144
100.0
145
0.0
146
0.5
147
0.1
148
0.0
 69
0
 70
0
 71
0
 72
0
 73
0
 74
0
 75
0
 76
0
 77
1
 78
12
 79
3
170
0
171
3
172
1
173
0
174
0
175
0
176
0
177
0
178
0
179
2
271
2
272
2
273
2
274
3
275
0
276
0
277
2
278
46
279
2
280
0
281
0
282
0
283
0
284
8
285
0
286
0
288
1
289
3
290
0
340
4C
371
-2
372
-2
  0
DIMSTYLE
105
7D
330
4
100
AcDbSymbolTableRecord
100
AcDbDimStyleTableRecord
  2
EZ_M_50_H25_CM
 70
0
 40
1.0
 41
0.125
 42
0.0625
 43
3.75
 44
0.1875
 45
0.0
 46
0.0
 47
0.0
 48
0.0
 49
2.5
140
0.125
141
2.5
142
0.0625
143
0.03937007874
144
100.0
145
0.0
146
0.5
147
0.05
148
0.0
 69
0
 70
0
 71
0
 72
0
 73
0
 74
0
 75
0
 76
0
 77
1
 78
12
 79
3
170
0
171
3
172
1
173
0
174
0
175
0
176
0
177
0
178
0
179
2
271
2
272
2
273
2
274
3
275
0
276
0
277
2
278
46
279
2
280
0
281
0
282
0
283
0
284
8
285
0
286
0
288
1
289
3
290
0
340
4C
371
-2
372
-2
  0
DIMSTYLE
105
7E
330
4
100
AcDbSymbolTableRecord
100
AcDbDimStyleTableRecord
  2
EZ_M_25_H25_CM
 70
0
 40
1.0
 41
0.0625
 42
0.03125
 43
3.75
 44
0.09375
 45
0.0
 46
0.0
 47
0.0
 48
0.0
 49
2.5
140
0.0625
141
2.5
142
0.03125
143
0.03937007874
144
100.0
145
0.0
146
0.5
147
0.025
148
0.0
 69
0
 70
0
 71
0
 72
0
 73
0
 74
0
 75
0
 76
0
 77
1
 78
12
 79
3
170
0
171
3
172
1
173
0
174
0
175
0
176
0
177
0
178
0
179
2
271
2
272
2
273
2
274
3
275
0
276
0
277
2
278
46
279
2
280
0
281
0
282
0
283
0
284
8
285
0
286
0
288
1
289
3
290
0
340
4C
371
-2
372
-2
  0
DIMSTYLE
105
7F
330
4
100
AcDbSymbolTableRecord
100
AcDbDimStyleTableRecord
  2
EZ_M_20_H25_CM
 70
0
 40
1.0
 41
0.05
 42
0.025
 43
3.75
 44
0.07500000000000001
 45
0.0
 46
0.0
 47
0.0
 48
0.0
 49
2.5
140
0.05
141
2.5
142
0.025
143
0.03937007874
144
100.0
145
0.0
146
0.5
147
0.020000000000000004
148
0.0
 69
0
 70
0
 71
0
 72
0
 73
0
 74
0
 75
0
 76
0
 77
1
 78
12
 79
3
170
0
171
3
172
1
173
0
174
0
175
0
176
0
177
0
178
0
179
2
271
2
272
2
273
2
274
3
275
0
276
0
277
2
278
46
279
2
280
0
281
0
282
0
283
0
284
8
285
0
286
0
288
1
289
3
290
0
340
4C
371
-2
372
-2
  0
DIMSTYLE
105
80
330
4
100
AcDbSymbolTableRecord
100
AcDbDimStyleTableRecord
  2
EZ_M_10_H25_CM
 70
0
 40
1.0
 41
0.025
 42
0.0125
 43
3.75
 44
0.037500000000000006
 45
0.0
 46
0.0
 47
0.0
 48
0.0
 49
2.5
140
0.025
141
2.5
142
0.0125
143
0.03937007874
144
100.0
145
0.0
146
0.5
147
0.010000000000000002
148
0.0
 69
0
 70
0
 71
0
 72
0
 73
0
 74
0
 75
0
 76
0
 77
1
 78
12
 79
3
170
0
171
3
172
1
173
0
174
0
175
0
176
0
177
0
178
0
179
2
271
2
272
2
273
2
274
3
275
0
276
0
277
2
278
46
279
2
280
0
281
0
282
0
283
0
284
8
285
0
286
0
288
1
289
3
290
0
340
4C
371
-2
372
-2
  0
DIMSTYLE
105
81
330
4
100
AcDbSymbolTableRecord
100
AcDbDimStyleTableRecord
  2
EZ_M_5_H25_CM
 70
0
 40
1.0
 41
0.0125
 42
0.00625
 43
3.75
 44
0.018750000000000003
 45
0.0
 46
0.0
 47
0.0
 48
0.0
 49
2.5
140
0.0125
141
2.5
142
0.00625
143
0.03937007874
144
100.0
145
0.0
146
0.5
147
0.005000000000000001
148
0.0
 69
0
 70
0
 71
0
 72
0
 73
0
 74
0
 75
0
 76
0
 77
1
 78
12
 79
3
170
0
171
3
172
1
173
0
174
0
175
0
176
0
177
0
178
0
179
2
271
2
272
2
273
2
274
3
275
0
276
0
277
2
278
46
279
2
280
0
281
0
282
0
283
0
284
8
285
0
286
0
288
1
289
3
290
0
340
4C
371
-2
372
-2
  0
DIMSTYLE
105
82
330
4
100
AcDbSymbolTableRecord
100
AcDbDimStyleTableRecord
  2
EZ_M_1_H25_CM
 70
0
 40
1.0
 41
0.0025
 42
0.00125
 43
3.75
 44
0.00375
 45
0.0
 46
0.0
 47
0.0
 48
0.0
 49
2.5
140
0.0025
141
2.5
142
0.00125
143
0.03937007874
144
100.0
145
0.0
146
0.5
147
0.001
148
0.0
 69
0
 70
0
 71
0
 72
0
 73
0
 74
0
 75
0
 76
0
 77
1
 78
12
 79
3
170
0
171
3
172
1
173
0
174
0
175
0
176
0
177
0
178
0
179
2
271
2
272
2
273
2
274
3
275
0
276
0
277
2
278
46
279
2
280
0
281
0
282
0
283
0
284
8
285
0
286
0
288
1
289
3
290
0
340
4C
371
-2
372
-2
  0
DIMSTYLE
105
83
330
4
100
AcDbSymbolTableRecord
100
AcDbDimStyleTableRecord
  2
EZ_RADIUS
 70
0
 40
1.0
 41
0.25
 42
0.125
 43
3.75
 44
0.375
 45
0.0
 46
0.0
 47
0.0
 48
0.0
 49
2.5
140
0.25
141
0.0
142
0.0
143
0.03937007874
144
100.0
145
0.0
146
0.5
147
0.1
148
0.0
 69
0
 70
0
 71
0
 72
0
 73
0
 74
0
 75
0
 76
0
 77
1
 78
12
 79
3
170
0
171
3
172
0
173
0
174
0
175
0
176
0
177
0
178
0
179
2
271
2
272
2
273
2
274
3
275
0
276
0
277
2
278
46
279
1
280
0
281
0
282
0
283
0
284
8
285
0
286
0
288
1
289
3
290
0
340
4C
342
84
371
-2
372
-2
  0
DIMSTYLE
105
88
330
4
100
AcDbSymbolTableRecord
100
AcDbDimStyleTableRecord
  2
EZ_RADIUS_INSIDE
 70
0
 40
1.0
 41
0.25
 42
0.125
 43
3.75
 44
0.375
 45
0.0
 46
0.0
 47
0.0
 48
0.0
 49
2.5
140
0.25
141
0.0
142
0.0
143
0.03937007874
144
100.0
145
0.0
146
0.5
147
0.1
148
0.0
 69
0
 70
0
 71
0
 72
0
 73
0
 74
0
 75
0
 76
0
 77
0
 78
12
 79
3
170
0
171
3
172
0
173
0
174
1
175
0
176
0
177
0
178
0
179
2
271
2
272
2
273
2
274
3
275
0
276
0
277
2
278
46
279
0
280
0
281
0
282
0
283
0
284
8
285
0
286
0
288
1
289
0
290
0
340
4C
342
84
371
-2
372
-2
  0
DIMSTYLE
105
89
330
4
100
AcDbSymbolTableRecord
100
AcDbDimStyleTableRecord
  2
EZ_CURVED
 70
0
 40
1.0
 41
0.25
 42
0.125
 43
3.75
 44
0.375
 45
0.0
 46
0.0
 47
0.0
 48
0.0
 49
2.5
140
0.25
141
2.5
142
0.0
143
0.03937007874
144
100.0
145
0.0
146
0.5
147
0.1
148
0.0
 69
0
 70
0
 71
0
 72
0
 73
0
 74
0
 75
0
 76
0
 77
1
 78
12
 79
2
 90
2
170
0
171
3
172
1
173
0
174
0
175
0
176
0
177
0
178
0
179
2
271
2
272
2
273
2
274
3
275
0
276
0
277
2
278
46
279
2
280
0
281
0
282
0
283
0
284
8
285
0
286
0
288
1
289
3
290
0
340
4C
371
-2
372
-2
  0
ENDTAB
  0
TABLE
  2
BLOCK_RECORD
  5
9
330
0
100
AcDbSymbolTable
 70
5
  0
BLOCK_RECORD
  5
17
330
9
100
AcDbSymbolTableRecord
100
AcDbBlockTableRecord
  2
*Model_Space
340
1A
 70
0
280
1
281
0
  0
BLOCK_RECORD
  5
1B
330
9
100
AcDbSymbolTableRecord
100
AcDbBlockTableRecord
  2
*Paper_Space
340
1E
 70
0
280
1
281
0
  0
BLOCK_RECORD
  5
74
330
9
100
AcDbSymbolTableRecord
100
AcDbBlockTableRecord
  2
_ARCHTICK
340
0
 70
0
280
1
281
0
  0
BLOCK_RECORD
  5
78
330
9
100
AcDbSymbolTableRecord
100
AcDbBlockTableRecord
  2
_CLOSEDFILLED
340
0
 70
0
280
1
281
0
  0
BLOCK_RECORD
  5
84
330
9
100
AcDbSymbolTableRecord
100
AcDbBlockTableRecord
  2
_CLOSEDBLANK
340
0
 70
0
280
1
281
0
  0
ENDTAB
  0
ENDSEC
  0
SECTION
  2
BLOCKS
  0
BLOCK
  5
18
330
17
100
AcDbEntity
  8
0
100
AcDbBlockBegin
  2
*Model_Space
 70
0
 10
0.0
 20
0.0
 30
0.0
  3
*Model_Space
  1

  0
ENDBLK
  5
19
330
17
100
AcDbEntity
  8
0
100
AcDbBlockEnd
  0
BLOCK
  5
1C
330
1B
100
AcDbEntity
  8
0
100
AcDbBlockBegin
  2
*Paper_Space
 70
0
 10
0.0
 20
0.0
 30
0.0
  3
*Paper_Space
  1

  0
ENDBLK
  5
1D
330
1B
100
AcDbEntity
  8
0
100
AcDbBlockEnd
  0
BLOCK
  5
75
330
74
100
AcDbEntity
  8
0
100
AcDbBlockBegin
  2
_ARCHTICK
 70
0
 10
0.0
 20
0.0
 30
0.0
  3
_ARCHTICK
  1

  0
LWPOLYLINE
  5
77
330
74
100
AcDbEntity
  8
0
  6
BYBLOCK
 62
0
100
AcDbPolyline
 90
2
 70
0
 43
0.15
 10
-0.5
 20
-0.5
 10
0.5
 20
0.5
  0
ENDBLK
  5
76
330
74
100
AcDbEntity
  8
0
100
AcDbBlockEnd
  0
BLOCK
  5
79
330
78
100
AcDbEntity
  8
0
100
AcDbBlockBegin
  2
_CLOSEDFILLED
 70
0
 10
0.0
 20
0.0
 30
0.0
  3
_CLOSEDFILLED
  1

  0
SOLID
  5
7B
330
78
100
AcDbEntity
  8
0
  6
BYBLOCK
 62
0
100
AcDbTrace
 10
-1.0
 20
0.16439898372402537
 30
0.0
 11
0.0
 21
0.0
 31
0.0
 12
-1.0
 22
-0.16439898372402537
 32
0.0
 13
-1.0
 23
-0.16439898372402537
 33
0.0
  0
ENDBLK
  5
7A
330
78
100
AcDbEntity
  8
0
100
AcDbBlockEnd
  0
BLOCK
  5
85
330
84
100
AcDbEntity
  8
0
100
AcDbBlockBegin
  2
_CLOSEDBLANK
 70
0
 10
0.0
 20
0.0
 30
0.0
  3
_CLOSEDBLANK
  1

  0
LWPOLYLINE
  5
87
330
84
100
AcDbEntity
  8
0
  6
BYBLOCK
 62
0
100
AcDbPolyline
 90
3
 70
1
 10
-1.0
 20
0.16439898372402537
 10
0.0
 20
0.0
 10
-1.0
 20
-0.16439898372402537
  0
ENDBLK
  5
86
330
84
100
AcDbEntity
  8
0
100
AcDbBlockEnd
  0
ENDSEC
  0
SECTION
  2
ENTITIES
  0
LINE
  5
9C
330
17
100
AcDbEntity
  8
PLAT-LINE
420
16317180
100
AcDbLine
 10
4681.543932160177
 20
5882.823354239307
 30
0.0
 11
4681.643344283599
 21
5833.823579943582
 31
0.0
1001
RASTER2DXF
1000
line 0
1040
49.0
1040
1.0
  0
LINE
  5
9D
330
17
100
AcDbEntity
  8
PLAT-LINE
420
7304059
100
AcDbLine
 10
2899.6554138167166
 20
5872.717688990766
 30
0.0
 11
2950.658344448872
 21
5872.756526004947
 31
0.0
1001
RASTER2DXF
1000
line 1
1040
51.003
1040
0.824
  0
LINE
  5
9E
330
17
100
AcDbEntity
  8
PLAT-LINE
420
7304059
100
AcDbLine
 10
5090.655356531345
 20
5872.216665547205
 30
0.0
 11
5141.658287163501
 21
5872.255502561386
 31
0.0
1001
RASTER2DXF
1000
line 2
1040
51.003
1040
0.824
  0
LINE
  5
9F
330
17
100
AcDbEntity
  8
PLAT-LINE
420
8422283
100
AcDbLine
 10
5231.641749842098
 20
5800.021931882151
 30
0.0
 11
5280.640766256471
 21
5799.7968679029
 31
0.0
1001
RASTER2DXF
1000
line 3
1040
49.0
1040
0.938
  0
LINE
  5
A0
330
17
100
AcDbEntity
  8
PLAT-LINE
420
16317180
100
AcDbLine
 10
2640.158389145009
 20
5790.984272043186
 30
0.0
 11
2687.8749899627974
 21
5797.167400438466
 31
0.0
1001
RASTER2DXF
1000
line 4
1040
48.116
1040
0.933
  0
LINE
  5
A1
330
17
100
AcDbEntity
  8
PLAT-LINE
420
12633807
100
AcDbLine
 10
5556.2937130276305
 20
5536.469894419097
 30
0.0
 11
2684.6118572129276
 21
5415.713722186909
 31
0.0
1001
RASTER2DXF
1000
line 5
1040
2874.22
1040
1.0
  0
LINE
  5
A2
330
17
100
AcDbEntity
  8
PLAT-LINE
420
12633807
100
AcDbLine
 10
5556.2937130276305
 20
5536.469894419097
 30
0.0
 11
5567.030814722375
 21
4860.918835618339
 31
0.0
1001
RASTER2DXF
1000
line 6
1040
675.636
1040
0.998
  0
LINE
  5
A3
330
17
100
AcDbEntity
  8
PLAT-LINE
420
36542
100
AcDbLine
 10
1823.1998387159056
 20
5598.109982542797
 30
0.0
 11
1823.1541652667938
 21
5515.480099516971
 31
0.0
1001
RASTER2DXF
1000
line 7
1040
82.63
1040
1.0
  0
LINE
  5
A4
330
17
100
AcDbEntity
  8
PLAT-LINE
420
36542
100
AcDbLine
 10
1823.1541652667938
 20
5515.480099516971
 30
0.0
 11
1823.040845394191
 21
5310.468041091039
 31
0.0
1001
RASTER2DXF
1000
line 8
1040
205.012
1040
1.0
  0
LINE
  5
A5
330
17
100
AcDbEntity
  8
PLAT-LINE
420
143946
100
AcDbLine
 10
1823.040845394191
 20
5310.468041091039
 30
0.0
 11
1822.9647272988714
 21
5172.759384643654
 31
0.0
1001
RASTER2DXF
1000
line 9
1040
137.709
1040
1.0
  0
LINE
  5
A6
330
17
100
AcDbEntity
  8
PLAT-LINE
420
36542
100
AcDbLine
 10
1784.1892944715833
 20
5605.936865395948
 30
0.0
 11
409.4972971637908
 21
5607.00595493966
 31
0.0
1001
RASTER2DXF
1000
line 10
1040
1374.692
1040
1.0
  0
LINE
  5
A7
330
17
100
AcDbEntity
  8
PLAT-LINE
420
36542
100
AcDbLine
 10
398.06095823775377
 20
5574.513064646262
 30
0.0
 11
396.95427940909167
 21
5149.279480971052
 31
0.0
1001
RASTER2DXF
1000
line 11
1040
425.235
1040
1.0
  0
LINE
  5
A8
330
17
100
AcDbEntity
  8
PLAT-LINE
420
36542
100
AcDbLine
 10
436.90333182715085
 20
5140.3465126789415
 30
0.0
 11
1811.7683423105914
 21
5138.959630972233
 31
0.0
1001
RASTER2DXF
1000
line 12
1040
1374.866
1040
1.0
  0
LINE
  5
A9
330
17
100
AcDbEntity
  8
PLAT-LINE
420
15872064
100
AcDbLine
 10
1824.5044398296832
 20
5515.479353156281
 30
0.0
 11
2677.1670035274674
 21
5514.729640619054
 31
0.0
1001
RASTER2DXF
1000
line 13
1040
852.663
1040
1.0
  0
LINE
  5
AA
330
17
100
AcDbEntity
  8
PLAT-LINE
420
8067104
100
AcDbLine
 10
2682.9976331830776
 20
5475.853948652797
 30
0.0
 11
2682.9843032542603
 21
5415.714082932283
 31
0.0
1001
RASTER2DXF
1000
line 14
1040
60.14
1040
1.0
  0
LINE
  5
AB
330
17
100
AcDbEntity
  8
PLAT-LINE
420
8067104
100
AcDbLine
 10
2682.9843032542603
 20
5415.714082932283
 30
0.0
 11
2682.9623464028973
 21
5316.65263175936
 31
0.0
1001
RASTER2DXF
1000
line 15
1040
99.061
1040
1.0
  0
LINE
  5
AC
330
17
100
AcDbEntity
  8
PLAT-LINE
420
15872064
100
AcDbLine
 10
2645.118607269057
 20
5311.884439465501
 30
0.0
 11
2037.9586576447737
 21
5310.835822212569
 31
0.0
1001
RASTER2DXF
1000
line 16
1040
607.161
1040
0.993
  0
LINE
  5
AD
330
17
100
AcDbEntity
  8
PLAT-LINE
420
15872064
100
AcDbLine
 10
2037.9586576447737
 20
5310.835822212569
 30
0.0
 11
1824.5323378841986
 21
5310.467216672514
 31
0.0
1001
RASTER2DXF
1000
line 17
1040
213.427
1040
0.993
  0
LINE
  5
AE
330
17
100
AcDbEntity
  8
PLAT-LINE
420
9714492
100
AcDbLine
 10
2530.548051751387
 20
5395.380806359544
 30
0.0
 11
2444.5577558689706
 21
5395.864285773082
 31
0.0
1001
RASTER2DXF
1000
line 18
1040
85.992
1040
0.989
  0
LINE
  5
AF
330
17
100
AcDbEntity
  8
PLAT-LINE
420
12633807
100
AcDbLine
 10
2037.9593740648397
 20
5310.421007779526
 30
0.0
 11
2158.312734664805
 21
574.9640890711853
 31
0.0
1001
RASTER2DXF
1000
line 19
1040
4736.986
1040
0.999
  0
LINE
  5
B0
330
17
100
AcDbEntity
  8
PLAT-LINE
420
16724804
100
AcDbLine
 10
2200.1722034173767
 20
5295.084022488068
 30
0.0
 11
2400.649604753598
 21
5061.531206720396
 31
0.0
1001
RASTER2DXF
1000
line 20
1040
307.796
1040
0.986
  0
LINE
  5
B1
330
17
100
AcDbEntity
  8
PLAT-LINE
420
62932
100
AcDbLine
 10
5592.253933363849
 20
4889.621781855615
 30
0.0
 11
5589.81814640003
 21
5124.617159004047
 31
0.0
1001
RASTER2DXF
1000
line 21
1040
235.008
1040
1.0
  0
LINE
  5
B2
330
17
100
AcDbEntity
  8
PLAT-LINE
420
117167
100
AcDbLine
 10
5629.441522306854
 20
4930.600883148058
 30
0.0
 11
6172.349905072653
 21
4930.476734433049
 31
0.0
1001
RASTER2DXF
1000
line 22
1040
542.908
1040
1.0
1000
curve_data=L=260.19'
  0
LINE
  5
B3
330
17
100
AcDbEntity
  8
PLAT-LINE
420
117166
100
AcDbLine
 10
6172.349905072653
 20
4930.476734433049
 30
0.0
 11
6172.365571337895
 21
4798.078702795235
 31
0.0
1001
RASTER2DXF
1000
line 23
1040
132.398
1040
1.0
  0
LINE
  5
B4
330
17
100
AcDbEntity
  8
PLAT-LINE
420
116910
100
AcDbLine
 10
6172.365571337895
 20
4798.078702795235
 30
0.0
 11
5647.411106848354
 21
4797.59122712056
 31
0.0
1001
RASTER2DXF
1000
line 24
1040
524.955
1040
0.81
1000
curve_data=,R=1959.86',
  0
LINE
  5
B5
330
17
100
AcDbEntity
  8
PLAT-LINE
420
15428450
100
AcDbLine
 10
5651.428670545327
 20
4825.978072742071
 30
0.0
 11
5704.453625284523
 21
4826.910637164015
 31
0.0
1001
RASTER2DXF
1000
line 25
1040
53.033
1040
0.962
  0
LINE
  5
B6
330
17
100
AcDbEntity
  8
PLAT-LINE
420
16542058
100
AcDbLine
 10
5815.415147995648
 20
4789.96412367547
 30
0.0
 11
6023.405370488173
 21
4789.175178506459
 31
0.0
1001
RASTER2DXF
1000
line 26
1040
207.992
1040
0.88
  0
LINE
  5
B7
330
17
100
AcDbEntity
  8
PLAT-LINE
420
12633807
100
AcDbLine
 10
5567.234767758106
 20
4623.59336447362
 30
0.0
 11
5570.7025832822565
 21
4756.610975481128
 31
0.0
1001
RASTER2DXF
1000
line 27
1040
133.063
1040
0.903
  0
LINE
  5
B8
330
17
100
AcDbEntity
  8
PLAT-LINE
420
62932
100
AcDbLine
 10
5578.123096187905
 20
4624.580405220605
 30
0.0
 11
5581.603988356027
 21
4676.591903044258
 31
0.0
1001
RASTER2DXF
1000
line 28
1040
52.128
1040
0.96
  0
LINE
  5
B9
330
17
100
AcDbEntity
  8
PLAT-LINE
420
12633807
100
AcDbLine
 10
5567.7260312133185
 20
4583.588286721357
 30
0.0
 11
5570.573484647167
 21
4331.591463755053
 31
0.0
1001
RASTER2DXF
1000
line 29
1040
252.013
1040
0.988
  0
LINE
  5
BA
330
17
100
AcDbEntity
  8
PLAT-LINE
420
14232893
100
AcDbLine
 10
5291.28598118222
 20
4331.651227790441
 30
0.0
 11
5570.573484647167
 21
4331.591463755053
 31
0.0
1001
RASTER2DXF
1000
line 30
1040
279.288
1040
1.0
  0
LINE
  5
BB
330
17
100
AcDbEntity
  8
PLAT-LINE
420
14232893
100
AcDbLine
 10
5570.573484647167
 20
4331.591463755053
 30
0.0
 11
6043.363944096098
 21
4331.490292505358
 31
0.0
1001
RASTER2DXF
1000
line 31
1040
472.79
1040
1.0
  0
LINE
  5
BC
330
17
100
AcDbEntity
  8
PLAT-LINE
420
14232893
100
AcDbLine
 10
5291.28598118222
 20
4331.651227790441
 30
0.0
 11
5291.380232421243
 21
4234.685865310348
 31
0.0
1001
RASTER2DXF
1000
line 32
1040
96.965
1040
1.0
  0
LINE
  5
BD
330
17
100
AcDbEntity
  8
PLAT-LINE
420
14494779
100
AcDbLine
 10
5291.380232421243
 20
4234.685865310348
 30
0.0
 11
5572.010558285858
 21
4236.045646174663
 31
0.0
1001
RASTER2DXF
1000
line 33
1040
280.634
1040
0.982
  0
LINE
  5
BE
330
17
100
AcDbEntity
  8
PLAT-LINE
420
8919844
100
AcDbLine
 10
5572.010558285858
 20
4236.045646174663
 30
0.0
 11
6043.165275237216
 21
4234.504590840673
 31
0.0
1001
RASTER2DXF
1000
line 34
1040
471.157
1040
0.982
  0
LINE
  5
BF
330
17
100
AcDbEntity
  8
PLAT-LINE
420
14494779
100
AcDbLine
 10
6043.363944096098
 20
4331.490292505358
 30
0.0
 11
6043.165275237216
 21
4234.504590840673
 31
0.0
1001
RASTER2DXF
1000
line 35
1040
96.986
1040
1.0
  0
LINE
  5
C0
330
17
100
AcDbEntity
  8
PLAT-LINE
420
12633807
100
AcDbLine
 10
5572.017595624942
 20
4234.593286597867
 30
0.0
 11
5573.973963133198
 21
4037.614557951581
 31
0.0
1001
RASTER2DXF
1000
line 36
1040
196.988
1040
1.0
  0
LINE
  5
C1
330
17
100
AcDbEntity
  8
PLAT-LINE
420
16724804
100
AcDbLine
 10
6173.589966735641
 20
4093.9912462349484
 30
0.0
 11
6084.242685586156
 21
4031.9299336682693
 31
0.0
1001
RASTER2DXF
1000
line 37
1040
108.787
1040
1.0
  0
LINE
  5
C2
330
17
100
AcDbEntity
  8
PLAT-LINE
420
13380411
100
AcDbLine
 10
6068.221022123111
 20
4017.8159504808377
 30
0.0
 11
6364.139092774779
 21
4016.4513419374234
 31
0.0
1001
RASTER2DXF
1000
line 38
1040
295.921
1040
1.0
1000
curve_data=:459.36', L=291.30'
  0
LINE
  5
C3
330
17
100
AcDbEntity
  8
PLAT-LINE
420
13773368
100
AcDbLine
 10
6364.139092774779
 20
4016.4513419374234
 30
0.0
 11
6364.294728942173
 21
3886.436635606172
 31
0.0
1001
RASTER2DXF
1000
line 39
1040
130.015
1040
1.0
  0
LINE
  5
C4
330
17
100
AcDbEntity
  8
PLAT-LINE
420
13773368
100
AcDbLine
 10
6348.202083185801
 20
3883.439730981822
 30
0.0
 11
5949.440144508379
 21
3883.531828051692
 31
0.0
1001
RASTER2DXF
1000
line 40
1040
398.762
1040
1.0
  0
LINE
  5
C5
330
17
100
AcDbEntity
  8
PLAT-LINE
420
13445946
100
AcDbLine
 10
5949.440144508379
 20
3883.531828051692
 30
0.0
 11
5949.102383171897
 21
3951.530850774641
 31
0.0
1001
RASTER2DXF
1000
line 41
1040
68.0
1040
1.0
  0
LINE
  5
C6
330
17
100
AcDbEntity
  8
PLAT-LINE
420
13052214
100
AcDbLine
 10
6054.201003038568
 20
4013.244366830977
 30
0.0
 11
5950.480101013831
 21
4015.7937060162435
 31
0.0
1001
RASTER2DXF
1000
line 42
1040
103.752
1040
1.0
  0
LINE
  5
C7
330
17
100
AcDbEntity
  8
PLAT-LINE
420
13380154
100
AcDbLine
 10
5944.392209514346
 20
3954.2194488024884
 30
0.0
 11
5950.480101013831
 21
4015.7937060162435
 31
0.0
1001
RASTER2DXF
1000
line 43
1040
61.874
1040
0.828
  0
LINE
  5
C8
330
17
100
AcDbEntity
  8
PLAT-LINE
420
14232893
100
AcDbLine
 10
5443.22507924421
 20
3983.7857237466596
 30
0.0
 11
5899.397665877708
 21
3983.5360895930135
 31
0.0
1001
RASTER2DXF
1000
line 44
1040
456.173
1040
0.967
  0
LINE
  5
C9
330
17
100
AcDbEntity
  8
PLAT-LINE
420
14232893
100
AcDbLine
 10
5428.165533967826
 20
3980.650463459482
 30
0.0
 11
5428.322944130468
 21
3886.1995205306625
 31
0.0
1001
RASTER2DXF
1000
line 45
1040
94.451
1040
1.0
  0
LINE
  5
CA
330
17
100
AcDbEntity
  8
PLAT-LINE
420
5780292
100
AcDbLine
 10
3362.226853128808
 20
3941.2475157414465
 30
0.0
 11
3380.657944232823
 21
3941.2428110921605
 31
0.0
1001
RASTER2DXF
1000
line 46
1040
18.431
1040
0.988
  0
LINE
  5
CB
330
17
100
AcDbEntity
  8
PLAT-LINE
420
117423
100
AcDbLine
 10
3380.657944232823
 20
3941.2428110921605
 30
0.0
 11
3438.8127144775426
 21
3941.2279667296243
 31
0.0
1001
RASTER2DXF
1000
line 47
1040
58.155
1040
0.988
  0
LINE
  5
CC
330
17
100
AcDbEntity
  8
PLAT-LINE
420
117423
100
AcDbLine
 10
3438.8127144775426
 20
3941.2279667296243
 30
0.0
 11
3793.148859482166
 21
3941.137520250787
 31
0.0
1001
RASTER2DXF
1000
line 48
1040
354.336
1040
0.988
  0
LINE
  5
CD
330
17
100
AcDbEntity
  8
PLAT-LINE
420
117423
100
AcDbLine
 10
3380.65795486122
 20
3941.2844492544004
 30
0.0
 11
3379.790856762653
 21
3875.083229885804
 31
0.0
1001
RASTER2DXF
1000
line 49
1040
66.207
1040
0.941
  0
LINE
  5
CE
330
17
100
AcDbEntity
  8
PLAT-LINE
420
14494779
100
AcDbLine
 10
5899.047877604475
 20
3886.542894082363
 30
0.0
 11
5899.397665877708
 21
3983.5360895930135
 31
0.0
1001
RASTER2DXF
1000
line 50
1040
96.994
1040
0.863
  0
LINE
  5
CF
330
17
100
AcDbEntity
  8
PLAT-LINE
420
14494779
100
AcDbLine
 10
5899.047877604475
 20
3886.542894082363
 30
0.0
 11
5731.202785442686
 21
3886.5812757931153
 31
0.0
1001
RASTER2DXF
1000
line 51
1040
167.845
1040
1.0
  0
LINE
  5
D0
330
17
100
AcDbEntity
  8
PLAT-LINE
420
11647686
100
AcDbLine
 10
2378.3197203916343
 20
3923.583622228596
 30
0.0
 11
2445.213770123575
 21
3925.2336480375416
 31
0.0
1001
RASTER2DXF
1000
line 52
1040
66.914
1040
1.0
  0
LINE
  5
D1
330
17
100
AcDbEntity
  8
PLAT-LINE
420
16724804
100
AcDbLine
 10
5802.131350022464
 20
3926.99256210668
 30
0.0
 11
5847.1772487523085
 21
3928.042567769945
 31
0.0
1001
RASTER2DXF
1000
line 53
1040
45.058
1040
0.976
  0
LINE
  5
D2
330
17
100
AcDbEntity
  8
PLAT-LINE
420
62932
100
AcDbLine
 10
3065.540374087491
 20
3906.5288074216387
 30
0.0
 11
3150.210998747282
 21
3911.2636490636814
 31
0.0
1001
RASTER2DXF
1000
line 54
1040
84.803
1040
1.0
  0
LINE
  5
D3
330
17
100
AcDbEntity
  8
PLAT-LINE
420
16724804
100
AcDbLine
 10
5810.997156930177
 20
3910.4422677474467
 30
0.0
 11
5731.259623162358
 21
3901.0659727520124
 31
0.0
1001
RASTER2DXF
1000
line 55
1040
80.287
1040
0.911
  0
LINE
  5
D4
330
17
100
AcDbEntity
  8
PLAT-LINE
420
14494779
100
AcDbLine
 10
5428.322944130468
 20
3886.1995205306625
 30
0.0
 11
5571.202725679693
 21
3886.3377785573975
 31
0.0
1001
RASTER2DXF
1000
line 56
1040
142.88
1040
1.0
  0
LINE
  5
D5
330
17
100
AcDbEntity
  8
PLAT-LINE
420
15485009
100
AcDbLine
 10
5713.801872483403
 20
3858.394120223594
 30
0.0
 11
5651.785249836172
 21
3844.8847556953274
 31
0.0
1001
RASTER2DXF
1000
line 57
1040
63.471
1040
0.906
  0
LINE
  5
D6
330
17
100
AcDbEntity
  8
PLAT-LINE
420
117166
100
AcDbLine
 10
3381.852572811765
 20
3810.004449174969
 30
0.0
 11
3481.184889049884
 21
3809.0370640216283
 31
0.0
1001
RASTER2DXF
1000
line 58
1040
99.337
1040
1.0
  0
LINE
  5
D7
330
17
100
AcDbEntity
  8
PLAT-LINE
420
117166
100
AcDbLine
 10
3792.185718128292
 20
3809.111142116945
 30
0.0
 11
3526.182387034749
 21
3808.9990844343124
 31
0.0
1001
RASTER2DXF
1000
line 59
1040
266.003
1040
1.0
  0
LINE
  5
D8
330
17
100
AcDbEntity
  8
PLAT-LINE
420
12210517
100
AcDbLine
 10
5639.339143441738
 20
3803.9932669679306
 30
0.0
 11
5685.290543965836
 21
3805.0621542425006
 31
0.0
1001
RASTER2DXF
1000
line 60
1040
45.964
1040
0.921
  0
LINE
  5
D9
330
17
100
AcDbEntity
  8
PLAT-LINE
420
16739179
100
AcDbLine
 10
5628.520496803399
 20
3802.762963360065
 30
0.0
 11
5639.367602618933
 21
3803.6421455323803
 31
0.0
1001
RASTER2DXF
1000
line 61
1040
10.883
1040
0.833
  0
LINE
  5
DA
330
17
100
AcDbEntity
  8
PLAT-LINE
420
11488336
100
AcDbLine
 10
5639.367602618933
 20
3803.6421455323803
 30
0.0
 11
5685.105167521431
 21
3807.349277402505
 31
0.0
1001
RASTER2DXF
1000
line 62
1040
45.888
1040
0.833
  0
LINE
  5
DB
330
17
100
AcDbEntity
  8
PLAT-LINE
420
15951463
100
AcDbLine
 10
5685.105167521431
 20
3807.349277402505
 30
0.0
 11
5692.803918839827
 21
3807.9732784054754
 31
0.0
1001
RASTER2DXF
1000
line 63
1040
7.724
1040
0.833
  0
LINE
  5
DC
330
17
100
AcDbEntity
  8
PLAT-LINE
420
6631480
100
AcDbLine
 10
5629.358901246566
 20
3804.0597246570824
 30
0.0
 11
5639.336165509384
 21
3803.850951589703
 31
0.0
1001
RASTER2DXF
1000
line 64
1040
9.979
1040
1.0
  0
LINE
  5
DD
330
17
100
AcDbEntity
  8
PLAT-LINE
420
16739179
100
AcDbLine
 10
5639.336165509384
 20
3803.850951589703
 30
0.0
 11
5685.127787227306
 21
3802.8927673545786
 31
0.0
1001
RASTER2DXF
1000
line 65
1040
45.802
1040
1.0
  0
LINE
  5
DE
330
17
100
AcDbEntity
  8
PLAT-LINE
420
62932
100
AcDbLine
 10
3531.265757918703
 20
3797.655610139491
 30
0.0
 11
3592.566128740238
 21
3758.6941201363816
 31
0.0
1001
RASTER2DXF
1000
line 66
1040
72.634
1040
0.981
  0
LINE
  5
DF
330
17
100
AcDbEntity
  8
PLAT-LINE
420
12633807
100
AcDbLine
 10
5577.014245352102
 20
3795.6024593937527
 30
0.0
 11
5588.399275011232
 21
2832.624194718703
 31
0.0
1001
RASTER2DXF
1000
line 67
1040
963.046
1040
1.0
  0
LINE
  5
E0
330
17
100
AcDbEntity
  8
PLAT-LINE
420
14232893
100
AcDbLine
 10
4163.358714284533
 20
3540.943301515861
 30
0.0
 11
4162.994845693221
 21
3490.9407005640905
 31
0.0
1001
RASTER2DXF
1000
line 68
1040
50.004
1040
1.0
  0
LINE
  5
E1
330
17
100
AcDbEntity
  8
PLAT-LINE
420
14232893
100
AcDbLine
 10
4163.358714284533
 20
3540.943301515861
 30
0.0
 11
4736.061854292385
 21
3540.8018554545642
 31
0.0
1001
RASTER2DXF
1000
line 69
1040
572.703
1040
1.0
  0
LINE
  5
E2
330
17
100
AcDbEntity
  8
PLAT-LINE
420
14494779
100
AcDbLine
 10
4736.061854292385
 20
3540.8018554545642
 30
0.0
 11
4736.224172313493
 21
3444.805185325039
 31
0.0
1001
RASTER2DXF
1000
line 70
1040
95.997
1040
1.0
  0
LINE
  5
E3
330
17
100
AcDbEntity
  8
PLAT-LINE
420
14494779
100
AcDbLine
 10
4165.101524804799
 20
3443.942419305414
 30
0.0
 11
4721.0996735679255
 21
3443.7873182845296
 31
0.0
1001
RASTER2DXF
1000
line 71
1040
555.998
1040
0.987
  0
LINE
  5
E4
330
17
100
AcDbEntity
  8
PLAT-LINE
420
6602859
100
AcDbLine
 10
2519.7320017220077
 20
3346.891988647466
 30
0.0
 11
2493.826018076188
 21
3309.4630421499173
 31
0.0
1001
RASTER2DXF
1000
line 72
1040
45.52
1040
0.907
  0
LINE
  5
E5
330
17
100
AcDbEntity
  8
PLAT-LINE
420
116398
100
AcDbLine
 10
3636.992462999854
 20
2967.068148767882
 30
0.0
 11
3976.992524327884
 21
2966.968524920508
 31
0.0
1001
RASTER2DXF
1000
line 73
1040
340.0
1040
1.0
1000
distance=[3.93',
  0
LINE
  5
E6
330
17
100
AcDbEntity
  8
PLAT-LINE
420
117166
100
AcDbLine
 10
3979.9650079847165
 20
2846.969064426685
 30
0.0
 11
3979.9867348504995
 21
2941.981707643572
 31
0.0
1001
RASTER2DXF
1000
line 74
1040
95.013
1040
1.0
  0
LINE
  5
E7
330
17
100
AcDbEntity
  8
PLAT-LINE
420
16724804
100
AcDbLine
 10
3459.313854638875
 20
2937.8990318266115
 30
0.0
 11
3438.6865324730825
 21
2894.7210991092625
 31
0.0
1001
RASTER2DXF
1000
line 75
1040
47.852
1040
1.0
  0
LINE
  5
E8
330
17
100
AcDbEntity
  8
PLAT-LINE
420
12633807
100
AcDbLine
 10
4767.672158125661
 20
2888.1014479087203
 30
0.0
 11
4426.302585420612
 21
2406.859881090885
 31
0.0
1001
RASTER2DXF
1000
line 76
1040
590.023
1040
0.996
  0
LINE
  5
E9
330
17
100
AcDbEntity
  8
PLAT-LINE
420
12633807
100
AcDbLine
 10
4767.672158125661
 20
2888.1014479087203
 30
0.0
 11
4979.102354699238
 21
2739.559697552097
 31
0.0
1001
RASTER2DXF
1000
line 77
1040
258.394
1040
1.0
  0
LINE
  5
EA
330
17
100
AcDbEntity
  8
PLAT-LINE
420
12633807
100
AcDbLine
 10
4980.032614369333
 20
2740.899369955493
 30
0.0
 11
5128.404731261064
 21
2647.7485639408887
 31
0.0
1001
RASTER2DXF
1000
line 78
1040
175.189
1040
1.0
  0
LINE
  5
EB
330
17
100
AcDbEntity
  8
PLAT-LINE
420
12633807
100
AcDbLine
 10
4423.983634852057
 20
2408.5567394792415
 30
0.0
 11
4310.5461934063
 21
2260.8926346570734
 31
0.0
1001
RASTER2DXF
1000
line 79
1040
186.206
1040
1.0
  0
LINE
  5
EC
330
17
100
AcDbEntity
  8
PLAT-LINE
420
12633807
100
AcDbLine
 10
4311.879102428115
 20
2259.8715446011474
 30
0.0
 11
4234.65348692499
 21
2150.931382819701
 31
0.0
1001
RASTER2DXF
1000
line 80
1040
133.536
1040
1.0
  0
LINE
  5
ED
330
17
100
AcDbEntity
  8
PLAT-LINE
420
15216446
100
AcDbLine
 10
3800.965012218957
 20
2847.00681844469
 30
0.0
 11
3979.9647865244524
 21
2846.787947238886
 31
0.0
1001
RASTER2DXF
1000
line 81
1040
179.0
1040
1.0
1000
curve_data=*,L=131.3.
  0
LINE
  5
EE
330
17
100
AcDbEntity
  8
PLAT-LINE
420
15216190
100
AcDbLine
 10
3979.9647865244524
 20
2846.787947238886
 30
0.0
 11
4541.891087809239
 21
2846.1008542656537
 31
0.0
1001
RASTER2DXF
1000
line 82
1040
561.927
1040
1.0
  0
LINE
  5
EF
330
17
100
AcDbEntity
  8
PLAT-LINE
420
13904440
100
AcDbLine
 10
4503.422857940665
 20
2749.50548994914
 30
0.0
 11
3593.9423821012792
 21
2748.0700819782396
 31
0.0
1001
RASTER2DXF
1000
line 83
1040
909.482
1040
1.0
  0
LINE
  5
F0
330
17
100
AcDbEntity
  8
PLAT-LINE
420
12633807
100
AcDbLine
 10
5272.899076317188
 20
2820.338251057318
 30
0.0
 11
5416.1445562852605
 21
2766.4533251334647
 31
0.0
1001
RASTER2DXF
1000
line 84
1040
153.045
1040
1.0
  0
LINE
  5
F1
330
17
100
AcDbEntity
  8
PLAT-LINE
420
12633807
100
AcDbLine
 10
5212.19130552164
 20
2796.4143044460484
 30
0.0
 11
5128.404731261064
 21
2647.7485639408887
 31
0.0
1001
RASTER2DXF
1000
line 85
1040
170.651
1040
0.995
  0
LINE
  5
F2
330
17
100
AcDbEntity
  8
PLAT-LINE
420
12633807
100
AcDbLine
 10
5588.399275011232
 20
2832.624194718703
 30
0.0
 11
5416.1445562852605
 21
2766.4533251334647
 31
0.0
1001
RASTER2DXF
1000
line 86
1040
184.527
1040
1.0
  0
LINE
  5
F3
330
17
100
AcDbEntity
  8
PLAT-LINE
420
11692395
100
AcDbLine
 10
3762.9813719972026
 20
2820.2227849317387
 30
0.0
 11
3749.6461491762366
 21
2783.8747697821314
 31
0.0
1001
RASTER2DXF
1000
line 87
1040
38.717
1040
0.911
  0
LINE
  5
F4
330
17
100
AcDbEntity
  8
PLAT-LINE
420
10513259
100
AcDbLine
 10
3697.981389845733
 20
2806.853988814556
 30
0.0
 11
3749.6461491762366
 21
2783.8747697821314
 31
0.0
1001
RASTER2DXF
1000
line 88
1040
56.545
1040
0.853
  0
LINE
  5
F5
330
17
100
AcDbEntity
  8
PLAT-LINE
420
16607850
100
AcDbLine
 10
3798.5476816643004
 20
2794.8357871675585
 30
0.0
 11
3852.9644852420547
 21
2796.6908762626176
 31
0.0
1001
RASTER2DXF
1000
line 89
1040
54.448
1040
0.83
  0
LINE
  5
F6
330
17
100
AcDbEntity
  8
PLAT-LINE
420
12633807
100
AcDbLine
 10
3704.140212863649
 20
2526.9145502054444
 30
0.0
 11
4234.65348692499
 21
2150.931382819701
 31
0.0
1001
RASTER2DXF
1000
line 90
1040
650.237
1040
1.0
  0
LINE
  5
F7
330
17
100
AcDbEntity
  8
PLAT-LINE
420
12633807
100
AcDbLine
 10
3704.140212863649
 20
2526.9145502054444
 30
0.0
 11
3528.8325140539687
 21
2279.4804780563904
 31
0.0
1001
RASTER2DXF
1000
line 91
1040
303.243
1040
1.0
  0
LINE
  5
F8
330
17
100
AcDbEntity
  8
PLAT-LINE
420
12633807
100
AcDbLine
 10
3528.8325140539687
 20
2279.4804780563904
 30
0.0
 11
3629.49216131899
 21
2191.840265708749
 31
0.0
1001
RASTER2DXF
1000
line 92
1040
133.466
1040
1.0
  0
LINE
  5
F9
330
17
100
AcDbEntity
  8
PLAT-LINE
420
12633807
100
AcDbLine
 10
3603.7826896621123
 20
2154.31812419006
 30
0.0
 11
3494.6374159781835
 21
1994.6585442686962
 31
0.0
1001
RASTER2DXF
1000
line 93
1040
193.401
1040
0.992
  0
LINE
  5
FA
330
17
100
AcDbEntity
  8
PLAT-LINE
420
189601
100
AcDbLine
 10
3136.6881150539125
 20
2007.6654056226255
 30
0.0
 11
3212.908559275271
 21
1970.3811763837846
 31
0.0
1001
RASTER2DXF
1000
line 94
1040
84.851
1040
1.0
  0
LINE
  5
FB
330
17
100
AcDbEntity
  8
PLAT-LINE
420
116398
100
AcDbLine
 10
3538.33693643944
 20
1993.7425482399
 30
0.0
 11
3842.421043395256
 21
1991.1466436256496
 31
0.0
1001
RASTER2DXF
1000
line 95
1040
304.095
1040
1.0
  0
LINE
  5
FC
330
17
100
AcDbEntity
  8
PLAT-LINE
420
116398
100
AcDbLine
 10
3491.3853734793065
 20
1992.1741916407868
 30
0.0
 11
3369.0921158038304
 21
1991.980015627878
 31
0.0
1001
RASTER2DXF
1000
line 96
1040
122.293
1040
1.0
  0
LINE
  5
FD
330
17
100
AcDbEntity
  8
PLAT-LINE
420
117167
100
AcDbLine
 10
3369.0921158038304
 20
1991.980015627878
 30
0.0
 11
3368.3607191696797
 21
1925.13647225878
 31
0.0
1001
RASTER2DXF
1000
line 97
1040
66.848
1040
1.0
  0
LINE
  5
FE
330
17
100
AcDbEntity
  8
PLAT-LINE
420
62932
100
AcDbLine
 10
3264.8881921016564
 20
1948.4777992519291
 30
0.0
 11
3328.2537909337716
 21
1925.5483407405789
 31
0.0
1001
RASTER2DXF
1000
line 98
1040
67.387
1040
0.981
  0
LINE
  5
FF
330
17
100
AcDbEntity
  8
PLAT-LINE
420
117423
100
AcDbLine
 10
3843.553927975096
 20
1938.2055770112747
 30
0.0
 11
3844.4021169548823
 21
1858.1112596434518
 31
0.0
1001
RASTER2DXF
1000
line 99
1040
80.099
1040
1.0
  0
LINE
  5
100
330
17
100
AcDbEntity
  8
PLAT-LINE
420
116654
100
AcDbLine
 10
3844.4021169548823
 20
1858.1112596434518
 30
0.0
 11
3528.738882707433
 21
1858.0214505772392
 31
0.0
1001
RASTER2DXF
1000
line 100
1040
315.663
1040
0.962
1000
distance=13°
1000
curve_data=lorn Projected P.I. (T=107.30')
  0
LINE
  5
101
330
17
100
AcDbEntity
  8
PLAT-LINE
420
542238
100
AcDbLine
 10
3416.2606117302607
 20
1904.1658993540677
 30
0.0
 11
3404.852108038227
 21
1803.551597668753
 31
0.0
1001
RASTER2DXF
1000
line 101
1040
101.259
1040
0.847
  0
LINE
  5
102
330
17
100
AcDbEntity
  8
PLAT-LINE
420
12633807
100
AcDbLine
 10
3437.3092100550084
 20
1783.8340039699467
 30
0.0
 11
3497.81315273155
 21
1716.59570609845
 31
0.0
1001
RASTER2DXF
1000
line 102
1040
90.453
1040
1.0
  0
LINE
  5
103
330
17
100
AcDbEntity
  8
PLAT-LINE
420
12633807
100
AcDbLine
 10
3497.81315273155
 20
1716.59570609845
 30
0.0
 11
3358.669152011536
 21
1520.1183867872574
 31
0.0
1001
RASTER2DXF
1000
line 103
1040
240.758
1040
1.0
  0
LINE
  5
104
330
17
100
AcDbEntity
  8
PLAT-LINE
420
12633807
100
AcDbLine
 10
3347.5623835782876
 20
1503.7211822083057
 30
0.0
 11
3437.2663315458367
 21
1481.6176059937459
 31
0.0
1001
RASTER2DXF
1000
line 104
1040
92.387
1040
0.861
  0
LINE
  5
105
330
17
100
AcDbEntity
  8
PLAT-LINE
420
12633807
100
AcDbLine
 10
3477.4990230328513
 20
1459.093527115318
 30
0.0
 11
3479.181986961511
 21
1376.0988957959185
 31
0.0
1001
RASTER2DXF
1000
line 105
1040
83.012
1040
0.975
  0
LINE
  5
106
330
17
100
AcDbEntity
  8
PLAT-LINE
420
62932
100
AcDbLine
 10
3001.842240180111
 20
1424.4563011523508
 30
0.0
 11
3047.2831731141023
 21
1387.7636200034094
 31
0.0
1001
RASTER2DXF
1000
line 106
1040
58.406
1040
1.0
  0
LINE
  5
107
330
17
100
AcDbEntity
  8
PLAT-LINE
420
14232893
100
AcDbLine
 10
3815.6881376293622
 20
1376.0454700700923
 30
0.0
 11
3479.181986961511
 21
1376.0988957959185
 31
0.0
1001
RASTER2DXF
1000
line 107
1040
336.506
1040
1.0
  0
LINE
  5
108
330
17
100
AcDbEntity
  8
PLAT-LINE
420
14232893
100
AcDbLine
 10
3479.181986961511
 20
1376.0988957959185
 30
0.0
 11
3053.8550615396935
 21
1376.1664232383116
 31
0.0
1001
RASTER2DXF
1000
line 108
1040
425.327
1040
1.0
  0
LINE
  5
109
330
17
100
AcDbEntity
  8
PLAT-LINE
420
14494779
100
AcDbLine
 10
3815.6881376293622
 20
1376.0454700700923
 30
0.0
 11
3815.4894262688154
 21
1279.0390200408026
 31
0.0
1001
RASTER2DXF
1000
line 109
1040
97.007
1040
1.0
  0
LINE
  5
10A
330
17
100
AcDbEntity
  8
PLAT-LINE
420
3221541
100
AcDbLine
 10
3815.4894262688154
 20
1279.0390200408026
 30
0.0
 11
3493.606220997895
 21
1279.0610052326383
 31
0.0
1001
RASTER2DXF
1000
line 110
1040
321.883
1040
1.0
1000
distance=80.22'
  0
LINE
  5
10B
330
17
100
AcDbEntity
  8
PLAT-LINE
420
14232893
100
AcDbLine
 10
3053.8550615396935
 20
1376.1664232383116
 30
0.0
 11
3053.545793130384
 21
1279.1480203588417
 31
0.0
1001
RASTER2DXF
1000
line 111
1040
97.019
1040
1.0
  0
LINE
  5
10C
330
17
100
AcDbEntity
  8
PLAT-LINE
420
14494779
100
AcDbLine
 10
3053.545793130384
 20
1279.1480203588417
 30
0.0
 11
3163.7251785953868
 21
1279.265327257089
 31
0.0
1001
RASTER2DXF
1000
line 112
1040
110.179
1040
0.837
1000
distance=- 444.)
  0
LINE
  5
10D
330
17
100
AcDbEntity
  8
PLAT-LINE
420
443819
100
AcDbLine
 10
3685.6288417470532
 20
1361.8881407697297
 30
0.0
 11
3168.625348465002
 21
1362.1558762888906
 31
0.0
1001
RASTER2DXF
1000
line 113
1040
517.004
1040
1.0
  0
LINE
  5
10E
330
17
100
AcDbEntity
  8
PLAT-LINE
420
7246669
100
AcDbLine
 10
3548.1725184637903
 20
1344.860895249822
 30
0.0
 11
3517.857088191956
 21
1341.2675392424653
 31
0.0
1001
RASTER2DXF
1000
line 114
1040
30.528
1040
0.928
  0
LINE
  5
10F
330
17
100
AcDbEntity
  8
PLAT-LINE
420
7392260
100
AcDbLine
 10
3517.857088191956
 20
1341.2675392424653
 30
0.0
 11
3454.3062704056083
 21
1333.7347181405617
 31
0.0
1001
RASTER2DXF
1000
line 115
1040
63.996
1040
0.928
  0
LINE
  5
110
330
17
100
AcDbEntity
  8
PLAT-LINE
420
6458907
100
AcDbLine
 10
3517.557906155467
 20
1343.7915953468982
 30
0.0
 11
3451.739401079378
 21
1334.0149666981058
 31
0.0
1001
RASTER2DXF
1000
line 116
1040
66.541
1040
0.838
  0
LINE
  5
111
330
17
100
AcDbEntity
  8
PLAT-LINE
420
509355
100
AcDbLine
 10
3716.2719168451285
 20
1303.4749191523997
 30
0.0
 11
3714.481677725732
 21
1247.0398629764823
 31
0.0
1001
RASTER2DXF
1000
line 117
1040
56.463
1040
0.982
  0
LINE
  5
112
330
17
100
AcDbEntity
  8
PLAT-LINE
420
7382062
100
AcDbLine
 10
3605.65246939077
 20
1341.1913963430006
 30
0.0
 11
3554.6160812824573
 21
1340.337826252523
 31
0.0
1001
RASTER2DXF
1000
line 118
1040
51.044
1040
0.822
  0
LINE
  5
113
330
17
100
AcDbEntity
  8
PLAT-LINE
420
509355
100
AcDbLine
 10
3165.8504169815396
 20
1293.98906246678
 30
0.0
 11
3163.7251785953868
 21
1279.265327257089
 31
0.0
1001
RASTER2DXF
1000
line 119
1040
14.876
1040
0.996
  0
LINE
  5
114
330
17
100
AcDbEntity
  8
PLAT-LINE
420
527642
100
AcDbLine
 10
3163.7251785953868
 20
1279.265327257089
 30
0.0
 11
3160.4146210824565
 21
1256.329654471187
 31
0.0
1001
RASTER2DXF
1000
line 120
1040
23.173
1040
0.996
  0
LINE
  5
115
330
17
100
AcDbEntity
  8
PLAT-LINE
420
16673386
100
AcDbLine
 10
3246.029005483181
 20
1281.3648150940276
 30
0.0
 11
3296.359659248314
 21
1265.0524938946767
 31
0.0
1001
RASTER2DXF
1000
line 121
1040
52.908
1040
0.846
  0
LINE
  5
116
330
17
100
AcDbEntity
  8
PLAT-LINE
420
16739179
100
AcDbLine
 10
3503.169768719699
 20
1232.1777714119446
 30
0.0
 11
3550.7013464242054
 21
1233.9964865124798
 31
0.0
1001
RASTER2DXF
1000
line 122
1040
47.566
1040
0.962
  0
LINE
  5
117
330
17
100
AcDbEntity
  8
PLAT-LINE
420
12633807
100
AcDbLine
 10
3542.416892788844
 20
1123.0903404319038
 30
0.0
 11
3546.597628395748
 21
650.0857151722612
 31
0.0
1001
RASTER2DXF
1000
line 123
1040
473.023
1040
0.985
  0
LINE
  5
118
330
17
100
AcDbEntity
  8
PLAT-LINE
420
12633550
100
AcDbLine
 10
6482.536982348922
 20
975.4629154663207
 30
0.0
 11
6413.534957699683
 21
975.3144943140567
 31
0.0
1001
RASTER2DXF
1000
line 124
1040
69.002
1040
1.0
  0
LINE
  5
119
330
17
100
AcDbEntity
  8
PLAT-LINE
420
14232893
100
AcDbLine
 10
2649.6997035953445
 20
977.2903772566865
 30
0.0
 11
2649.3529866534045
 21
881.2831012785514
 31
0.0
1001
RASTER2DXF
1000
line 125
1040
96.008
1040
1.0
  0
LINE
  5
11A
330
17
100
AcDbEntity
  8
PLAT-LINE
420
14232893
100
AcDbLine
 10
2649.6997035953445
 20
977.2903772566865
 30
0.0
 11
3095.596843672832
 21
977.1749323949334
 31
0.0
1001
RASTER2DXF
1000
line 126
1040
445.897
1040
1.0
1000
distance=150.0’)
  0
LINE
  5
11B
330
17
100
AcDbEntity
  8
PLAT-LINE
420
14494779
100
AcDbLine
 10
3095.596843672832
 20
977.1749323949334
 30
0.0
 11
3095.398075761265
 21
880.1408754197996
 31
0.0
1001
RASTER2DXF
1000
line 127
1040
97.034
1040
1.0
  0
LINE
  5
11C
330
17
100
AcDbEntity
  8
PLAT-LINE
420
14494779
100
AcDbLine
 10
3095.398075761265
 20
880.1408754197996
 30
0.0
 11
2794.512802100323
 21
879.8664802932713
 31
0.0
1001
RASTER2DXF
1000
line 128
1040
300.885
1040
0.911
  0
LINE
  5
11D
330
17
100
AcDbEntity
  8
PLAT-LINE
420
12633807
100
AcDbLine
 10
3542.570232948634
 20
650.1270949712043
 30
0.0
 11
3538.693212250454
 21
490.12414739227006
 31
0.0
1001
RASTER2DXF
1000
line 129
1040
160.05
1040
1.0
  0
LINE
  5
11E
330
17
100
AcDbEntity
  8
PLAT-LINE
420
12633807
100
AcDbLine
 10
3542.079183208264
 20
349.8598370978484
 30
0.0
 11
3540.1432942947317
 21
490.0788143753766
 31
0.0
1001
RASTER2DXF
1000
line 130
1040
140.232
1040
1.0
  0
LINE
  5
11F
330
17
100
AcDbEntity
  8
PLAT-LINE
420
62932
100
AcDbLine
 10
6483.4818420152005
 20
724.5198410371681
 30
0.0
 11
6414.479817365963
 21
724.3714198849038
 31
0.0
1001
RASTER2DXF
1000
line 131
1040
69.002
1040
1.0
  0
LINE
  5
120
330
17
100
AcDbEntity
  8
PLAT-LINE
420
62932
100
AcDbLine
 10
6483.4704083446495
 20
674.5198423444563
 30
0.0
 11
6414.468383695412
 21
674.371421192192
 31
0.0
1001
RASTER2DXF
1000
line 132
1040
69.002
1040
1.0
  0
LINE
  5
121
330
17
100
AcDbEntity
  8
PLAT-LINE
420
62932
100
AcDbLine
 10
6483.4589746740985
 20
624.5198436517448
 30
0.0
 11
6414.45695002486
 21
624.3714224994801
 31
0.0
1001
RASTER2DXF
1000
line 133
1040
69.002
1040
1.0
  0
LINE
  5
122
330
17
100
AcDbEntity
  8
PLAT-LINE
420
62932
100
AcDbLine
 10
6483.447541003547
 20
574.519844959033
 30
0.0
 11
6414.445516354308
 21
574.3714238067687
 31
0.0
1001
RASTER2DXF
1000
line 134
1040
69.002
1040
1.0
  0
LINE
  5
123
330
17
100
AcDbEntity
  8
PLAT-LINE
420
3029839
100
AcDbLine
 10
409.0104407769363
 20
572.3992028916996
 30
0.0
 11
2526.4448168561603
 21
572.3140320752577
 31
0.0
1001
RASTER2DXF
1000
line 135
1040
2117.434
1040
1.0
  0
LINE
  5
124
330
17
100
AcDbEntity
  8
PLAT-LINE
420
3029839
100
AcDbLine
 10
399.9614539228437
 20
538.4882041794526
 30
0.0
 11
398.5593594799707
 21
331.79837540435574
 31
0.0
1001
RASTER2DXF
1000
line 136
1040
206.695
1040
1.0
  0
LINE
  5
125
330
17
100
AcDbEntity
  8
PLAT-LINE
420
3029839
100
AcDbLine
 10
417.38816793030855
 20
324.82177721241715
 30
0.0
 11
2589.388041437563
 21
324.2299871639789
 31
0.0
1001
RASTER2DXF
1000
line 137
1040
2172.0
1040
1.0
1000
curve_data=(R=50.0'
  0
LINE
  5
126
330
17
100
AcDbEntity
  8
PLAT-LINE
420
3029839
100
AcDbLine
 10
2596.4871920167966
 20
557.2975216799819
 30
0.0
 11
2596.5501288549945
 21
338.9001323350726
 31
0.0
1001
RASTER2DXF
1000
line 138
1040
218.397
1040
1.0
  0
LINE
  5
127
330
17
100
AcDbEntity
  8
PLAT-LINE
420
16724804
100
AcDbLine
 10
6483.436107332995
 20
524.5198462663211
 30
0.0
 11
6414.434082683758
 21
524.3714251140568
 31
0.0
1001
RASTER2DXF
1000
line 139
1040
69.002
1040
1.0
  0
LINE
  5
128
330
17
100
AcDbEntity
  8
PLAT-LINE
420
62932
100
AcDbLine
 10
6483.424673662444
 20
474.51984757360924
 30
0.0
 11
6414.422649013206
 21
474.37142642134495
 31
0.0
1001
RASTER2DXF
1000
line 140
1040
69.002
1040
1.0
  0
LINE
  5
129
330
17
100
AcDbEntity
  8
PLAT-LINE
420
16724804
100
AcDbLine
 10
6482.411211972856
 20
425.4629298464911
 30
0.0
 11
6413.409187323618
 21
425.31450869422724
 31
0.0
1001
RASTER2DXF
1000
line 141
1040
69.002
1040
1.0
  0
LINE
  5
12A
330
17
100
AcDbEntity
  8
PLAT-LINE
420
12633807
100
AcDbLine
 10
3542.079183208264
 20
349.8598370978484
 30
0.0
 11
2596.5501288549945
 21
338.9001323350726
 31
0.0
1001
RASTER2DXF
1000
line 142
1040
945.593
1040
1.0
  0
LINE
  5
12B
330
17
100
AcDbEntity
  8
PLAT-LINE-DASH
420
16765286
100
AcDbLine
 10
5043.488271004842
 20
5123.647030067502
 30
0.0
 11
4530.433561128672
 21
5102.097256056351
 31
0.0
1001
RASTER2DXF
1000
line 143
1040
513.507
1040
0.577
  0
LINE
  5
12C
330
17
100
AcDbEntity
  8
PLAT-LINE-DASH
420
16765286
100
AcDbLine
 10
4168.452268324796
 20
5087.141366404561
 30
0.0
 11
3462.397144163255
 21
5057.447086526694
 31
0.0
1001
RASTER2DXF
1000
line 144
1040
706.679
1040
0.581
1000
bearing=N 87°35'30" E
  0
LINE
  5
12D
330
17
100
AcDbEntity
  8
PLAT-LINE-DASH
420
16765286
100
AcDbLine
 10
3054.501080491981
 20
5040.570977178273
 30
0.0
 11
2882.4751169277047
 21
5033.173704692388
 31
0.0
1001
RASTER2DXF
1000
line 145
1040
172.185
1040
0.623
  0
LINE
  5
12E
330
17
100
AcDbEntity
  8
PLAT-LINE
420
62932
100
AcDbLine
 10
5582.069066716624
 20
4676.537979955167
 30
0.0
 11
5583.996769993093
 21
4724.564335989095
 31
0.0
1001
RASTER2DXF
1000
line 146
1040
48.065
1040
1.0
  0
LINE
  5
12F
330
17
100
AcDbEntity
  8
PLAT-LINE-DASH
420
16765286
100
AcDbLine
 10
2453.3035488547475
 20
4720.272178928378
 30
0.0
 11
2462.446652115488
 21
4499.379605105989
 31
0.0
1001
RASTER2DXF
1000
line 147
1040
221.082
1040
0.588
  0
LINE
  5
130
330
17
100
AcDbEntity
  8
PLAT-LINE-DASH
420
16765286
100
AcDbLine
 10
5405.346209949479
 20
4574.912857504236
 30
0.0
 11
4798.323249076951
 21
4549.369040262543
 31
0.0
1001
RASTER2DXF
1000
line 148
1040
607.56
1040
0.575
  0
LINE
  5
131
330
17
100
AcDbEntity
  8
PLAT-LINE-DASH
420
16765286
100
AcDbLine
 10
4240.335563517457
 20
4526.166544238321
 30
0.0
 11
3633.31208899808
 21
4500.635358884963
 31
0.0
1001
RASTER2DXF
1000
line 149
1040
607.56
1040
0.563
1000
bearing=N 87°35'30" E
  0
LINE
  5
132
330
17
100
AcDbEntity
  8
PLAT-LINE-DASH
420
16765286
100
AcDbLine
 10
3075.3227940795405
 20
4477.4712696864335
 30
0.0
 11
2856.290533325475
 21
4468.1122057904995
 31
0.0
1001
RASTER2DXF
1000
line 150
1040
219.232
1040
0.59
  0
LINE
  5
133
330
17
100
AcDbEntity
  8
PLAT-LINE
420
13457498
100
AcDbLine
 10
5870.213922336753
 20
3789.86643810798
 30
0.0
 11
5824.219869655422
 21
3790.9259125440967
 31
0.0
1001
RASTER2DXF
1000
line 151
1040
46.006
1040
0.87
  0
LINE
  5
134
330
17
100
AcDbEntity
  8
PLAT-LINE-DASH
420
16765286
100
AcDbLine
 10
2498.2094205748267
 20
3404.3147098210397
 30
0.0
 11
2495.0198725688792
 21
3575.3285939391913
 31
0.0
1001
RASTER2DXF
1000
line 152
1040
171.044
1040
0.608
  0
LINE
  5
135
330
17
100
AcDbEntity
  8
PLAT-LINE-DASH
420
16724804
100
AcDbLine
 10
4983.077023630565
 20
3450.072638268865
 30
0.0
 11
4779.067623615739
 21
3437.429043341104
 31
0.0
1001
RASTER2DXF
1000
line 153
1040
204.401
1040
0.604
  0
LINE
  5
136
330
17
100
AcDbEntity
  8
PLAT-LINE-DASH
420
16765286
100
AcDbLine
 10
2510.0559804022787
 20
2733.3119832839157
 30
0.0
 11
2506.866432396331
 21
2904.3258674020676
 31
0.0
1001
RASTER2DXF
1000
line 154
1040
171.044
1040
0.608
  0
LINE
  5
137
330
17
100
AcDbEntity
  8
PLAT-LINE-DASH
420
16765286
100
AcDbLine
 10
2536.7115975393353
 20
1227.305848477339
 30
0.0
 11
2533.522049533388
 21
1398.3197325954916
 31
0.0
1001
RASTER2DXF
1000
line 155
1040
171.044
1040
0.608
  0
LINE
  5
138
330
17
100
AcDbEntity
  8
PLAT-LINE
420
62932
100
AcDbLine
 10
3127.548648950676
 20
1306.8245088433187
 30
0.0
 11
3160.4146210824565
 21
1256.329654471187
 31
0.0
1001
RASTER2DXF
1000
line 156
1040
60.249
1040
0.855
  0
LINE
  5
139
330
17
100
AcDbEntity
  8
PLAT-LINE-DASH
420
16765286
100
AcDbLine
 10
3004.5835112685772
 20
1180.2013512431495
 30
0.0
 11
2832.5635897734765
 21
1178.1202323715477
 31
0.0
1001
RASTER2DXF
1000
line 157
1040
172.033
1040
0.622
  0
LINE
  5
13A
330
17
100
AcDbEntity
  8
PLAT-LINE-DASH
420
13818080
100
AcDbLine
 10
6624.482669497045
 20
737.3769240966699
 30
0.0
 11
6624.420470329245
 21
465.3769312083182
 31
0.0
1001
RASTER2DXF
1000
line 158
1040
272.0
1040
0.485
  0
ARC
  5
13B
330
17
100
AcDbEntity
  8
PLAT-CURVE
420
16317180
100
AcDbCircle
 10
2871.9402374032684
 20
5796.330305211876
 30
0.0
 40
37.725938170357956
100
AcDbArc
 50
139.800113909522
 51
-140.79662158942722
1001
RASTER2DXF
1000
arc 0
1040
37.726
1040
52.282
  0
ARC
  5
13C
330
17
100
AcDbEntity
  8
PLAT-CURVE
420
16317180
100
AcDbCircle
 10
3062.4410175945973
 20
5796.272843992327
 30
0.0
 40
36.94618063595114
100
AcDbArc
 50
-39.31447151074334
 51
41.31587632315856
1001
RASTER2DXF
1000
arc 1
1040
36.946
1040
51.993
  0
ARC
  5
13D
330
17
100
AcDbEntity
  8
PLAT-CURVE
420
16317180
100
AcDbCircle
 10
3377.9402241734215
 20
5796.214596465882
 30
0.0
 40
37.72593817018515
100
AcDbArc
 50
139.8001139094131
 51
-140.7966215893561
1001
RASTER2DXF
1000
arc 2
1040
37.726
1040
52.282
  0
ARC
  5
13E
330
17
100
AcDbEntity
  8
PLAT-CURVE
420
16317180
100
AcDbCircle
 10
3568.4410043645903
 20
5796.157135246354
 30
0.0
 40
36.946180636354455
100
AcDbArc
 50
-39.314471510504006
 51
41.315876322889
1001
RASTER2DXF
1000
arc 3
1040
36.946
1040
51.993
  0
ARC
  5
13F
330
17
100
AcDbEntity
  8
PLAT-CURVE
420
16317180
100
AcDbCircle
 10
4851.940185633861
 20
5795.877531857945
 30
0.0
 40
37.72593816929644
100
AcDbArc
 50
139.80011390861395
 51
-140.79662158875934
1001
RASTER2DXF
1000
arc 4
1040
37.726
1040
52.282
  0
ARC
  5
140
330
17
100
AcDbEntity
  8
PLAT-CURVE
420
16317180
100
AcDbCircle
 10
5874.177434170168
 20
5795.619673629197
 30
0.0
 40
36.70148274816478
100
AcDbArc
 50
-41.09693529052593
 51
38.841877488936795
1001
RASTER2DXF
1000
arc 5
1040
36.701
1040
51.206
  0
ARC
  5
141
330
17
100
AcDbEntity
  8
PLAT-CURVE
420
16317180
100
AcDbCircle
 10
5216.360317167616
 20
5799.043237608836
 30
0.0
 40
31.727591500953277
100
AcDbArc
 50
149.62015104823664
 51
-147.57875615022033
1001
RASTER2DXF
1000
arc 6
1040
31.728
1040
34.776
  0
ARC
  5
142
330
17
100
AcDbEntity
  8
PLAT-CURVE
420
36541
100
AcDbCircle
 10
1797.508565417324
 20
5571.191319143505
 30
0.0
 40
37.21096562717471
100
AcDbArc
 50
46.336468398412684
 51
110.97370172447475
1001
RASTER2DXF
1000
arc 7
1040
37.211
1040
41.979
  0
ARC
  5
143
330
17
100
AcDbEntity
  8
PLAT-CURVE
420
36541
100
AcDbCircle
 10
419.91748874958694
 20
5585.079382078914
 30
0.0
 40
24.276634653557164
100
AcDbArc
 50
115.41852544109328
 51
-154.19902733284937
1001
RASTER2DXF
1000
arc 8
1040
24.277
1040
38.296
  0
ARC
  5
144
330
17
100
AcDbEntity
  8
PLAT-CURVE
420
36541
100
AcDbCircle
 10
423.74224562798827
 20
5175.283324626547
 30
0.0
 40
37.333564241900945
100
AcDbArc
 50
-135.85095794592954
 51
-69.35804941382926
1001
RASTER2DXF
1000
arc 9
1040
37.334
1040
43.326
  0
ARC
  5
145
330
17
100
AcDbEntity
  8
PLAT-CURVE
420
36541
100
AcDbCircle
 10
1799.4654638645256
 20
5161.789352264725
 30
0.0
 40
25.93370379162111
100
AcDbArc
 50
-61.679885990494355
 51
25.024319953650515
1001
RASTER2DXF
1000
arc 10
1040
25.934
1040
39.245
  0
ARC
  5
146
330
17
100
AcDbEntity
  8
PLAT-CURVE
420
15872065
100
AcDbCircle
 10
2644.5700286101433
 20
5489.965612663234
 30
0.0
 40
40.93677874915514
100
AcDbArc
 50
-20.16461148886775
 51
37.22405517023157
1001
RASTER2DXF
1000
arc 11
1040
40.937
1040
41.003
  0
ARC
  5
147
330
17
100
AcDbEntity
  8
PLAT-CURVE
420
15872064
100
AcDbCircle
 10
2659.4538299035257
 20
5350.671402634859
 30
0.0
 40
41.35126503362279
100
AcDbArc
 50
-110.28374199785468
 51
-55.35376483100304
1001
RASTER2DXF
1000
arc 12
1040
41.351
1040
39.644
  0
ARC
  5
148
330
17
100
AcDbEntity
  8
PLAT-CURVE
420
116910
100
AcDbCircle
 10
5548.137473038015
 20
4888.9405157680685
 30
0.0
 40
80.232094405801
100
AcDbArc
 50
-17.007453611462072
 51
14.605824430460032
1001
RASTER2DXF
1000
arc 13
1040
80.232
1040
44.269
  0
ARC
  5
149
330
17
100
AcDbEntity
  8
PLAT-CURVE
420
12633807
100
AcDbCircle
 10
5715.693559261679
 20
4828.908336427345
 30
0.0
 40
152.06999596374928
100
AcDbArc
 50
167.84843543224807
 51
-167.87400981680688
1001
RASTER2DXF
1000
arc 14
1040
152.07
1040
64.436
  0
ARC
  5
14A
330
17
100
AcDbEntity
  8
PLAT-CURVE
420
46296
100
AcDbCircle
 10
5609.436757636431
 20
4581.903313256388
 30
0.0
 40
17.72933222552234
100
AcDbArc
 50
-72.0672581637076
 51
84.11124323687379
1001
RASTER2DXF
1000
arc 15
1040
17.729
1040
48.327
  0
ARC
  5
14B
330
17
100
AcDbEntity
  8
PLAT-CURVE
420
16725316
100
AcDbCircle
 10
5654.403561929993
 20
4258.624983128536
 30
0.0
 40
18.907060006618167
100
AcDbArc
 50
22.429405388471842
 51
146.56868547528066
1001
RASTER2DXF
1000
arc 16
1040
18.907
1040
40.965
  0
ARC
  5
14C
330
17
100
AcDbEntity
  8
PLAT-CURVE
420
14494779
100
AcDbCircle
 10
5637.983147179863
 20
4313.8971243795195
 30
0.0
 40
80.23209444224968
100
AcDbArc
 50
-104.63202846684051
 51
-73.01875043901138
1001
RASTER2DXF
1000
arc 17
1040
80.232
1040
44.269
  0
ARC
  5
14D
330
17
100
AcDbEntity
  8
PLAT-CURVE
420
16724804
100
AcDbCircle
 10
5728.0916288684575
 20
4079.747976221453
 30
0.0
 40
41.67816548004067
100
AcDbArc
 50
159.08602462568123
 51
-150.79544060714056
1001
RASTER2DXF
1000
arc 18
1040
41.678
1040
36.457
  0
ARC
  5
14E
330
17
100
AcDbEntity
  8
PLAT-CURVE
420
116398
100
AcDbCircle
 10
3409.8994776451605
 20
3894.8162892532555
 30
0.0
 40
386.0385280248249
100
AcDbArc
 50
-6.043544182173274
 51
6.89159542046788
1001
RASTER2DXF
1000
arc 19
1040
386.039
1040
87.152
  0
ARC
  5
14F
330
17
100
AcDbEntity
  8
PLAT-CURVE
420
46296
100
AcDbCircle
 10
3048.956170312332
 20
3914.9379137132855
 30
0.0
 40
18.594323958676373
100
AcDbArc
 50
-169.2793483616944
 51
-26.887522971699514
1001
RASTER2DXF
1000
arc 20
1040
18.594
1040
46.211
  0
ARC
  5
150
330
17
100
AcDbEntity
  8
PLAT-CURVE
420
62932
100
AcDbCircle
 10
3092.006668127681
 20
3040.4882419428104
 30
0.0
 40
872.1014787232625
100
AcDbArc
 50
71.62849624258656
 51
84.7904962852966
1001
RASTER2DXF
1000
arc 21
1040
872.101
1040
200.339
  0
ARC
  5
151
330
17
100
AcDbEntity
  8
PLAT-CURVE
420
116398
100
AcDbCircle
 10
3445.4323062593908
 20
3831.7889749928454
 30
0.0
 40
67.20824406559687
100
AcDbArc
 50
159.45167482095482
 51
-161.08683908810266
1001
RASTER2DXF
1000
arc 22
1040
67.208
1040
46.289
  0
ARC
  5
152
330
17
100
AcDbEntity
  8
PLAT-CURVE
420
46296
100
AcDbCircle
 10
2488.21485463464
 20
3822.02161697025
 30
0.0
 40
17.733445568086157
100
AcDbArc
 50
-78.01738445984155
 51
86.9433289238982
1001
RASTER2DXF
1000
arc 23
1040
17.733
1040
51.056
  0
ARC
  5
153
330
17
100
AcDbEntity
  8
PLAT-CURVE
420
46296
100
AcDbCircle
 10
3607.9455619885966
 20
3742.3960779442205
 30
0.0
 40
19.052223470496454
100
AcDbArc
 50
-28.45474541431904
 51
92.36627533429014
1001
RASTER2DXF
1000
arc 24
1040
19.052
1040
40.176
  0
ARC
  5
154
330
17
100
AcDbEntity
  8
PLAT-CURVE
420
46296
100
AcDbCircle
 10
3958.8243146351447
 20
3451.6335398051456
 30
0.0
 40
15.842885972080506
100
AcDbArc
 50
8.211673819420916
 51
-132.83700707731097
1001
RASTER2DXF
1000
arc 25
1040
15.843
1040
60.542
  0
ARC
  5
155
330
17
100
AcDbEntity
  8
PLAT-CURVE
420
46296
100
AcDbCircle
 10
3875.718161836826
 20
3124.711306000473
 30
0.0
 40
15.593349462035032
100
AcDbArc
 50
136.06638074457314
 51
102.74570181204967
1001
RASTER2DXF
1000
arc 26
1040
15.593
1040
88.908
  0
ARC
  5
156
330
17
100
AcDbEntity
  8
PLAT-CURVE
420
9741240
100
AcDbCircle
 10
60.4343921282516
 20
2980.082564428018
 30
0.0
 40
14.497464146119647
100
AcDbArc
 50
136.80871074442283
 51
42.598892764461425
1001
RASTER2DXF
1000
arc 27
1040
14.497
1040
67.252
  0
ARC
  5
157
330
17
100
AcDbEntity
  8
PLAT-CURVE
420
16724804
100
AcDbCircle
 10
3522.3142353154503
 20
2860.5769422294165
 30
0.0
 40
83.19707639038522
100
AcDbArc
 50
-177.5858379377524
 51
-142.19841375369148
1001
RASTER2DXF
1000
arc 28
1040
83.197
1040
51.385
  0
ARC
  5
158
330
17
100
AcDbEntity
  8
PLAT-CURVE
420
15216190
100
AcDbCircle
 10
4428.2926877189175
 20
2815.757525858775
 30
0.0
 40
117.58109576751123
100
AcDbArc
 50
-12.050868069971958
 51
14.955157439857347
1001
RASTER2DXF
1000
arc 29
1040
117.581
1040
55.421
  0
ARC
  5
159
330
17
100
AcDbEntity
  8
PLAT-CURVE
420
15085118
100
AcDbCircle
 10
4521.625086807554
 20
2811.759592356804
 30
0.0
 40
64.8605766417978
100
AcDbArc
 50
-106.29818163275557
 51
-70.70941851446236
1001
RASTER2DXF
1000
arc 30
1040
64.861
1040
40.288
  0
ARC
  5
15A
330
17
100
AcDbEntity
  8
PLAT-CURVE
420
12633807
100
AcDbCircle
 10
5237.934682385317
 20
2775.8964417195434
 30
0.0
 40
56.54717729682155
100
AcDbArc
 50
51.80625980018981
 51
89.97241315701677
1001
RASTER2DXF
1000
arc 31
1040
56.547
1040
37.667
  0
ARC
  5
15B
330
17
100
AcDbEntity
  8
PLAT-CURVE
420
12633807
100
AcDbCircle
 10
5275.539358171605
 20
2781.7815520170084
 30
0.0
 40
65.01609968455858
100
AcDbArc
 50
132.28692033777253
 51
166.99338644540873
1001
RASTER2DXF
1000
arc 32
1040
65.016
1040
39.383
  0
ARC
  5
15C
330
17
100
AcDbEntity
  8
PLAT-CURVE
420
9741240
100
AcDbCircle
 10
62.91841458355975
 20
2643.6617155962344
 30
0.0
 40
30.954346875193114
100
AcDbArc
 50
-126.00275410768796
 51
-54.02344992906373
1001
RASTER2DXF
1000
arc 33
1040
30.954
1040
38.887
  0
ARC
  5
15D
330
17
100
AcDbEntity
  8
PLAT-CURVE
420
12633807
100
AcDbCircle
 10
3552.404692896189
 20
2217.0902655130626
 30
0.0
 40
81.11744743243706
100
AcDbArc
 50
-50.70022168569797
 51
-18.136208358333548
1001
RASTER2DXF
1000
arc 34
1040
81.117
1040
46.103
  0
ARC
  5
15E
330
17
100
AcDbEntity
  8
PLAT-CURVE
420
46291
100
AcDbCircle
 10
3130.4081428254967
 20
2018.9697326767619
 30
0.0
 40
19.385903611206967
100
AcDbArc
 50
-21.93369599297368
 51
129.70483937871492
1001
RASTER2DXF
1000
arc 35
1040
19.386
1040
51.307
  0
ARC
  5
15F
330
17
100
AcDbEntity
  8
PLAT-CURVE
420
46296
100
AcDbCircle
 10
3133.6352093078776
 20
2025.3317764445574
 30
0.0
 40
17.928214956101606
100
AcDbArc
 50
155.03610840306337
 51
-80.19561112883878
1001
RASTER2DXF
1000
arc 36
1040
17.928
1040
39.041
  0
ARC
  5
160
330
17
100
AcDbEntity
  8
PLAT-CURVE
420
116398
100
AcDbCircle
 10
3518.1049913370384
 20
2071.3818255131273
 30
0.0
 40
80.23209443941735
100
AcDbArc
 50
-107.00745361088578
 51
-75.39417558181293
1001
RASTER2DXF
1000
arc 37
1040
80.232
1040
44.269
  0
ARC
  5
161
330
17
100
AcDbEntity
  8
PLAT-CURVE
420
116654
100
AcDbCircle
 10
3697.8675225297047
 20
1961.5706918031283
 30
0.0
 40
147.54815254972
100
AcDbArc
 50
-9.111477407288236
 51
11.563245165984654
1001
RASTER2DXF
1000
arc 38
1040
147.548
1040
53.242
  0
ARC
  5
162
330
17
100
AcDbEntity
  8
PLAT-CURVE
420
46296
100
AcDbCircle
 10
2985.148671289702
 20
1441.3738012421068
 30
0.0
 40
18.97461349351792
100
AcDbArc
 50
159.71383424248052
 51
-85.55292332896789
1001
RASTER2DXF
1000
arc 39
1040
18.975
1040
37.996
  0
ARC
  5
163
330
17
100
AcDbEntity
  8
PLAT-CURVE
420
313260
100
AcDbCircle
 10
3793.9111940913554
 20
1323.7068642630331
 30
0.0
 40
80.23209441536588
100
AcDbArc
 50
162.9925463905214
 51
-165.394175571262
1001
RASTER2DXF
1000
arc 40
1040
80.232
1040
44.269
  0
ARC
  5
164
330
17
100
AcDbEntity
  8
PLAT-CURVE
420
62932
100
AcDbCircle
 10
3140.8882961822524
 20
1133.762579276386
 30
0.0
 40
70.71250828456678
100
AcDbArc
 50
6.678948712155304
 51
47.14022235219595
1001
RASTER2DXF
1000
arc 41
1040
70.713
1040
49.936
  0
ARC
  5
165
330
17
100
AcDbEntity
  8
PLAT-CURVE
420
2190482
100
AcDbCircle
 10
3203.8234542904092
 20
857.7798981090236
 30
0.0
 40
17.3874069667733
100
AcDbArc
 50
-80.83096171993323
 51
80.67172227564059
1001
RASTER2DXF
1000
arc 42
1040
17.387
1040
49.011
  0
ARC
  5
166
330
17
100
AcDbEntity
  8
PLAT-CURVE
420
3029839
100
AcDbCircle
 10
2134.1456080609814
 20
651.6982630945777
 30
0.0
 40
80.23209442669514
100
AcDbArc
 50
-104.6320284676513
 51
-73.01875043372331
1001
RASTER2DXF
1000
arc 43
1040
80.232
1040
44.269
  0
ARC
  5
167
330
17
100
AcDbEntity
  8
PLAT-CURVE
420
3029839
100
AcDbCircle
 10
425.26412034441955
 20
549.8991480397312
 30
0.0
 40
27.75670311517573
100
AcDbArc
 50
125.84374410681974
 51
-155.7256765950243
1001
RASTER2DXF
1000
arc 44
1040
27.757
1040
37.995
  0
ARC
  5
168
330
17
100
AcDbEntity
  8
PLAT-CURVE
420
3029839
100
AcDbCircle
 10
2181.7803100178294
 20
651.6873703180554
 30
0.0
 40
80.23209444004418
100
AcDbArc
 50
-107.00745360639482
 51
-75.39417557769903
1001
RASTER2DXF
1000
arc 45
1040
80.232
1040
44.269
  0
ARC
  5
169
330
17
100
AcDbEntity
  8
PLAT-CURVE
420
9741240
100
AcDbCircle
 10
3701.538108769751
 20
69.04530632570004
 30
0.0
 40
28.475158109296085
100
AcDbArc
 50
139.66488172272264
 51
-139.69108576523536
1001
RASTER2DXF
1000
arc 46
1040
28.475
1040
40.079
  0
ARC
  5
16A
330
17
100
AcDbEntity
  8
PLAT-CURVE
420
9741240
100
AcDbCircle
 10
4485.287633298499
 20
68.82486989417293
 30
0.0
 40
31.937822345424525
100
AcDbArc
 50
-32.10596867007066
 51
34.69999533957763
1001
RASTER2DXF
1000
arc 47
1040
31.938
1040
37.239
  0
ARC
  5
16B
330
17
100
AcDbEntity
  8
PLAT-CURVE
420
9741240
100
AcDbCircle
 10
4040.4223662896807
 20
71.64051957502079
 30
0.0
 40
14.486694789297427
100
AcDbArc
 50
46.17394850334775
 51
-47.36983714783429
1001
RASTER2DXF
1000
arc 48
1040
14.487
1040
67.371
  0
ARC
  5
16C
330
17
100
AcDbEntity
  8
PLAT-CURVE
420
6583435
100
AcDbCircle
 10
136.27934810264696
 20
5015.377312066394
 30
0.0
 40
16.667551049890736
100
AcDbArc
 50
-70.37006724863825
 51
63.61295247855199
1001
RASTER2DXF
1000
arc 49
1040
16.668
1040
38.976
  0
ARC
  5
16D
330
17
100
AcDbEntity
  8
PLAT-CURVE
420
6583435
100
AcDbCircle
 10
163.279347396714
 20
5015.3711378842945
 30
0.0
 40
16.667551049904706
100
AcDbArc
 50
-70.3700672486456
 51
63.6129524785616
1001
RASTER2DXF
1000
arc 50
1040
16.668
1040
38.976
  0
ARC
  5
16E
330
17
100
AcDbEntity
  8
PLAT-CURVE
420
6583435
100
AcDbCircle
 10
190.27934669082788
 20
5015.364963702183
 30
0.0
 40
16.66755104980692
100
AcDbArc
 50
-70.37006724880283
 51
63.61295247874164
1001
RASTER2DXF
1000
arc 51
1040
16.668
1040
38.976
  0
ARC
  5
16F
330
17
100
AcDbEntity
  8
PLAT-CURVE
420
6583435
100
AcDbCircle
 10
217.27934598485035
 20
5015.358789520097
 30
0.0
 40
16.667551049873275
100
AcDbArc
 50
-70.37006724867108
 51
63.61295247858991
1001
RASTER2DXF
1000
arc 52
1040
16.668
1040
38.976
  0
ARC
  5
170
330
17
100
AcDbEntity
  8
PLAT-CURVE
420
6583435
100
AcDbCircle
 10
191.10553769966873
 20
3931.635065867549
 30
0.0
 40
15.83833945641919
100
AcDbArc
 50
-77.31156040429131
 51
73.86825812262396
1001
RASTER2DXF
1000
arc 53
1040
15.838
1040
41.791
  0
ARC
  5
171
330
17
100
AcDbEntity
  8
PLAT-CURVE
420
6583435
100
AcDbCircle
 10
218.1055369937776
 20
3931.6288916854255
 30
0.0
 40
15.83833945641919
100
AcDbArc
 50
-77.31156040444532
 51
73.86825812281873
1001
RASTER2DXF
1000
arc 54
1040
15.838
1040
41.791
  0
ARC
  5
172
330
17
100
AcDbEntity
  8
PLAT-CURVE
420
6583435
100
AcDbCircle
 10
162.8117088633353
 20
2848.202478964434
 30
0.0
 40
16.716854230405954
100
AcDbArc
 50
-70.25580327903461
 51
63.96425730953182
1001
RASTER2DXF
1000
arc 55
1040
16.717
1040
39.161
  0
ARC
  5
173
330
17
100
AcDbEntity
  8
PLAT-CURVE
420
6583435
100
AcDbCircle
 10
189.81170815751375
 20
2848.1963047822915
 30
0.0
 40
16.716854229960262
100
AcDbArc
 50
-70.25580327938174
 51
63.96425730996069
1001
RASTER2DXF
1000
arc 56
1040
16.717
1040
39.161
  0
ARC
  5
174
330
17
100
AcDbEntity
  8
PLAT-CURVE
420
6583435
100
AcDbCircle
 10
216.8117074513193
 20
2848.190130600273
 30
0.0
 40
16.71685423090736
100
AcDbArc
 50
-70.25580327856709
 51
63.96425730902244
1001
RASTER2DXF
1000
arc 57
1040
16.717
1040
39.161
  0
ARC
  5
175
330
17
100
AcDbEntity
  8
PLAT-CURVE
420
6583435
100
AcDbCircle
 10
189.76122531993042
 20
1764.3436422091374
 30
0.0
 40
16.61052143161001
100
AcDbArc
 50
-67.67526988168
 51
71.12216631172731
1001
RASTER2DXF
1000
arc 58
1040
16.611
1040
40.239
  0
ARC
  5
176
330
17
100
AcDbEntity
  8
PLAT-CURVE
420
6583435
100
AcDbCircle
 10
216.76122461426485
 20
1764.337468026985
 30
0.0
 40
16.61052143161001
100
AcDbArc
 50
-67.67526988251716
 51
71.12216631274966
1001
RASTER2DXF
1000
arc 59
1040
16.611
1040
40.239
  0
ARC
  5
177
330
17
100
AcDbEntity
  8
PLAT-CURVE
420
6583435
100
AcDbCircle
 10
164.0693941794343
 20
680.8816671465624
 30
0.0
 40
15.275211416216825
100
AcDbArc
 50
-80.3034321411702
 51
80.23984920745247
1001
RASTER2DXF
1000
arc 60
1040
15.275
1040
42.801
  0
ARC
  5
178
330
17
100
AcDbEntity
  8
PLAT-CURVE
420
6583435
100
AcDbCircle
 10
191.06939347342131
 20
680.8754929645092
 30
0.0
 40
15.275211417192338
100
AcDbArc
 50
-80.30343214089352
 51
80.23984920711312
1001
RASTER2DXF
1000
arc 61
1040
15.275
1040
42.801
  0
ARC
  5
179
330
17
100
AcDbEntity
  8
PLAT-CURVE
420
6583435
100
AcDbCircle
 10
218.0693927670127
 20
680.8693187825106
 30
0.0
 40
15.275211418045911
100
AcDbArc
 50
-80.3034321390839
 51
80.23984920516288
1001
RASTER2DXF
1000
arc 62
1040
15.275
1040
42.801
  0
ARC
  5
17A
330
17
100
AcDbEntity
  8
PLAT-CURVE
420
6583435
100
AcDbCircle
 10
265.60576000391256
 20
131.30957810088603
 30
0.0
 40
16.014124768400624
100
AcDbArc
 50
113.31328532355701
 51
-102.70919654336917
1001
RASTER2DXF
1000
arc 63
1040
16.014
1040
40.242
  0
ARC
  5
17B
330
17
100
AcDbEntity
  8
PLAT-CURVE
420
6583435
100
AcDbCircle
 10
292.6057592978641
 20
131.30340391875916
 30
0.0
 40
16.01412476863325
100
AcDbArc
 50
113.31328532314025
 51
-102.7091965429693
1001
RASTER2DXF
1000
arc 64
1040
16.014
1040
40.242
  0
ARC
  5
17C
330
17
100
AcDbEntity
  8
PLAT-CURVE
420
6583435
100
AcDbCircle
 10
319.60575859136816
 20
131.29722973648722
 30
0.0
 40
16.014124767004873
100
AcDbArc
 50
113.31328532102644
 51
-102.70919654100796
1001
RASTER2DXF
1000
arc 65
1040
16.014
1040
40.242
  0
ARC
  5
17D
330
17
100
AcDbEntity
  8
PLAT-CURVE
420
6583435
100
AcDbCircle
 10
1362.1624750813235
 20
131.0968574872445
 30
0.0
 40
16.667551050837144
100
AcDbArc
 50
-70.37006724542644
 51
63.612952474921244
1001
RASTER2DXF
1000
arc 66
1040
16.668
1040
38.976
  0
ARC
  5
17E
330
17
100
AcDbEntity
  8
PLAT-CURVE
420
6583435
100
AcDbCircle
 10
1389.1624743762286
 20
131.09068330490481
 30
0.0
 40
16.66755104994312
100
AcDbArc
 50
-70.37006724806898
 51
63.612952477971156
1001
RASTER2DXF
1000
arc 67
1040
16.668
1040
38.976
  0
ARC
  5
17F
330
17
100
AcDbEntity
  8
PLAT-CURVE
420
6583435
100
AcDbCircle
 10
2405.1624478125304
 20
130.85835111921324
 30
0.0
 40
16.6675510490491
100
AcDbArc
 50
-70.37006724935661
 51
63.612952479374705
1001
RASTER2DXF
1000
arc 68
1040
16.668
1040
38.976
  0
ARC
  5
180
330
17
100
AcDbEntity
  8
PLAT-CURVE
420
6583435
100
AcDbCircle
 10
2432.1624471066143
 20
130.85217693711547
 30
0.0
 40
16.667551049719613
100
AcDbArc
 50
-70.37006724942547
 51
63.61295247943747
1001
RASTER2DXF
1000
arc 69
1040
16.668
1040
38.976
  0
ARC
  5
181
330
17
100
AcDbEntity
  8
PLAT-CURVE
420
6583435
100
AcDbCircle
 10
2459.162446399757
 20
130.84600275527282
 30
0.0
 40
16.667551050166626
100
AcDbArc
 50
-70.3700672465151
 51
63.61295247610987
1001
RASTER2DXF
1000
arc 70
1040
16.668
1040
38.976
  0
ARC
  5
182
330
17
100
AcDbEntity
  8
PLAT-CURVE
420
6583435
100
AcDbCircle
 10
2486.1624456946656
 20
130.83982857293267
 30
0.0
 40
16.667551049272603
100
AcDbArc
 50
-70.37006724916995
 51
63.612952479173074
1001
RASTER2DXF
1000
arc 71
1040
16.668
1040
38.976
  0
ARC
  5
183
330
17
100
AcDbEntity
  8
PLAT-CURVE
420
6583435
100
AcDbCircle
 10
3502.712515204331
 20
130.4860701247976
 30
0.0
 40
15.998312508873191
100
AcDbArc
 50
113.54758134411043
 51
-103.18412825128999
1001
RASTER2DXF
1000
arc 72
1040
15.998
1040
40.004
  0
ARC
  5
184
330
17
100
AcDbEntity
  8
PLAT-CURVE
420
6583435
100
AcDbCircle
 10
3556.712513792356
 20
130.47372176056115
 30
0.0
 40
15.99831250794177
100
AcDbArc
 50
113.5475813437099
 51
-103.18412825093458
1001
RASTER2DXF
1000
arc 73
1040
15.998
1040
40.004
  0
ARC
  5
185
330
17
100
AcDbEntity
  8
PLAT-CURVE
420
6583435
100
AcDbCircle
 10
3583.712513086422
 20
130.4675475784643
 30
0.0
 40
15.998312508407482
100
AcDbArc
 50
113.5475813437175
 51
-103.18412825094201
1001
RASTER2DXF
1000
arc 74
1040
15.998
1040
40.004
  0
ARC
  5
186
330
17
100
AcDbEntity
  8
PLAT-CURVE
420
6583435
100
AcDbCircle
 10
4599.45456494495
 20
130.12395474521418
 30
0.0
 40
16.577729086053846
100
AcDbArc
 50
-71.1178027164133
 51
64.90062917795326
1001
RASTER2DXF
1000
arc 75
1040
16.578
1040
39.355
  0
ARC
  5
187
330
17
100
AcDbEntity
  8
PLAT-CURVE
420
6583435
100
AcDbCircle
 10
4626.454564239311
 20
130.1177805630573
 30
0.0
 40
16.577729085154978
100
AcDbArc
 50
-71.11780271740695
 51
64.90062917899039
1001
RASTER2DXF
1000
arc 76
1040
16.578
1040
39.355
  0
ARC
  5
188
330
17
100
AcDbEntity
  8
PLAT-CURVE
420
6583435
100
AcDbCircle
 10
4653.454563533329
 20
130.11160638098772
 30
0.0
 40
16.577729084256113
100
AcDbArc
 50
-71.11780271727187
 51
64.9006291787963
1001
RASTER2DXF
1000
arc 77
1040
16.578
1040
39.355
  0
ARC
  5
189
330
17
100
AcDbEntity
  8
PLAT-CURVE
420
6583435
100
AcDbCircle
 10
5723.913997091226
 20
129.95818103049896
 30
0.0
 40
16.076515239969037
100
AcDbArc
 50
114.17929448072844
 51
-103.96084754053555
1001
RASTER2DXF
1000
arc 78
1040
16.077
1040
39.804
  0
ARC
  5
18A
330
17
100
AcDbEntity
  8
PLAT-CURVE
420
6583435
100
AcDbCircle
 10
5750.9139963838315
 20
129.95200684787915
 30
0.0
 40
16.076515238578704
100
AcDbArc
 50
114.17929447520916
 51
-103.9608475355456
1001
RASTER2DXF
1000
arc 79
1040
16.077
1040
39.804
  0
ARC
  5
18B
330
17
100
AcDbEntity
  8
PLAT-CURVE
420
6583435
100
AcDbCircle
 10
6766.529370859413
 20
129.61589646032462
 30
0.0
 40
16.54367188059453
100
AcDbArc
 50
-71.37184514921918
 51
65.15873426402345
1001
RASTER2DXF
1000
arc 80
1040
16.544
1040
39.422
  0
ARC
  5
18C
330
17
100
AcDbEntity
  8
PLAT-CURVE
420
6583435
100
AcDbCircle
 10
6793.529370149437
 20
129.6097222791891
 30
0.0
 40
16.543671884647758
100
AcDbArc
 50
-71.37184513582595
 51
65.15873424965392
1001
RASTER2DXF
1000
arc 81
1040
16.544
1040
39.422
  0
ARC
  5
18D
330
17
100
AcDbEntity
  8
PLAT-CURVE
420
6583435
100
AcDbCircle
 10
6820.52936944385
 20
129.60354809707223
 30
0.0
 40
16.543671885098114
100
AcDbArc
 50
-71.3718451370564
 51
65.15873425079924
1001
RASTER2DXF
1000
arc 82
1040
16.544
1040
39.422
  0
CIRCLE
  5
18E
330
17
100
AcDbEntity
  8
PLAT-MON
100
AcDbCircle
 10
2424.8728840887998
 20
5402.2005163577
 30
0.0
 40
21.52148728964486
  0
POINT
  5
18F
330
17
100
AcDbEntity
  8
PLAT-MON
100
AcDbPoint
 10
2424.8728840887998
 20
5402.2005163577
 30
0.0
  0
CIRCLE
  5
190
330
17
100
AcDbEntity
  8
PLAT-MON
100
AcDbCircle
 10
2076.4333683519435
 20
4434.909657742014
 30
0.0
 40
21.696976715800236
  0
POINT
  5
191
330
17
100
AcDbEntity
  8
PLAT-MON
100
AcDbPoint
 10
2076.4333683519435
 20
4434.909657742014
 30
0.0
  0
CIRCLE
  5
192
330
17
100
AcDbEntity
  8
PLAT-MON
100
AcDbCircle
 10
3438.8130312577287
 20
3942.4689953620564
 30
0.0
 40
11.193219237556317
  0
POINT
  5
193
330
17
100
AcDbEntity
  8
PLAT-MON
100
AcDbPoint
 10
3438.8130312577287
 20
3942.4689953620564
 30
0.0
  0
TEXT
  5
194
330
17
100
AcDbEntity
  8
PLAT-TEXT-BRG
100
AcDbText
 10
4015.635508262543
 20
5092.6099704732815
 30
0.0
 40
23.77010319027685
  1
N 87%%d35'30" E - 1453.50'
 50
2.40824663906443
  7
PLAT
 72
1
 11
4015.635508262543
 21
5092.6099704732815
 31
0.0
100
AcDbText
 73
1
  0
TEXT
  5
195
330
17
100
AcDbEntity
  8
PLAT-TEXT-CURVE
100
AcDbText
 10
5740.981634460906
 20
4809.563173959346
 30
0.0
 40
23.77010319027685
  1
,R=1959.86',
 50
0.053205168515205514
  7
PLAT
 72
1
 11
5740.981634460906
 21
4809.563173959346
 31
0.0
100
AcDbText
 73
1
  0
TEXT
  5
196
330
17
100
AcDbEntity
  8
PLAT-TEXT-CURVE
100
AcDbText
 10
5965.438795726588
 20
4918.638997597558
 30
0.0
 40
23.77010319027685
  1
L=260.19'
 50
359.9868979785471
  7
PLAT
 72
1
 11
5965.438795726588
 21
4918.638997597558
 31
0.0
100
AcDbText
 73
3
  0
TEXT
  5
197
330
17
100
AcDbEntity
  8
PLAT-TEXT-BRG
100
AcDbText
 10
4039.443181647738
 20
4529.612643476575
 30
0.0
 40
23.77010319027685
  1
N 87%%d35'30" E - 1453.50'
 50
2.408420027602233
  7
PLAT
 72
1
 11
4039.443181647738
 21
4529.612643476575
 31
0.0
100
AcDbText
 73
1
  0
TEXT
  5
198
330
17
100
AcDbEntity
  8
PLAT-TEXT-CURVE
100
AcDbText
 10
6183.455336090101
 20
4005.399376346437
 30
0.0
 40
23.77010319027685
  1
:459.36', L=291.30'
 50
359.73578580098393
  7
PLAT
 72
1
 11
6183.455336090101
 21
4005.399376346437
 31
0.0
100
AcDbText
 73
3
  0
TEXT
  5
199
330
17
100
AcDbEntity
  8
PLAT-TEXT-DIST
100
AcDbText
 10
3715.9931911196622
 20
2955.159948559424
 30
0.0
 40
23.77010319027685
  1
3.93'
 50
359.9832116917634
  7
PLAT
 72
1
 11
3715.9931911196622
 21
2955.159948559424
 31
0.0
100
AcDbText
 73
3
  0
TEXT
  5
19A
330
17
100
AcDbEntity
  8
PLAT-TEXT-CURVE
100
AcDbText
 10
3850.9347333254004
 20
2858.8307786625137
 30
0.0
 40
23.77010319027685
  1
*,L=131.3.
 50
359.92994186641613
  7
PLAT
 72
1
 11
3850.9347333254004
 21
2858.8307786625137
 31
0.0
100
AcDbText
 73
1
  0
TEXT
  5
19B
330
17
100
AcDbEntity
  8
PLAT-TEXT-DIST
100
AcDbText
 10
3602.2506275319765
 20
1869.9274174145803
 30
0.0
 40
23.77010319027685
  1
13'
 50
0.01630117086460814
  7
PLAT
 72
1
 11
3602.2506275319765
 21
1869.9274174145803
 31
0.0
100
AcDbText
 73
1
  0
TEXT
  5
19C
330
17
100
AcDbEntity
  8
PLAT-TEXT-CURVE
100
AcDbText
 10
3733.218879105379
 20
1846.1945749231127
 30
0.0
 40
23.77010319027685
  1
lorn Projected P.I. (T=107.30')
 50
0.01630117086460814
  7
PLAT
 72
1
 11
3733.218879105379
 21
1846.1945749231127
 31
0.0
100
AcDbText
 73
3
  0
TEXT
  5
19D
330
17
100
AcDbEntity
  8
PLAT-TEXT-DIST
100
AcDbText
 10
3525.7953532950155
 20
1290.9438582808705
 30
0.0
 40
23.77010319027685
  1
80.22'
 50
359.9960865969974
  7
PLAT
 72
1
 11
3525.7953532950155
 21
1290.9438582808705
 31
0.0
100
AcDbText
 73
1
  0
TEXT
  5
19E
330
17
100
AcDbEntity
  8
PLAT-TEXT-DIST
100
AcDbText
 10
3110.0698018629205
 20
1267.3231425786005
 30
0.0
 40
23.77010319027685
  1
444.00'
 50
0.06100222477500293
  7
PLAT
 72
1
 11
3110.0698018629205
 21
1267.3231425786005
 31
0.0
100
AcDbText
 73
3
  0
TEXT
  5
19F
330
17
100
AcDbEntity
  8
PLAT-TEXT-DIST
100
AcDbText
 10
2694.2924946986136
 20
989.1638839673124
 30
0.0
 40
23.77010319027685
  1
150.00'
 50
359.9851658541789
  7
PLAT
 72
1
 11
2694.2924946986136
 21
989.1638839673124
 31
0.0
100
AcDbText
 73
1
  0
TEXT
  5
1A0
330
17
100
AcDbEntity
  8
PLAT-TEXT-CURVE
100
AcDbText
 10
1843.8893375227117
 20
336.31816016702373
 30
0.0
 40
23.77010319027685
  1
(R=50.0'
 50
359.98438900862385
  7
PLAT
 72
1
 11
1843.8893375227117
 21
336.31816016702373
 31
0.0
100
AcDbText
 73
1
  0
TEXT
  5
1A1
330
17
100
AcDbEntity
  8
PLAT-TEXT-AREA
100
AcDbText
 10
2347.149722284139
 20
5928.1563674984955
 30
0.0
 40
38.78494811294969
  1
AC,
 50
3.7534207362828056
  7
PLAT
 72
1
 11
2347.149722284139
 21
5928.1563674984955
 31
0.0
100
AcDbText
 73
2
  0
TEXT
  5
1A2
330
17
100
AcDbEntity
  8
PLAT-TEXT-LOWCONF
100
AcDbText
 10
2469.655574595282
 20
5928.9523484770525
 30
0.0
 40
37.811728462172155
  1
VORMA
 50
359.8359355939072
  7
PLAT
 72
1
 11
2469.655574595282
 21
5928.9523484770525
 31
0.0
100
AcDbText
 73
2
  0
TEXT
  5
1A3
330
17
100
AcDbEntity
  8
PLAT-TEXT-LOWCONF
100
AcDbText
 10
2587.1592387739456
 20
5928.8769181657135
 30
0.0
 40
37.812052209913055
  1
‘OD
 50
0.18212439944323933
  7
PLAT
 72
1
 11
2587.1592387739456
 21
5928.8769181657135
 31
0.0
100
AcDbText
 73
2
  0
TEXT
  5
1A4
330
17
100
AcDbEntity
  8
PLAT-TEXT-MISC
100
AcDbText
 10
2886.178645936215
 20
5928.6819173665335
 30
0.0
 40
37.803546414003364
  1
TWO
 50
0.04362879826368271
  7
PLAT
 72
1
 11
2886.178645936215
 21
5928.6819173665335
 31
0.0
100
AcDbText
 73
2
  0
TEXT
  5
1A5
330
17
100
AcDbEntity
  8
PLAT-TEXT-LOWCONF
100
AcDbText
 10
3060.169692059709
 20
5928.692123434097
 30
0.0
 40
37.800000000000004
  1
D>
 50
359.98689797854706
  7
PLAT
 72
1
 11
3060.169692059709
 21
5928.692123434097
 31
0.0
100
AcDbText
 73
2
  0
TEXT
  5
1A6
330
17
100
AcDbEntity
  8
PLAT-TEXT-LOWCONF
100
AcDbText
 10
3121.2145485867445
 20
5928.849467737557
 30
0.0
 40
37.83529434685306
  1
WO,
 50
0.5801123627217066
  7
PLAT
 72
1
 11
3121.2145485867445
 21
5928.849467737557
 31
0.0
100
AcDbText
 73
2
  0
TEXT
  5
1A7
330
17
100
AcDbEntity
  8
PLAT-TEXT-LOWCONF
100
AcDbText
 10
3714.2283143960117
 20
5928.042026477486
 30
0.0
 40
38.77782669250341
  1
CENTERL|
 50
359.4689697287836
  7
PLAT
 72
1
 11
3714.2283143960117
 21
5928.042026477486
 31
0.0
100
AcDbText
 73
2
  0
TEXT
  5
1A8
330
17
100
AcDbEntity
  8
PLAT-TEXT-LOWCONF
100
AcDbText
 10
4121.479935365194
 20
5928.879757891493
 30
0.0
 40
38.78494811294969
  1
ORAL
 50
356.9429010156448
  7
PLAT
 72
1
 11
4121.479935365194
 21
5928.879757891493
 31
0.0
100
AcDbText
 73
2
  0
TEXT
  5
1A9
330
17
100
AcDbEntity
  8
PLAT-TEXT-LOTNO
100
AcDbText
 10
4358.5177750215
 20
5927.5525339767555
 30
0.0
 40
43.094386792166326
  1
3
 50
77.63539270499518
  7
PLAT
 72
1
 11
4358.5177750215
 21
5927.5525339767555
 31
0.0
100
AcDbText
 73
2
  0
TEXT
  5
1AA
330
17
100
AcDbEntity
  8
PLAT-TEXT-LOWCONF
100
AcDbText
 10
5477.08708056661
 20
5928.267734347659
 30
0.0
 40
38.78494811294969
  1
ASS
 50
1.132823485976587
  7
PLAT
 72
1
 11
5477.08708056661
 21
5928.267734347659
 31
0.0
100
AcDbText
 73
2
  0
TEXT
  5
1AB
330
17
100
AcDbEntity
  8
PLAT-TEXT-LOWCONF
100
AcDbText
 10
2269.6697127279363
 20
5928.872889765514
 30
0.0
 40
36.0
  1
BE.
 50
359.98689797854706
  7
PLAT
 72
1
 11
2269.6697127279363
 21
5928.872889765514
 31
0.0
100
AcDbText
 73
2
  0
TEXT
  5
1AC
330
17
100
AcDbEntity
  8
PLAT-TEXT-LOWCONF
100
AcDbText
 10
2705.6695869916775
 20
5928.273188171379
 30
0.0
 40
36.9
  1
Wil
 50
359.98689797854706
  7
PLAT
 72
1
 11
2705.6695869916775
 21
5928.273188171379
 31
0.0
100
AcDbText
 73
2
  0
TEXT
  5
1AD
330
17
100
AcDbEntity
  8
PLAT-TEXT-LOTNO
100
AcDbText
 10
2778.669699419742
 20
5928.756494999301
 30
0.0
 40
40.0
  1
4
 50
359.98689797854706
  7
PLAT
 72
1
 11
2778.669699419742
 21
5928.756494999301
 31
0.0
100
AcDbText
 73
2
  0
TEXT
  5
1AE
330
17
100
AcDbEntity
  8
PLAT-TEXT-LOWCONF
100
AcDbText
 10
3206.6696882293545
 20
5928.658622779381
 30
0.0
 40
36.0
  1
I hatte
 50
359.98689797854706
  7
PLAT
 72
1
 11
3206.6696882293545
 21
5928.658622779381
 31
0.0
100
AcDbText
 73
2
  0
TEXT
  5
1AF
330
17
100
AcDbEntity
  8
PLAT-TEXT-MISC
100
AcDbText
 10
3309.6958977945405
 20
5928.637026569976
 30
0.0
 40
36.18136728198983
  1
ETE
 50
359.87139049456164
  7
PLAT
 72
1
 11
3309.6958977945405
 21
5928.637026569976
 31
0.0
100
AcDbText
 73
2
  0
TEXT
  5
1B0
330
17
100
AcDbEntity
  8
PLAT-TEXT-LOWCONF
100
AcDbText
 10
3900.669670084194
 20
5928.499923432128
 30
0.0
 40
36.0
  1
WS
 50
359.98689797854706
  7
PLAT
 72
1
 11
3900.669670084194
 21
5928.499923432128
 31
0.0
100
AcDbText
 73
2
  0
TEXT
  5
1B1
330
17
100
AcDbEntity
  8
PLAT-TEXT-LOWCONF
100
AcDbText
 10
4011.669667182014
 20
5928.4745406835045
 30
0.0
 40
36.0
  1
WE
 50
359.98689797854706
  7
PLAT
 72
1
 11
4011.669667182014
 21
5928.4745406835045
 31
0.0
100
AcDbText
 73
2
  0
TEXT
  5
1B2
330
17
100
AcDbEntity
  8
PLAT-TEXT-LOWCONF
100
AcDbText
 10
4236.322450933483
 20
5928.50869975058
 30
0.0
 40
38.06501641145439
  1
Sen
 50
358.26624222071285
  7
PLAT
 72
1
 11
4236.322450933483
 21
5928.50869975058
 31
0.0
100
AcDbText
 73
2
  0
TEXT
  5
1B3
330
17
100
AcDbEntity
  8
PLAT-TEXT-LOWCONF
100
AcDbText
 10
4534.169653520852
 20
5928.355058826242
 30
0.0
 40
36.0
  1
a
 50
89.98689797854706
  7
PLAT
 72
1
 11
4534.169653520852
 21
5928.355058826242
 31
0.0
100
AcDbText
 73
2
  0
TEXT
  5
1B4
330
17
100
AcDbEntity
  8
PLAT-TEXT-LOWCONF
100
AcDbText
 10
4899.169643977648
 20
5928.271593031217
 30
0.0
 40
36.0
  1
A
 50
359.98689797854706
  7
PLAT
 72
1
 11
4899.169643977648
 21
5928.271593031217
 31
0.0
100
AcDbText
 73
2
  0
TEXT
  5
1B5
330
17
100
AcDbEntity
  8
PLAT-TEXT-LOWCONF
100
AcDbText
 10
5096.15330153108
 20
5928.226531928944
 30
0.0
 40
36.154147503588064
  1
RED -L|
 50
0.04362879826368271
  7
PLAT
 72
1
 11
5096.15330153108
 21
5928.226531928944
 31
0.0
100
AcDbText
 73
2
  0
TEXT
  5
1B6
330
17
100
AcDbEntity
  8
PLAT-TEXT-LOWCONF
100
AcDbText
 10
5234.669635205744
 20
5928.194873101817
 30
0.0
 40
36.0
  1
WE:
 50
359.98689797854706
  7
PLAT
 72
1
 11
5234.669635205744
 21
5928.194873101817
 31
0.0
100
AcDbText
 73
2
  0
TEXT
  5
1B7
330
17
100
AcDbEntity
  8
PLAT-TEXT-LOWCONF
100
AcDbText
 10
5307.169633310175
 20
5928.178294279518
 30
0.0
 40
36.0
  1
a
 50
89.98689797854706
  7
PLAT
 72
1
 11
5307.169633310175
 21
5928.178294279518
 31
0.0
100
AcDbText
 73
2
  0
TEXT
  5
1B8
330
17
100
AcDbEntity
  8
PLAT-TEXT-LOWCONF
100
AcDbText
 10
5624.669625008895
 20
5928.105690471517
 30
0.0
 40
36.0
  1
A
 50
89.98689797854706
  7
PLAT
 72
1
 11
5624.669625008895
 21
5928.105690471517
 31
0.0
100
AcDbText
 73
2
  0
TEXT
  5
1B9
330
17
100
AcDbEntity
  8
PLAT-TEXT-LOWCONF
100
AcDbText
 10
3492.170138111561
 20
5930.5933364682405
 30
0.0
 40
14.4
  1
W
 50
359.98689797854706
  7
PLAT
 72
1
 11
3492.170138111561
 21
5930.5933364682405
 31
0.0
100
AcDbText
 73
2
  0
TEXT
  5
1BA
330
17
100
AcDbEntity
  8
PLAT-TEXT-LOWCONF
100
AcDbText
 10
4819.670103403058
 20
5930.2897725151015
 30
0.0
 40
16.0
  1
0)
 50
359.98689797854706
  7
PLAT
 72
1
 11
4819.670103403058
 21
5930.2897725151015
 31
0.0
100
AcDbText
 73
2
  0
TEXT
  5
1BB
330
17
100
AcDbEntity
  8
PLAT-TEXT-LOWCONF
100
AcDbText
 10
3000.1686645981054
 20
5924.205843956414
 30
0.0
 40
8.1
  1
= a
 50
359.98689797854706
  7
PLAT
 72
1
 11
3000.1686645981054
 21
5924.205843956414
 31
0.0
100
AcDbText
 73
2
  0
TEXT
  5
1BC
330
17
100
AcDbEntity
  8
PLAT-TEXT-LOWCONF
100
AcDbText
 10
3286.487481766722
 20
5863.161809550704
 30
0.0
 40
38.78494811294969
  1
Yar
 50
5.056367937858681
  7
PLAT
 72
1
 11
3286.487481766722
 21
5863.161809550704
 31
0.0
100
AcDbText
 73
2
  0
TEXT
  5
1BD
330
17
100
AcDbEntity
  8
PLAT-TEXT-LOWCONF
100
AcDbText
 10
3334.1589372454514
 20
5881.629468148326
 30
0.0
 40
7.2
  1
a
 50
89.98689797854706
  7
PLAT
 72
1
 11
3334.1589372454514
 21
5881.629468148326
 31
0.0
100
AcDbText
 73
2
  0
TEXT
  5
1BE
330
17
100
AcDbEntity
  8
PLAT-TEXT-LOWCONF
100
AcDbText
 10
4144.154914282689
 20
5863.944243142944
 30
0.0
 40
38.7
  1
x
 50
359.98689797854706
  7
PLAT
 72
1
 11
4144.154914282689
 21
5863.944243142944
 31
0.0
100
AcDbText
 73
2
  0
TEXT
  5
1BF
330
17
100
AcDbEntity
  8
PLAT-TEXT-LOWCONF
100
AcDbText
 10
4568.1589049815775
 20
5881.347285159118
 30
0.0
 40
7.2
  1
al
 50
89.98689797854706
  7
PLAT
 72
1
 11
4568.1589049815775
 21
5881.347285159118
 31
0.0
100
AcDbText
 73
2
  0
TEXT
  5
1C0
330
17
100
AcDbEntity
  8
PLAT-TEXT-MISC
100
AcDbText
 10
4827.654896412058
 20
5863.787944866507
 30
0.0
 40
38.7
  1
Sipe:
 50
359.98689797854706
  7
PLAT
 72
1
 11
4827.654896412058
 21
5863.787944866507
 31
0.0
100
AcDbText
 73
2
  0
TEXT
  5
1C1
330
17
100
AcDbEntity
  8
PLAT-TEXT-LOWCONF
100
AcDbText
 10
2920.1602829913872
 20
5863.717212583884
 30
0.0
 40
37.83651805700989
  1
'-@QT
 50
0.043628798263739554
  7
PLAT
 72
1
 11
2920.1602829913872
 21
5863.717212583884
 31
0.0
100
AcDbText
 73
2
  0
TEXT
  5
1C2
330
17
100
AcDbEntity
  8
PLAT-TEXT-LOWCONF
100
AcDbText
 10
3218.4378079342664
 20
5863.47650655397
 30
0.0
 40
37.589032225631264
  1
Wa
 50
357.58807928865934
  7
PLAT
 72
1
 11
3218.4378079342664
 21
5863.47650655397
 31
0.0
100
AcDbText
 73
2
  0
TEXT
  5
1C3
330
17
100
AcDbEntity
  8
PLAT-TEXT-LOWCONF
100
AcDbText
 10
3576.3805809256824
 20
5861.453920157993
 30
0.0
 40
38.78494811294969
  1
Ce,
 50
41.31587632289023
  7
PLAT
 72
1
 11
3576.3805809256824
 21
5861.453920157993
 31
0.0
100
AcDbText
 73
2
  0
TEXT
  5
1C4
330
17
100
AcDbEntity
  8
PLAT-TEXT-LOWCONF
100
AcDbText
 10
3901.1548062994043
 20
5863.499810794898
 30
0.0
 40
42.0
  1
16)
 50
89.98689797854706
  7
PLAT
 72
1
 11
3901.1548062994043
 21
5863.499810794898
 31
0.0
100
AcDbText
 73
2
  0
TEXT
  5
1C5
330
17
100
AcDbEntity
  8
PLAT-TEXT-MISC
100
AcDbText
 10
4247.654682903191
 20
5862.920575471049
 30
0.0
 40
36.9
  1
Ree
 50
359.98689797854706
  7
PLAT
 72
1
 11
4247.654682903191
 21
5862.920575471049
 31
0.0
100
AcDbText
 73
2
  0
TEXT
  5
1C6
330
17
100
AcDbEntity
  8
PLAT-TEXT-LOWCONF
100
AcDbText
 10
4746.154784206233
 20
5863.306581762579
 30
0.0
 40
37.800000000000004
  1
3S
 50
359.98689797854706
  7
PLAT
 72
1
 11
4746.154784206233
 21
5863.306581762579
 31
0.0
100
AcDbText
 73
2
  0
TEXT
  5
1C7
330
17
100
AcDbEntity
  8
PLAT-TEXT-LOTNO
100
AcDbText
 10
4912.154779866036
 20
5863.268621976348
 30
0.0
 40
40.0
  1
1
 50
359.98689797854706
  7
PLAT
 72
1
 11
4912.154779866036
 21
5863.268621976348
 31
0.0
100
AcDbText
 73
2
  0
TEXT
  5
1C8
330
17
100
AcDbEntity
  8
PLAT-TEXT-LOWCONF
100
AcDbText
 10
4944.657523097231
 20
5875.26118977674
 30
0.0
 40
14.4
  1
uM
 50
359.98689797854706
  7
PLAT
 72
1
 11
4944.657523097231
 21
5875.26118977674
 31
0.0
100
AcDbText
 73
2
  0
TEXT
  5
1C9
330
17
100
AcDbEntity
  8
PLAT-TEXT-LOWCONF
100
AcDbText
 10
5100.161224426296
 20
5863.207813771233
 30
0.0
 40
42.040575618899865
  1
168
 50
0.04362879826368271
  7
PLAT
 72
1
 11
5100.161224426296
 21
5863.207813771233
 31
0.0
100
AcDbText
 73
2
  0
TEXT
  5
1CA
330
17
100
AcDbEntity
  8
PLAT-TEXT-LOWCONF
100
AcDbText
 10
4076.4161493318084
 20
5860.497602411258
 30
0.0
 40
38.78494811294969
  1
‘Shr,
 50
12.901123780252078
  7
PLAT
 72
1
 11
4076.4161493318084
 21
5860.497602411258
 31
0.0
100
AcDbText
 73
2
  0
TEXT
  5
1CB
330
17
100
AcDbEntity
  8
PLAT-TEXT-LOWCONF
100
AcDbText
 10
4515.124190630155
 20
5862.393829873452
 30
0.0
 40
36.71093895872596
  1
Struction
 50
0.23433381252260688
  7
PLAT
 72
1
 11
4515.124190630155
 21
5862.393829873452
 31
0.0
100
AcDbText
 73
2
  0
TEXT
  5
1CC
330
17
100
AcDbEntity
  8
PLAT-TEXT-LOWCONF
100
AcDbText
 10
3650.6648595746606
 20
5859.393023232892
 30
0.0
 40
30.25763789945527
  1
VAS
 50
358.1116155735047
  7
PLAT
 72
1
 11
3650.6648595746606
 21
5859.393023232892
 31
0.0
100
AcDbText
 73
2
  0
TEXT
  5
1CD
330
17
100
AcDbEntity
  8
PLAT-TEXT-LOWCONF
100
AcDbText
 10
3738.6537815177417
 20
5859.0369703418455
 30
0.0
 40
29.7
  1
Sue:
 50
359.98689797854706
  7
PLAT
 72
1
 11
3738.6537815177417
 21
5859.0369703418455
 31
0.0
100
AcDbText
 73
2
  0
TEXT
  5
1CE
330
17
100
AcDbEntity
  8
PLAT-TEXT-LOWCONF
100
AcDbText
 10
3811.5182527876323
 20
5857.399939905867
 30
0.0
 40
32.984321873957526
  1
SHS.
 50
5.261730030786907
  7
PLAT
 72
1
 11
3811.5182527876323
 21
5857.399939905867
 31
0.0
100
AcDbText
 73
2
  0
TEXT
  5
1CF
330
17
100
AcDbEntity
  8
PLAT-TEXT-LOWCONF
100
AcDbText
 10
4320.653766300907
 20
5858.903882416627
 30
0.0
 40
33.0
  1
9.
 50
359.98689797854706
  7
PLAT
 72
1
 11
4320.653766300907
 21
5858.903882416627
 31
0.0
100
AcDbText
 73
2
  0
TEXT
  5
1D0
330
17
100
AcDbEntity
  8
PLAT-TEXT-LOWCONF
100
AcDbText
 10
4371.15387931725
 20
5859.392334396298
 30
0.0
 40
28.8
  1
VAS
 50
359.98689797854706
  7
PLAT
 72
1
 11
4371.15387931725
 21
5859.392334396298
 31
0.0
100
AcDbText
 73
2
  0
TEXT
  5
1D1
330
17
100
AcDbEntity
  8
PLAT-TEXT-LOWCONF
100
AcDbText
 10
3007.6552870074675
 20
5865.704130435359
 30
0.0
 40
14.4
  1
y
 50
359.98689797854706
  7
PLAT
 72
1
 11
3007.6552870074675
 21
5865.704130435359
 31
0.0
100
AcDbText
 73
2
  0
TEXT
  5
1D2
330
17
100
AcDbEntity
  8
PLAT-TEXT-LOWCONF
100
AcDbText
 10
2164.118373767971
 20
5798.087230802241
 30
0.0
 40
38.78494811294969
  1
Phat
 50
356.029929496861
  7
PLAT
 72
1
 11
2164.118373767971
 21
5798.087230802241
 31
0.0
100
AcDbText
 73
2
  0
TEXT
  5
1D3
330
17
100
AcDbEntity
  8
PLAT-TEXT-LOWCONF
100
AcDbText
 10
2359.140097181162
 20
5799.352426881103
 30
0.0
 40
43.0
  1
4
 50
89.98689797854706
  7
PLAT
 72
1
 11
2359.140097181162
 21
5799.352426881103
 31
0.0
100
AcDbText
 73
2
  0
TEXT
  5
1D4
330
17
100
AcDbEntity
  8
PLAT-TEXT-LOWCONF
100
AcDbText
 10
2748.642716741614
 20
5810.763358286832
 30
0.0
 40
16.2
  1
£24
 50
359.98689797854706
  7
PLAT
 72
1
 11
2748.642716741614
 21
5810.763358286832
 31
0.0
100
AcDbText
 73
2
  0
TEXT
  5
1D5
330
17
100
AcDbEntity
  8
PLAT-TEXT-LOWCONF
100
AcDbText
 10
2768.6248900111245
 20
5793.084586631212
 30
0.0
 40
38.78494811294969
  1
ee
 50
16.012852495469986
  7
PLAT
 72
1
 11
2768.6248900111245
 21
5793.084586631212
 31
0.0
100
AcDbText
 73
2
  0
TEXT
  5
1D6
330
17
100
AcDbEntity
  8
PLAT-TEXT-LOWCONF
100
AcDbText
 10
2907.235927993995
 20
5797.561139531004
 30
0.0
 40
38.78494811294969
  1
SUS
 50
355.8612450700214
  7
PLAT
 72
1
 11
2907.235927993995
 21
5797.561139531004
 31
0.0
100
AcDbText
 73
2
  0
TEXT
  5
1D7
330
17
100
AcDbEntity
  8
PLAT-TEXT-LOWCONF
100
AcDbText
 10
3212.642704609979
 20
5810.657253824115
 30
0.0
 40
16.2
  1
£24
 50
359.98689797854706
  7
PLAT
 72
1
 11
3212.642704609979
 21
5810.657253824115
 31
0.0
100
AcDbText
 73
2
  0
TEXT
  5
1D8
330
17
100
AcDbEntity
  8
PLAT-TEXT-LOWCONF
100
AcDbText
 10
3232.6248778794898
 20
5792.978482168495
 30
0.0
 40
43.094386792166326
  1
20
 50
16.012852495469986
  7
PLAT
 72
1
 11
3232.6248778794898
 21
5792.978482168495
 31
0.0
100
AcDbText
 73
2
  0
TEXT
  5
1D9
330
17
100
AcDbEntity
  8
PLAT-TEXT-LOWCONF
100
AcDbText
 10
3413.235914764238
 20
5797.445430785025
 30
0.0
 40
38.78494811294969
  1
SUS
 50
355.8612450700214
  7
PLAT
 72
1
 11
3413.235914764238
 21
5797.445430785025
 31
0.0
100
AcDbText
 73
2
  0
TEXT
  5
1DA
330
17
100
AcDbEntity
  8
PLAT-TEXT-LOTNO
100
AcDbText
 10
3570.640065505568
 20
5799.075389043644
 30
0.0
 40
41.0
  1
2
 50
359.98689797854706
  7
PLAT
 72
1
 11
3570.640065505568
 21
5799.075389043644
 31
0.0
100
AcDbText
 73
2
  0
TEXT
  5
1DB
330
17
100
AcDbEntity
  8
PLAT-TEXT-LOWCONF
100
AcDbText
 10
3796.1400596096983
 20
5799.023823189456
 30
0.0
 40
38.7
  1
a
 50
89.98689797854706
  7
PLAT
 72
1
 11
3796.1400596096983
 21
5799.023823189456
 31
0.0
100
AcDbText
 73
2
  0
TEXT
  5
1DC
330
17
100
AcDbEntity
  8
PLAT-TEXT-LOWCONF
100
AcDbText
 10
3866.1399434427894
 20
5798.507816063758
 30
0.0
 40
37.800000000000004
  1
Cc
 50
359.98689797854706
  7
PLAT
 72
1
 11
3866.1399434427894
 21
5798.507816063758
 31
0.0
100
AcDbText
 73
2
  0
TEXT
  5
1DD
330
17
100
AcDbEntity
  8
PLAT-TEXT-LOWCONF
100
AcDbText
 10
4225.144050177858
 20
5816.425721838576
 30
0.0
 40
8.0
  1
4
 50
89.98689797854706
  7
PLAT
 72
1
 11
4225.144050177858
 21
5816.425721838576
 31
0.0
100
AcDbText
 73
2
  0
TEXT
  5
1DE
330
17
100
AcDbEntity
  8
PLAT-TEXT-LOWCONF
100
AcDbText
 10
4463.703444208122
 20
5797.468866438625
 30
0.0
 40
38.21554064431365
  1
‘S19,
 50
4.026552500260209
  7
PLAT
 72
1
 11
4463.703444208122
 21
5797.468866438625
 31
0.0
100
AcDbText
 73
2
  0
TEXT
  5
1DF
330
17
100
AcDbEntity
  8
PLAT-TEXT-LOWCONF
100
AcDbText
 10
4633.5628447027575
 20
5796.693715406809
 30
0.0
 40
38.78494811294969
  1
Fher'
 50
355.4730285508397
  7
PLAT
 72
1
 11
4633.5628447027575
 21
5796.693715406809
 31
0.0
100
AcDbText
 73
2
  0
TEXT
  5
1E0
330
17
100
AcDbEntity
  8
PLAT-TEXT-LOWCONF
100
AcDbText
 10
4701.144037732474
 20
5816.316873294926
 30
0.0
 40
7.2
  1
a
 50
89.98689797854706
  7
PLAT
 72
1
 11
4701.144037732474
 21
5816.316873294926
 31
0.0
100
AcDbText
 73
2
  0
TEXT
  5
1E1
330
17
100
AcDbEntity
  8
PLAT-TEXT-LOWCONF
100
AcDbText
 10
4739.140034954242
 20
5798.808184162857
 30
0.0
 40
38.7
  1
OBA,
 50
359.98689797854706
  7
PLAT
 72
1
 11
4739.140034954242
 21
5798.808184162857
 31
0.0
100
AcDbText
 73
2
  0
TEXT
  5
1E2
330
17
100
AcDbEntity
  8
PLAT-TEXT-LOWCONF
100
AcDbText
 10
4971.140028888425
 20
5798.755131931499
 30
0.0
 40
38.7
  1
a
 50
89.98689797854706
  7
PLAT
 72
1
 11
4971.140028888425
 21
5798.755131931499
 31
0.0
100
AcDbText
 73
2
  0
TEXT
  5
1E3
330
17
100
AcDbEntity
  8
PLAT-TEXT-LOWCONF
100
AcDbText
 10
5394.1399034920605
 20
5798.158403091707
 30
0.0
 40
37.800000000000004
  1
a
 50
89.98689797854706
  7
PLAT
 72
1
 11
5394.1399034920605
 21
5798.158403091707
 31
0.0
100
AcDbText
 73
2
  0
TEXT
  5
1E4
330
17
100
AcDbEntity
  8
PLAT-TEXT-MISC
100
AcDbText
 10
5704.168955761313
 20
5798.082377776982
 30
0.0
 40
38.02969643738451
  1
82-2
 50
359.8420420122118
  7
PLAT
 72
1
 11
5704.168955761313
 21
5798.082377776982
 31
0.0
100
AcDbText
 73
2
  0
TEXT
  5
1E5
330
17
100
AcDbEntity
  8
PLAT-TEXT-LOWCONF
100
AcDbText
 10
5867.640005448747
 20
5798.5501262185135
 30
0.0
 40
38.7
  1
Se
 50
359.98689797854706
  7
PLAT
 72
1
 11
5867.640005448747
 21
5798.5501262185135
 31
0.0
100
AcDbText
 73
2
  0
TEXT
  5
1E6
330
17
100
AcDbEntity
  8
PLAT-TEXT-LOWCONF
100
AcDbText
 10
2285.1398704425383
 20
5798.369348739665
 30
0.0
 40
41.0
  1
8
 50
359.98689797854706
  7
PLAT
 72
1
 11
2285.1398704425383
 21
5798.369348739665
 31
0.0
100
AcDbText
 73
2
  0
TEXT
  5
1E7
330
17
100
AcDbEntity
  8
PLAT-TEXT-LOTNO
100
AcDbText
 10
3066.1399643594013
 20
5798.690754792579
 30
0.0
 40
40.0
  1
1
 50
359.98689797854706
  7
PLAT
 72
1
 11
3066.1399643594013
 21
5798.690754792579
 31
0.0
100
AcDbText
 73
2
  0
TEXT
  5
1E8
330
17
100
AcDbEntity
  8
PLAT-TEXT-LOTNO
100
AcDbText
 10
4310.639931820997
 20
5798.406170732556
 30
0.0
 40
40.0
  1
3
 50
89.98689797854706
  7
PLAT
 72
1
 11
4310.639931820997
 21
5798.406170732556
 31
0.0
100
AcDbText
 73
2
  0
TEXT
  5
1E9
330
17
100
AcDbEntity
  8
PLAT-TEXT-LOWCONF
100
AcDbText
 10
2677.216862537638
 20
5791.823436160768
 30
0.0
 40
30.03966177595221
  1
cz
 50
7.383259857197004
  7
PLAT
 72
1
 11
2677.216862537638
 21
5791.823436160768
 31
0.0
100
AcDbText
 73
2
  0
TEXT
  5
1EA
330
17
100
AcDbEntity
  8
PLAT-TEXT-LOWCONF
100
AcDbText
 10
4043.6375377311
 20
5787.96722680783
 30
0.0
 40
38.7
  1
A:
 50
359.98689797854706
  7
PLAT
 72
1
 11
4043.6375377311
 21
5787.96722680783
 31
0.0
100
AcDbText
 73
2
  0
TEXT
  5
1EB
330
17
100
AcDbEntity
  8
PLAT-TEXT-LOWCONF
100
AcDbText
 10
4362.13890144414
 20
5793.894394169543
 30
0.0
 40
29.7
  1
Oe
 50
359.98689797854706
  7
PLAT
 72
1
 11
4362.13890144414
 21
5793.894394169543
 31
0.0
100
AcDbText
 73
2
  0
TEXT
  5
1EC
330
17
100
AcDbEntity
  8
PLAT-TEXT-LOWCONF
100
AcDbText
 10
5318.986836512637
 20
5802.834107780338
 30
0.0
 40
9.227597478707716
  1
a
 50
55.601267599657604
  7
PLAT
 72
1
 11
5318.986836512637
 21
5802.834107780338
 31
0.0
100
AcDbText
 73
2
  0
TEXT
  5
1ED
330
17
100
AcDbEntity
  8
PLAT-TEXT-LOWCONF
100
AcDbText
 10
4525.22794823001
 20
5783.82186207889
 30
0.0
 40
24.851821561289583
  1
3
 50
84.57813029050556
  7
PLAT
 72
1
 11
4525.22794823001
 21
5783.82186207889
 31
0.0
100
AcDbText
 73
2
  0
TEXT
  5
1EE
330
17
100
AcDbEntity
  8
PLAT-TEXT-LOWCONF
100
AcDbText
 10
3624.13571931196
 20
5780.063155512924
 30
0.0
 40
17.1
  1
a
 50
359.98689797854706
  7
PLAT
 72
1
 11
3624.13571931196
 21
5780.063155512924
 31
0.0
100
AcDbText
 73
2
  0
TEXT
  5
1EF
330
17
100
AcDbEntity
  8
PLAT-TEXT-MISC
100
AcDbText
 10
514.0867888189946
 20
5568.313016848302
 30
0.0
 40
25.12944661057331
  1
199 - AGENT
 50
0.6201722654129753
  7
PLAT
 72
1
 11
514.0867888189946
 21
5568.313016848302
 31
0.0
100
AcDbText
 73
2
  0
TEXT
  5
1F0
330
17
100
AcDbEntity
  8
PLAT-TEXT-MISC
100
AcDbText
 10
733.0808880682612
 20
5568.224260810328
 30
0.0
 40
23.502279086354108
  1
MULTIAGENT
 50
359.9554414323011
  7
PLAT
 72
1
 11
733.0808880682612
 21
5568.224260810328
 31
0.0
100
AcDbText
 73
2
  0
TEXT
  5
1F1
330
17
100
AcDbEntity
  8
PLAT-TEXT-MISC
100
AcDbText
 10
953.0882953685827
 20
5568.175593956143
 30
0.0
 40
23.48547906591717
  1
CONSENSUS
 50
359.9554414323011
  7
PLAT
 72
1
 11
953.0882953685827
 21
5568.175593956143
 31
0.0
100
AcDbText
 73
2
  0
TEXT
  5
1F2
330
17
100
AcDbEntity
  8
PLAT-TEXT-MISC
100
AcDbText
 10
1111.0882880352801
 20
5568.135345906378
 30
0.0
 40
23.431620176869334
  1
SEAL
 50
359.9554414323011
  7
PLAT
 72
1
 11
1111.0882880352801
 21
5568.135345906378
 31
0.0
100
AcDbText
 73
2
  0
TEXT
  5
1F3
330
17
100
AcDbEntity
  8
PLAT-TEXT-LOWCONF
100
AcDbText
 10
5556.095084107782
 20
5522.662438561803
 30
0.0
 40
18.99638206264819
  1
In
 50
15.384880362331046
  7
PLAT
 72
1
 11
5556.095084107782
 21
5522.662438561803
 31
0.0
100
AcDbText
 73
2
  0
TEXT
  5
1F4
330
17
100
AcDbEntity
  8
PLAT-TEXT-LOWCONF
100
AcDbText
 10
428.0663715868968
 20
5440.797543746727
 30
0.0
 40
16.407192974907066
  1
ooo
 50
89.85088693499972
  7
PLAT
 72
1
 11
428.0663715868968
 21
5440.797543746727
 31
0.0
100
AcDbText
 73
2
  0
TEXT
  5
1F5
330
17
100
AcDbEntity
  8
PLAT-TEXT-MISC
100
AcDbText
 10
480.7591805607485
 20
5482.57050053175
 30
0.0
 40
26.134204552619213
  1
wild
 50
3.4007040858294317
  7
PLAT
 72
1
 11
480.7591805607485
 21
5482.57050053175
 31
0.0
100
AcDbText
 73
2
  0
TEXT
  5
1F6
330
17
100
AcDbEntity
  8
PLAT-TEXT-LOWCONF
100
AcDbText
 10
555.0677692135318
 20
5483.264961989731
 30
0.0
 40
26.0
  1
1
 50
359.98689797854706
  7
PLAT
 72
1
 11
555.0677692135318
 21
5483.264961989731
 31
0.0
100
AcDbText
 73
2
  0
TEXT
  5
1F7
330
17
100
AcDbEntity
  8
PLAT-TEXT-MISC
100
AcDbText
 10
651.4975311444405
 20
5481.040190349908
 30
0.0
 40
27.909636775011542
  1
(Outer
 50
359.21901105591684
  7
PLAT
 72
1
 11
651.4975311444405
 21
5481.040190349908
 31
0.0
100
AcDbText
 73
2
  0
TEXT
  5
1F8
330
17
100
AcDbEntity
  8
PLAT-TEXT-MISC
100
AcDbText
 10
816.8380541672936
 20
5481.107734932628
 30
0.0
 40
29.619899926180473
  1
Boundary
 50
358.7477427414832
  7
PLAT
 72
1
 11
816.8380541672936
 21
5481.107734932628
 31
0.0
100
AcDbText
 73
2
  0
TEXT
  5
1F9
330
17
100
AcDbEntity
  8
PLAT-TEXT-LOTNO
100
AcDbText
 10
941.9957733490096
 20
5484.4708850996
 30
0.0
 40
33.97403320832825
  1
27
 50
23.83808521760102
  7
PLAT
 72
1
 11
941.9957733490096
 21
5484.4708850996
 31
0.0
100
AcDbText
 73
2
  0
TEXT
  5
1FA
330
17
100
AcDbEntity
  8
PLAT-TEXT-MISC
100
AcDbText
 10
1066.0724312915745
 20
5482.247078709348
 30
0.0
 40
27.91377252505907
  1
Courses)
 50
359.5199596335314
  7
PLAT
 72
1
 11
1066.0724312915745
 21
5482.247078709348
 31
0.0
100
AcDbText
 73
2
  0
TEXT
  5
1FB
330
17
100
AcDbEntity
  8
PLAT-TEXT-MISC
100
AcDbText
 10
1247.0483164147886
 20
5481.891028908469
 30
0.0
 40
26.504353989696053
  1
20/20
 50
0.6020151906709543
  7
PLAT
 72
1
 11
1247.0483164147886
 21
5481.891028908469
 31
0.0
100
AcDbText
 73
2
  0
TEXT
  5
1FC
330
17
100
AcDbEntity
  8
PLAT-TEXT-MISC
100
AcDbText
 10
1383.5677475517655
 20
5483.075506068695
 30
0.0
 40
28.074672272711155
  1
ACCEPT
 50
2.7590453075139294
  7
PLAT
 72
1
 11
1383.5677475517655
 21
5483.075506068695
 31
0.0
100
AcDbText
 73
2
  0
TEXT
  5
1FD
330
17
100
AcDbEntity
  8
PLAT-TEXT-LOWCONF
100
AcDbText
 10
1540.526418389446
 20
5482.9021748189025
 30
0.0
 40
28.03300575662774
  1
(9 .900'
 50
1.2569574014471527
  7
PLAT
 72
1
 11
1540.526418389446
 21
5482.9021748189025
 31
0.0
100
AcDbText
 73
2
  0
TEXT
  5
1FE
330
17
100
AcDbEntity
  8
PLAT-TEXT-MISC
100
AcDbText
 10
1717.1691141969818
 20
5482.80712154554
 30
0.0
 40
28.005880062323822
  1
Closure]
 50
358.9864837489734
  7
PLAT
 72
1
 11
1717.1691141969818
 21
5482.80712154554
 31
0.0
100
AcDbText
 73
2
  0
TEXT
  5
1FF
330
17
100
AcDbEntity
  8
PLAT-TEXT-LOWCONF
100
AcDbText
 10
1847.5570143768032
 20
5459.469405176064
 30
0.0
 40
35.104373201443174
  1
3h
 50
89.96832991276847
  7
PLAT
 72
1
 11
1847.5570143768032
 21
5459.469405176064
 31
0.0
100
AcDbText
 73
2
  0
TEXT
  5
200
330
17
100
AcDbEntity
  8
PLAT-TEXT-MISC
100
AcDbText
 10
1982.5697622672776
 20
5480.4382031794175
 30
0.0
 40
24.427054658449137
  1
ED PHYSICAL
 50
359.94962209555064
  7
PLAT
 72
1
 11
1982.5697622672776
 21
5480.4382031794175
 31
0.0
100
AcDbText
 73
2
  0
TEXT
  5
201
330
17
100
AcDbEntity
  8
PLAT-TEXT-MISC
100
AcDbText
 10
2245.5704074076216
 20
5480.379687966763
 30
0.0
 40
24.43700863716206
  1
GPS ANCHOR
 50
359.94962209555064
  7
PLAT
 72
1
 11
2245.5704074076216
 21
5480.379687966763
 31
0.0
100
AcDbText
 73
2
  0
TEXT
  5
202
330
17
100
AcDbEntity
  8
PLAT-TEXT-LOWCONF
100
AcDbText
 10
2501.5677740727115
 20
5478.813667869068
 30
0.0
 40
28.911829973957577
  1
(F.A.C. Rule
 50
359.94962209555064
  7
PLAT
 72
1
 11
2501.5677740727115
 21
5478.813667869068
 31
0.0
100
AcDbText
 73
2
  0
TEXT
  5
203
330
17
100
AcDbEntity
  8
PLAT-TEXT-LOWCONF
100
AcDbText
 10
2647.5638773185246
 20
5478.7923208352295
 30
0.0
 40
32.002595786794984
  1
1)
 50
359.94962209555064
  7
PLAT
 72
1
 11
2647.5638773185246
 21
5478.7923208352295
 31
0.0
100
AcDbText
 73
2
  0
TEXT
  5
204
330
17
100
AcDbEntity
  8
PLAT-TEXT-MISC
100
AcDbText
 10
480.74167693930485
 20
5440.08521379521
 30
0.0
 40
26.916263126037208
  1
wild
 50
3.2772632490663227
  7
PLAT
 72
1
 11
480.74167693930485
 21
5440.08521379521
 31
0.0
100
AcDbText
 73
2
  0
TEXT
  5
205
330
17
100
AcDbEntity
  8
PLAT-TEXT-LOTNO
100
AcDbText
 10
554.0580506197089
 20
5440.765191774337
 30
0.0
 40
27.0
  1
2
 50
359.98689797854706
  7
PLAT
 72
1
 11
554.0580506197089
 21
5440.765191774337
 31
0.0
100
AcDbText
 73
2
  0
TEXT
  5
206
330
17
100
AcDbEntity
  8
PLAT-TEXT-MISC
100
AcDbText
 10
650.6023986487003
 20
5438.580271479518
 30
0.0
 40
29.39917305422099
  1
(Sheet
 50
358.88764705351963
  7
PLAT
 72
1
 11
650.6023986487003
 21
5438.580271479518
 31
0.0
100
AcDbText
 73
2
  0
TEXT
  5
207
330
17
100
AcDbEntity
  8
PLAT-TEXT-LOTNO
100
AcDbText
 10
744.0580456520133
 20
5440.721743826242
 30
0.0
 40
27.0
  1
1
 50
359.98689797854706
  7
PLAT
 72
1
 11
744.0580456520133
 21
5440.721743826242
 31
0.0
100
AcDbText
 73
2
  0
TEXT
  5
208
330
17
100
AcDbEntity
  8
PLAT-TEXT-MISC
100
AcDbText
 10
827.062154443151
 20
5441.197950077302
 30
0.0
 40
25.316767186255614
  1
South
 50
359.89510021732565
  7
PLAT
 72
1
 11
827.062154443151
 21
5441.197950077302
 31
0.0
100
AcDbText
 73
2
  0
TEXT
  5
209
330
17
100
AcDbEntity
  8
PLAT-TEXT-MISC
100
AcDbText
 10
1024.0635259256173
 20
5439.963503947589
 30
0.0
 40
28.80562140279641
  1
Centerlines)
 50
359.58542080864186
  7
PLAT
 72
1
 11
1024.0635259256173
 21
5439.963503947589
 31
0.0
100
AcDbText
 73
2
  0
TEXT
  5
20A
330
17
100
AcDbEntity
  8
PLAT-TEXT-MISC
100
AcDbText
 10
1268.0388707438792
 20
5439.451686424611
 30
0.0
 40
27.46363338851863
  1
20/20
 50
0.7890499846866987
  7
PLAT
 72
1
 11
1268.0388707438792
 21
5439.451686424611
 31
0.0
100
AcDbText
 73
2
  0
TEXT
  5
20B
330
17
100
AcDbEntity
  8
PLAT-TEXT-MISC
100
AcDbText
 10
1404.58522686697
 20
5440.572182700789
 30
0.0
 40
29.560434132955624
  1
ACCEPT
 50
3.109756942057345
  7
PLAT
 72
1
 11
1404.58522686697
 21
5440.572182700789
 31
0.0
100
AcDbText
 73
2
  0
TEXT
  5
20C
330
17
100
AcDbEntity
  8
PLAT-TEXT-MISC
100
AcDbText
 10
1997.0190215690823
 20
5434.544801772845
 30
0.0
 40
28.717780921977795
  1
ingrove Ave
 50
0.5117212161436555
  7
PLAT
 72
1
 11
1997.0190215690823
 21
5434.544801772845
 31
0.0
100
AcDbText
 73
2
  0
TEXT
  5
20D
330
17
100
AcDbEntity
  8
PLAT-TEXT-LOWCONF
100
AcDbText
 10
1869.5538341860365
 20
5412.964371456788
 30
0.0
 40
22.488915539118207
  1
am
 50
89.96832991276847
  7
PLAT
 72
1
 11
1869.5538341860365
 21
5412.964371456788
 31
0.0
100
AcDbText
 73
2
  0
TEXT
  5
20E
330
17
100
AcDbEntity
  8
PLAT-TEXT-LOWCONF
100
AcDbText
 10
2522.519003988383
 20
5399.323306494074
 30
0.0
 40
37.89848135498783
  1
Pecos)
 50
359.67785855721456
  7
PLAT
 72
1
 11
2522.519003988383
 21
5399.323306494074
 31
0.0
100
AcDbText
 73
2
  0
TEXT
  5
20F
330
17
100
AcDbEntity
  8
PLAT-TEXT-MISC
100
AcDbText
 10
480.70810300715266
 20
5397.578636967986
 30
0.0
 40
26.119457953723735
  1
wild
 50
3.3725934681866647
  7
PLAT
 72
1
 11
480.70810300715266
 21
5397.578636967986
 31
0.0
100
AcDbText
 73
2
  0
TEXT
  5
210
330
17
100
AcDbEntity
  8
PLAT-TEXT-MISC
100
AcDbText
 10
650.598289406932
 20
5395.9542942534445
 30
0.0
 40
28.61195323353509
  1
(Sheet
 50
358.6790084375527
  7
PLAT
 72
1
 11
650.598289406932
 21
5395.9542942534445
 31
0.0
100
AcDbText
 73
2
  0
TEXT
  5
211
330
17
100
AcDbEntity
  8
PLAT-TEXT-MISC
100
AcDbText
 10
827.0517506908973
 20
5398.659065161834
 30
0.0
 40
24.869322868928425
  1
North
 50
359.56984045200284
  7
PLAT
 72
1
 11
827.0517506908973
 21
5398.659065161834
 31
0.0
100
AcDbText
 73
2
  0
TEXT
  5
212
330
17
100
AcDbEntity
  8
PLAT-TEXT-MISC
100
AcDbText
 10
1024.0525836418587
 20
5397.374068489828
 30
0.0
 40
27.910644827327538
  1
Centerlines)
 50
359.63152947567676
  7
PLAT
 72
1
 11
1024.0525836418587
 21
5397.374068489828
 31
0.0
100
AcDbText
 73
2
  0
TEXT
  5
213
330
17
100
AcDbEntity
  8
PLAT-TEXT-LOWCONF
100
AcDbText
 10
554.0483319997402
 20
5398.265192885532
 30
0.0
 40
26.0
  1
3
 50
359.98689797854706
  7
PLAT
 72
1
 11
554.0483319997402
 21
5398.265192885532
 31
0.0
100
AcDbText
 73
2
  0
TEXT
  5
214
330
17
100
AcDbEntity
  8
PLAT-TEXT-LOWCONF
100
AcDbText
 10
743.0483270581908
 20
5398.221973610848
 30
0.0
 40
26.0
  1
2
 50
359.98689797854706
  7
PLAT
 72
1
 11
743.0483270581908
 21
5398.221973610848
 31
0.0
100
AcDbText
 73
2
  0
TEXT
  5
215
330
17
100
AcDbEntity
  8
PLAT-TEXT-MISC
100
AcDbText
 10
1268.0314055395165
 20
5396.8491087993625
 30
0.0
 40
26.449880704163096
  1
20/20
 50
0.5319473437374995
  7
PLAT
 72
1
 11
1268.0314055395165
 21
5396.8491087993625
 31
0.0
100
AcDbText
 73
2
  0
TEXT
  5
216
330
17
100
AcDbEntity
  8
PLAT-TEXT-MISC
100
AcDbText
 10
1404.548309762767
 20
5398.070706149454
 30
0.0
 40
28.12689776550977
  1
ACCEPT
 50
2.7902181350270894
  7
PLAT
 72
1
 11
1404.548309762767
 21
5398.070706149454
 31
0.0
100
AcDbText
 73
2
  0
TEXT
  5
217
330
17
100
AcDbEntity
  8
PLAT-TEXT-LOWCONF
100
AcDbText
 10
2300.495325918734
 20
5393.832409612377
 30
0.0
 40
17.14392828028306
  1
G
 50
359.00408883448983
  7
PLAT
 72
1
 11
2300.495325918734
 21
5393.832409612377
 31
0.0
100
AcDbText
 73
2
  0
TEXT
  5
218
330
17
100
AcDbEntity
  8
PLAT-TEXT-LOWCONF
100
AcDbText
 10
1847.0430858676282
 20
5374.468546468449
 30
0.0
 40
21.619540567839675
  1
aa
 50
89.96832991276847
  7
PLAT
 72
1
 11
1847.0430858676282
 21
5374.468546468449
 31
0.0
100
AcDbText
 73
2
  0
TEXT
  5
219
330
17
100
AcDbEntity
  8
PLAT-TEXT-LOWCONF
100
AcDbText
 10
1898.5610652583794
 20
5398.702376339941
 30
0.0
 40
26.702372279057435
  1
8
 50
293.7312865973839
  7
PLAT
 72
1
 11
1898.5610652583794
 21
5398.702376339941
 31
0.0
100
AcDbText
 73
2
  0
TEXT
  5
21A
330
17
100
AcDbEntity
  8
PLAT-TEXT-MISC
100
AcDbText
 10
2105.562900648356
 20
5395.410556337023
 30
0.0
 40
25.97485453498649
  1
-81.530280%%d
 50
0.5668038174026151
  7
PLAT
 72
1
 11
2105.562900648356
 21
5395.410556337023
 31
0.0
100
AcDbText
 73
2
  0
TEXT
  5
21B
330
17
100
AcDbEntity
  8
PLAT-TEXT-LOTNO
100
AcDbText
 10
2256.047715816121
 20
5395.375990805328
 30
0.0
 40
27.0
  1
3
 50
89.98689797854706
  7
PLAT
 72
1
 11
2256.047715816121
 21
5395.375990805328
 31
0.0
100
AcDbText
 73
2
  0
TEXT
  5
21C
330
17
100
AcDbEntity
  8
PLAT-TEXT-MISC
100
AcDbText
 10
2958.4853374202276
 20
5387.6493787405325
 30
0.0
 40
38.78494811294969
  1
Sec 32 North Line (Subdivision Limit)
 50
2.4079078386965875
  7
PLAT
 72
1
 11
2958.4853374202276
 21
5387.6493787405325
 31
0.0
100
AcDbText
 73
2
  0
TEXT
  5
21D
330
17
100
AcDbEntity
  8
PLAT-TEXT-LOWCONF
100
AcDbText
 10
1968.044979265169
 20
5383.4418490614535
 30
0.0
 40
11.700000000000001
  1
ly
 50
359.98689797854706
  7
PLAT
 72
1
 11
1968.044979265169
 21
5383.4418490614535
 31
0.0
100
AcDbText
 73
2
  0
TEXT
  5
21E
330
17
100
AcDbEntity
  8
PLAT-TEXT-LOWCONF
100
AcDbText
 10
428.52973805368356
 20
5270.290306199153
 30
0.0
 40
17.497334886894468
  1
AOCao
 50
89.85088693499966
  7
PLAT
 72
1
 11
428.52973805368356
 21
5270.290306199153
 31
0.0
100
AcDbText
 73
2
  0
TEXT
  5
21F
330
17
100
AcDbEntity
  8
PLAT-TEXT-MISC
100
AcDbText
 10
480.7215238853937
 20
5354.6090420724395
 30
0.0
 40
26.076616641921557
  1
wild
 50
3.290992995976012
  7
PLAT
 72
1
 11
480.7215238853937
 21
5354.6090420724395
 31
0.0
100
AcDbText
 73
2
  0
TEXT
  5
220
330
17
100
AcDbEntity
  8
PLAT-TEXT-LOWCONF
100
AcDbText
 10
554.0384990430662
 20
5355.2651940098
 30
0.0
 40
26.0
  1
4
 50
359.98689797854706
  7
PLAT
 72
1
 11
554.0384990430662
 21
5355.2651940098
 31
0.0
100
AcDbText
 73
2
  0
TEXT
  5
221
330
17
100
AcDbEntity
  8
PLAT-TEXT-MISC
100
AcDbText
 10
703.0380421112836
 20
5352.234058537046
 30
0.0
 40
30.625179493668053
  1
(Open-Ended
 50
359.978041630775
  7
PLAT
 72
1
 11
703.0380421112836
 21
5352.234058537046
 31
0.0
100
AcDbText
 73
2
  0
TEXT
  5
222
330
17
100
AcDbEntity
  8
PLAT-TEXT-AREA
100
AcDbText
 10
942.5694560981055
 20
5355.168951265001
 30
0.0
 40
25.13692920487718
  1
Cul-de-Sac
 50
359.393994865417
  7
PLAT
 72
1
 11
942.5694560981055
 21
5355.168951265001
 31
0.0
100
AcDbText
 73
2
  0
TEXT
  5
223
330
17
100
AcDbEntity
  8
PLAT-TEXT-MISC
100
AcDbText
 10
1118.486328977015
 20
5354.288932451831
 30
0.0
 40
27.924686929902226
  1
Bulb)
 50
359.0975124267866
  7
PLAT
 72
1
 11
1118.486328977015
 21
5354.288932451831
 31
0.0
100
AcDbText
 73
2
  0
TEXT
  5
224
330
17
100
AcDbEntity
  8
PLAT-TEXT-MISC
100
AcDbText
 10
1268.0155893111946
 20
5353.934904458262
 30
0.0
 40
26.575713081942297
  1
20/20
 50
0.6940560393031774
  7
PLAT
 72
1
 11
1268.0155893111946
 21
5353.934904458262
 31
0.0
100
AcDbText
 73
2
  0
TEXT
  5
225
330
17
100
AcDbEntity
  8
PLAT-TEXT-MISC
100
AcDbText
 10
1404.538476806093
 20
5355.070707273722
 30
0.0
 40
28.08698312167907
  1
ACCEPT
 50
2.766393086273922
  7
PLAT
 72
1
 11
1404.538476806093
 21
5355.070707273722
 31
0.0
100
AcDbText
 73
2
  0
TEXT
  5
226
330
17
100
AcDbEntity
  8
PLAT-TEXT-MISC
100
AcDbText
 10
1543.0314276182335
 20
5353.530718810265
 30
0.0
 40
28.1580894861657
  1
{Keel
 50
359.7957342044207
  7
PLAT
 72
1
 11
1543.0314276182335
 21
5353.530718810265
 31
0.0
100
AcDbText
 73
2
  0
TEXT
  5
227
330
17
100
AcDbEntity
  8
PLAT-TEXT-LOWCONF
100
AcDbText
 10
1636.0351403958707
 20
5355.022519729682
 30
0.0
 40
23.42308821703575
  1
Dr
 50
0.04136052990116923
  7
PLAT
 72
1
 11
1636.0351403958707
 21
5355.022519729682
 31
0.0
100
AcDbText
 73
2
  0
TEXT
  5
228
330
17
100
AcDbEntity
  8
PLAT-TEXT-CURVE
100
AcDbText
 10
1727.036514857591
 20
5355.141372182805
 30
0.0
 40
24.28918186530997
  1
R=50'
 50
0.7750142543916922
  7
PLAT
 72
1
 11
1727.036514857591
 21
5355.141372182805
 31
0.0
100
AcDbText
 73
2
  0
TEXT
  5
229
330
17
100
AcDbEntity
  8
PLAT-TEXT-LOWCONF
100
AcDbText
 10
1969.5275968155308
 20
5350.4747378299435
 30
0.0
 40
28.188617966966206
  1
8999.69 , E
 50
0.09895462178883463
  7
PLAT
 72
1
 11
1969.5275968155308
 21
5350.4747378299435
 31
0.0
100
AcDbText
 73
2
  0
TEXT
  5
22A
330
17
100
AcDbEntity
  8
PLAT-TEXT-LOWCONF
100
AcDbText
 10
2227.5369997981816
 20
5352.894241939119
 30
0.0
 40
23.692146934211706
  1
16999 .6Y
 50
0.09895462178883463
  7
PLAT
 72
1
 11
2227.5369997981816
 21
5352.894241939119
 31
0.0
100
AcDbText
 73
2
  0
TEXT
  5
22B
330
17
100
AcDbEntity
  8
PLAT-TEXT-MISC
100
AcDbText
 10
480.69028782871055
 20
5312.57026864876
 30
0.0
 40
26.131926131374996
  1
wild
 50
3.3963601024725563
  7
PLAT
 72
1
 11
480.69028782871055
 21
5312.57026864876
 31
0.0
100
AcDbText
 73
2
  0
TEXT
  5
22C
330
17
100
AcDbEntity
  8
PLAT-TEXT-LOWCONF
100
AcDbText
 10
554.0288947598028
 20
5313.265195107922
 30
0.0
 40
26.0
  1
5
 50
359.98689797854706
  7
PLAT
 72
1
 11
554.0288947598028
 21
5313.265195107922
 31
0.0
100
AcDbText
 73
2
  0
TEXT
  5
22D
330
17
100
AcDbEntity
  8
PLAT-TEXT-MISC
100
AcDbText
 10
640.9715431552336
 20
5311.252147314016
 30
0.0
 40
29.97073891246767
  1
(Rule
 50
357.80483422493904
  7
PLAT
 72
1
 11
640.9715431552336
 21
5311.252147314016
 31
0.0
100
AcDbText
 73
2
  0
TEXT
  5
22E
330
17
100
AcDbEntity
  8
PLAT-TEXT-LOWCONF
100
AcDbText
 10
722.0288903673145
 20
5313.22677797487
 30
0.0
 40
26.0
  1
2
 50
359.98689797854706
  7
PLAT
 72
1
 11
722.0288903673145
 21
5313.22677797487
 31
0.0
100
AcDbText
 73
2
  0
TEXT
  5
22F
330
17
100
AcDbEntity
  8
PLAT-TEXT-MISC
100
AcDbText
 10
835.91759835225
 20
5309.107361090698
 30
0.0
 40
29.066435431672605
  1
Tangents
 50
358.8566425869111
  7
PLAT
 72
1
 11
835.91759835225
 21
5309.107361090698
 31
0.0
100
AcDbText
 73
2
  0
TEXT
  5
230
330
17
100
AcDbEntity
  8
PLAT-TEXT-LOWCONF
100
AcDbText
 10
953.52888431457
 20
5313.173840080217
 30
0.0
 40
26.0
  1
8
 50
359.98689797854706
  7
PLAT
 72
1
 11
953.52888431457
 21
5313.173840080217
 31
0.0
100
AcDbText
 73
2
  0
TEXT
  5
231
330
17
100
AcDbEntity
  8
PLAT-TEXT-LOWCONF
100
AcDbText
 10
1026.823423713046
 20
5312.059069821669
 30
0.0
 40
23.891091694673257
  1
0137
 50
357.97744139926874
  7
PLAT
 72
1
 11
1026.823423713046
 21
5312.059069821669
 31
0.0
100
AcDbText
 73
2
  0
TEXT
  5
232
330
17
100
AcDbEntity
  8
PLAT-TEXT-MISC
100
AcDbText
 10
1139.8299711436734
 20
5312.243937643236
 30
0.0
 40
31.889345448253785
  1
Fudg)
 50
356.04998242059787
  7
PLAT
 72
1
 11
1139.8299711436734
 21
5312.243937643236
 31
0.0
100
AcDbText
 73
2
  0
TEXT
  5
233
330
17
100
AcDbEntity
  8
PLAT-TEXT-MISC
100
AcDbText
 10
1289.013262461433
 20
5311.823326070097
 30
0.0
 40
26.418531333177206
  1
20/20
 50
0.4954428138916569
  7
PLAT
 72
1
 11
1289.013262461433
 21
5311.823326070097
 31
0.0
100
AcDbText
 73
2
  0
TEXT
  5
234
330
17
100
AcDbEntity
  8
PLAT-TEXT-MISC
100
AcDbText
 10
1425.5288719737687
 20
5313.065906230212
 30
0.0
 40
28.146857975939817
  1
ACCEPT
 50
2.8021334374162734
  7
PLAT
 72
1
 11
1425.5288719737687
 21
5313.065906230212
 31
0.0
100
AcDbText
 73
2
  0
TEXT
  5
235
330
17
100
AcDbEntity
  8
PLAT-TEXT-LOWCONF
100
AcDbText
 10
2195.5258790871867
 20
5299.889828043616
 30
0.0
 40
14.0
  1
4
 50
89.98689797854706
  7
PLAT
 72
1
 11
2195.5258790871867
 21
5299.889828043616
 31
0.0
100
AcDbText
 73
2
  0
TEXT
  5
236
330
17
100
AcDbEntity
  8
PLAT-TEXT-LOWCONF
100
AcDbText
 10
2352.5171466218044
 20
5283.392055492695
 30
0.0
 40
26.228444982692118
  1
Mangro
 50
0.09895462178883463
  7
PLAT
 72
1
 11
2352.5171466218044
 21
5283.392055492695
 31
0.0
100
AcDbText
 73
2
  0
TEXT
  5
237
330
17
100
AcDbEntity
  8
PLAT-TEXT-MISC
100
AcDbText
 10
2514.5130099562202
 20
5286.3139310598835
 30
0.0
 40
20.874220003513802
  1
Avenue
 50
0.09895462178883463
  7
PLAT
 72
1
 11
2514.5130099562202
 21
5286.3139310598835
 31
0.0
100
AcDbText
 73
2
  0
TEXT
  5
238
330
17
100
AcDbEntity
  8
PLAT-TEXT-LOWCONF
100
AcDbText
 10
2373.0059298661986
 20
5250.24752544058
 30
0.0
 40
38.78494811294969
  1
Re
 50
0.09895462178883463
  7
PLAT
 72
1
 11
2373.0059298661986
 21
5250.24752544058
 31
0.0
100
AcDbText
 73
2
  0
TEXT
  5
239
330
17
100
AcDbEntity
  8
PLAT-TEXT-LOWCONF
100
AcDbText
 10
1019.4407315744429
 20
5269.303001879867
 30
0.0
 40
31.01172584145973
  1
(100%
 50
0.8569472250506465
  7
PLAT
 72
1
 11
1019.4407315744429
 21
5269.303001879867
 31
0.0
100
AcDbText
 73
2
  0
TEXT
  5
23A
330
17
100
AcDbEntity
  8
PLAT-TEXT-MISC
100
AcDbText
 10
1192.0164809402595
 20
5268.672783536658
 30
0.0
 40
27.901014326366614
  1
UNANIMOUS )
 50
359.954473343485
  7
PLAT
 72
1
 11
1192.0164809402595
 21
5268.672783536658
 31
0.0
100
AcDbText
 73
2
  0
TEXT
  5
23B
330
17
100
AcDbEntity
  8
PLAT-TEXT-MISC
100
AcDbText
 10
698.0163918145122
 20
5267.068396872004
 30
0.0
 40
27.887433841983324
  1
Quorum:
 50
359.3076740619172
  7
PLAT
 72
1
 11
698.0163918145122
 21
5267.068396872004
 31
0.0
100
AcDbText
 73
2
  0
TEXT
  5
23C
330
17
100
AcDbEntity
  8
PLAT-TEXT-MISC
100
AcDbText
 10
870.0116393134999
 20
5268.851466588516
 30
0.0
 40
26.335035133692816
  1
100/100
 50
0.232432044752386
  7
PLAT
 72
1
 11
870.0116393134999
 21
5268.851466588516
 31
0.0
100
AcDbText
 73
2
  0
TEXT
  5
23D
330
17
100
AcDbEntity
  8
PLAT-TEXT-MISC
100
AcDbText
 10
522.5115184975916
 20
5266.765718906612
 30
0.0
 40
17.732134117990448
  1
Inanimous
 50
359.73050709965804
  7
PLAT
 72
1
 11
522.5115184975916
 21
5266.765718906612
 31
0.0
100
AcDbText
 73
2
  0
TEXT
  5
23E
330
17
100
AcDbEntity
  8
PLAT-TEXT-LOWCONF
100
AcDbText
 10
2561.508269995242
 20
5247.714204400645
 30
0.0
 40
25.203473887451658
  1
(,0%%dO8T
 50
0.09895462178883463
  7
PLAT
 72
1
 11
2561.508269995242
 21
5247.714204400645
 31
0.0
100
AcDbText
 73
2
  0
TEXT
  5
23F
330
17
100
AcDbEntity
  8
PLAT-TEXT-LOWCONF
100
AcDbText
 10
521.8354355384181
 20
5227.979871395324
 30
0.0
 40
27.14412109423159
  1
cadastral
 50
0.963253865001775
  7
PLAT
 72
1
 11
521.8354355384181
 21
5227.979871395324
 31
0.0
100
AcDbText
 73
2
  0
TEXT
  5
240
330
17
100
AcDbEntity
  8
PLAT-TEXT-MISC
100
AcDbText
 10
1465.0073355341933
 20
5224.582972335829
 30
0.0
 40
31.603483176271013
  1
Compliant)
 50
359.9362156199285
  7
PLAT
 72
1
 11
1465.0073355341933
 21
5224.582972335829
 31
0.0
100
AcDbText
 73
2
  0
TEXT
  5
241
330
17
100
AcDbEntity
  8
PLAT-TEXT-MISC
100
AcDbText
 10
729.9354931127173
 20
5225.095100380438
 30
0.0
 40
24.491378461008715
  1
Precision:
 50
358.3915730949844
  7
PLAT
 72
1
 11
729.9354931127173
 21
5225.095100380438
 31
0.0
100
AcDbText
 73
2
  0
TEXT
  5
242
330
17
100
AcDbEntity
  8
PLAT-TEXT-MISC
100
AcDbText
 10
901.4405792996426
 20
5227.711104919412
 30
0.0
 40
25.859087327800133
  1
1:10
 50
1.5465668383728826
  7
PLAT
 72
1
 11
901.4405792996426
 21
5227.711104919412
 31
0.0
100
AcDbText
 73
2
  0
TEXT
  5
243
330
17
100
AcDbEntity
  8
PLAT-TEXT-LOWCONF
100
AcDbText
 10
1005.9779840004758
 20
5227.460091129483
 30
0.0
 40
27.78639059416801
  1
+000
 50
358.9331456590624
  7
PLAT
 72
1
 11
1005.9779840004758
 21
5227.460091129483
 31
0.0
100
AcDbText
 73
2
  0
TEXT
  5
244
330
17
100
AcDbEntity
  8
PLAT-TEXT-LOWCONF
100
AcDbText
 10
1162.8605233455842
 20
5227.472859909021
 30
0.0
 40
25.151554098358698
  1
yy
 50
0.8106472049745435
  7
PLAT
 72
1
 11
1162.8605233455842
 21
5227.472859909021
 31
0.0
100
AcDbText
 73
2
  0
TEXT
  5
245
330
17
100
AcDbEntity
  8
PLAT-TEXT-MISC
100
AcDbText
 10
1289.0174962888977
 20
5227.674450479486
 30
0.0
 40
25.84074057688665
  1
5J-17
 50
1.0921773700607105
  7
PLAT
 72
1
 11
1289.0174962888977
 21
5227.674450479486
 31
0.0
100
AcDbText
 73
2
  0
TEXT
  5
246
330
17
100
AcDbEntity
  8
PLAT-TEXT-LOWCONF
100
AcDbText
 10
478.00284541346355
 20
5185.766973152362
 30
0.0
 40
24.31754437538875
  1
‘ule:
 50
359.94220345930694
  7
PLAT
 72
1
 11
478.00284541346355
 21
5185.766973152362
 31
0.0
100
AcDbText
 73
2
  0
TEXT
  5
247
330
17
100
AcDbEntity
  8
PLAT-TEXT-MISC
100
AcDbText
 10
627.9899985043721
 20
5182.280658490525
 30
0.0
 40
30.564887973954356
  1
Boundary
 50
359.94220345930694
  7
PLAT
 72
1
 11
627.9899985043721
 21
5182.280658490525
 31
0.0
100
AcDbText
 73
2
  0
TEXT
  5
248
330
17
100
AcDbEntity
  8
PLAT-TEXT-MISC
100
AcDbText
 10
795.0032456500521
 20
5185.7128148396205
 30
0.0
 40
24.378623577579962
  1
Closed
 50
359.94220345930694
  7
PLAT
 72
1
 11
795.0032456500521
 21
5185.7128148396205
 31
0.0
100
AcDbText
 73
2
  0
TEXT
  5
249
330
17
100
AcDbEntity
  8
PLAT-TEXT-MISC
100
AcDbText
 10
943.4938398315749
 20
5182.158193835195
 30
0.0
 40
30.588758006994606
  1
Figure
 50
359.94220345930694
  7
PLAT
 72
1
 11
943.4938398315749
 21
5182.158193835195
 31
0.0
100
AcDbText
 73
2
  0
TEXT
  5
24A
330
17
100
AcDbEntity
  8
PLAT-TEXT-MISC
100
AcDbText
 10
1152.5001109240256
 20
5185.625996813438
 30
0.0
 40
24.40811008898262
  1
Parallel
 50
359.94220345930694
  7
PLAT
 72
1
 11
1152.5001109240256
 21
5185.625996813438
 31
0.0
100
AcDbText
 73
2
  0
TEXT
  5
24B
330
17
100
AcDbEntity
  8
PLAT-TEXT-MISC
100
AcDbText
 10
1330.501248041318
 20
5185.557209388425
 30
0.0
 40
24.336499989861885
  1
Offsets
 50
359.94220345930694
  7
PLAT
 72
1
 11
1330.501248041318
 21
5185.557209388425
 31
0.0
100
AcDbText
 73
2
  0
TEXT
  5
24C
330
17
100
AcDbEntity
  8
PLAT-TEXT-MISC
100
AcDbText
 10
1509.4983910926203
 20
5181.528759976321
 30
0.0
 40
29.691566520002496
  1
Open
 50
359.94220345930694
  7
PLAT
 72
1
 11
1509.4983910926203
 21
5181.528759976321
 31
0.0
100
AcDbText
 73
2
  0
TEXT
  5
24D
330
17
100
AcDbEntity
  8
PLAT-TEXT-AREA
100
AcDbText
 10
1677.5024008055188
 20
5185.469667841027
 30
0.0
 40
24.363880321878632
  1
Cul-de-Sac
 50
359.94220345930694
  7
PLAT
 72
1
 11
1677.5024008055188
 21
5185.469667841027
 31
0.0
100
AcDbText
 73
2
  0
TEXT
  5
24E
330
17
100
AcDbEntity
  8
PLAT-TEXT-MISC
100
AcDbText
 10
5840.502435852511
 20
5177.059034134807
 30
0.0
 40
20.52802199433566
  1
Starfish Ave & Beachwood Blvd
 50
359.88274217351903
  7
PLAT
 72
1
 11
5840.502435852511
 21
5177.059034134807
 31
0.0
100
AcDbText
 73
2
  0
TEXT
  5
24F
330
17
100
AcDbEntity
  8
PLAT-TEXT-MISC
100
AcDbText
 10
3951.5028465707733
 20
5158.105167125396
 30
0.0
 40
22.53767564594028
  1
Starfish
 50
359.8151344970376
  7
PLAT
 72
1
 11
3951.5028465707733
 21
5158.105167125396
 31
0.0
100
AcDbText
 73
2
  0
TEXT
  5
250
330
17
100
AcDbEntity
  8
PLAT-TEXT-MISC
100
AcDbText
 10
4079.572629430536
 20
5156.829340277796
 30
0.0
 40
21.504584591661896
  1
Avenue
 50
359.13968557224115
  7
PLAT
 72
1
 11
4079.572629430536
 21
5156.829340277796
 31
0.0
100
AcDbText
 73
2
  0
TEXT
  5
251
330
17
100
AcDbEntity
  8
PLAT-TEXT-LOWCONF
100
AcDbText
 10
5585.987144633507
 20
5130.114515262161
 30
0.0
 40
38.78494811294969
  1
Q
 50
359.98689797854706
  7
PLAT
 72
1
 11
5585.987144633507
 21
5130.114515262161
 31
0.0
100
AcDbText
 73
2
  0
TEXT
  5
252
330
17
100
AcDbEntity
  8
PLAT-TEXT-LOWCONF
100
AcDbText
 10
5321.988180566339
 20
5134.674884925016
 30
0.0
 40
9.9
  1
=a
 50
359.98689797854706
  7
PLAT
 72
1
 11
5321.988180566339
 21
5134.674884925016
 31
0.0
100
AcDbText
 73
2
  0
TEXT
  5
253
330
17
100
AcDbEntity
  8
PLAT-TEXT-LOWCONF
100
AcDbText
 10
5273.487724487586
 20
5132.6859756377435
 30
0.0
 40
9.9
  1
wa
 50
359.98689797854706
  7
PLAT
 72
1
 11
5273.487724487586
 21
5132.6859756377435
 31
0.0
100
AcDbText
 73
2
  0
TEXT
  5
254
330
17
100
AcDbEntity
  8
PLAT-TEXT-LOWCONF
100
AcDbText
 10
5176.486812330082
 20
5128.708157063196
 30
0.0
 40
9.9
  1
wa
 50
359.98689797854706
  7
PLAT
 72
1
 11
5176.486812330082
 21
5128.708157063196
 31
0.0
100
AcDbText
 73
2
  0
TEXT
  5
255
330
17
100
AcDbEntity
  8
PLAT-TEXT-MISC
100
AcDbText
 10
2226.491938507111
 20
5083.400673064671
 30
0.0
 40
22.503212107079598
  1
Starfish Aven!
 50
359.39944345568097
  7
PLAT
 72
1
 11
2226.491938507111
 21
5083.400673064671
 31
0.0
100
AcDbText
 73
2
  0
TEXT
  5
256
330
17
100
AcDbEntity
  8
PLAT-TEXT-LOWCONF
100
AcDbText
 10
4189.46583761253
 20
5087.7033431668615
 30
0.0
 40
9.455893137989356
  1
Wm t
 50
2.4458073667269673
  7
PLAT
 72
1
 11
4189.46583761253
 21
5087.7033431668615
 31
0.0
100
AcDbText
 73
2
  0
TEXT
  5
257
330
17
100
AcDbEntity
  8
PLAT-TEXT-LOWCONF
100
AcDbText
 10
2354.4102639459024
 20
5060.013136683423
 30
0.0
 40
23.293581425924774
  1
‘Ss
 50
310.64217904233504
  7
PLAT
 72
1
 11
2354.4102639459024
 21
5060.013136683423
 31
0.0
100
AcDbText
 73
2
  0
TEXT
  5
258
330
17
100
AcDbEntity
  8
PLAT-TEXT-LOWCONF
100
AcDbText
 10
3920.78325807881
 20
5076.45645674747
 30
0.0
 40
9.472342838700166
  1
_) im: _
 50
2.4458073667269673
  7
PLAT
 72
1
 11
3920.78325807881
 21
5076.45645674747
 31
0.0
100
AcDbText
 73
2
  0
TEXT
  5
259
330
17
100
AcDbEntity
  8
PLAT-TEXT-LOWCONF
100
AcDbText
 10
2434.4615012731447
 20
5018.335182458413
 30
0.0
 40
38.78494811294969
  1
‘ed Ong
 50
89.98689797854706
  7
PLAT
 72
1
 11
2434.4615012731447
 21
5018.335182458413
 31
0.0
100
AcDbText
 73
2
  0
TEXT
  5
25A
330
17
100
AcDbEntity
  8
PLAT-TEXT-LOWCONF
100
AcDbText
 10
2093.2442228131986
 20
5015.425139257609
 30
0.0
 40
16.981354164733553
  1
ee
 50
92.39734182852612
  7
PLAT
 72
1
 11
2093.2442228131986
 21
5015.425139257609
 31
0.0
100
AcDbText
 73
2
  0
TEXT
  5
25B
330
17
100
AcDbEntity
  8
PLAT-TEXT-LOWCONF
100
AcDbText
 10
2192.505968714292
 20
5045.906994770279
 30
0.0
 40
22.306809431037745
  1
"F,0€,S€ 0/8
 50
359.7140980211974
  7
PLAT
 72
1
 11
2192.505968714292
 21
5045.906994770279
 31
0.0
100
AcDbText
 73
2
  0
TEXT
  5
25C
330
17
100
AcDbEntity
  8
PLAT-TEXT-LOWCONF
100
AcDbText
 10
2333.3551897495295
 20
5045.900174899662
 30
0.0
 40
23.511139340075694
  1
WT
 50
6.1558508624744945
  7
PLAT
 72
1
 11
2333.3551897495295
 21
5045.900174899662
 31
0.0
100
AcDbText
 73
2
  0
TEXT
  5
25D
330
17
100
AcDbEntity
  8
PLAT-TEXT-LOWCONF
100
AcDbText
 10
2392.9677908769972
 20
5045.844671685962
 30
0.0
 40
21.6
  1
a
 50
89.98689797854706
  7
PLAT
 72
1
 11
2392.9677908769972
 21
5045.844671685962
 31
0.0
100
AcDbText
 73
2
  0
TEXT
  5
25E
330
17
100
AcDbEntity
  8
PLAT-TEXT-LOWCONF
100
AcDbText
 10
2430.9679042201633
 20
5046.33598208327
 30
0.0
 40
25.0
  1
~ > 1
 50
89.98689797854706
  7
PLAT
 72
1
 11
2430.9679042201633
 21
5046.33598208327
 31
0.0
100
AcDbText
 73
2
  0
TEXT
  5
25F
330
17
100
AcDbEntity
  8
PLAT-TEXT-LOWCONF
100
AcDbText
 10
2603.8890890392036
 20
5041.324050570907
 30
0.0
 40
33.013072475050315
  1
Starfish Ave S Zam
 50
357.7317284262757
  7
PLAT
 72
1
 11
2603.8890890392036
 21
5041.324050570907
 31
0.0
100
AcDbText
 73
2
  0
TEXT
  5
260
330
17
100
AcDbEntity
  8
PLAT-TEXT-LOWCONF
100
AcDbText
 10
2866.3741364557836
 20
5041.948555467524
 30
0.0
 40
26.732153474909598
  1
ORF
 50
2.4622536092813334
  7
PLAT
 72
1
 11
2866.3741364557836
 21
5041.948555467524
 31
0.0
100
AcDbText
 73
2
  0
TEXT
  5
261
330
17
100
AcDbEntity
  8
PLAT-TEXT-LOWCONF
100
AcDbText
 10
2749.465609158627
 20
5036.263149863315
 30
0.0
 40
26.1
  1
A
 50
89.98689797854706
  7
PLAT
 72
1
 11
2749.465609158627
 21
5036.263149863315
 31
0.0
100
AcDbText
 73
2
  0
TEXT
  5
262
330
17
100
AcDbEntity
  8
PLAT-TEXT-LOWCONF
100
AcDbText
 10
2791.4343042033142
 20
5038.01852818756
 30
0.0
 40
27.36322476981318
  1
pus
 50
354.1874065429163
  7
PLAT
 72
1
 11
2791.4343042033142
 21
5038.01852818756
 31
0.0
100
AcDbText
 73
2
  0
TEXT
  5
263
330
17
100
AcDbEntity
  8
PLAT-TEXT-LOWCONF
100
AcDbText
 10
2454.9650451750276
 20
5033.830494248227
 30
0.0
 40
10.0
  1
7
 50
89.98689797854706
  7
PLAT
 72
1
 11
2454.9650451750276
 21
5033.830494248227
 31
0.0
100
AcDbText
 73
2
  0
TEXT
  5
264
330
17
100
AcDbEntity
  8
PLAT-TEXT-LOWCONF
100
AcDbText
 10
124.15812116335383
 20
5015.612376055131
 30
0.0
 40
32.25707522210044
  1
JT
 50
19.6299327513629
  7
PLAT
 72
1
 11
124.15812116335383
 21
5015.612376055131
 31
0.0
100
AcDbText
 73
2
  0
TEXT
  5
265
330
17
100
AcDbEntity
  8
PLAT-TEXT-LOWCONF
100
AcDbText
 10
2259.4397466950177
 20
5014.878071535863
 30
0.0
 40
26.509491698903307
  1
TAT AR
 50
0.32972403321008414
  7
PLAT
 72
1
 11
2259.4397466950177
 21
5014.878071535863
 31
0.0
100
AcDbText
 73
2
  0
TEXT
  5
266
330
17
100
AcDbEntity
  8
PLAT-TEXT-LOWCONF
100
AcDbText
 10
2144.678138994006
 20
5013.733305237896
 30
0.0
 40
31.624403190659145
  1
Retires
 50
4.200407371051256
  7
PLAT
 72
1
 11
2144.678138994006
 21
5013.733305237896
 31
0.0
100
AcDbText
 73
2
  0
TEXT
  5
267
330
17
100
AcDbEntity
  8
PLAT-TEXT-MISC
100
AcDbText
 10
2253.4595250340594
 20
4983.719147999468
 30
0.0
 40
19.876363084691594
  1
tarfish Ave & West Bot
 50
359.9084696929572
  7
PLAT
 72
1
 11
2253.4595250340594
 21
4983.719147999468
 31
0.0
100
AcDbText
 73
2
  0
TEXT
  5
268
330
17
100
AcDbEntity
  8
PLAT-TEXT-MISC
100
AcDbText
 10
2570.945034419651
 20
4981.028765783711
 30
0.0
 40
25.11312846187128
  1
wry (Course 1)
 50
0.19136372842655192
  7
PLAT
 72
1
 11
2570.945034419651
 21
4981.028765783711
 31
0.0
100
AcDbText
 73
2
  0
TEXT
  5
269
330
17
100
AcDbEntity
  8
PLAT-TEXT-MISC
100
AcDbText
 10
5899.936370926489
 20
4908.042717615458
 30
0.0
 40
23.400000000000002
  1
‘Beachwood Boulevard Curve
 50
359.98689797854706
  7
PLAT
 72
1
 11
5899.936370926489
 21
4908.042717615458
 31
0.0
100
AcDbText
 73
2
  0
TEXT
  5
26A
330
17
100
AcDbEntity
  8
PLAT-TEXT-LOWCONF
100
AcDbText
 10
5618.831361062118
 20
4863.524731825977
 30
0.0
 40
10.344547420696243
  1
a
 50
342.992546388538
  7
PLAT
 72
1
 11
5618.831361062118
 21
4863.524731825977
 31
0.0
100
AcDbText
 73
2
  0
TEXT
  5
26B
330
17
100
AcDbEntity
  8
PLAT-TEXT-LOWCONF
100
AcDbText
 10
5638.416368840142
 20
4820.602518000196
 30
0.0
 40
38.78494811294969
  1
Om x
 50
89.98689797854706
  7
PLAT
 72
1
 11
5638.416368840142
 21
4820.602518000196
 31
0.0
100
AcDbText
 73
2
  0
TEXT
  5
26C
330
17
100
AcDbEntity
  8
PLAT-TEXT-LOWCONF
100
AcDbText
 10
5856.4176378400525
 20
4826.052819674558
 30
0.0
 40
26.999542118434775
  1
wa
 50
359.9859263316518
  7
PLAT
 72
1
 11
5856.4176378400525
 21
4826.052819674558
 31
0.0
100
AcDbText
 73
2
  0
TEXT
  5
26D
330
17
100
AcDbEntity
  8
PLAT-TEXT-LOWCONF
100
AcDbText
 10
5605.633115630554
 20
4731.098869380867
 30
0.0
 40
7.998262735580386
  1
—3 2 ® BeBeBBuzESB EB
 50
92.41496828281504
  7
PLAT
 72
1
 11
5605.633115630554
 21
4731.098869380867
 31
0.0
100
AcDbText
 73
2
  0
TEXT
  5
26E
330
17
100
AcDbEntity
  8
PLAT-TEXT-LOWCONF
100
AcDbText
 10
2453.367026856258
 20
4803.920047913262
 30
0.0
 40
32.63671594214698
  1
Mangrovp Avenue
 50
359.6355583987564
  7
PLAT
 72
1
 11
2453.367026856258
 21
4803.920047913262
 31
0.0
100
AcDbText
 73
2
  0
TEXT
  5
26F
330
17
100
AcDbEntity
  8
PLAT-TEXT-MISC
100
AcDbText
 10
6081.409268381826
 20
4789.501216489631
 30
0.0
 40
22.5
  1
cted P.
 50
359.98689797854706
  7
PLAT
 72
1
 11
6081.409268381826
 21
4789.501216489631
 31
0.0
100
AcDbText
 73
2
  0
TEXT
  5
270
330
17
100
AcDbEntity
  8
PLAT-TEXT-LOWCONF
100
AcDbText
 10
6189.466225872674
 20
4790.368388384851
 30
0.0
 40
31.269579031634233
  1
& 4
 50
299.7957339075252
  7
PLAT
 72
1
 11
6189.466225872674
 21
4790.368388384851
 31
0.0
100
AcDbText
 73
2
  0
TEXT
  5
271
330
17
100
AcDbEntity
  8
PLAT-TEXT-UNASSOC
100
AcDbText
 10
6304.402094503003
 20
4787.267453927277
 30
0.0
 40
26.107666112308227
  1
:130.34')
 50
0.15179277443166939
  7
PLAT
 72
1
 11
6304.402094503003
 21
4787.267453927277
 31
0.0
100
AcDbText
 73
2
  0
TEXT
  5
272
330
17
100
AcDbEntity
  8
PLAT-TEXT-LOWCONF
100
AcDbText
 10
5845.932298140404
 20
4781.387257162461
 30
0.0
 40
21.447283549160108
  1
jeacnwoou Biva Pivjccl
 50
0.21812479547276098
  7
PLAT
 72
1
 11
5845.932298140404
 21
4781.387257162461
 31
0.0
100
AcDbText
 73
2
  0
TEXT
  5
273
330
17
100
AcDbEntity
  8
PLAT-TEXT-LOWCONF
100
AcDbText
 10
6141.814442396122
 20
4784.889973003916
 30
0.0
 40
16.322362081959376
  1
“1,
 50
1.0826799677897725
  7
PLAT
 72
1
 11
6141.814442396122
 21
4784.889973003916
 31
0.0
100
AcDbText
 73
2
  0
TEXT
  5
274
330
17
100
AcDbEntity
  8
PLAT-TEXT-LOWCONF
100
AcDbText
 10
6218.908519603042
 20
4786.969773940448
 30
0.0
 40
18.00312197437792
  1
W
 50
90.00677963912176
  7
PLAT
 72
1
 11
6218.908519603042
 21
4786.969773940448
 31
0.0
100
AcDbText
 73
2
  0
TEXT
  5
275
330
17
100
AcDbEntity
  8
PLAT-TEXT-LOWCONF
100
AcDbText
 10
2354.8859682020725
 20
4771.384175524587
 30
0.0
 40
25.212866592689394
  1
(S02%%d24'31
 50
0.4183930786113592
  7
PLAT
 72
1
 11
2354.8859682020725
 21
4771.384175524587
 31
0.0
100
AcDbText
 73
2
  0
TEXT
  5
276
330
17
100
AcDbEntity
  8
PLAT-TEXT-LOWCONF
100
AcDbText
 10
2475.888180913971
 20
4773.26525740453
 30
0.0
 40
24.05347810080925
  1
3,
 50
20.715427241301825
  7
PLAT
 72
1
 11
2475.888180913971
 21
4773.26525740453
 31
0.0
100
AcDbText
 73
2
  0
TEXT
  5
277
330
17
100
AcDbEntity
  8
PLAT-TEXT-UNASSOC
100
AcDbText
 10
2573.888658817047
 20
4770.444714074241
 30
0.0
 40
25.212891333505166
  1
260.0')
 50
0.41926985893167057
  7
PLAT
 72
1
 11
2573.888658817047
 21
4770.444714074241
 31
0.0
100
AcDbText
 73
2
  0
TEXT
  5
278
330
17
100
AcDbEntity
  8
PLAT-TEXT-LOWCONF
100
AcDbText
 10
5609.870977913208
 20
4622.1090403823455
 30
0.0
 40
7.2
  1
a
 50
359.98689797854706
  7
PLAT
 72
1
 11
5609.870977913208
 21
4622.1090403823455
 31
0.0
100
AcDbText
 73
2
  0
TEXT
  5
279
330
17
100
AcDbEntity
  8
PLAT-TEXT-MISC
100
AcDbText
 10
5853.869150875964
 20
4614.046860083799
 30
0.0
 40
20.295549560103343
  1
il! Ave & Beachwood Blvd
 50
0.07834496616129627
  7
PLAT
 72
1
 11
5853.869150875964
 21
4614.046860083799
 31
0.0
100
AcDbText
 73
2
  0
TEXT
  5
27A
330
17
100
AcDbEntity
  8
PLAT-TEXT-MISC
100
AcDbText
 10
4038.3398398434133
 20
4594.444652252403
 30
0.0
 40
22.32870973173053
  1
Sail Avenue
 50
359.05555301380804
  7
PLAT
 72
1
 11
4038.3398398434133
 21
4594.444652252403
 31
0.0
100
AcDbText
 73
2
  0
TEXT
  5
27B
330
17
100
AcDbEntity
  8
PLAT-TEXT-LOWCONF
100
AcDbText
 10
5432.854477910381
 20
4575.78866465543
 30
0.0
 40
10.500541028643365
  1
1]
 50
2.4161510362541776
  7
PLAT
 72
1
 11
5432.854477910381
 21
4575.78866465543
 31
0.0
100
AcDbText
 73
2
  0
TEXT
  5
27C
330
17
100
AcDbEntity
  8
PLAT-TEXT-LOWCONF
100
AcDbText
 10
4882.6653511119475
 20
4552.754464147736
 30
0.0
 40
9.493834048931049
  1
rs |
 50
2.412652443711295
  7
PLAT
 72
1
 11
4882.6653511119475
 21
4552.754464147736
 31
0.0
100
AcDbText
 73
2
  0
TEXT
  5
27D
330
17
100
AcDbEntity
  8
PLAT-TEXT-LOWCONF
100
AcDbText
 10
4568.852139574538
 20
4539.84709156025
 30
0.0
 40
9.9
  1
naa
 50
359.98689797854706
  7
PLAT
 72
1
 11
4568.852139574538
 21
4539.84709156025
 31
0.0
100
AcDbText
 73
2
  0
TEXT
  5
27E
330
17
100
AcDbEntity
  8
PLAT-TEXT-LOWCONF
100
AcDbText
 10
4520.351683495786
 20
4537.858182272977
 30
0.0
 40
9.9
  1
a=
 50
359.98689797854706
  7
PLAT
 72
1
 11
4520.351683495786
 21
4537.858182272977
 31
0.0
100
AcDbText
 73
2
  0
TEXT
  5
27F
330
17
100
AcDbEntity
  8
PLAT-TEXT-LOWCONF
100
AcDbText
 10
4423.350771338281
 20
4533.880363698429
 30
0.0
 40
9.9
  1
=a
 50
359.98689797854706
  7
PLAT
 72
1
 11
4423.350771338281
 21
4533.880363698429
 31
0.0
100
AcDbText
 73
2
  0
TEXT
  5
280
330
17
100
AcDbEntity
  8
PLAT-TEXT-MISC
100
AcDbText
 10
2270.300124524584
 20
4519.894733727863
 30
0.0
 40
22.27046873422571
  1
Sail Avenue
 50
359.0751529004208
  7
PLAT
 72
1
 11
2270.300124524584
 21
4519.894733727863
 31
0.0
100
AcDbText
 73
2
  0
TEXT
  5
281
330
17
100
AcDbEntity
  8
PLAT-TEXT-LOWCONF
100
AcDbText
 10
4267.843273875397
 20
4527.056218982479
 30
0.0
 40
10.498974691212236
  1
] 7
 50
2.408420027602233
  7
PLAT
 72
1
 11
4267.843273875397
 21
4527.056218982479
 31
0.0
100
AcDbText
 73
2
  0
TEXT
  5
282
330
17
100
AcDbEntity
  8
PLAT-TEXT-LOWCONF
100
AcDbText
 10
3693.654627945063
 20
4503.018085242898
 30
0.0
 40
9.466995146799672
  1
ns |
 50
2.408420027602233
  7
PLAT
 72
1
 11
3693.654627945063
 21
4503.018085242898
 31
0.0
100
AcDbText
 73
2
  0
TEXT
  5
283
330
17
100
AcDbEntity
  8
PLAT-TEXT-LOWCONF
100
AcDbText
 10
2439.136136353376
 20
4482.536864059082
 30
0.0
 40
12.816797338161743
  1
SS
 50
290.02827570822
  7
PLAT
 72
1
 11
2439.136136353376
 21
4482.536864059082
 31
0.0
100
AcDbText
 73
2
  0
TEXT
  5
284
330
17
100
AcDbEntity
  8
PLAT-TEXT-LOWCONF
100
AcDbText
 10
2116.017241566852
 20
4469.999599667379
 30
0.0
 40
16.330362234295883
  1
Be
 50
92.39201208114446
  7
PLAT
 72
1
 11
2116.017241566852
 21
4469.999599667379
 31
0.0
100
AcDbText
 73
2
  0
TEXT
  5
285
330
17
100
AcDbEntity
  8
PLAT-TEXT-MISC
100
AcDbText
 10
2216.357159970811
 20
4483.387398262091
 30
0.0
 40
21.06687856648641
  1
187%%d35'30"E
 50
359.8494870233735
  7
PLAT
 72
1
 11
2216.357159970811
 21
4483.387398262091
 31
0.0
100
AcDbText
 73
2
  0
TEXT
  5
286
330
17
100
AcDbEntity
  8
PLAT-TEXT-UNASSOC
100
AcDbText
 10
2370.832874330068
 20
4483.267720746804
 30
0.0
 40
21.160524812538842
  1
- 180.0
 50
0.37819856983156797
  7
PLAT
 72
1
 11
2370.832874330068
 21
4483.267720746804
 31
0.0
100
AcDbText
 73
2
  0
TEXT
  5
287
330
17
100
AcDbEntity
  8
PLAT-TEXT-MISC
100
AcDbText
 10
2598.6502441322464
 20
4477.634471606206
 30
0.0
 40
34.56788583942657
  1
sail Ave SNM
 50
356.5924617836817
  7
PLAT
 72
1
 11
2598.6502441322464
 21
4477.634471606206
 31
0.0
100
AcDbText
 73
2
  0
TEXT
  5
288
330
17
100
AcDbEntity
  8
PLAT-TEXT-LOWCONF
100
AcDbText
 10
3355.3405089584617
 20
4489.124588077966
 30
0.0
 40
9.9
  1
aa
 50
359.98689797854706
  7
PLAT
 72
1
 11
3355.3405089584617
 21
4489.124588077966
 31
0.0
100
AcDbText
 73
2
  0
TEXT
  5
289
330
17
100
AcDbEntity
  8
PLAT-TEXT-LOWCONF
100
AcDbText
 10
2778.1766569727124
 20
4475.497896081756
 30
0.0
 40
28.78504638808547
  1
: ony SAGTOL
 50
2.4467120391632875
  7
PLAT
 72
1
 11
2778.1766569727124
 21
4475.497896081756
 31
0.0
100
AcDbText
 73
2
  0
TEXT
  5
28A
330
17
100
AcDbEntity
  8
PLAT-TEXT-LOWCONF
100
AcDbText
 10
3306.840052879709
 20
4487.1356787906925
 30
0.0
 40
9.9
  1
wa
 50
359.98689797854706
  7
PLAT
 72
1
 11
3306.840052879709
 21
4487.1356787906925
 31
0.0
100
AcDbText
 73
2
  0
TEXT
  5
28B
330
17
100
AcDbEntity
  8
PLAT-TEXT-LOWCONF
100
AcDbText
 10
3258.3395968009568
 20
4485.146769503419
 30
0.0
 40
9.9
  1
=a
 50
359.98689797854706
  7
PLAT
 72
1
 11
3258.3395968009568
 21
4485.146769503419
 31
0.0
100
AcDbText
 73
2
  0
TEXT
  5
28C
330
17
100
AcDbEntity
  8
PLAT-TEXT-LOWCONF
100
AcDbText
 10
3209.8391407222043
 20
4483.157860216145
 30
0.0
 40
9.9
  1
wa
 50
359.98689797854706
  7
PLAT
 72
1
 11
3209.8391407222043
 21
4483.157860216145
 31
0.0
100
AcDbText
 73
2
  0
TEXT
  5
28D
330
17
100
AcDbEntity
  8
PLAT-TEXT-LOWCONF
100
AcDbText
 10
3102.8322484754754
 20
4478.316936188471
 30
0.0
 40
10.50673113286549
  1
] 7
 50
2.4467120391632875
  7
PLAT
 72
1
 11
3102.8322484754754
 21
4478.316936188471
 31
0.0
100
AcDbText
 73
2
  0
TEXT
  5
28E
330
17
100
AcDbEntity
  8
PLAT-TEXT-LOWCONF
100
AcDbText
 10
2456.829784800113
 20
4442.330052366626
 30
0.0
 40
38.78494811294969
  1
ad
 50
359.98689797854706
  7
PLAT
 72
1
 11
2456.829784800113
 21
4442.330052366626
 31
0.0
100
AcDbText
 73
2
  0
TEXT
  5
28F
330
17
100
AcDbEntity
  8
PLAT-TEXT-LOWCONF
100
AcDbText
 10
2168.190627044126
 20
4450.772683736439
 30
0.0
 40
31.716904137278902
  1
WAT
 50
4.2861850747800645
  7
PLAT
 72
1
 11
2168.190627044126
 21
4450.772683736439
 31
0.0
100
AcDbText
 73
2
  0
TEXT
  5
290
330
17
100
AcDbEntity
  8
PLAT-TEXT-LOWCONF
100
AcDbText
 10
2283.315986974312
 20
4451.874216447381
 30
0.0
 40
26.622275059169596
  1
TAK
 50
0.24808857730118916
  7
PLAT
 72
1
 11
2283.315986974312
 21
4451.874216447381
 31
0.0
100
AcDbText
 73
2
  0
TEXT
  5
291
330
17
100
AcDbEntity
  8
PLAT-TEXT-MISC
100
AcDbText
 10
2284.8259447020796
 20
4420.859290020055
 30
0.0
 40
19.99530843301448
  1
San Ave & West Boundary
 50
359.9455888927813
  7
PLAT
 72
1
 11
2284.8259447020796
 21
4420.859290020055
 31
0.0
100
AcDbText
 73
2
  0
TEXT
  5
292
330
17
100
AcDbEntity
  8
PLAT-TEXT-MISC
100
AcDbText
 10
2555.3230542064193
 20
4418.8088908432255
 30
0.0
 40
23.734848876039646
  1
"(Course 1)
 50
359.8312596395248
  7
PLAT
 72
1
 11
2555.3230542064193
 21
4418.8088908432255
 31
0.0
100
AcDbText
 73
2
  0
TEXT
  5
293
330
17
100
AcDbEntity
  8
PLAT-TEXT-LOTNO
100
AcDbText
 10
2467.316978814565
 20
4386.327652759973
 30
0.0
 40
35.0
  1
1
 50
359.98689797854706
  7
PLAT
 72
1
 11
2467.316978814565
 21
4386.327652759973
 31
0.0
100
AcDbText
 73
2
  0
TEXT
  5
294
330
17
100
AcDbEntity
  8
PLAT-TEXT-MISC
100
AcDbText
 10
5667.800139728243
 20
4313.094133276012
 30
0.0
 40
38.78494811294969
  1
Beachwood Eoulev.4rd South Projection
 50
359.9877394194167
  7
PLAT
 72
1
 11
5667.800139728243
 21
4313.094133276012
 31
0.0
100
AcDbText
 73
2
  0
TEXT
  5
295
330
17
100
AcDbEntity
  8
PLAT-TEXT-LOWCONF
100
AcDbText
 10
5550.726939239816
 20
4264.91146479965
 30
0.0
 40
26.140775531410128
  1
[RED A!
 50
0.2776217952369393
  7
PLAT
 72
1
 11
5550.726939239816
 21
4264.91146479965
 31
0.0
100
AcDbText
 73
2
  0
TEXT
  5
296
330
17
100
AcDbEntity
  8
PLAT-TEXT-LOWCONF
100
AcDbText
 10
5731.272318830796
 20
4260.219452014788
 30
0.0
 40
35.34490616911552
  1
‘Ss JMPTION]
 50
359.6009951943463
  7
PLAT
 72
1
 11
5731.272318830796
 21
4260.219452014788
 31
0.0
100
AcDbText
 73
2
  0
TEXT
  5
297
330
17
100
AcDbEntity
  8
PLAT-TEXT-LOWCONF
100
AcDbText
 10
2477.227474244381
 20
4240.907945017305
 30
0.0
 40
32.618994245528064
  1
Mangrovp Avenue
 50
359.66192267788347
  7
PLAT
 72
1
 11
2477.227474244381
 21
4240.907945017305
 31
0.0
100
AcDbText
 73
2
  0
TEXT
  5
298
330
17
100
AcDbEntity
  8
PLAT-TEXT-LOWCONF
100
AcDbText
 10
2378.290711855322
 20
4208.359869880494
 30
0.0
 40
25.205892727862366
  1
1€,0Z0Z0S)
 50
0.40280038977277854
  7
PLAT
 72
1
 11
2378.290711855322
 21
4208.359869880494
 31
0.0
100
AcDbText
 73
2
  0
TEXT
  5
299
330
17
100
AcDbEntity
  8
PLAT-TEXT-UNASSOC
100
AcDbText
 10
2586.783214752303
 20
4207.198755305474
 30
0.0
 40
25.374650350447943
  1
- 260.0')
 50
0.6721232998934283
  7
PLAT
 72
1
 11
2586.783214752303
 21
4207.198755305474
 31
0.0
100
AcDbText
 73
2
  0
TEXT
  5
29A
330
17
100
AcDbEntity
  8
PLAT-TEXT-LOWCONF
100
AcDbText
 10
2469.773873811222
 20
4197.8270860049215
 30
0.0
 40
38.78494811294969
  1
om
 50
89.98689797854706
  7
PLAT
 72
1
 11
2469.773873811222
 21
4197.8270860049215
 31
0.0
100
AcDbText
 73
2
  0
TEXT
  5
29B
330
17
100
AcDbEntity
  8
PLAT-TEXT-LOWCONF
100
AcDbText
 10
2497.7788188506192
 20
4212.8206820824535
 30
0.0
 40
23.809156811365497
  1
we
 50
314.97449204692464
  7
PLAT
 72
1
 11
2497.7788188506192
 21
4212.8206820824535
 31
0.0
100
AcDbText
 73
2
  0
TEXT
  5
29C
330
17
100
AcDbEntity
  8
PLAT-TEXT-LOWCONF
100
AcDbText
 10
5018.754712935846
 20
4113.744199663383
 30
0.0
 40
9.9
  1
A
 50
359.98689797854706
  7
PLAT
 72
1
 11
5018.754712935846
 21
4113.744199663383
 31
0.0
100
AcDbText
 73
2
  0
TEXT
  5
29D
330
17
100
AcDbEntity
  8
PLAT-TEXT-LOWCONF
100
AcDbText
 10
4997.249797019644
 20
4092.249116703855
 30
0.0
 40
20.0
  1
4
 50
359.98689797854706
  7
PLAT
 72
1
 11
4997.249797019644
 21
4092.249116703855
 31
0.0
100
AcDbText
 73
2
  0
TEXT
  5
29E
330
17
100
AcDbEntity
  8
PLAT-TEXT-LOWCONF
100
AcDbText
 10
5040.250138905492
 20
4093.739283707962
 30
0.0
 40
15.3
  1
A,
 50
89.98689797854706
  7
PLAT
 72
1
 11
5040.250138905492
 21
4093.739283707962
 31
0.0
100
AcDbText
 73
2
  0
TEXT
  5
29F
330
17
100
AcDbEntity
  8
PLAT-TEXT-LOWCONF
100
AcDbText
 10
5564.753517376579
 20
4037.5229816650763
 30
0.0
 40
27.263830007937514
  1
a
 50
90.56903563515931
  7
PLAT
 72
1
 11
5564.753517376579
 21
4037.5229816650763
 31
0.0
100
AcDbText
 73
2
  0
TEXT
  5
2A0
330
17
100
AcDbEntity
  8
PLAT-TEXT-LOWCONF
100
AcDbText
 10
5024.756741214749
 20
4075.0884704465057
 30
0.0
 40
12.655859543584663
  1
A
 50
22.44920168228606
  7
PLAT
 72
1
 11
5024.756741214749
 21
4075.0884704465057
 31
0.0
100
AcDbText
 73
2
  0
TEXT
  5
2A1
330
17
100
AcDbEntity
  8
PLAT-TEXT-LOWCONF
100
AcDbText
 10
5137.260485594723
 20
4055.4627463113356
 30
0.0
 40
32.495404612372774
  1
“ESSSUMED
 50
0.17704487209215358
  7
PLAT
 72
1
 11
5137.260485594723
 21
4055.4627463113356
 31
0.0
100
AcDbText
 73
2
  0
TEXT
  5
2A2
330
17
100
AcDbEntity
  8
PLAT-TEXT-LOWCONF
100
AcDbText
 10
6091.505994759532
 20
4038.84697072701
 30
0.0
 40
15.704476283898215
  1
Senne
 50
35.07831104148295
  7
PLAT
 72
1
 11
6091.505994759532
 21
4038.84697072701
 31
0.0
100
AcDbText
 73
2
  0
TEXT
  5
2A3
330
17
100
AcDbEntity
  8
PLAT-TEXT-MISC
100
AcDbText
 10
5277.9110153003
 20
4055.063580058739
 30
0.0
 40
25.65079452450865
  1
PAA
 50
355.90580738134844
  7
PLAT
 72
1
 11
5277.9110153003
 21
4055.063580058739
 31
0.0
100
AcDbText
 73
2
  0
TEXT
  5
2A4
330
17
100
AcDbEntity
  8
PLAT-TEXT-LOWCONF
100
AcDbText
 10
5690.241660994538
 20
4056.5906469581873
 30
0.0
 40
11.700000000000001
  1
Q
 50
359.98689797854706
  7
PLAT
 72
1
 11
5690.241660994538
 21
4056.5906469581873
 31
0.0
100
AcDbText
 73
2
  0
TEXT
  5
2A5
330
17
100
AcDbEntity
  8
PLAT-TEXT-LOWCONF
100
AcDbText
 10
5093.735502408388
 20
4029.727051353801
 30
0.0
 40
9.9
  1
we ad .
 50
359.98689797854706
  7
PLAT
 72
1
 11
5093.735502408388
 21
4029.727051353801
 31
0.0
100
AcDbText
 73
2
  0
TEXT
  5
2A6
330
17
100
AcDbEntity
  8
PLAT-TEXT-LOWCONF
100
AcDbText
 10
5298.209788594329
 20
4015.1188560283827
 30
0.0
 40
27.685058515415268
  1
Rseymed Sands Ave Curve P:
 50
0.17169099974086066
  7
PLAT
 72
1
 11
5298.209788594329
 21
4015.1188560283827
 31
0.0
100
AcDbText
 73
2
  0
TEXT
  5
2A7
330
17
100
AcDbEntity
  8
PLAT-TEXT-LOWCONF
100
AcDbText
 10
6161.398383295042
 20
3988.5575306400374
 30
0.0
 40
33.946171253522294
  1
c-4a Avenue Curve
 50
358.59201983560706
  7
PLAT
 72
1
 11
6161.398383295042
 21
3988.5575306400374
 31
0.0
100
AcDbText
 73
2
  0
TEXT
  5
2A8
330
17
100
AcDbEntity
  8
PLAT-TEXT-LOWCONF
100
AcDbText
 10
5970.221669615088
 20
3952.582367681101
 30
0.0
 40
38.78494811294969
  1
doe 6
 50
84.35347602633948
  7
PLAT
 72
1
 11
5970.221669615088
 21
3952.582367681101
 31
0.0
100
AcDbText
 73
2
  0
TEXT
  5
2A9
330
17
100
AcDbEntity
  8
PLAT-TEXT-LOWCONF
100
AcDbText
 10
5138.726697305504
 20
3991.2167620569167
 30
0.0
 40
9.0
  1
, a
 50
359.98689797854706
  7
PLAT
 72
1
 11
5138.726697305504
 21
3991.2167620569167
 31
0.0
100
AcDbText
 73
2
  0
TEXT
  5
2AA
330
17
100
AcDbEntity
  8
PLAT-TEXT-MISC
100
AcDbText
 10
2715.7280581476416
 20
3977.7587211905675
 30
0.0
 40
21.78779195272266
  1
South
 50
359.8135464301747
  7
PLAT
 72
1
 11
2715.7280581476416
 21
3977.7587211905675
 31
0.0
100
AcDbText
 73
2
  0
TEXT
  5
2AB
330
17
100
AcDbEntity
  8
PLAT-TEXT-MISC
100
AcDbText
 10
2819.003183339423
 20
3976.7393826137827
 30
0.0
 40
21.83355106415491
  1
Street
 50
358.3825954914487
  7
PLAT
 72
1
 11
2819.003183339423
 21
3976.7393826137827
 31
0.0
100
AcDbText
 73
2
  0
TEXT
  5
2AC
330
17
100
AcDbEntity
  8
PLAT-TEXT-MISC
100
AcDbText
 10
5557.720038319583
 20
3958.598011798579
 30
0.0
 40
22.52436895273781
  1
Sands Avenu:
 50
359.96864567837355
  7
PLAT
 72
1
 11
5557.720038319583
 21
3958.598011798579
 31
0.0
100
AcDbText
 73
2
  0
TEXT
  5
2AD
330
17
100
AcDbEntity
  8
PLAT-TEXT-AREA
100
AcDbText
 10
5779.218393870778
 20
3955.552936086378
 30
0.0
 40
29.690537225613657
  1
a Approac
 50
359.96864567837355
  7
PLAT
 72
1
 11
5779.218393870778
 21
3955.552936086378
 31
0.0
100
AcDbText
 73
2
  0
TEXT
  5
2AE
330
17
100
AcDbEntity
  8
PLAT-TEXT-LOWCONF
100
AcDbText
 10
5867.592818986153
 20
3944.282574244091
 30
0.0
 40
38.78494811294969
  1
age
 50
1.3353047058546395
  7
PLAT
 72
1
 11
5867.592818986153
 21
3944.282574244091
 31
0.0
100
AcDbText
 73
2
  0
TEXT
  5
2AF
330
17
100
AcDbEntity
  8
PLAT-TEXT-MISC
100
AcDbText
 10
2240.732035017294
 20
3957.8636388762757
 30
0.0
 40
21.925697607573618
  1
South
 50
359.68613268311094
  7
PLAT
 72
1
 11
2240.732035017294
 21
3957.8636388762757
 31
0.0
100
AcDbText
 73
2
  0
TEXT
  5
2B0
330
17
100
AcDbEntity
  8
PLAT-TEXT-MISC
100
AcDbText
 10
2344.6576021808623
 20
3957.3168225528607
 30
0.0
 40
22.664946068149007
  1
Street
 50
1.4129858924413838
  7
PLAT
 72
1
 11
2344.6576021808623
 21
3957.3168225528607
 31
0.0
100
AcDbText
 73
2
  0
TEXT
  5
2B1
330
17
100
AcDbEntity
  8
PLAT-TEXT-LOWCONF
100
AcDbText
 10
5922.218101567384
 20
3953.5375974198428
 30
0.0
 40
22.5
  1
AN
 50
89.98689797854706
  7
PLAT
 72
1
 11
5922.218101567384
 21
3953.5375974198428
 31
0.0
100
AcDbText
 73
2
  0
TEXT
  5
2B2
330
17
100
AcDbEntity
  8
PLAT-TEXT-LOWCONF
100
AcDbText
 10
3220.926699730609
 20
3936.369124004836
 30
0.0
 40
38.78494811294969
  1
OSE & Marina
 50
3.200687262365477
  7
PLAT
 72
1
 11
3220.926699730609
 21
3936.369124004836
 31
0.0
100
AcDbText
 73
2
  0
TEXT
  5
2B3
330
17
100
AcDbEntity
  8
PLAT-TEXT-LOWCONF
100
AcDbText
 10
2589.891330298118
 20
3929.8551261259636
 30
0.0
 40
38.78494811294969
  1
TERR
 50
1.2962865020207914
  7
PLAT
 72
1
 11
2589.891330298118
 21
3929.8551261259636
 31
0.0
100
AcDbText
 73
2
  0
TEXT
  5
2B4
330
17
100
AcDbEntity
  8
PLAT-TEXT-LOWCONF
100
AcDbText
 10
2672.7164714774635
 20
3946.78067186507
 30
0.0
 40
9.0
  1
10%%d
 50
359.98689797854706
  7
PLAT
 72
1
 11
2672.7164714774635
 21
3946.78067186507
 31
0.0
100
AcDbText
 73
2
  0
TEXT
  5
2B5
330
17
100
AcDbEntity
  8
PLAT-TEXT-LOWCONF
100
AcDbText
 10
2752.715260155829
 20
3940.262100580361
 30
0.0
 40
20.747925551390956
  1
5.08.5
 50
359.9551143383113
  7
PLAT
 72
1
 11
2752.715260155829
 21
3940.262100580361
 31
0.0
100
AcDbText
 73
2
  0
TEXT
  5
2B6
330
17
100
AcDbEntity
  8
PLAT-TEXT-LOWCONF
100
AcDbText
 10
2845.2114361522767
 20
3924.7412262768744
 30
0.0
 40
38.78494811294969
  1
tae, |
 50
89.98689797854706
  7
PLAT
 72
1
 11
2845.2114361522767
 21
3924.7412262768744
 31
0.0
100
AcDbText
 73
2
  0
TEXT
  5
2B7
330
17
100
AcDbEntity
  8
PLAT-TEXT-LOWCONF
100
AcDbText
 10
2900.256520673319
 20
3939.024419145137
 30
0.0
 40
25.20634888964524
  1
58.3")
 50
359.53448456701153
  7
PLAT
 72
1
 11
2900.256520673319
 21
3939.024419145137
 31
0.0
100
AcDbText
 73
2
  0
TEXT
  5
2B8
330
17
100
AcDbEntity
  8
PLAT-TEXT-LOWCONF
100
AcDbText
 10
3414.217063641211
 20
3949.111083872524
 30
0.0
 40
6.301435465384865
  1
ua VI
 50
359.9853749004449
  7
PLAT
 72
1
 11
3414.217063641211
 21
3949.111083872524
 31
0.0
100
AcDbText
 73
2
  0
TEXT
  5
2B9
330
17
100
AcDbEntity
  8
PLAT-TEXT-LOWCONF
100
AcDbText
 10
163.6422691410412
 20
3932.887660564667
 30
0.0
 40
34.697491229087184
  1
a ©
 50
282.6884395957088
  7
PLAT
 72
1
 11
163.6422691410412
 21
3932.887660564667
 31
0.0
100
AcDbText
 73
2
  0
TEXT
  5
2BA
330
17
100
AcDbEntity
  8
PLAT-TEXT-LOWCONF
100
AcDbText
 10
5199.714919029944
 20
3939.702814325351
 30
0.0
 40
9.9
  1
, e .
 50
359.98689797854706
  7
PLAT
 72
1
 11
5199.714919029944
 21
3939.702814325351
 31
0.0
100
AcDbText
 73
2
  0
TEXT
  5
2BB
330
17
100
AcDbEntity
  8
PLAT-TEXT-LOWCONF
100
AcDbText
 10
2394.7065481249274
 20
3927.566064412702
 30
0.0
 40
32.90541158875581
  1
ech
 50
1.4129858924413838
  7
PLAT
 72
1
 11
2394.7065481249274
 21
3927.566064412702
 31
0.0
100
AcDbText
 73
2
  0
TEXT
  5
2BC
330
17
100
AcDbEntity
  8
PLAT-TEXT-LOWCONF
100
AcDbText
 10
2482.2036707472143
 20
3890.8242356140336
 30
0.0
 40
38.78494811294969
  1
abe
 50
89.98689797854706
  7
PLAT
 72
1
 11
2482.2036707472143
 21
3890.8242356140336
 31
0.0
100
AcDbText
 73
2
  0
TEXT
  5
2BD
330
17
100
AcDbEntity
  8
PLAT-TEXT-MISC
100
AcDbText
 10
3572.2105307052766
 20
3921.570873805098
 30
0.0
 40
27.001315835796728
  1
Marina Avenue Curv:
 50
359.9853749004449
  7
PLAT
 72
1
 11
3572.2105307052766
 21
3921.570873805098
 31
0.0
100
AcDbText
 73
2
  0
TEXT
  5
2BE
330
17
100
AcDbEntity
  8
PLAT-TEXT-LOWCONF
100
AcDbText
 10
2112.2034517477364
 20
3889.9088448022594
 30
0.0
 40
38.78494811294969
  1
— zu >
 50
89.98689797854706
  7
PLAT
 72
1
 11
2112.2034517477364
 21
3889.9088448022594
 31
0.0
100
AcDbText
 73
2
  0
TEXT
  5
2BF
330
17
100
AcDbEntity
  8
PLAT-TEXT-LOWCONF
100
AcDbText
 10
2139.7687550753435
 20
3907.009910174912
 30
0.0
 40
16.116613162541757
  1
. So! all
 50
92.38721602571428
  7
PLAT
 72
1
 11
2139.7687550753435
 21
3907.009910174912
 31
0.0
100
AcDbText
 73
2
  0
TEXT
  5
2C0
330
17
100
AcDbEntity
  8
PLAT-TEXT-LOWCONF
100
AcDbText
 10
2239.71780998973
 20
3920.3840885012887
 30
0.0
 40
21.151142436599
  1
187%%d35'30"E,
 50
359.81792066669954
  7
PLAT
 72
1
 11
2239.71780998973
 21
3920.3840885012887
 31
0.0
100
AcDbText
 73
2
  0
TEXT
  5
2C1
330
17
100
AcDbEntity
  8
PLAT-TEXT-LOWCONF
100
AcDbText
 10
5544.709576408648
 20
3911.1370834775153
 30
0.0
 40
36.10226072713247
  1
[RED
 50
0.05544240659776278
  7
PLAT
 72
1
 11
5544.709576408648
 21
3911.1370834775153
 31
0.0
100
AcDbText
 73
2
  0
TEXT
  5
2C2
330
17
100
AcDbEntity
  8
PLAT-TEXT-LOWCONF
100
AcDbText
 10
5657.201950864876
 20
3918.1237729103036
 30
0.0
 40
22.222704663151895
  1
Ms:
 50
359.01533765491956
  7
PLAT
 72
1
 11
5657.201950864876
 21
3918.1237729103036
 31
0.0
100
AcDbText
 73
2
  0
TEXT
  5
2C3
330
17
100
AcDbEntity
  8
PLAT-TEXT-LOWCONF
100
AcDbText
 10
5769.620742926524
 20
3922.595013166783
 30
0.0
 40
19.56750371119594
  1
Ds ee
 50
6.706582703343997
  7
PLAT
 72
1
 11
5769.620742926524
 21
3922.595013166783
 31
0.0
100
AcDbText
 73
2
  0
TEXT
  5
2C4
330
17
100
AcDbEntity
  8
PLAT-TEXT-LOWCONF
100
AcDbText
 10
3045.7106305531124
 20
3921.195377349474
 30
0.0
 40
11.700000000000001
  1
wo
 50
359.98689797854706
  7
PLAT
 72
1
 11
3045.7106305531124
 21
3921.195377349474
 31
0.0
100
AcDbText
 73
2
  0
TEXT
  5
2C5
330
17
100
AcDbEntity
  8
PLAT-TEXT-MISC
100
AcDbText
 10
6092.708945605404
 20
3913.4986119342548
 30
0.0
 40
22.500425528983
  1
lelta=36.33%%d
 50
359.98676710888515
  7
PLAT
 72
1
 11
6092.708945605404
 21
3913.4986119342548
 31
0.0
100
AcDbText
 73
2
  0
TEXT
  5
2C6
330
17
100
AcDbEntity
  8
PLAT-TEXT-LOWCONF
100
AcDbText
 10
2708.528839853684
 20
3907.2977020951516
 30
0.0
 40
28.063199549637964
  1
ary “SS
 50
34.082456236051314
  7
PLAT
 72
1
 11
2708.528839853684
 21
3907.2977020951516
 31
0.0
100
AcDbText
 73
2
  0
TEXT
  5
2C7
330
17
100
AcDbEntity
  8
PLAT-TEXT-LOWCONF
100
AcDbText
 10
2747.707894263618
 20
3909.263522339709
 30
0.0
 40
27.900000000000002
  1
Ie. 3
 50
89.98689797854706
  7
PLAT
 72
1
 11
2747.707894263618
 21
3909.263522339709
 31
0.0
100
AcDbText
 73
2
  0
TEXT
  5
2C8
330
17
100
AcDbEntity
  8
PLAT-TEXT-LOWCONF
100
AcDbText
 10
2786.803359634363
 20
3911.9422984644616
 30
0.0
 40
30.730594115107415
  1
Ss
 50
350.31726033539434
  7
PLAT
 72
1
 11
2786.803359634363
 21
3911.9422984644616
 31
0.0
100
AcDbText
 73
2
  0
TEXT
  5
2C9
330
17
100
AcDbEntity
  8
PLAT-TEXT-LOWCONF
100
AcDbText
 10
2888.208576610371
 20
3912.2313936470223
 30
0.0
 40
22.5
  1
(Com
 50
359.98689797854706
  7
PLAT
 72
1
 11
2888.208576610371
 21
3912.2313936470223
 31
0.0
100
AcDbText
 73
2
  0
TEXT
  5
2CA
330
17
100
AcDbEntity
  8
PLAT-TEXT-LOWCONF
100
AcDbText
 10
3767.939399358058
 20
3881.12307102217
 30
0.0
 40
32.820514246999046
  1
B85
 50
93.19584124828464
  7
PLAT
 72
1
 11
3767.939399358058
 21
3881.12307102217
 31
0.0
100
AcDbText
 73
2
  0
TEXT
  5
2CB
330
17
100
AcDbEntity
  8
PLAT-TEXT-LOWCONF
100
AcDbText
 10
2412.7627763330674
 20
3900.5552379282217
 30
0.0
 40
36.80303121326053
  1
Se.
 50
91.41298589244138
  7
PLAT
 72
1
 11
2412.7627763330674
 21
3900.5552379282217
 31
0.0
100
AcDbText
 73
2
  0
TEXT
  5
2CC
330
17
100
AcDbEntity
  8
PLAT-TEXT-LOWCONF
100
AcDbText
 10
5829.208271042266
 20
3910.558865171336
 30
0.0
 40
15.3
  1
LY
 50
89.98689797854706
  7
PLAT
 72
1
 11
5829.208271042266
 21
3910.558865171336
 31
0.0
100
AcDbText
 73
2
  0
TEXT
  5
2CD
330
17
100
AcDbEntity
  8
PLAT-TEXT-LOWCONF
100
AcDbText
 10
3001.7078106630697
 20
3910.211806926106
 30
0.0
 40
9.5108425904519
  1
wa
 50
2.7479562671847475
  7
PLAT
 72
1
 11
3001.7078106630697
 21
3910.211806926106
 31
0.0
100
AcDbText
 73
2
  0
TEXT
  5
2CE
330
17
100
AcDbEntity
  8
PLAT-TEXT-LOWCONF
100
AcDbText
 10
3362.9623741494916
 20
3906.7061356740237
 30
0.0
 40
12.451297378995259
  1
. vA
 50
20.15661209744661
  7
PLAT
 72
1
 11
3362.9623741494916
 21
3906.7061356740237
 31
0.0
100
AcDbText
 73
2
  0
TEXT
  5
2CF
330
17
100
AcDbEntity
  8
PLAT-TEXT-LOWCONF
100
AcDbText
 10
2307.02153879062
 20
3891.1833949188235
 30
0.0
 40
28.978099865141996
  1
TOT
 50
1.4129858924413838
  7
PLAT
 72
1
 11
2307.02153879062
 21
3891.1833949188235
 31
0.0
100
AcDbText
 73
2
  0
TEXT
  5
2D0
330
17
100
AcDbEntity
  8
PLAT-TEXT-LOWCONF
100
AcDbText
 10
2626.3167453763817
 20
3893.4229168735237
 30
0.0
 40
25.589516209604
  1
SR
 50
1.4618235157792014
  7
PLAT
 72
1
 11
2626.3167453763817
 21
3893.4229168735237
 31
0.0
100
AcDbText
 73
2
  0
TEXT
  5
2D1
330
17
100
AcDbEntity
  8
PLAT-TEXT-LOWCONF
100
AcDbText
 10
2455.206415534082
 20
3902.830409482382
 30
0.0
 40
7.2
  1
‘ \My a
 50
359.98689797854706
  7
PLAT
 72
1
 11
2455.206415534082
 21
3902.830409482382
 31
0.0
100
AcDbText
 73
2
  0
TEXT
  5
2D2
330
17
100
AcDbEntity
  8
PLAT-TEXT-LOWCONF
100
AcDbText
 10
2559.7046977512673
 20
3895.306513307023
 30
0.0
 40
20.7
  1
om.
 50
359.98689797854706
  7
PLAT
 72
1
 11
2559.7046977512673
 21
3895.306513307023
 31
0.0
100
AcDbText
 73
2
  0
TEXT
  5
2D3
330
17
100
AcDbEntity
  8
PLAT-TEXT-MISC
100
AcDbText
 10
2164.202764367924
 20
3886.8969538633232
 30
0.0
 40
30.6
  1
NOE
 50
359.98689797854706
  7
PLAT
 72
1
 11
2164.202764367924
 21
3886.8969538633232
 31
0.0
100
AcDbText
 73
2
  0
TEXT
  5
2D4
330
17
100
AcDbEntity
  8
PLAT-TEXT-LOWCONF
100
AcDbText
 10
2205.9384218819273
 20
3888.34016371092
 30
0.0
 40
31.14386592070953
  1
Wai!
 50
354.5587786866983
  7
PLAT
 72
1
 11
2205.9384218819273
 21
3888.34016371092
 31
0.0
100
AcDbText
 73
2
  0
TEXT
  5
2D5
330
17
100
AcDbEntity
  8
PLAT-TEXT-LOWCONF
100
AcDbText
 10
3638.2011705835803
 20
3879.061098924918
 30
0.0
 40
38.698205652528486
  1
‘Klean! SLEPT GH ay.
 50
359.9853749004449
  7
PLAT
 72
1
 11
3638.2011705835803
 21
3879.061098924918
 31
0.0
100
AcDbText
 73
2
  0
TEXT
  5
2D6
330
17
100
AcDbEntity
  8
PLAT-TEXT-LOWCONF
100
AcDbText
 10
5275.464882188642
 20
3889.2608749630003
 30
0.0
 40
18.279286764426715
  1
a € a
 50
11.657356136009525
  7
PLAT
 72
1
 11
5275.464882188642
 21
3889.2608749630003
 31
0.0
100
AcDbText
 73
2
  0
TEXT
  5
2D7
330
17
100
AcDbEntity
  8
PLAT-TEXT-LOWCONF
100
AcDbText
 10
5727.730834057224
 20
3882.3483645479228
 30
0.0
 40
25.079107003408033
  1
ae
 50
6.706582703343997
  7
PLAT
 72
1
 11
5727.730834057224
 21
3882.3483645479228
 31
0.0
100
AcDbText
 73
2
  0
TEXT
  5
2D8
330
17
100
AcDbEntity
  8
PLAT-TEXT-LOWCONF
100
AcDbText
 10
3328.0977351552087
 20
3884.219397355382
 30
0.0
 40
3.36805877956712
  1
| Sa
 50
345.74162125593347
  7
PLAT
 72
1
 11
3328.0977351552087
 21
3884.219397355382
 31
0.0
100
AcDbText
 73
2
  0
TEXT
  5
2D9
330
17
100
AcDbEntity
  8
PLAT-TEXT-LOWCONF
100
AcDbText
 10
2117.4135740804177
 20
2517.1182152172596
 30
0.0
 40
38.78494811294969
  1
i a _. ’
 50
92.38721602571428
  7
PLAT
 72
1
 11
2117.4135740804177
 21
2517.1182152172596
 31
0.0
100
AcDbText
 73
2
  0
TEXT
  5
2DA
330
17
100
AcDbEntity
  8
PLAT-TEXT-LOWCONF
100
AcDbText
 10
5482.172570861941
 20
3880.224989410598
 30
0.0
 40
7.296805714292774
  1
-e Bee ee
 50
1.0250681640520725
  7
PLAT
 72
1
 11
5482.172570861941
 21
3880.224989410598
 31
0.0
100
AcDbText
 73
2
  0
TEXT
  5
2DB
330
17
100
AcDbEntity
  8
PLAT-TEXT-LOWCONF
100
AcDbText
 10
5352.1315923096645
 20
3875.647813736628
 30
0.0
 40
12.629144877082641
  1
Y eau nena
 50
2.6442032563522275
  7
PLAT
 72
1
 11
5352.1315923096645
 21
3875.647813736628
 31
0.0
100
AcDbText
 73
2
  0
TEXT
  5
2DC
330
17
100
AcDbEntity
  8
PLAT-TEXT-LOWCONF
100
AcDbText
 10
5257.199253397907
 20
3871.1896673952015
 30
0.0
 40
16.0
  1
« 4
 50
359.98689797854706
  7
PLAT
 72
1
 11
5257.199253397907
 21
3871.1896673952015
 31
0.0
100
AcDbText
 73
2
  0
TEXT
  5
2DD
330
17
100
AcDbEntity
  8
PLAT-TEXT-LOWCONF
100
AcDbText
 10
5671.095232831663
 20
3851.6371601466744
 30
0.0
 40
38.78494811294969
  1
Bs
 50
12.289022838283131
  7
PLAT
 72
1
 11
5671.095232831663
 21
3851.6371601466744
 31
0.0
100
AcDbText
 73
2
  0
TEXT
  5
2DE
330
17
100
AcDbEntity
  8
PLAT-TEXT-LOWCONF
100
AcDbText
 10
2304.969449262669
 20
3858.0046256006144
 30
0.0
 40
35.29452285911012
  1
re eet & West Boundal
 50
356.943328923898
  7
PLAT
 72
1
 11
2304.969449262669
 21
3858.0046256006144
 31
0.0
100
AcDbText
 73
2
  0
TEXT
  5
2DF
330
17
100
AcDbEntity
  8
PLAT-TEXT-LOWCONF
100
AcDbText
 10
2566.220820663835
 20
3853.755336033446
 30
0.0
 40
38.78494811294969
  1
aN Gp,
 50
45.70315057796216
  7
PLAT
 72
1
 11
2566.220820663835
 21
3853.755336033446
 31
0.0
100
AcDbText
 73
2
  0
TEXT
  5
2E0
330
17
100
AcDbEntity
  8
PLAT-TEXT-MISC
100
AcDbText
 10
2812.201120078748
 20
3854.2512490562203
 30
0.0
 40
27.421225743587005
  1
Ja Ave Deflection Point (N-
 50
359.8919529014318
  7
PLAT
 72
1
 11
2812.201120078748
 21
3854.2512490562203
 31
0.0
100
AcDbText
 73
2
  0
TEXT
  5
2E1
330
17
100
AcDbEntity
  8
PLAT-TEXT-LOWCONF
100
AcDbText
 10
3441.6979288250773
 20
3865.6048241297967
 30
0.0
 40
9.0
  1
Ys,
 50
89.98689797854706
  7
PLAT
 72
1
 11
3441.6979288250773
 21
3865.6048241297967
 31
0.0
100
AcDbText
 73
2
  0
TEXT
  5
2E2
330
17
100
AcDbEntity
  8
PLAT-TEXT-LOWCONF
100
AcDbText
 10
3024.104236342662
 20
3851.5861319446303
 30
0.0
 40
26.447729715872953
  1
‘8,
 50
58.184593434969884
  7
PLAT
 72
1
 11
3024.104236342662
 21
3851.5861319446303
 31
0.0
100
AcDbText
 73
2
  0
TEXT
  5
2E3
330
17
100
AcDbEntity
  8
PLAT-TEXT-LOWCONF
100
AcDbText
 10
3122.0640748605156
 20
3848.6414773805104
 30
0.0
 40
38.78494811294969
  1
29 to S-Leg)
 50
15.648535231635378
  7
PLAT
 72
1
 11
3122.0640748605156
 21
3848.6414773805104
 31
0.0
100
AcDbText
 73
2
  0
TEXT
  5
2E4
330
17
100
AcDbEntity
  8
PLAT-TEXT-MISC
100
AcDbText
 10
3706.191623742894
 20
3846.5527888753695
 30
0.0
 40
27.03509111515923
  1
Proje:
 50
0.02413665975780077
  7
PLAT
 72
1
 11
3706.191623742894
 21
3846.5527888753695
 31
0.0
100
AcDbText
 73
2
  0
TEXT
  5
2E5
330
17
100
AcDbEntity
  8
PLAT-TEXT-LOWCONF
100
AcDbText
 10
3836.677418190574
 20
3840.7773585846626
 30
0.0
 40
38.78494811294969
  1
‘Va ph:
 50
7.383674649254317
  7
PLAT
 72
1
 11
3836.677418190574
 21
3840.7773585846626
 31
0.0
100
AcDbText
 73
2
  0
TEXT
  5
2E6
330
17
100
AcDbEntity
  8
PLAT-TEXT-CURVE
100
AcDbText
 10
4005.1928520458896
 20
3848.4759701351395
 30
0.0
 40
25.60587538611455
  1
(T=143.20')
 50
359.85229838432986
  7
PLAT
 72
1
 11
4005.1928520458896
 21
3848.4759701351395
 31
0.0
100
AcDbText
 73
2
  0
TEXT
  5
2E7
330
17
100
AcDbEntity
  8
PLAT-TEXT-LOWCONF
100
AcDbText
 10
5748.694324068927
 20
3849.5772749758157
 30
0.0
 40
20.7
  1
AA. ¢
 50
359.98689797854706
  7
PLAT
 72
1
 11
5748.694324068927
 21
3849.5772749758157
 31
0.0
100
AcDbText
 73
2
  0
TEXT
  5
2E8
330
17
100
AcDbEntity
  8
PLAT-TEXT-MISC
100
AcDbText
 10
5845.1939785357445
 20
3848.0552080308703
 30
0.0
 40
25.2
  1
DPAA
 50
359.98689797854706
  7
PLAT
 72
1
 11
5845.1939785357445
 21
3848.0552080308703
 31
0.0
100
AcDbText
 73
2
  0
TEXT
  5
2E9
330
17
100
AcDbEntity
  8
PLAT-TEXT-LOWCONF
100
AcDbText
 10
5278.694793704259
 20
3851.684751426707
 30
0.0
 40
9.9
  1
Ww
 50
359.98689797854706
  7
PLAT
 72
1
 11
5278.694793704259
 21
3851.684751426707
 31
0.0
100
AcDbText
 73
2
  0
TEXT
  5
2EA
330
17
100
AcDbEntity
  8
PLAT-TEXT-LOWCONF
100
AcDbText
 10
3605.692322038602
 20
3841.0673223309595
 30
0.0
 40
26.1
  1
orks,
 50
359.98689797854706
  7
PLAT
 72
1
 11
3605.692322038602
 21
3841.0673223309595
 31
0.0
100
AcDbText
 73
2
  0
TEXT
  5
2EB
330
17
100
AcDbEntity
  8
PLAT-TEXT-LOWCONF
100
AcDbText
 10
5432.6601456343
 20
3835.013679806215
 30
0.0
 40
26.12238726712889
  1
LASSUBAED PALL.
 50
0.16603056785885428
  7
PLAT
 72
1
 11
5432.6601456343
 21
3835.013679806215
 31
0.0
100
AcDbText
 73
2
  0
TEXT
  5
2EC
330
17
100
AcDbEntity
  8
PLAT-TEXT-LOTNO
100
AcDbText
 10
2485.68594846635
 20
3813.3234372833917
 30
0.0
 40
43.094386792166326
  1
4
 50
359.98689797854706
  7
PLAT
 72
1
 11
2485.68594846635
 21
3813.3234372833917
 31
0.0
100
AcDbText
 73
2
  0
TEXT
  5
2ED
330
17
100
AcDbEntity
  8
PLAT-TEXT-LOWCONF
100
AcDbText
 10
5747.690550983791
 20
3833.0775040806316
 30
0.0
 40
9.0
  1
Nw 4 >
 50
359.98689797854706
  7
PLAT
 72
1
 11
5747.690550983791
 21
3833.0775040806316
 31
0.0
100
AcDbText
 73
2
  0
TEXT
  5
2EE
330
17
100
AcDbEntity
  8
PLAT-TEXT-LOWCONF
100
AcDbText
 10
5770.648575759772
 20
3805.6629390596863
 30
0.0
 40
38.78494811294969
  1
celular:
 50
4.633821472979889
  7
PLAT
 72
1
 11
5770.648575759772
 21
3805.6629390596863
 31
0.0
100
AcDbText
 73
2
  0
TEXT
  5
2EF
330
17
100
AcDbEntity
  8
PLAT-TEXT-LOWCONF
100
AcDbText
 10
5633.680943286015
 20
3801.481457182775
 30
0.0
 40
38.78494811294969
  1
Cayo
 50
4.633821472979093
  7
PLAT
 72
1
 11
5633.680943286015
 21
3801.481457182775
 31
0.0
100
AcDbText
 73
2
  0
TEXT
  5
2F0
330
17
100
AcDbEntity
  8
PLAT-TEXT-LOWCONF
100
AcDbText
 10
6078.89511328476
 20
3806.0243523690006
 30
0.0
 40
38.78494811294969
  1
qurve P.c,
 50
3.6464927565430685
  7
PLAT
 72
1
 11
6078.89511328476
 21
3806.0243523690006
 31
0.0
100
AcDbText
 73
2
  0
TEXT
  5
2F1
330
17
100
AcDbEntity
  8
PLAT-TEXT-LOWCONF
100
AcDbText
 10
5901.32245028432
 20
3811.016309988684
 30
0.0
 40
11.707489684811812
  1
rN
 50
34.211419277502785
  7
PLAT
 72
1
 11
5901.32245028432
 21
3811.016309988684
 31
0.0
100
AcDbText
 73
2
  0
TEXT
  5
2F2
330
17
100
AcDbEntity
  8
PLAT-TEXT-MISC
100
AcDbText
 10
5431.670422654492
 20
3798.0678539073388
 30
0.0
 40
23.01626600052458
  1
Sands Avenue
 50
359.54813590582825
  7
PLAT
 72
1
 11
5431.670422654492
 21
3798.0678539073388
 31
0.0
100
AcDbText
 73
2
  0
TEXT
  5
2F3
330
17
100
AcDbEntity
  8
PLAT-TEXT-LOWCONF
100
AcDbText
 10
3575.533416100022
 20
3774.847912918687
 30
0.0
 40
3.4213467662358252
  1
ay
 50
327.56064325824985
  7
PLAT
 72
1
 11
3575.533416100022
 21
3774.847912918687
 31
0.0
100
AcDbText
 73
2
  0
TEXT
  5
2F4
330
17
100
AcDbEntity
  8
PLAT-TEXT-MISC
100
AcDbText
 10
3998.677104981483
 20
3774.477455419119
 30
0.0
 40
26.497233684089597
  1
(Point of Tangency)
 50
359.2309346806401
  7
PLAT
 72
1
 11
3998.677104981483
 21
3774.477455419119
 31
0.0
100
AcDbText
 73
2
  0
TEXT
  5
2F5
330
17
100
AcDbEntity
  8
PLAT-TEXT-MISC
100
AcDbText
 10
3743.177453576661
 20
3776.0384811863896
 30
0.0
 40
19.01581506972407
  1
Marina Ave PT.
 50
0.02413665975780077
  7
PLAT
 72
1
 11
3743.177453576661
 21
3776.0384811863896
 31
0.0
100
AcDbText
 73
2
  0
TEXT
  5
2F6
330
17
100
AcDbEntity
  8
PLAT-TEXT-MISC
100
AcDbText
 10
6000.414006299645
 20
3758.0695021471684
 30
0.0
 40
31.74903021644334
  1
‘Assumed Beachwood Elvd &
 50
358.68042329597887
  7
PLAT
 72
1
 11
6000.414006299645
 21
3758.0695021471684
 31
0.0
100
AcDbText
 73
2
  0
TEXT
  5
2F7
330
17
100
AcDbEntity
  8
PLAT-TEXT-MISC
100
AcDbText
 10
6348.174862929647
 20
3758.195178635472
 30
0.0
 40
22.880524108632436
  1
Sands Ave
 50
359.6678669351434
  7
PLAT
 72
1
 11
6348.174862929647
 21
3758.195178635472
 31
0.0
100
AcDbText
 73
2
  0
TEXT
  5
2F8
330
17
100
AcDbEntity
  8
PLAT-TEXT-MISC
100
AcDbText
 10
6554.675214687668
 20
3758.2984004909013
 30
0.0
 40
23.12258948399125
  1
Intersection
 50
359.7406364815762
  7
PLAT
 72
1
 11
6554.675214687668
 21
3758.2984004909013
 31
0.0
100
AcDbText
 73
2
  0
TEXT
  5
2F9
330
17
100
AcDbEntity
  8
PLAT-TEXT-LOWCONF
100
AcDbText
 10
3592.1711701010495
 20
3748.5704118404915
 30
0.0
 40
7.2
  1
‘ F wo?
 50
89.98689797854706
  7
PLAT
 72
1
 11
3592.1711701010495
 21
3748.5704118404915
 31
0.0
100
AcDbText
 73
2
  0
TEXT
  5
2FA
330
17
100
AcDbEntity
  8
PLAT-TEXT-LOWCONF
100
AcDbText
 10
3617.1672819994183
 20
3731.5646954496938
 30
0.0
 40
19.8
  1
Le
 50
359.98689797854706
  7
PLAT
 72
1
 11
3617.1672819994183
 21
3731.5646954496938
 31
0.0
100
AcDbText
 73
2
  0
TEXT
  5
2FB
330
17
100
AcDbEntity
  8
PLAT-TEXT-LOTNO
100
AcDbText
 10
3660.6608780065685
 20
3703.554748888396
 30
0.0
 40
28.0
  1
4
 50
89.98689797854706
  7
PLAT
 72
1
 11
3660.6608780065685
 21
3703.554748888396
 31
0.0
100
AcDbText
 73
2
  0
TEXT
  5
2FC
330
17
100
AcDbEntity
  8
PLAT-TEXT-MISC
100
AcDbText
 10
3785.602491931135
 20
3672.3106602430344
 30
0.0
 40
27.537395432858563
  1
Marina Avenue
 50
359.6063584783818
  7
PLAT
 72
1
 11
3785.602491931135
 21
3672.3106602430344
 31
0.0
100
AcDbText
 73
2
  0
TEXT
  5
2FD
330
17
100
AcDbEntity
  8
PLAT-TEXT-MISC
100
AcDbText
 10
2496.1235372683986
 20
3659.810295882313
 30
0.0
 40
30.6387962472087
  1
Mangrove Avenue
 50
359.67465614925953
  7
PLAT
 72
1
 11
2496.1235372683986
 21
3659.810295882313
 31
0.0
100
AcDbText
 73
2
  0
TEXT
  5
2FE
330
17
100
AcDbEntity
  8
PLAT-TEXT-LOWCONF
100
AcDbText
 10
3713.6575561383133
 20
3639.254026098274
 30
0.0
 40
29.216300074505874
  1
3,06 S060S)
 50
0.27181234740760374
  7
PLAT
 72
1
 11
3713.6575561383133
 21
3639.254026098274
 31
0.0
100
AcDbText
 73
2
  0
TEXT
  5
2FF
330
17
100
AcDbEntity
  8
PLAT-TEXT-LOWCONF
100
AcDbText
 10
3894.6722302718554
 20
3635.8625293523905
 30
0.0
 40
25.76996504193055
  1
- 210.0’)
 50
0.9247442715310967
  7
PLAT
 72
1
 11
3894.6722302718554
 21
3635.8625293523905
 31
0.0
100
AcDbText
 73
2
  0
TEXT
  5
300
330
17
100
AcDbEntity
  8
PLAT-TEXT-LOWCONF
100
AcDbText
 10
2397.627486198872
 20
3622.1205385710127
 30
0.0
 40
25.203326615979424
  1
(SOLSOL AL
 50
0.21045299876089985
  7
PLAT
 72
1
 11
2397.627486198872
 21
3622.1205385710127
 31
0.0
100
AcDbText
 73
2
  0
TEXT
  5
301
330
17
100
AcDbEntity
  8
PLAT-TEXT-UNASSOC
100
AcDbText
 10
2605.6442979422536
 20
3621.1565086353726
 30
0.0
 40
25.77402462130613
  1
- 220.0')
 50
0.9273400908419376
  7
PLAT
 72
1
 11
2605.6442979422536
 21
3621.1565086353726
 31
0.0
100
AcDbText
 73
2
  0
TEXT
  5
302
330
17
100
AcDbEntity
  8
PLAT-TEXT-LOWCONF
100
AcDbText
 10
2490.3244581415524
 20
3590.807066854909
 30
0.0
 40
21.834152014013913
  1
Kom LT
 50
91.06848899957754
  7
PLAT
 72
1
 11
2490.3244581415524
 21
3590.807066854909
 31
0.0
100
AcDbText
 73
2
  0
TEXT
  5
303
330
17
100
AcDbEntity
  8
PLAT-TEXT-LOWCONF
100
AcDbText
 10
2517.551963883064
 20
3623.838622726178
 30
0.0
 40
20.792609540692688
  1
m
 50
285.2907981088278
  7
PLAT
 72
1
 11
2517.551963883064
 21
3623.838622726178
 31
0.0
100
AcDbText
 73
2
  0
TEXT
  5
304
330
17
100
AcDbEntity
  8
PLAT-TEXT-LOWCONF
100
AcDbText
 10
3772.139379790679
 20
3609.5292542607676
 30
0.0
 40
25.2
  1
N
 50
359.98689797854706
  7
PLAT
 72
1
 11
3772.139379790679
 21
3609.5292542607676
 31
0.0
100
AcDbText
 73
2
  0
TEXT
  5
305
330
17
100
AcDbEntity
  8
PLAT-TEXT-LOWCONF
100
AcDbText
 10
3809.1321756108387
 20
3578.0207941681515
 30
0.0
 40
26.1
  1
N
 50
359.98689797854706
  7
PLAT
 72
1
 11
3809.1321756108387
 21
3578.0207941681515
 31
0.0
100
AcDbText
 73
2
  0
TEXT
  5
306
330
17
100
AcDbEntity
  8
PLAT-TEXT-LOWCONF
100
AcDbText
 10
3846.624971417925
 20
3546.5122197388296
 30
0.0
 40
28.0
  1
7
 50
89.98689797854706
  7
PLAT
 72
1
 11
3846.624971417925
 21
3546.5122197388296
 31
0.0
100
AcDbText
 73
2
  0
TEXT
  5
307
330
17
100
AcDbEntity
  8
PLAT-TEXT-LOWCONF
100
AcDbText
 10
3883.61788157479
 20
3515.5037596331404
 30
0.0
 40
25.2
  1
N
 50
359.98689797854706
  7
PLAT
 72
1
 11
3883.61788157479
 21
3515.5037596331404
 31
0.0
100
AcDbText
 73
2
  0
TEXT
  5
308
330
17
100
AcDbEntity
  8
PLAT-TEXT-MISC
100
AcDbText
 10
4190.128399372236
 20
3499.930045088971
 30
0.0
 40
28.21649535137711
  1
x Sh Ke
 50
359.58306635669567
  7
PLAT
 72
1
 11
4190.128399372236
 21
3499.930045088971
 31
0.0
100
AcDbText
 73
2
  0
TEXT
  5
309
330
17
100
AcDbEntity
  8
PLAT-TEXT-MISC
100
AcDbText
 10
4462.117980037898
 20
3515.8684423588675
 30
0.0
 40
22.50321275241533
  1
‘\nel\iish Drive East Extension
 50
359.98584910469293
  7
PLAT
 72
1
 11
4462.117980037898
 21
3515.8684423588675
 31
0.0
100
AcDbText
 73
2
  0
TEXT
  5
30A
330
17
100
AcDbEntity
  8
PLAT-TEXT-LOWCONF
100
AcDbText
 10
3920.610677394949
 20
3483.995299540524
 30
0.0
 40
29.0
  1
7
 50
89.98689797854706
  7
PLAT
 72
1
 11
3920.610677394949
 21
3483.995299540524
 31
0.0
100
AcDbText
 73
2
  0
TEXT
  5
30B
330
17
100
AcDbEntity
  8
PLAT-TEXT-LOWCONF
100
AcDbText
 10
4081.8987613701197
 20
3477.7323479288007
 30
0.0
 40
38.78494811294969
  1
oS
 50
322.0019376400752
  7
PLAT
 72
1
 11
4081.8987613701197
 21
3477.7323479288007
 31
0.0
100
AcDbText
 73
2
  0
TEXT
  5
30C
330
17
100
AcDbEntity
  8
PLAT-TEXT-LOWCONF
100
AcDbText
 10
4417.609388309342
 20
3476.8736283018134
 30
0.0
 40
31.49882326471783
  1
‘eel RED ASSUMPTION]
 50
359.9840167927104
  7
PLAT
 72
1
 11
4417.609388309342
 21
3476.8736283018134
 31
0.0
100
AcDbText
 73
2
  0
TEXT
  5
30D
330
17
100
AcDbEntity
  8
PLAT-TEXT-MISC
100
AcDbText
 10
3158.6053820486372
 20
3442.656897765072
 30
0.0
 40
21.883037800009866
  1
Shellfish
 50
359.8259696953285
  7
PLAT
 72
1
 11
3158.6053820486372
 21
3442.656897765072
 31
0.0
100
AcDbText
 73
2
  0
TEXT
  5
30E
330
17
100
AcDbEntity
  8
PLAT-TEXT-MISC
100
AcDbText
 10
3277.4134324450265
 20
3440.65756081704
 30
0.0
 40
21.161263463402356
  1
Drive
 50
357.43478792256155
  7
PLAT
 72
1
 11
3277.4134324450265
 21
3440.65756081704
 31
0.0
100
AcDbText
 73
2
  0
TEXT
  5
30F
330
17
100
AcDbEntity
  8
PLAT-TEXT-LOWCONF
100
AcDbText
 10
3960.0492090105868
 20
3425.250442231819
 30
0.0
 40
38.78494811294969
  1
és
 50
317.1629929226899
  7
PLAT
 72
1
 11
3960.0492090105868
 21
3425.250442231819
 31
0.0
100
AcDbText
 73
2
  0
TEXT
  5
310
330
17
100
AcDbEntity
  8
PLAT-TEXT-LOWCONF
100
AcDbText
 10
4734.599679788567
 20
3435.809160638944
 30
0.0
 40
15.3
  1
ww
 50
359.98689797854706
  7
PLAT
 72
1
 11
4734.599679788567
 21
3435.809160638944
 31
0.0
100
AcDbText
 73
2
  0
TEXT
  5
311
330
17
100
AcDbEntity
  8
PLAT-TEXT-LOWCONF
100
AcDbText
 10
64.59888719564469
 20
3432.8770655730254
 30
0.0
 40
18.900000000000002
  1
ie
 50
89.98689797854706
  7
PLAT
 72
1
 11
64.59888719564469
 21
3432.8770655730254
 31
0.0
100
AcDbText
 73
2
  0
TEXT
  5
312
330
17
100
AcDbEntity
  8
PLAT-TEXT-LOWCONF
100
AcDbText
 10
4549.597169218013
 20
3424.851465507588
 30
0.0
 40
15.3
  1
ui
 50
359.98689797854706
  7
PLAT
 72
1
 11
4549.597169218013
 21
3424.851465507588
 31
0.0
100
AcDbText
 73
2
  0
TEXT
  5
313
330
17
100
AcDbEntity
  8
PLAT-TEXT-MISC
100
AcDbText
 10
2257.6040872307613
 20
3415.518026693329
 30
0.0
 40
22.637607173374178
  1
Shellfish
 50
359.74320885056676
  7
PLAT
 72
1
 11
2257.6040872307613
 21
3415.518026693329
 31
0.0
100
AcDbText
 73
2
  0
TEXT
  5
314
330
17
100
AcDbEntity
  8
PLAT-TEXT-MISC
100
AcDbText
 10
2376.4565036925183
 20
3413.3256177089092
 30
0.0
 40
21.906767689480994
  1
Drive
 50
357.37348509030176
  7
PLAT
 72
1
 11
2376.4565036925183
 21
3413.3256177089092
 31
0.0
100
AcDbText
 73
2
  0
TEXT
  5
315
330
17
100
AcDbEntity
  8
PLAT-TEXT-LOWCONF
100
AcDbText
 10
4016.066429216411
 20
3415.2525301297246
 30
0.0
 40
14.400412050518206
  1
Ifis
 50
8.211673819419957
  7
PLAT
 72
1
 11
4016.066429216411
 21
3415.2525301297246
 31
0.0
100
AcDbText
 73
2
  0
TEXT
  5
316
330
17
100
AcDbEntity
  8
PLAT-TEXT-LOWCONF
100
AcDbText
 10
4063.523378970999
 20
3415.3240033596007
 30
0.0
 40
21.15512265476917
  1
ish Dr,
 50
1.7236136981956065
  7
PLAT
 72
1
 11
4063.523378970999
 21
3415.3240033596007
 31
0.0
100
AcDbText
 73
2
  0
TEXT
  5
317
330
17
100
AcDbEntity
  8
PLAT-TEXT-LOWCONF
100
AcDbText
 10
4117.59317872829
 20
3407.4502528787025
 30
0.0
 40
32.4
  1
A
 50
89.98689797854706
  7
PLAT
 72
1
 11
4117.59317872829
 21
3407.4502528787025
 31
0.0
100
AcDbText
 73
2
  0
TEXT
  5
318
330
17
100
AcDbEntity
  8
PLAT-TEXT-LOTNO
100
AcDbText
 10
4173.093748960728
 20
3409.937561439026
 30
0.0
 40
33.0
  1
4
 50
89.98689797854706
  7
PLAT
 72
1
 11
4173.093748960728
 21
3409.937561439026
 31
0.0
100
AcDbText
 73
2
  0
TEXT
  5
319
330
17
100
AcDbEntity
  8
PLAT-TEXT-LOWCONF
100
AcDbText
 10
4243.09409014064
 20
3411.4215542610355
 30
0.0
 40
25.2
  1
Bs al
 50
359.98689797854706
  7
PLAT
 72
1
 11
4243.09409014064
 21
3411.4215542610355
 31
0.0
100
AcDbText
 73
2
  0
TEXT
  5
31A
330
17
100
AcDbEntity
  8
PLAT-TEXT-LOWCONF
100
AcDbText
 10
4335.094569818334
 20
3413.3990579487754
 30
0.0
 40
21.60217233676901
  1
Vow eS |
 50
359.9840167927104
  7
PLAT
 72
1
 11
4335.094569818334
 21
3413.3990579487754
 31
0.0
100
AcDbText
 73
2
  0
TEXT
  5
31B
330
17
100
AcDbEntity
  8
PLAT-TEXT-LOWCONF
100
AcDbText
 10
4425.519418146734
 20
3414.913014056209
 30
0.0
 40
20.321177281034863
  1
ers |
 50
2.112845177295412
  7
PLAT
 72
1
 11
4425.519418146734
 21
3414.913014056209
 31
0.0
100
AcDbText
 73
2
  0
TEXT
  5
31C
330
17
100
AcDbEntity
  8
PLAT-TEXT-LOWCONF
100
AcDbText
 10
4482.094998585447
 20
3415.366901211217
 30
0.0
 40
19.8
  1
or
 50
359.98689797854706
  7
PLAT
 72
1
 11
4482.094998585447
 21
3415.366901211217
 31
0.0
100
AcDbText
 73
2
  0
TEXT
  5
31D
330
17
100
AcDbEntity
  8
PLAT-TEXT-MISC
100
AcDbText
 10
3981.594325651169
 20
3412.4813523318735
 30
0.0
 40
14.4
  1
jal
 50
359.98689797854706
  7
PLAT
 72
1
 11
3981.594325651169
 21
3412.4813523318735
 31
0.0
100
AcDbText
 73
2
  0
TEXT
  5
31E
330
17
100
AcDbEntity
  8
PLAT-TEXT-UNASSOC
100
AcDbText
 10
3134.1080511461814
 20
3403.552453920608
 30
0.0
 40
26.10326205703432
  1
(N87%%d35'30"E
 50
0.2063332107445035
  7
PLAT
 72
1
 11
3134.1080511461814
 21
3403.552453920608
 31
0.0
100
AcDbText
 73
2
  0
TEXT
  5
31F
330
17
100
AcDbEntity
  8
PLAT-TEXT-UNASSOC
100
AcDbText
 10
3316.6016988862243
 20
3402.591548252805
 30
0.0
 40
26.098918654887413
  1
- 651.5’)
 50
0.5176859514986063
  7
PLAT
 72
1
 11
3316.6016988862243
 21
3402.591548252805
 31
0.0
100
AcDbText
 73
2
  0
TEXT
  5
320
330
17
100
AcDbEntity
  8
PLAT-TEXT-LOWCONF
100
AcDbText
 10
3906.586667052832
 20
3378.9985037135834
 30
0.0
 40
38.78494811294969
  1
<b
 50
359.98689797854706
  7
PLAT
 72
1
 11
3906.586667052832
 21
3378.9985037135834
 31
0.0
100
AcDbText
 73
2
  0
TEXT
  5
321
330
17
100
AcDbEntity
  8
PLAT-TEXT-LOWCONF
100
AcDbText
 10
2499.564850953271
 20
3403.10424820184
 30
0.0
 40
8.3364713796184
  1
2
 50
299.53340643504356
  7
PLAT
 72
1
 11
2499.564850953271
 21
3403.10424820184
 31
0.0
100
AcDbText
 73
2
  0
TEXT
  5
322
330
17
100
AcDbEntity
  8
PLAT-TEXT-LOWCONF
100
AcDbText
 10
61.09054070765251
 20
3396.3778668842847
 30
0.0
 40
23.400000000000002
  1
Ti
 50
89.98689797854706
  7
PLAT
 72
1
 11
61.09054070765251
 21
3396.3778668842847
 31
0.0
100
AcDbText
 73
2
  0
TEXT
  5
323
330
17
100
AcDbEntity
  8
PLAT-TEXT-LOWCONF
100
AcDbText
 10
3993.589180185672
 20
3389.9786088392207
 30
0.0
 40
13.5
  1
eae
 50
359.98689797854706
  7
PLAT
 72
1
 11
3993.589180185672
 21
3389.9786088392207
 31
0.0
100
AcDbText
 73
2
  0
TEXT
  5
324
330
17
100
AcDbEntity
  8
PLAT-TEXT-LOWCONF
100
AcDbText
 10
2129.0793959777757
 20
3347.4049715383494
 30
0.0
 40
38.78494811294969
  1
BN
 50
359.98689797854706
  7
PLAT
 72
1
 11
2129.0793959777757
 21
3347.4049715383494
 31
0.0
100
AcDbText
 73
2
  0
TEXT
  5
325
330
17
100
AcDbEntity
  8
PLAT-TEXT-LOWCONF
100
AcDbText
 10
2153.4765458797574
 20
3346.897472890963
 30
0.0
 40
20.75568400724542
  1
eS
 50
91.05737686201383
  7
PLAT
 72
1
 11
2153.4765458797574
 21
3346.897472890963
 31
0.0
100
AcDbText
 73
2
  0
TEXT
  5
326
330
17
100
AcDbEntity
  8
PLAT-TEXT-LOWCONF
100
AcDbText
 10
2251.109372355704
 20
3377.381616955454
 30
0.0
 40
21.16845923548982
  1
187%%d35'30"E
 50
359.8103946093673
  7
PLAT
 72
1
 11
2251.109372355704
 21
3377.381616955454
 31
0.0
100
AcDbText
 73
2
  0
TEXT
  5
327
330
17
100
AcDbEntity
  8
PLAT-TEXT-UNASSOC
100
AcDbText
 10
2405.582640752317
 20
3377.2492966049954
 30
0.0
 40
21.301228851284613
  1
- 180.0
 50
0.4911707717860736
  7
PLAT
 72
1
 11
2405.582640752317
 21
3377.2492966049954
 31
0.0
100
AcDbText
 73
2
  0
TEXT
  5
328
330
17
100
AcDbEntity
  8
PLAT-TEXT-MISC
100
AcDbText
 10
2553.086130757597
 20
3376.8080132407736
 30
0.0
 40
19.8
  1
she
 50
359.98689797854706
  7
PLAT
 72
1
 11
2553.086130757597
 21
3376.8080132407736
 31
0.0
100
AcDbText
 73
2
  0
TEXT
  5
329
330
17
100
AcDbEntity
  8
PLAT-TEXT-MISC
100
AcDbText
 10
2651.077853729398
 20
3376.227350582891
 30
0.0
 40
20.579059422113346
  1
fish Dr &
 50
359.1508195273071
  7
PLAT
 72
1
 11
2651.077853729398
 21
3376.227350582891
 31
0.0
100
AcDbText
 73
2
  0
TEXT
  5
32A
330
17
100
AcDbEntity
  8
PLAT-TEXT-LOWCONF
100
AcDbText
 10
2517.527723693972
 20
3325.1942831434517
 30
0.0
 40
38.78494811294969
  1
PORN:
 50
55.31143246739367
  7
PLAT
 72
1
 11
2517.527723693972
 21
3325.1942831434517
 31
0.0
100
AcDbText
 73
2
  0
TEXT
  5
32B
330
17
100
AcDbEntity
  8
PLAT-TEXT-MISC
100
AcDbText
 10
2817.560970583898
 20
3373.455233423006
 30
0.0
 40
24.946350434410128
  1
Mangrove &
 50
359.56226669041604
  7
PLAT
 72
1
 11
2817.560970583898
 21
3373.455233423006
 31
0.0
100
AcDbText
 73
2
  0
TEXT
  5
32C
330
17
100
AcDbEntity
  8
PLAT-TEXT-LOWCONF
100
AcDbText
 10
3779.0870133965336
 20
3380.5276595342707
 30
0.0
 40
9.0
  1
aa
 50
359.98689797854706
  7
PLAT
 72
1
 11
3779.0870133965336
 21
3380.5276595342707
 31
0.0
100
AcDbText
 73
2
  0
TEXT
  5
32D
330
17
100
AcDbEntity
  8
PLAT-TEXT-LOWCONF
100
AcDbText
 10
3730.5867859911923
 20
3379.5387502208514
 30
0.0
 40
10.0
  1
7
 50
359.98689797854706
  7
PLAT
 72
1
 11
3730.5867859911923
 21
3379.5387502208514
 31
0.0
100
AcDbText
 73
2
  0
TEXT
  5
32E
330
17
100
AcDbEntity
  8
PLAT-TEXT-LOWCONF
100
AcDbText
 10
2558.1630829040505
 20
3339.7477531528475
 30
0.0
 40
31.63186045583363
  1
ANG
 50
55.31143246739367
  7
PLAT
 72
1
 11
2558.1630829040505
 21
3339.7477531528475
 31
0.0
100
AcDbText
 73
2
  0
TEXT
  5
32F
330
17
100
AcDbEntity
  8
PLAT-TEXT-MISC
100
AcDbText
 10
2905.0838348201773
 20
3366.72752046155
 30
0.0
 40
27.0
  1
Ave
 50
359.98689797854706
  7
PLAT
 72
1
 11
2905.0838348201773
 21
3366.72752046155
 31
0.0
100
AcDbText
 73
2
  0
TEXT
  5
330
330
17
100
AcDbEntity
  8
PLAT-TEXT-LOWCONF
100
AcDbText
 10
2927.085434958848
 20
3373.7224894634865
 30
0.0
 40
14.4
  1
fe,
 50
359.98689797854706
  7
PLAT
 72
1
 11
2927.085434958848
 21
3373.7224894634865
 31
0.0
100
AcDbText
 73
2
  0
TEXT
  5
331
330
17
100
AcDbEntity
  8
PLAT-TEXT-LOWCONF
100
AcDbText
 10
3633.586102507098
 20
3376.5609316201585
 30
0.0
 40
9.0
  1
aa
 50
359.98689797854706
  7
PLAT
 72
1
 11
3633.586102507098
 21
3376.5609316201585
 31
0.0
100
AcDbText
 73
2
  0
TEXT
  5
332
330
17
100
AcDbEntity
  8
PLAT-TEXT-LOWCONF
100
AcDbText
 10
3584.58587511483
 20
3375.5721366434445
 30
0.0
 40
9.0
  1
a:
 50
359.98689797854706
  7
PLAT
 72
1
 11
3584.58587511483
 21
3375.5721366434445
 31
0.0
100
AcDbText
 73
2
  0
TEXT
  5
333
330
17
100
AcDbEntity
  8
PLAT-TEXT-LOWCONF
100
AcDbText
 10
3342.0842807413005
 20
3368.627590128639
 30
0.0
 40
9.0
  1
Ww
 50
359.98689797854706
  7
PLAT
 72
1
 11
3342.0842807413005
 21
3368.627590128639
 31
0.0
100
AcDbText
 73
2
  0
TEXT
  5
334
330
17
100
AcDbEntity
  8
PLAT-TEXT-LOWCONF
100
AcDbText
 10
3293.5840533359587
 20
3367.6386808152197
 30
0.0
 40
9.0
  1
a
 50
359.98689797854706
  7
PLAT
 72
1
 11
3293.5840533359587
 21
3367.6386808152197
 31
0.0
100
AcDbText
 73
2
  0
TEXT
  5
335
330
17
100
AcDbEntity
  8
PLAT-TEXT-LOWCONF
100
AcDbText
 10
3196.583369851865
 20
3364.660862214527
 30
0.0
 40
9.0
  1
aa
 50
359.98689797854706
  7
PLAT
 72
1
 11
3196.583369851865
 21
3364.660862214527
 31
0.0
100
AcDbText
 73
2
  0
TEXT
  5
336
330
17
100
AcDbEntity
  8
PLAT-TEXT-LOWCONF
100
AcDbText
 10
3099.0828007175496
 20
3362.183157937466
 30
0.0
 40
9.9
  1
wa
 50
359.98689797854706
  7
PLAT
 72
1
 11
3099.0828007175496
 21
3362.183157937466
 31
0.0
100
AcDbText
 73
2
  0
TEXT
  5
337
330
17
100
AcDbEntity
  8
PLAT-TEXT-LOWCONF
100
AcDbText
 10
3147.5831424595963
 20
3363.672067237813
 30
0.0
 40
9.0
  1
Ww
 50
359.98689797854706
  7
PLAT
 72
1
 11
3147.5831424595963
 21
3363.672067237813
 31
0.0
100
AcDbText
 73
2
  0
TEXT
  5
338
330
17
100
AcDbEntity
  8
PLAT-TEXT-LOWCONF
100
AcDbText
 10
69.08127922533959
 20
3355.8760385559
 30
0.0
 40
21.0
  1
6
 50
89.98689797854706
  7
PLAT
 72
1
 11
69.08127922533959
 21
3355.8760385559
 31
0.0
100
AcDbText
 73
2
  0
TEXT
  5
339
330
17
100
AcDbEntity
  8
PLAT-TEXT-LOWCONF
100
AcDbText
 10
2856.582006700959
 20
3358.7386113311504
 30
0.0
 40
14.4
  1
‘am
 50
359.98689797854706
  7
PLAT
 72
1
 11
2856.582006700959
 21
3358.7386113311504
 31
0.0
100
AcDbText
 73
2
  0
TEXT
  5
33A
330
17
100
AcDbEntity
  8
PLAT-TEXT-LOWCONF
100
AcDbText
 10
3002.082231570161
 20
3359.7053393237
 30
0.0
 40
9.0
  1
i}
 50
359.98689797854706
  7
PLAT
 72
1
 11
3002.082231570161
 21
3359.7053393237
 31
0.0
100
AcDbText
 73
2
  0
TEXT
  5
33B
330
17
100
AcDbEntity
  8
PLAT-TEXT-LOWCONF
100
AcDbText
 10
2318.0636774872128
 20
3344.846384720502
 30
0.0
 40
30.008761533316353
  1
TRIER
 50
0.4239302028703946
  7
PLAT
 72
1
 11
2318.0636774872128
 21
3344.846384720502
 31
0.0
100
AcDbText
 73
2
  0
TEXT
  5
33C
330
17
100
AcDbEntity
  8
PLAT-TEXT-LOWCONF
100
AcDbText
 10
2205.416947406844
 20
3345.234345010761
 30
0.0
 40
35.90264826443594
  1
Qe
 50
352.66701292780726
  7
PLAT
 72
1
 11
2205.416947406844
 21
3345.234345010761
 31
0.0
100
AcDbText
 73
2
  0
TEXT
  5
33D
330
17
100
AcDbEntity
  8
PLAT-TEXT-LOWCONF
100
AcDbText
 10
2807.5809789517516
 20
3354.2498164459466
 30
0.0
 40
9.9
  1
ae
 50
359.98689797854706
  7
PLAT
 72
1
 11
2807.5809789517516
 21
3354.2498164459466
 31
0.0
100
AcDbText
 73
2
  0
TEXT
  5
33E
330
17
100
AcDbEntity
  8
PLAT-TEXT-LOWCONF
100
AcDbText
 10
2759.080637209705
 20
3352.7609071456004
 30
0.0
 40
9.0
  1
=a
 50
359.98689797854706
  7
PLAT
 72
1
 11
2759.080637209705
 21
3352.7609071456004
 31
0.0
100
AcDbText
 73
2
  0
TEXT
  5
33F
330
17
100
AcDbEntity
  8
PLAT-TEXT-LOWCONF
100
AcDbText
 10
2418.078245054595
 20
3342.338885053291
 30
0.0
 40
9.9
  1
wa
 50
359.98689797854706
  7
PLAT
 72
1
 11
2418.078245054595
 21
3342.338885053291
 31
0.0
100
AcDbText
 73
2
  0
TEXT
  5
340
330
17
100
AcDbEntity
  8
PLAT-TEXT-LOWCONF
100
AcDbText
 10
64.57533383430882
 20
3329.8770682660393
 30
0.0
 40
19.0
  1
3
 50
359.98689797854706
  7
PLAT
 72
1
 11
64.57533383430882
 21
3329.8770682660393
 31
0.0
100
AcDbText
 73
2
  0
TEXT
  5
341
330
17
100
AcDbEntity
  8
PLAT-TEXT-LOTNO
100
AcDbText
 10
3864.573062082998
 20
3319.5081095525197
 30
0.0
 40
32.0
  1
4
 50
359.98689797854706
  7
PLAT
 72
1
 11
3864.573062082998
 21
3319.5081095525197
 31
0.0
100
AcDbText
 73
2
  0
TEXT
  5
342
330
17
100
AcDbEntity
  8
PLAT-TEXT-MISC
100
AcDbText
 10
2328.59599477158
 20
3315.322679496283
 30
0.0
 40
20.059994144298077
  1
Yellish Dr & West Boun
 50
359.73593834124125
  7
PLAT
 72
1
 11
2328.59599477158
 21
3315.322679496283
 31
0.0
100
AcDbText
 73
2
  0
TEXT
  5
343
330
17
100
AcDbEntity
  8
PLAT-TEXT-MISC
100
AcDbText
 10
2639.5718923296026
 20
3313.7881494962166
 30
0.0
 40
23.420839924114397
  1
(Course 2)
 50
359.99665335754196
  7
PLAT
 72
1
 11
2639.5718923296026
 21
3313.7881494962166
 31
0.0
100
AcDbText
 73
2
  0
TEXT
  5
344
330
17
100
AcDbEntity
  8
PLAT-TEXT-LOWCONF
100
AcDbText
 10
69.06618678021186
 20
3289.87604028152
 30
0.0
 40
18.900000000000002
  1
Ig
 50
89.98689797854706
  7
PLAT
 72
1
 11
69.06618678021186
 21
3289.87604028152
 31
0.0
100
AcDbText
 73
2
  0
TEXT
  5
345
330
17
100
AcDbEntity
  8
PLAT-TEXT-LOWCONF
100
AcDbText
 10
3836.0640302284164
 20
3280.0146277774916
 30
0.0
 40
29.7
  1
N
 50
89.98689797854706
  7
PLAT
 72
1
 11
3836.0640302284164
 21
3280.0146277774916
 31
0.0
100
AcDbText
 73
2
  0
TEXT
  5
346
330
17
100
AcDbEntity
  8
PLAT-TEXT-LOWCONF
100
AcDbText
 10
60.56001282035277
 20
3262.8779847114497
 30
0.0
 40
18.900000000000002
  1
id:
 50
89.98689797854706
  7
PLAT
 72
1
 11
60.56001282035277
 21
3262.8779847114497
 31
0.0
100
AcDbText
 73
2
  0
TEXT
  5
347
330
17
100
AcDbEntity
  8
PLAT-TEXT-LOWCONF
100
AcDbText
 10
3808.054884024057
 20
3240.021031678831
 30
0.0
 40
29.7
  1
N
 50
89.98689797854706
  7
PLAT
 72
1
 11
3808.054884024057
 21
3240.021031678831
 31
0.0
100
AcDbText
 73
2
  0
TEXT
  5
348
330
17
100
AcDbEntity
  8
PLAT-TEXT-LOWCONF
100
AcDbText
 10
65.05395285730492
 20
3236.376956373963
 30
0.0
 40
18.0
  1
AY
 50
89.98689797854706
  7
PLAT
 72
1
 11
65.05395285730492
 21
3236.376956373963
 31
0.0
100
AcDbText
 73
2
  0
TEXT
  5
349
330
17
100
AcDbEntity
  8
PLAT-TEXT-LOWCONF
100
AcDbText
 10
61.0489221468456
 20
3214.3778716428137
 30
0.0
 40
16.2
  1
14
 50
89.98689797854706
  7
PLAT
 72
1
 11
61.0489221468456
 21
3214.3778716428137
 31
0.0
100
AcDbText
 73
2
  0
TEXT
  5
34A
330
17
100
AcDbEntity
  8
PLAT-TEXT-LOWCONF
100
AcDbText
 10
3758.351503372194
 20
3196.5840289462294
 30
0.0
 40
31.763596844164752
  1
Drive
 50
4.622833009518558
  7
PLAT
 72
1
 11
3758.351503372194
 21
3196.5840289462294
 31
0.0
100
AcDbText
 73
2
  0
TEXT
  5
34B
330
17
100
AcDbEntity
  8
PLAT-TEXT-MISC
100
AcDbText
 10
3674.0580586286505
 20
3194.0512968654266
 30
0.0
 40
23.921685410864637
  1
Keel
 50
358.41733561389117
  7
PLAT
 72
1
 11
3674.0580586286505
 21
3194.0512968654266
 31
0.0
100
AcDbText
 73
2
  0
TEXT
  5
34C
330
17
100
AcDbEntity
  8
PLAT-TEXT-LOWCONF
100
AcDbText
 10
64.53988945559968
 20
3174.877072318633
 30
0.0
 40
18.900000000000002
  1
S
 50
359.98689797854706
  7
PLAT
 72
1
 11
64.53988945559968
 21
3174.877072318633
 31
0.0
100
AcDbText
 73
2
  0
TEXT
  5
34D
330
17
100
AcDbEntity
  8
PLAT-TEXT-LOWCONF
100
AcDbText
 10
3660.9005585065024
 20
3159.2032300876454
 30
0.0
 40
29.9227360980864
  1
(S35%%d18' 200 -
 50
1.0043830434497067
  7
PLAT
 72
1
 11
3660.9005585065024
 21
3159.2032300876454
 31
0.0
100
AcDbText
 73
2
  0
TEXT
  5
34E
330
17
100
AcDbEntity
  8
PLAT-TEXT-UNASSOC
100
AcDbText
 10
3836.5687806620745
 20
3156.000498210765
 30
0.0
 40
21.087975003870046
  1
380.0'
 50
359.66999204386684
  7
PLAT
 72
1
 11
3836.5687806620745
 21
3156.000498210765
 31
0.0
100
AcDbText
 73
2
  0
TEXT
  5
34F
330
17
100
AcDbEntity
  8
PLAT-TEXT-MISC
100
AcDbText
 10
4055.5494236551513
 20
3155.837470235728
 30
0.0
 40
20.6148805572748
  1
‘eel Drive Curve BT,
 50
0.4722984919827695
  7
PLAT
 72
1
 11
4055.5494236551513
 21
3155.837470235728
 31
0.0
100
AcDbText
 73
2
  0
TEXT
  5
350
330
17
100
AcDbEntity
  8
PLAT-TEXT-LOWCONF
100
AcDbText
 10
64.53577333420117
 20
3156.8770727892565
 30
0.0
 40
11.700000000000001
  1
a
 50
359.98689797854706
  7
PLAT
 72
1
 11
64.53577333420117
 21
3156.8770727892565
 31
0.0
100
AcDbText
 73
2
  0
TEXT
  5
351
330
17
100
AcDbEntity
  8
PLAT-TEXT-LOWCONF
100
AcDbText
 10
3725.51195922468
 20
3136.440344048812
 30
0.0
 40
14.647419409110553
  1
) a,
 50
344.6536350709662
  7
PLAT
 72
1
 11
3725.51195922468
 21
3136.440344048812
 31
0.0
100
AcDbText
 73
2
  0
TEXT
  5
352
330
17
100
AcDbEntity
  8
PLAT-TEXT-LOWCONF
100
AcDbText
 10
64.53039950904213
 20
3133.377073403682
 30
0.0
 40
19.8
  1
v
 50
359.98689797854706
  7
PLAT
 72
1
 11
64.53039950904213
 21
3133.377073403682
 31
0.0
100
AcDbText
 73
2
  0
TEXT
  5
353
330
17
100
AcDbEntity
  8
PLAT-TEXT-LOWCONF
100
AcDbText
 10
3794.849227149595
 20
3120.934296172415
 30
0.0
 40
14.385967762203261
  1
seees c
 50
2.599491461204991
  7
PLAT
 72
1
 11
3794.849227149595
 21
3120.934296172415
 31
0.0
100
AcDbText
 73
2
  0
TEXT
  5
354
330
17
100
AcDbEntity
  8
PLAT-TEXT-LOWCONF
100
AcDbText
 10
61.02411108174874
 20
3105.877874479629
 30
0.0
 40
22.5
  1
17
 50
89.98689797854706
  7
PLAT
 72
1
 11
61.02411108174874
 21
3105.877874479629
 31
0.0
100
AcDbText
 73
2
  0
TEXT
  5
355
330
17
100
AcDbEntity
  8
PLAT-TEXT-LOWCONF
100
AcDbText
 10
3718.522872086559
 20
3100.041501609525
 30
0.0
 40
15.3
  1
av
 50
359.98689797854706
  7
PLAT
 72
1
 11
3718.522872086559
 21
3100.041501609525
 31
0.0
100
AcDbText
 73
2
  0
TEXT
  5
356
330
17
100
AcDbEntity
  8
PLAT-TEXT-LOWCONF
100
AcDbText
 10
3840.6247484747587
 20
3080.1356278219546
 30
0.0
 40
38.78494811294969
  1
Se
 50
49.40332962099524
  7
PLAT
 72
1
 11
3840.6247484747587
 21
3080.1356278219546
 31
0.0
100
AcDbText
 73
2
  0
TEXT
  5
357
330
17
100
AcDbEntity
  8
PLAT-TEXT-MISC
100
AcDbText
 10
3981.1358289636787
 20
3081.2402437279034
 30
0.0
 40
25.684969942785067
  1
PAA
 50
356.17294169715296
  7
PLAT
 72
1
 11
3981.1358289636787
 21
3081.2402437279034
 31
0.0
100
AcDbText
 73
2
  0
TEXT
  5
358
330
17
100
AcDbEntity
  8
PLAT-TEXT-LOWCONF
100
AcDbText
 10
3681.514069127628
 20
3061.549963532345
 30
0.0
 40
9.0
  1
s
 50
359.98689797854706
  7
PLAT
 72
1
 11
3681.514069127628
 21
3061.549963532345
 31
0.0
100
AcDbText
 73
2
  0
TEXT
  5
359
330
17
100
AcDbEntity
  8
PLAT-TEXT-LOTNO
100
AcDbText
 10
3667.5082383216873
 20
3036.0531656268163
 30
0.0
 40
43.094386792166326
  1
7
 50
359.98689797854706
  7
PLAT
 72
1
 11
3667.5082383216873
 21
3036.0531656268163
 31
0.0
100
AcDbText
 73
2
  0
TEXT
  5
35A
330
17
100
AcDbEntity
  8
PLAT-TEXT-LOWCONF
100
AcDbText
 10
3964.003060354762
 20
3035.419662809798
 30
0.0
 40
38.78494811294969
  1
|Kee| Drive Projected P.I.
 50
0.29602519646113024
  7
PLAT
 72
1
 11
3964.003060354762
 21
3035.419662809798
 31
0.0
100
AcDbText
 73
2
  0
TEXT
  5
35B
330
17
100
AcDbEntity
  8
PLAT-TEXT-CURVE
100
AcDbText
 10
4278.021846703228
 20
3041.9175307603973
 30
0.0
 40
27.33813236679342
  1
(T=70.64')
 50
359.52017577518035
  7
PLAT
 72
1
 11
4278.021846703228
 21
3041.9175307603973
 31
0.0
100
AcDbText
 73
2
  0
TEXT
  5
35C
330
17
100
AcDbEntity
  8
PLAT-TEXT-LOWCONF
100
AcDbText
 10
60.50810395604958
 20
3035.8779906465384
 30
0.0
 40
21.0
  1
5
 50
359.98689797854706
  7
PLAT
 72
1
 11
60.50810395604958
 21
3035.8779906465384
 31
0.0
100
AcDbText
 73
2
  0
TEXT
  5
35D
330
17
100
AcDbEntity
  8
PLAT-TEXT-LOWCONF
100
AcDbText
 10
3742.005766710704
 20
3024.5335240287727
 30
0.0
 40
19.80191079477571
  1
Saud 192,
 50
359.9832116917634
  7
PLAT
 72
1
 11
3742.005766710704
 21
3024.5335240287727
 31
0.0
100
AcDbText
 73
2
  0
TEXT
  5
35E
330
17
100
AcDbEntity
  8
PLAT-TEXT-LOWCONF
100
AcDbText
 10
3869.0046921064204
 20
3021.507088379589
 30
0.0
 40
14.40301098304168
  1
VE
 50
359.9832116917634
  7
PLAT
 72
1
 11
3869.0046921064204
 21
3021.507088379589
 31
0.0
100
AcDbText
 73
2
  0
TEXT
  5
35F
330
17
100
AcDbEntity
  8
PLAT-TEXT-LOTNO
100
AcDbText
 10
3635.4997782421437
 20
2999.0604841433624
 30
0.0
 40
39.0
  1
4
 50
359.98689797854706
  7
PLAT
 72
1
 11
3635.4997782421437
 21
2999.0604841433624
 31
0.0
100
AcDbText
 73
2
  0
TEXT
  5
360
330
17
100
AcDbEntity
  8
PLAT-TEXT-LOWCONF
100
AcDbText
 10
61.444497970743214
 20
2998.546882898499
 30
0.0
 40
24.24059257059356
  1
R
 50
42.598892764461596
  7
PLAT
 72
1
 11
61.444497970743214
 21
2998.546882898499
 31
0.0
100
AcDbText
 73
2
  0
TEXT
  5
361
330
17
100
AcDbEntity
  8
PLAT-TEXT-LOWCONF
100
AcDbText
 10
3615.9957769672933
 20
2981.5649437324287
 30
0.0
 40
10.8
  1
ys
 50
359.98689797854706
  7
PLAT
 72
1
 11
3615.9957769672933
 21
2981.5649437324287
 31
0.0
100
AcDbText
 73
2
  0
TEXT
  5
362
330
17
100
AcDbEntity
  8
PLAT-TEXT-MISC
100
AcDbText
 10
3749.487389126045
 20
2944.0272109180282
 30
0.0
 40
22.50133174861405
  1
fel Drive Curve
 50
359.9832116917634
  7
PLAT
 72
1
 11
3749.487389126045
 21
2944.0272109180282
 31
0.0
100
AcDbText
 73
2
  0
TEXT
  5
363
330
17
100
AcDbEntity
  8
PLAT-TEXT-LOWCONF
100
AcDbText
 10
64.479405338383
 20
2910.3770792341875
 30
0.0
 40
19.8
  1
v
 50
359.98689797854706
  7
PLAT
 72
1
 11
64.479405338383
 21
2910.3770792341875
 31
0.0
100
AcDbText
 73
2
  0
TEXT
  5
364
330
17
100
AcDbEntity
  8
PLAT-TEXT-LOWCONF
100
AcDbText
 10
3954.0353240076865
 20
2905.5327285700378
 30
0.0
 40
26.92880795910797
  1
9
 50
329.2778066461318
  7
PLAT
 72
1
 11
3954.0353240076865
 21
2905.5327285700378
 31
0.0
100
AcDbText
 73
2
  0
TEXT
  5
365
330
17
100
AcDbEntity
  8
PLAT-TEXT-LOWCONF
100
AcDbText
 10
3609.977758870718
 20
2902.5614156649576
 30
0.0
 40
12.18576238317818
  1
1
 50
90.54868043700833
  7
PLAT
 72
1
 11
3609.977758870718
 21
2902.5614156649576
 31
0.0
100
AcDbText
 73
2
  0
TEXT
  5
366
330
17
100
AcDbEntity
  8
PLAT-TEXT-LOWCONF
100
AcDbText
 10
3810.9705034569506
 20
2871.020355306385
 30
0.0
 40
9.9
  1
\o
 50
359.98689797854706
  7
PLAT
 72
1
 11
3810.9705034569506
 21
2871.020355306385
 31
0.0
100
AcDbText
 73
2
  0
TEXT
  5
367
330
17
100
AcDbEntity
  8
PLAT-TEXT-LOWCONF
100
AcDbText
 10
64.46922937159206
 20
2865.877080397674
 30
0.0
 40
13.0
  1
3
 50
359.98689797854706
  7
PLAT
 72
1
 11
64.46922937159206
 21
2865.877080397674
 31
0.0
100
AcDbText
 73
2
  0
TEXT
  5
368
330
17
100
AcDbEntity
  8
PLAT-TEXT-LOWCONF
100
AcDbText
 10
150.38611062674954
 20
2848.469826840879
 30
0.0
 40
32.22237432808733
  1
IG
 50
19.744196720963544
  7
PLAT
 72
1
 11
150.38611062674954
 21
2848.469826840879
 31
0.0
100
AcDbText
 73
2
  0
TEXT
  5
369
330
17
100
AcDbEntity
  8
PLAT-TEXT-LOWCONF
100
AcDbText
 10
3531.481015756434
 20
2848.420335930066
 30
0.0
 40
27.387941705067274
  1
A,
 50
28.493844347825245
  7
PLAT
 72
1
 11
3531.481015756434
 21
2848.420335930066
 31
0.0
100
AcDbText
 73
2
  0
TEXT
  5
36A
330
17
100
AcDbEntity
  8
PLAT-TEXT-LOWCONF
100
AcDbText
 10
3703.7863977415727
 20
2832.400264854976
 30
0.0
 40
38.45629352404261
  1
ays
 50
336.0216737635071
  7
PLAT
 72
1
 11
3703.7863977415727
 21
2832.400264854976
 31
0.0
100
AcDbText
 73
2
  0
TEXT
  5
36B
330
17
100
AcDbEntity
  8
PLAT-TEXT-LOWCONF
100
AcDbText
 10
3747.636933282584
 20
2824.5198470240193
 30
0.0
 40
21.855045822781882
  1
Naa
 50
69.8531130938602
  7
PLAT
 72
1
 11
3747.636933282584
 21
2824.5198470240193
 31
0.0
100
AcDbText
 73
2
  0
TEXT
  5
36C
330
17
100
AcDbEntity
  8
PLAT-TEXT-LOWCONF
100
AcDbText
 10
64.96374119665461
 20
2841.876966688467
 30
0.0
 40
19.0
  1
5
 50
359.98689797854706
  7
PLAT
 72
1
 11
64.96374119665461
 21
2841.876966688467
 31
0.0
100
AcDbText
 73
2
  0
TEXT
  5
36D
330
17
100
AcDbEntity
  8
PLAT-TEXT-MISC
100
AcDbText
 10
3726.4629594437038
 20
2838.039679072427
 30
0.0
 40
9.9
  1
lel
 50
359.98689797854706
  7
PLAT
 72
1
 11
3726.4629594437038
 21
2838.039679072427
 31
0.0
100
AcDbText
 73
2
  0
TEXT
  5
36E
330
17
100
AcDbEntity
  8
PLAT-TEXT-LOWCONF
100
AcDbText
 10
3782.9630723031737
 20
2838.5267590116314
 30
0.0
 40
9.0
  1
wa
 50
359.98689797854706
  7
PLAT
 72
1
 11
3782.9630723031737
 21
2838.5267590116314
 31
0.0
100
AcDbText
 73
2
  0
TEXT
  5
36F
330
17
100
AcDbEntity
  8
PLAT-TEXT-LOWCONF
100
AcDbText
 10
5245.4633298356075
 20
2831.193208245391
 30
0.0
 40
23.3918083074757
  1
ay
 50
359.97241315701615
  7
PLAT
 72
1
 11
5245.4633298356075
 21
2831.193208245391
 31
0.0
100
AcDbText
 73
2
  0
TEXT
  5
370
330
17
100
AcDbEntity
  8
PLAT-TEXT-LOWCONF
100
AcDbText
 10
3601.961933668502
 20
2833.568149029756
 30
0.0
 40
7.2
  1
WU.
 50
359.98689797854706
  7
PLAT
 72
1
 11
3601.961933668502
 21
2833.568149029756
 31
0.0
100
AcDbText
 73
2
  0
TEXT
  5
371
330
17
100
AcDbEntity
  8
PLAT-TEXT-LOWCONF
100
AcDbText
 10
4078.9611173503667
 20
2818.9809387102073
 30
0.0
 40
26.10356620643129
  1
DE-SAC (DOES
 50
359.929941866416
  7
PLAT
 72
1
 11
4078.9611173503667
 21
2818.9809387102073
 31
0.0
100
AcDbText
 73
2
  0
TEXT
  5
372
330
17
100
AcDbEntity
  8
PLAT-TEXT-MISC
100
AcDbText
 10
4331.453751849634
 20
2819.0022364170704
 30
0.0
 40
26.10356620643129
  1
NOT CLOSE)
 50
359.929941866416
  7
PLAT
 72
1
 11
4331.453751849634
 21
2819.0022364170704
 31
0.0
100
AcDbText
 73
2
  0
TEXT
  5
373
330
17
100
AcDbEntity
  8
PLAT-TEXT-LOWCONF
100
AcDbText
 10
5313.4568581049825
 20
2811.1767750619892
 30
0.0
 40
30.6
  1
se
 50
359.98689797854706
  7
PLAT
 72
1
 11
5313.4568581049825
 21
2811.1767750619892
 31
0.0
100
AcDbText
 73
2
  0
TEXT
  5
374
330
17
100
AcDbEntity
  8
PLAT-TEXT-LOWCONF
100
AcDbText
 10
60.457567132212716
 20
2814.8779964247524
 30
0.0
 40
18.900000000000002
  1
S
 50
89.98689797854706
  7
PLAT
 72
1
 11
60.457567132212716
 21
2814.8779964247524
 31
0.0
100
AcDbText
 73
2
  0
TEXT
  5
375
330
17
100
AcDbEntity
  8
PLAT-TEXT-LOWCONF
100
AcDbText
 10
3547.7782255791626
 20
2810.0790554874443
 30
0.0
 40
19.811343880542935
  1
pa
 50
4.582814318161866
  7
PLAT
 72
1
 11
3547.7782255791626
 21
2810.0790554874443
 31
0.0
100
AcDbText
 73
2
  0
TEXT
  5
376
330
17
100
AcDbEntity
  8
PLAT-TEXT-LOWCONF
100
AcDbText
 10
3586.4566745853076
 20
2810.5716940689795
 30
0.0
 40
10.8
  1
S
 50
89.98689797854706
  7
PLAT
 72
1
 11
3586.4566745853076
 21
2810.5716940689795
 31
0.0
100
AcDbText
 73
2
  0
TEXT
  5
377
330
17
100
AcDbEntity
  8
PLAT-TEXT-LOWCONF
100
AcDbText
 10
4269.967028047243
 20
2780.3738640193183
 30
0.0
 40
38.78494811294969
  1
(GESHE SHIVER R=25.07)
 50
0.09042827472330828
  7
PLAT
 72
1
 11
4269.967028047243
 21
2780.3738640193183
 31
0.0
100
AcDbText
 73
2
  0
TEXT
  5
378
330
17
100
AcDbEntity
  8
PLAT-TEXT-LOWCONF
100
AcDbText
 10
3835.730032459665
 20
2781.3550750273525
 30
0.0
 40
23.915801224230005
  1
BASS,
 50
1.9524783310545217
  7
PLAT
 72
1
 11
3835.730032459665
 21
2781.3550750273525
 31
0.0
100
AcDbText
 73
2
  0
TEXT
  5
379
330
17
100
AcDbEntity
  8
PLAT-TEXT-LOWCONF
100
AcDbText
 10
3968.466224165869
 20
2776.950036909493
 30
0.0
 40
29.704831730926653
  1
By
 50
90.09042827472331
  7
PLAT
 72
1
 11
3968.466224165869
 21
2776.950036909493
 31
0.0
100
AcDbText
 73
2
  0
TEXT
  5
37A
330
17
100
AcDbEntity
  8
PLAT-TEXT-LOWCONF
100
AcDbText
 10
3626.949121600149
 20
2777.5660475412633
 30
0.0
 40
16.203227520794112
  1
as
 50
90.09042827472331
  7
PLAT
 72
1
 11
3626.949121600149
 21
2777.5660475412633
 31
0.0
100
AcDbText
 73
2
  0
TEXT
  5
37B
330
17
100
AcDbEntity
  8
PLAT-TEXT-LOWCONF
100
AcDbText
 10
3905.9482692976617
 20
2777.4652039368075
 30
0.0
 40
16.19509627477165
  1
WA
 50
0.09042827472330828
  7
PLAT
 72
1
 11
3905.9482692976617
 21
2777.4652039368075
 31
0.0
100
AcDbText
 73
2
  0
TEXT
  5
37C
330
17
100
AcDbEntity
  8
PLAT-TEXT-LOWCONF
100
AcDbText
 10
3600.445812232243
 20
2763.068493883149
 30
0.0
 40
24.3
  1
ws
 50
359.98689797854706
  7
PLAT
 72
1
 11
3600.445812232243
 21
2763.068493883149
 31
0.0
100
AcDbText
 73
2
  0
TEXT
  5
37D
330
17
100
AcDbEntity
  8
PLAT-TEXT-LOWCONF
100
AcDbText
 10
64.4456760102562
 20
2762.877083090688
 30
0.0
 40
17.1
  1
12:
 50
89.98689797854706
  7
PLAT
 72
1
 11
64.4456760102562
 21
2762.877083090688
 31
0.0
100
AcDbText
 73
2
  0
TEXT
  5
37E
330
17
100
AcDbEntity
  8
PLAT-TEXT-LOWCONF
100
AcDbText
 10
64.44007351168602
 20
2738.377083731259
 30
0.0
 40
16.2
  1
a
 50
359.98689797854706
  7
PLAT
 72
1
 11
64.44007351168602
 21
2738.377083731259
 31
0.0
100
AcDbText
 73
2
  0
TEXT
  5
37F
330
17
100
AcDbEntity
  8
PLAT-TEXT-LOWCONF
100
AcDbText
 10
4664.439267220935
 20
2734.32518611897
 30
0.0
 40
14.4
  1
S
 50
89.98689797854706
  7
PLAT
 72
1
 11
4664.439267220935
 21
2734.32518611897
 31
0.0
100
AcDbText
 73
2
  0
TEXT
  5
380
330
17
100
AcDbEntity
  8
PLAT-TEXT-LOWCONF
100
AcDbText
 10
2510.728125630983
 20
2710.7288405957943
 30
0.0
 40
10.526930150668449
  1
] 7
 50
91.06848899957754
  7
PLAT
 72
1
 11
2510.728125630983
 21
2710.7288405957943
 31
0.0
100
AcDbText
 73
2
  0
TEXT
  5
381
330
17
100
AcDbEntity
  8
PLAT-TEXT-LOWCONF
100
AcDbText
 10
5164.936738727459
 20
2723.210735364354
 30
0.0
 40
7.2
  1
if
 50
359.98689797854706
  7
PLAT
 72
1
 11
5164.936738727459
 21
2723.210735364354
 31
0.0
100
AcDbText
 73
2
  0
TEXT
  5
382
330
17
100
AcDbEntity
  8
PLAT-TEXT-LOWCONF
100
AcDbText
 10
64.43447101311585
 20
2713.8770843718303
 30
0.0
 40
18.900000000000002
  1
01
 50
89.98689797854706
  7
PLAT
 72
1
 11
64.43447101311585
 21
2713.8770843718303
 31
0.0
100
AcDbText
 73
2
  0
TEXT
  5
383
330
17
100
AcDbEntity
  8
PLAT-TEXT-LOWCONF
100
AcDbText
 10
5029.434912882922
 20
2715.2417208207144
 30
0.0
 40
10.8
  1
if
 50
89.98689797854706
  7
PLAT
 72
1
 11
5029.434912882922
 21
2715.2417208207144
 31
0.0
100
AcDbText
 73
2
  0
TEXT
  5
384
330
17
100
AcDbEntity
  8
PLAT-TEXT-LOWCONF
100
AcDbText
 10
2171.9321291768065
 20
2703.395155419548
 30
0.0
 40
27.0
  1
4
 50
89.98689797854706
  7
PLAT
 72
1
 11
2171.9321291768065
 21
2703.395155419548
 31
0.0
100
AcDbText
 73
2
  0
TEXT
  5
385
330
17
100
AcDbEntity
  8
PLAT-TEXT-LOWCONF
100
AcDbText
 10
60.92966896299458
 20
2692.87788527783
 30
0.0
 40
17.1
  1
Le
 50
89.98689797854706
  7
PLAT
 72
1
 11
60.92966896299458
 21
2692.87788527783
 31
0.0
100
AcDbText
 73
2
  0
TEXT
  5
386
330
17
100
AcDbEntity
  8
PLAT-TEXT-LOWCONF
100
AcDbText
 10
5093.056057496433
 20
2679.8235730373326
 30
0.0
 40
8.584395111710567
  1
we
 50
327.8786247710826
  7
PLAT
 72
1
 11
5093.056057496433
 21
2679.8235730373326
 31
0.0
100
AcDbText
 73
2
  0
TEXT
  5
387
330
17
100
AcDbEntity
  8
PLAT-TEXT-LOTNO
100
AcDbText
 10
2211.925725275467
 20
2675.386009215188
 30
0.0
 40
27.0
  1
4
 50
89.98689797854706
  7
PLAT
 72
1
 11
2211.925725275467
 21
2675.386009215188
 31
0.0
100
AcDbText
 73
2
  0
TEXT
  5
388
330
17
100
AcDbEntity
  8
PLAT-TEXT-LOWCONF
100
AcDbText
 10
2251.919207037422
 20
2646.876863023901
 30
0.0
 40
26.0
  1
4
 50
89.98689797854706
  7
PLAT
 72
1
 11
2251.919207037422
 21
2646.876863023901
 31
0.0
100
AcDbText
 73
2
  0
TEXT
  5
389
330
17
100
AcDbEntity
  8
PLAT-TEXT-LOWCONF
100
AcDbText
 10
4595.920860802332
 20
2653.8408523523594
 30
0.0
 40
8.1
  1
Yi
 50
359.98689797854706
  7
PLAT
 72
1
 11
4595.920860802332
 21
2653.8408523523594
 31
0.0
100
AcDbText
 73
2
  0
TEXT
  5
38A
330
17
100
AcDbEntity
  8
PLAT-TEXT-LOWCONF
100
AcDbText
 10
61.418806962897634
 20
2645.3777721830484
 30
0.0
 40
12.6
  1
o
 50
359.98689797854706
  7
PLAT
 72
1
 11
61.418806962897634
 21
2645.3777721830484
 31
0.0
100
AcDbText
 73
2
  0
TEXT
  5
38B
330
17
100
AcDbEntity
  8
PLAT-TEXT-LOWCONF
100
AcDbText
 10
2291.4128031491555
 20
2618.867831156247
 30
0.0
 40
23.400000000000002
  1
N
 50
359.98689797854706
  7
PLAT
 72
1
 11
2291.4128031491555
 21
2618.867831156247
 31
0.0
100
AcDbText
 73
2
  0
TEXT
  5
38C
330
17
100
AcDbEntity
  8
PLAT-TEXT-LOWCONF
100
AcDbText
 10
2330.9062849241836
 20
2590.358799301666
 30
0.0
 40
27.0
  1
4
 50
89.98689797854706
  7
PLAT
 72
1
 11
2330.9062849241836
 21
2590.358799301666
 31
0.0
100
AcDbText
 73
2
  0
TEXT
  5
38D
330
17
100
AcDbEntity
  8
PLAT-TEXT-LOWCONF
100
AcDbText
 10
68.90371432167694
 20
2579.3760588580863
 30
0.0
 40
20.0
  1
6!
 50
89.98689797854706
  7
PLAT
 72
1
 11
68.90371432167694
 21
2579.3760588580863
 31
0.0
100
AcDbText
 73
2
  0
TEXT
  5
38E
330
17
100
AcDbEntity
  8
PLAT-TEXT-LOWCONF
100
AcDbText
 10
2370.899881022844
 20
2562.349653097306
 30
0.0
 40
27.0
  1
4
 50
89.98689797854706
  7
PLAT
 72
1
 11
2370.899881022844
 21
2562.349653097306
 31
0.0
100
AcDbText
 73
2
  0
TEXT
  5
38F
330
17
100
AcDbEntity
  8
PLAT-TEXT-LOWCONF
100
AcDbText
 10
3767.5160227675974
 20
2483.807853895484
 30
0.0
 40
7.3569902139478645
  1
ot
 50
324.67419492204317
  7
PLAT
 72
1
 11
3767.5160227675974
 21
2483.807853895484
 31
0.0
100
AcDbText
 73
2
  0
TEXT
  5
390
330
17
100
AcDbEntity
  8
PLAT-TEXT-LOWCONF
100
AcDbText
 10
2449.887073246311
 20
2506.3315893619974
 30
0.0
 40
27.0
  1
4
 50
89.98689797854706
  7
PLAT
 72
1
 11
2449.887073246311
 21
2506.3315893619974
 31
0.0
100
AcDbText
 73
2
  0
TEXT
  5
391
330
17
100
AcDbEntity
  8
PLAT-TEXT-LOTNO
100
AcDbText
 10
2489.3806693580445
 20
2478.3225574943435
 30
0.0
 40
27.0
  1
4
 50
89.98689797854706
  7
PLAT
 72
1
 11
2489.3806693580445
 21
2478.3225574943435
 31
0.0
100
AcDbText
 73
2
  0
TEXT
  5
392
330
17
100
AcDbEntity
  8
PLAT-TEXT-LOWCONF
100
AcDbText
 10
64.3806184248192
 20
2478.377090529158
 30
0.0
 40
12.6
  1
a
 50
359.98689797854706
  7
PLAT
 72
1
 11
64.3806184248192
 21
2478.377090529158
 31
0.0
100
AcDbText
 73
2
  0
TEXT
  5
393
330
17
100
AcDbEntity
  8
PLAT-TEXT-LOTNO
100
AcDbText
 10
2527.8751801895683
 20
2454.3137541955175
 30
0.0
 40
35.0
  1
7
 50
89.98689797854706
  7
PLAT
 72
1
 11
2527.8751801895683
 21
2454.3137541955175
 31
0.0
100
AcDbText
 73
2
  0
TEXT
  5
394
330
17
100
AcDbEntity
  8
PLAT-TEXT-LOWCONF
100
AcDbText
 10
64.37524459965971
 20
2454.8770911435836
 30
0.0
 40
18.900000000000002
  1
10|
 50
89.98689797854706
  7
PLAT
 72
1
 11
64.37524459965971
 21
2454.8770911435836
 31
0.0
100
AcDbText
 73
2
  0
TEXT
  5
395
330
17
100
AcDbEntity
  8
PLAT-TEXT-LOWCONF
100
AcDbText
 10
2568.867861568439
 20
2422.3043794223295
 30
0.0
 40
27.0
  1
4
 50
89.98689797854706
  7
PLAT
 72
1
 11
2568.867861568439
 21
2422.3043794223295
 31
0.0
100
AcDbText
 73
2
  0
TEXT
  5
396
330
17
100
AcDbEntity
  8
PLAT-TEXT-LOWCONF
100
AcDbText
 10
2608.361457680173
 20
2394.2953475546756
 30
0.0
 40
24.3
  1
Ss
 50
359.98689797854706
  7
PLAT
 72
1
 11
2608.361457680173
 21
2394.2953475546756
 31
0.0
100
AcDbText
 73
2
  0
TEXT
  5
397
330
17
100
AcDbEntity
  8
PLAT-TEXT-LOWCONF
100
AcDbText
 10
2647.8550537919064
 20
2366.286315687021
 30
0.0
 40
24.3
  1
N
 50
359.98689797854706
  7
PLAT
 72
1
 11
2647.8550537919064
 21
2366.286315687021
 31
0.0
100
AcDbText
 73
2
  0
TEXT
  5
398
330
17
100
AcDbEntity
  8
PLAT-TEXT-LOWCONF
100
AcDbText
 10
2543.330017534384
 20
2333.4091727585237
 30
0.0
 40
38.78494811294969
  1
SAE
 50
0.20511129992485166
  7
PLAT
 72
1
 11
2543.330017534384
 21
2333.4091727585237
 31
0.0
100
AcDbText
 73
2
  0
TEXT
  5
399
330
17
100
AcDbEntity
  8
PLAT-TEXT-LOWCONF
100
AcDbText
 10
2633.9316524918017
 20
2298.3579365598
 30
0.0
 40
38.78494811294969
  1
fe “1002.25,
 50
1.17790978858568
  7
PLAT
 72
1
 11
2633.9316524918017
 21
2298.3579365598
 31
0.0
100
AcDbText
 73
2
  0
TEXT
  5
39A
330
17
100
AcDbEntity
  8
PLAT-TEXT-LOWCONF
100
AcDbText
 10
2420.8415346562233
 20
2297.961668800797
 30
0.0
 40
25.201351500742863
  1
($01%%d01'40!
 50
0.07475597517219512
  7
PLAT
 72
1
 11
2420.8415346562233
 21
2297.961668800797
 31
0.0
100
AcDbText
 73
2
  0
TEXT
  5
39B
330
17
100
AcDbEntity
  8
PLAT-TEXT-MISC
100
AcDbText
 10
2911.779541643166
 20
2288.525702602947
 30
0.0
 40
21.8362009528837
  1
Horn Avenue
 50
359.19935282752647
  7
PLAT
 72
1
 11
2911.779541643166
 21
2288.525702602947
 31
0.0
100
AcDbText
 73
2
  0
TEXT
  5
39C
330
17
100
AcDbEntity
  8
PLAT-TEXT-LOWCONF
100
AcDbText
 10
2772.2076587255497
 20
2282.333374070713
 30
0.0
 40
24.048470185028346
  1
Ste.
 50
357.4768482710611
  7
PLAT
 72
1
 11
2772.2076587255497
 21
2282.333374070713
 31
0.0
100
AcDbText
 73
2
  0
TEXT
  5
39D
330
17
100
AcDbEntity
  8
PLAT-TEXT-LOWCONF
100
AcDbText
 10
3591.323472192655
 20
2228.0705659318323
 30
0.0
 40
38.78494811294969
  1
S
 50
89.98689797854706
  7
PLAT
 72
1
 11
3591.323472192655
 21
2228.0705659318323
 31
0.0
100
AcDbText
 73
2
  0
TEXT
  5
39E
330
17
100
AcDbEntity
  8
PLAT-TEXT-LOWCONF
100
AcDbText
 10
2795.2993536437343
 20
2251.428916562522
 30
0.0
 40
27.58549987316897
  1
(S54%%d MS 4O"E
 50
0.19319284057780806
  7
PLAT
 72
1
 11
2795.2993536437343
 21
2251.428916562522
 31
0.0
100
AcDbText
 73
2
  0
TEXT
  5
39F
330
17
100
AcDbEntity
  8
PLAT-TEXT-UNASSOC
100
AcDbText
 10
2975.3422759871273
 20
2249.2839387746067
 30
0.0
 40
25.205884225428456
  1
- 800.0')
 50
0.40212727483651634
  7
PLAT
 72
1
 11
2975.3422759871273
 21
2249.2839387746067
 31
0.0
100
AcDbText
 73
2
  0
TEXT
  5
3A0
330
17
100
AcDbEntity
  8
PLAT-TEXT-LOWCONF
100
AcDbText
 10
4264.623265537961
 20
2201.054088554174
 30
0.0
 40
1.6451470078439918
  1
are
 50
54.667895178082574
  7
PLAT
 72
1
 11
4264.623265537961
 21
2201.054088554174
 31
0.0
100
AcDbText
 73
2
  0
TEXT
  5
3A1
330
17
100
AcDbEntity
  8
PLAT-TEXT-LOWCONF
100
AcDbText
 10
1885.8205440299137
 20
2215.4605687742346
 30
0.0
 40
24.3
  1
N
 50
359.98689797854706
  7
PLAT
 72
1
 11
1885.8205440299137
 21
2215.4605687742346
 31
0.0
100
AcDbText
 73
2
  0
TEXT
  5
3A2
330
17
100
AcDbEntity
  8
PLAT-TEXT-LOWCONF
100
AcDbText
 10
1925.8141401285743
 20
2187.451422569875
 30
0.0
 40
24.3
  1
N
 50
359.98689797854706
  7
PLAT
 72
1
 11
1925.8141401285743
 21
2187.451422569875
 31
0.0
100
AcDbText
 73
2
  0
TEXT
  5
3A3
330
17
100
AcDbEntity
  8
PLAT-TEXT-LOWCONF
100
AcDbText
 10
1965.8076218905294
 20
2158.9422763785883
 30
0.0
 40
26.0
  1
4
 50
89.98689797854706
  7
PLAT
 72
1
 11
1965.8076218905294
 21
2158.9422763785883
 31
0.0
100
AcDbText
 73
2
  0
TEXT
  5
3A4
330
17
100
AcDbEntity
  8
PLAT-TEXT-LOWCONF
100
AcDbText
 10
2965.3035939731444
 20
2141.213717761817
 30
0.0
 40
27.0
  1
4
 50
89.98689797854706
  7
PLAT
 72
1
 11
2965.3035939731444
 21
2141.213717761817
 31
0.0
100
AcDbText
 73
2
  0
TEXT
  5
3A5
330
17
100
AcDbEntity
  8
PLAT-TEXT-LOWCONF
100
AcDbText
 10
3004.797190084878
 20
2113.204685894163
 30
0.0
 40
24.3
  1
N
 50
359.98689797854706
  7
PLAT
 72
1
 11
3004.797190084878
 21
2113.204685894163
 31
0.0
100
AcDbText
 73
2
  0
TEXT
  5
3A6
330
17
100
AcDbEntity
  8
PLAT-TEXT-LOWCONF
100
AcDbText
 10
2044.794699777291
 20
2102.4242126563527
 30
0.0
 40
24.3
  1
N
 50
359.98689797854706
  7
PLAT
 72
1
 11
2044.794699777291
 21
2102.4242126563527
 31
0.0
100
AcDbText
 73
2
  0
TEXT
  5
3A7
330
17
100
AcDbEntity
  8
PLAT-TEXT-LOWCONF
100
AcDbText
 10
3083.784382308345
 20
2057.1866221588543
 30
0.0
 40
24.3
  1
N
 50
359.98689797854706
  7
PLAT
 72
1
 11
3083.784382308345
 21
2057.1866221588543
 31
0.0
100
AcDbText
 73
2
  0
TEXT
  5
3A8
330
17
100
AcDbEntity
  8
PLAT-TEXT-LOWCONF
100
AcDbText
 10
3513.7786542303907
 20
2032.088293245757
 30
0.0
 40
38.78494811294969
  1
oN
 50
89.98689797854706
  7
PLAT
 72
1
 11
3513.7786542303907
 21
2032.088293245757
 31
0.0
100
AcDbText
 73
2
  0
TEXT
  5
3A9
330
17
100
AcDbEntity
  8
PLAT-TEXT-LOWCONF
100
AcDbText
 10
3194.0047785839297
 20
2052.593802226092
 30
0.0
 40
38.78494811294969
  1
ot
 50
323.88557169287105
  7
PLAT
 72
1
 11
3194.0047785839297
 21
2052.593802226092
 31
0.0
100
AcDbText
 73
2
  0
TEXT
  5
3AA
330
17
100
AcDbEntity
  8
PLAT-TEXT-MISC
100
AcDbText
 10
3367.278812133298
 20
2054.139466564046
 30
0.0
 40
19.58297481883316
  1
Horn Ave Curve P,
 50
0.17115869068936718
  7
PLAT
 72
1
 11
3367.278812133298
 21
2054.139466564046
 31
0.0
100
AcDbText
 73
2
  0
TEXT
  5
3AB
330
17
100
AcDbEntity
  8
PLAT-TEXT-LOWCONF
100
AcDbText
 10
3505.8845189157355
 20
2051.1292696729593
 30
0.0
 40
19.242135580721254
  1
A
 50
325.64300301673785
  7
PLAT
 72
1
 11
3505.8845189157355
 21
2051.1292696729593
 31
0.0
100
AcDbText
 73
2
  0
TEXT
  5
3AC
330
17
100
AcDbEntity
  8
PLAT-TEXT-LOWCONF
100
AcDbText
 10
3112.27980809497
 20
2037.1801054895557
 30
0.0
 40
9.9
  1
a
 50
359.98689797854706
  7
PLAT
 72
1
 11
3112.27980809497
 21
2037.1801054895557
 31
0.0
100
AcDbText
 73
2
  0
TEXT
  5
3AD
330
17
100
AcDbEntity
  8
PLAT-TEXT-LOWCONF
100
AcDbText
 10
2163.775488099419
 20
2018.3970027166847
 30
0.0
 40
24.3
  1
N
 50
359.98689797854706
  7
PLAT
 72
1
 11
2163.775488099419
 21
2018.3970027166847
 31
0.0
100
AcDbText
 73
2
  0
TEXT
  5
3AE
330
17
100
AcDbEntity
  8
PLAT-TEXT-MISC
100
AcDbText
 10
3595.2631017541744
 20
1965.0692228735265
 30
0.0
 40
27.91327903177906
  1
Cape Horn Avenue Curv:
 50
359.9842726020762
  7
PLAT
 72
1
 11
3595.2631017541744
 21
1965.0692228735265
 31
0.0
100
AcDbText
 73
2
  0
TEXT
  5
3AF
330
17
100
AcDbEntity
  8
PLAT-TEXT-LOWCONF
100
AcDbText
 10
2242.762680322886
 20
1962.3789389813765
 30
0.0
 40
24.3
  1
N
 50
359.98689797854706
  7
PLAT
 72
1
 11
2242.762680322886
 21
1962.3789389813765
 31
0.0
100
AcDbText
 73
2
  0
TEXT
  5
3B0
330
17
100
AcDbEntity
  8
PLAT-TEXT-MISC
100
AcDbText
 10
3822.2710520802384
 20
1949.4963632052284
 30
0.0
 40
25.933814986292678
  1
ve Cu
 50
1.225883879348146
  7
PLAT
 72
1
 11
3822.2710520802384
 21
1949.4963632052284
 31
0.0
100
AcDbText
 73
2
  0
TEXT
  5
3B1
330
17
100
AcDbEntity
  8
PLAT-TEXT-LOWCONF
100
AcDbText
 10
2282.7552473911965
 20
1929.8697928946726
 30
0.0
 40
32.4
  1
a
 50
89.98689797854706
  7
PLAT
 72
1
 11
2282.7552473911965
 21
1929.8697928946726
 31
0.0
100
AcDbText
 73
2
  0
TEXT
  5
3B2
330
17
100
AcDbEntity
  8
PLAT-TEXT-LOWCONF
100
AcDbText
 10
3689.7461468412357
 20
1930.9193537412648
 30
0.0
 40
27.302933699545346
  1
ane dQSeeh
 50
359.51088938201724
  7
PLAT
 72
1
 11
3689.7461468412357
 21
1930.9193537412648
 31
0.0
100
AcDbText
 73
2
  0
TEXT
  5
3B3
330
17
100
AcDbEntity
  8
PLAT-TEXT-LOWCONF
100
AcDbText
 10
3884.5043854911805
 20
1932.7936227099863
 30
0.0
 40
21.443368392704468
  1
“Lrve PT.
 50
4.412446380928827
  7
PLAT
 72
1
 11
3884.5043854911805
 21
1932.7936227099863
 31
0.0
100
AcDbText
 73
2
  0
TEXT
  5
3B4
330
17
100
AcDbEntity
  8
PLAT-TEXT-LOWCONF
100
AcDbText
 10
3462.269992121396
 20
1928.9004148297665
 30
0.0
 40
27.88964184199073
  1
‘327.
 50
4.265059684371067
  7
PLAT
 72
1
 11
3462.269992121396
 21
1928.9004148297665
 31
0.0
100
AcDbText
 73
2
  0
TEXT
  5
3B5
330
17
100
AcDbEntity
  8
PLAT-TEXT-LOWCONF
100
AcDbText
 10
3516.144905395275
 20
1924.8755997150374
 30
0.0
 40
21.973666778189184
  1
19,
 50
32.144274958486676
  7
PLAT
 72
1
 11
3516.144905395275
 21
1924.8755997150374
 31
0.0
100
AcDbText
 73
2
  0
TEXT
  5
3B6
330
17
100
AcDbEntity
  8
PLAT-TEXT-LOWCONF
100
AcDbText
 10
3561.256700341008
 20
1936.0774337687265
 30
0.0
 40
8.1
  1
A
 50
359.98689797854706
  7
PLAT
 72
1
 11
3561.256700341008
 21
1936.0774337687265
 31
0.0
100
AcDbText
 73
2
  0
TEXT
  5
3B7
330
17
100
AcDbEntity
  8
PLAT-TEXT-LOWCONF
100
AcDbText
 10
2461.729501838274
 20
1920.6889084027466
 30
0.0
 40
31.54063226805359
  1
anupay eiopen|i
 50
359.6595814018784
  7
PLAT
 72
1
 11
2461.729501838274
 21
1920.6889084027466
 31
0.0
100
AcDbText
 73
2
  0
TEXT
  5
3B8
330
17
100
AcDbEntity
  8
PLAT-TEXT-LOWCONF
100
AcDbText
 10
2251.852585408996
 20
1920.7831312776927
 30
0.0
 40
22.05784763077125
  1
Sat
 50
346.2365550942895
  7
PLAT
 72
1
 11
2251.852585408996
 21
1920.7831312776927
 31
0.0
100
AcDbText
 73
2
  0
TEXT
  5
3B9
330
17
100
AcDbEntity
  8
PLAT-TEXT-LOWCONF
100
AcDbText
 10
2320.7494152256763
 20
1904.3611039717705
 30
0.0
 40
38.78494811294969
  1
wt
 50
89.98689797854706
  7
PLAT
 72
1
 11
2320.7494152256763
 21
1904.3611039717705
 31
0.0
100
AcDbText
 73
2
  0
TEXT
  5
3BA
330
17
100
AcDbEntity
  8
PLAT-TEXT-LOWCONF
100
AcDbText
 10
3304.3603954498185
 20
1911.7038552889612
 30
0.0
 40
30.07321158448982
  1
al
 50
340.1068500162966
  7
PLAT
 72
1
 11
3304.3603954498185
 21
1911.7038552889612
 31
0.0
100
AcDbText
 73
2
  0
TEXT
  5
3BB
330
17
100
AcDbEntity
  8
PLAT-TEXT-LOWCONF
100
AcDbText
 10
2274.358133861737
 20
1885.6911233278472
 30
0.0
 40
25.214015988131123
  1
(954%%d,
 50
2.953078054843786
  7
PLAT
 72
1
 11
2274.358133861737
 21
1885.6911233278472
 31
0.0
100
AcDbText
 73
2
  0
TEXT
  5
3BC
330
17
100
AcDbEntity
  8
PLAT-TEXT-LOWCONF
100
AcDbText
 10
2517.179073075882
 20
1876.767599425195
 30
0.0
 40
38.78494811294969
  1
- 6540)
 50
359.18031108899777
  7
PLAT
 72
1
 11
2517.179073075882
 21
1876.767599425195
 31
0.0
100
AcDbText
 73
2
  0
TEXT
  5
3BD
330
17
100
AcDbEntity
  8
PLAT-TEXT-LOWCONF
100
AcDbText
 10
2390.940496410296
 20
1883.1455741250716
 30
0.0
 40
30.616193824674955
  1
3.00%;
 50
4.138202013063278
  7
PLAT
 72
1
 11
2390.940496410296
 21
1883.1455741250716
 31
0.0
100
AcDbText
 73
2
  0
TEXT
  5
3BE
330
17
100
AcDbEntity
  8
PLAT-TEXT-LOWCONF
100
AcDbText
 10
2363.2467843702543
 20
1892.8513856524783
 30
0.0
 40
8.0
  1
“4
 50
89.98689797854706
  7
PLAT
 72
1
 11
2363.2467843702543
 21
1892.8513856524783
 31
0.0
100
AcDbText
 73
2
  0
TEXT
  5
3BF
330
17
100
AcDbEntity
  8
PLAT-TEXT-LOWCONF
100
AcDbText
 10
3311.4950043927347
 20
1878.1819843099897
 30
0.0
 40
20.710359557607344
  1
“sy
 50
70.10685001629662
  7
PLAT
 72
1
 11
3311.4950043927347
 21
1878.1819843099897
 31
0.0
100
AcDbText
 73
2
  0
TEXT
  5
3C0
330
17
100
AcDbEntity
  8
PLAT-TEXT-LOWCONF
100
AcDbText
 10
3425.3397253221538
 20
1882.0504455562052
 30
0.0
 40
11.245475316419654
  1
4
 50
88.39951970154965
  7
PLAT
 72
1
 11
3425.3397253221538
 21
1882.0504455562052
 31
0.0
100
AcDbText
 73
2
  0
TEXT
  5
3C1
330
17
100
AcDbEntity
  8
PLAT-TEXT-LOWCONF
100
AcDbText
 10
2401.737064743674
 20
1850.3425828373486
 30
0.0
 40
24.3
  1
N
 50
359.98689797854706
  7
PLAT
 72
1
 11
2401.737064743674
 21
1850.3425828373486
 31
0.0
100
AcDbText
 73
2
  0
TEXT
  5
3C2
330
17
100
AcDbEntity
  8
PLAT-TEXT-LOWCONF
100
AcDbText
 10
3579.2369169549274
 20
1845.073320318603
 30
0.0
 40
15.328171822756095
  1
Peas
 50
0.016301170864664982
  7
PLAT
 72
1
 11
3579.2369169549274
 21
1845.073320318603
 31
0.0
100
AcDbText
 73
2
  0
TEXT
  5
3C3
330
17
100
AcDbEntity
  8
PLAT-TEXT-LOWCONF
100
AcDbText
 10
2441.230546518702
 20
1821.8335509827673
 30
0.0
 40
26.0
  1
4
 50
89.98689797854706
  7
PLAT
 72
1
 11
2441.230546518702
 21
1821.8335509827673
 31
0.0
100
AcDbText
 73
2
  0
TEXT
  5
3C4
330
17
100
AcDbEntity
  8
PLAT-TEXT-LOWCONF
100
AcDbText
 10
3441.323532617213
 20
1781.9008045512007
 30
0.0
 40
38.78494811294969
  1
A,
 50
82.16187103283863
  7
PLAT
 72
1
 11
3441.323532617213
 21
1781.9008045512007
 31
0.0
100
AcDbText
 73
2
  0
TEXT
  5
3C5
330
17
100
AcDbEntity
  8
PLAT-TEXT-LOWCONF
100
AcDbText
 10
3362.22880738787
 20
1814.1229429673042
 30
0.0
 40
23.0
  1
3
 50
89.98689797854706
  7
PLAT
 72
1
 11
3362.22880738787
 21
1814.1229429673042
 31
0.0
100
AcDbText
 73
2
  0
TEXT
  5
3C6
330
17
100
AcDbEntity
  8
PLAT-TEXT-LOWCONF
100
AcDbText
 10
2480.724256967141
 20
1794.3245191020403
 30
0.0
 40
24.3
  1
N
 50
359.98689797854706
  7
PLAT
 72
1
 11
2480.724256967141
 21
1794.3245191020403
 31
0.0
100
AcDbText
 73
2
  0
TEXT
  5
3C7
330
17
100
AcDbEntity
  8
PLAT-TEXT-LOWCONF
100
AcDbText
 10
2520.719225106268
 20
1772.3153727408062
 30
0.0
 40
35.1
  1
bn
 50
89.98689797854706
  7
PLAT
 72
1
 11
2520.719225106268
 21
1772.3153727408062
 31
0.0
100
AcDbText
 73
2
  0
TEXT
  5
3C8
330
17
100
AcDbEntity
  8
PLAT-TEXT-LOWCONF
100
AcDbText
 10
3480.720114699978
 20
1776.0958461616365
 30
0.0
 40
24.3
  1
N
 50
359.98689797854706
  7
PLAT
 72
1
 11
3480.720114699978
 21
1776.0958461616365
 31
0.0
100
AcDbText
 73
2
  0
TEXT
  5
3C9
330
17
100
AcDbEntity
  8
PLAT-TEXT-LOWCONF
100
AcDbText
 10
156.61667943178418
 20
1764.5612361488143
 30
0.0
 40
36.947085523851456
  1
\S3
 50
341.12216631172714
  7
PLAT
 72
1
 11
156.61667943178418
 21
1764.5612361488143
 31
0.0
100
AcDbText
 73
2
  0
TEXT
  5
3CA
330
17
100
AcDbEntity
  8
PLAT-TEXT-LOTNO
100
AcDbText
 10
3520.2137108117113
 20
1748.0868142939826
 30
0.0
 40
27.0
  1
4
 50
89.98689797854706
  7
PLAT
 72
1
 11
3520.2137108117113
 21
1748.0868142939826
 31
0.0
100
AcDbText
 73
2
  0
TEXT
  5
3CB
330
17
100
AcDbEntity
  8
PLAT-TEXT-LOWCONF
100
AcDbText
 10
2560.2113348408297
 20
1737.8063410430996
 30
0.0
 40
23.400000000000002
  1
N
 50
359.98689797854706
  7
PLAT
 72
1
 11
2560.2113348408297
 21
1737.8063410430996
 31
0.0
100
AcDbText
 73
2
  0
TEXT
  5
3CC
330
17
100
AcDbEntity
  8
PLAT-TEXT-LOWCONF
100
AcDbText
 10
3687.8451452665045
 20
1727.2868982175637
 30
0.0
 40
30.73261178548983
  1
TAL xavannoal 4.
 50
1.1407483212359466
  7
PLAT
 72
1
 11
3687.8451452665045
 21
1727.2868982175637
 31
0.0
100
AcDbText
 73
2
  0
TEXT
  5
3CD
330
17
100
AcDbEntity
  8
PLAT-TEXT-LOWCONF
100
AcDbText
 10
3485.7079948784644
 20
1723.094704180307
 30
0.0
 40
8.1
  1
A,
 50
89.98689797854706
  7
PLAT
 72
1
 11
3485.7079948784644
 21
1723.094704180307
 31
0.0
100
AcDbText
 73
2
  0
TEXT
  5
3CE
330
17
100
AcDbEntity
  8
PLAT-TEXT-LOWCONF
100
AcDbText
 10
2599.7048166158575
 20
1709.297309188518
 30
0.0
 40
24.3
  1
N
 50
359.98689797854706
  7
PLAT
 72
1
 11
2599.7048166158575
 21
1709.297309188518
 31
0.0
100
AcDbText
 73
2
  0
TEXT
  5
3CF
330
17
100
AcDbEntity
  8
PLAT-TEXT-LOWCONF
100
AcDbText
 10
3591.7051336893755
 20
1710.57046512556
 30
0.0
 40
14.0
  1
1,
 50
359.98689797854706
  7
PLAT
 72
1
 11
3591.7051336893755
 21
1710.57046512556
 31
0.0
100
AcDbText
 73
2
  0
TEXT
  5
3D0
330
17
100
AcDbEntity
  8
PLAT-TEXT-MISC
100
AcDbText
 10
3978.7025842421153
 20
1693.633686872269
 30
0.0
 40
25.03690670890575
  1
iN Cape Horn Ave & Unit One Matchline (P.R.M. Monument)
 50
0.027613475254554487
  7
PLAT
 72
1
 11
3978.7025842421153
 21
1693.633686872269
 31
0.0
100
AcDbText
 73
2
  0
TEXT
  5
3D1
330
17
100
AcDbEntity
  8
PLAT-TEXT-LOWCONF
100
AcDbText
 10
2639.6984127145183
 20
1681.2881629841584
 30
0.0
 40
24.3
  1
N
 50
359.98689797854706
  7
PLAT
 72
1
 11
2639.6984127145183
 21
1681.2881629841584
 31
0.0
100
AcDbText
 73
2
  0
TEXT
  5
3D2
330
17
100
AcDbEntity
  8
PLAT-TEXT-LOWCONF
100
AcDbText
 10
2679.192008826252
 20
1653.2791311165042
 30
0.0
 40
24.3
  1
N
 50
359.98689797854706
  7
PLAT
 72
1
 11
2679.192008826252
 21
1653.2791311165042
 31
0.0
100
AcDbText
 73
2
  0
TEXT
  5
3D3
330
17
100
AcDbEntity
  8
PLAT-TEXT-LOWCONF
100
AcDbText
 10
2718.6856049379853
 20
1625.27009924885
 30
0.0
 40
27.0
  1
4
 50
89.98689797854706
  7
PLAT
 72
1
 11
2718.6856049379853
 21
1625.27009924885
 31
0.0
100
AcDbText
 73
2
  0
TEXT
  5
3D4
330
17
100
AcDbEntity
  8
PLAT-TEXT-LOTNO
100
AcDbText
 10
2758.679201036646
 20
1597.2609530444902
 30
0.0
 40
27.0
  1
4
 50
89.98689797854706
  7
PLAT
 72
1
 11
2758.679201036646
 21
1597.2609530444902
 31
0.0
100
AcDbText
 73
2
  0
TEXT
  5
3D5
330
17
100
AcDbEntity
  8
PLAT-TEXT-LOWCONF
100
AcDbText
 10
3358.663406883826
 20
1528.1237508019315
 30
0.0
 40
9.0
  1
“4
 50
359.98689797854706
  7
PLAT
 72
1
 11
3358.663406883826
 21
1528.1237508019315
 31
0.0
100
AcDbText
 73
2
  0
TEXT
  5
3D6
330
17
100
AcDbEntity
  8
PLAT-TEXT-LOTNO
100
AcDbText
 10
2877.1599893718467
 20
1513.233857441528
 30
0.0
 40
27.0
  1
7
 50
89.98689797854706
  7
PLAT
 72
1
 11
2877.1599893718467
 21
1513.233857441528
 31
0.0
100
AcDbText
 73
2
  0
TEXT
  5
3D7
330
17
100
AcDbEntity
  8
PLAT-TEXT-LOWCONF
100
AcDbText
 10
3354.7053456084072
 20
1509.3747863433155
 30
0.0
 40
23.164624956967756
  1
th
 50
346.1577367575831
  7
PLAT
 72
1
 11
3354.7053456084072
 21
1509.3747863433155
 31
0.0
100
AcDbText
 73
2
  0
TEXT
  5
3D8
330
17
100
AcDbEntity
  8
PLAT-TEXT-LOWCONF
100
AcDbText
 10
2916.65358548358
 20
1485.2248255738737
 30
0.0
 40
24.3
  1
N
 50
359.98689797854706
  7
PLAT
 72
1
 11
2916.65358548358
 21
1485.2248255738737
 31
0.0
100
AcDbText
 73
2
  0
TEXT
  5
3D9
330
17
100
AcDbEntity
  8
PLAT-TEXT-LOWCONF
100
AcDbText
 10
3561.6454673398207
 20
1467.1841661745043
 30
0.0
 40
23.405455392228202
  1
(aanye AMY,
 50
0.3654682573431387
  7
PLAT
 72
1
 11
3561.6454673398207
 21
1467.1841661745043
 31
0.0
100
AcDbText
 73
2
  0
TEXT
  5
3DA
330
17
100
AcDbEntity
  8
PLAT-TEXT-LOWCONF
100
AcDbText
 10
2969.646723895524
 20
1455.212706667462
 30
0.0
 40
27.900000000000002
  1
SSN
 50
359.98689797854706
  7
PLAT
 72
1
 11
2969.646723895524
 21
1455.212706667462
 31
0.0
100
AcDbText
 73
2
  0
TEXT
  5
3DB
330
17
100
AcDbEntity
  8
PLAT-TEXT-LOWCONF
100
AcDbText
 10
3026.488434211047
 20
1405.8005870789386
 30
0.0
 40
15.923844445461278
  1
Feel
 50
321.07979098283363
  7
PLAT
 72
1
 11
3026.488434211047
 21
1405.8005870789386
 31
0.0
100
AcDbText
 73
2
  0
TEXT
  5
3DC
330
17
100
AcDbEntity
  8
PLAT-TEXT-LOWCONF
100
AcDbText
 10
3583.1143040966053
 20
1343.6010224898594
 30
0.0
 40
33.43846288811957
  1
ee AEE!
 50
0.7361858249474835
  7
PLAT
 72
1
 11
3583.1143040966053
 21
1343.6010224898594
 31
0.0
100
AcDbText
 73
2
  0
TEXT
  5
3DD
330
17
100
AcDbEntity
  8
PLAT-TEXT-LOWCONF
100
AcDbText
 10
3860.6221019888962
 20
1348.5075982864835
 30
0.0
 40
27.012772026077627
  1
NPB of Tangency)
 50
359.99090337999627
  7
PLAT
 72
1
 11
3860.6221019888962
 21
1348.5075982864835
 31
0.0
100
AcDbText
 73
2
  0
TEXT
  5
3DE
330
17
100
AcDbEntity
  8
PLAT-TEXT-MISC
100
AcDbText
 10
3264.1203331007914
 20
1339.1423288458857
 30
0.0
 40
22.527587509035428
  1
ian Salvi
 50
359.9703288002853
  7
PLAT
 72
1
 11
3264.1203331007914
 21
1339.1423288458857
 31
0.0
100
AcDbText
 73
2
  0
TEXT
  5
3DF
330
17
100
AcDbEntity
  8
PLAT-TEXT-LOWCONF
100
AcDbText
 10
3134.114362306885
 20
1313.6750935909738
 30
0.0
 40
14.4
  1
o
 50
89.98689797854706
  7
PLAT
 72
1
 11
3134.114362306885
 21
1313.6750935909738
 31
0.0
100
AcDbText
 73
2
  0
TEXT
  5
3E0
330
17
100
AcDbEntity
  8
PLAT-TEXT-LOWCONF
100
AcDbText
 10
3239.3091990641133
 20
1317.250131313512
 30
0.0
 40
20.504961168955937
  1
Bee
 50
342.04232956067744
  7
PLAT
 72
1
 11
3239.3091990641133
 21
1317.250131313512
 31
0.0
100
AcDbText
 73
2
  0
TEXT
  5
3E1
330
17
100
AcDbEntity
  8
PLAT-TEXT-LOWCONF
100
AcDbText
 10
3309.1152420935105
 20
1318.1349311079307
 30
0.0
 40
8.11717738956838
  1
ise.
 50
359.9703288002853
  7
PLAT
 72
1
 11
3309.1152420935105
 21
1318.1349311079307
 31
0.0
100
AcDbText
 73
2
  0
TEXT
  5
3E2
330
17
100
AcDbEntity
  8
PLAT-TEXT-LOWCONF
100
AcDbText
 10
3200.115046601498
 20
1316.6600010674085
 30
0.0
 40
7.2
  1
v a \
 50
89.98689797854706
  7
PLAT
 72
1
 11
3200.115046601498
 21
1316.6600010674085
 31
0.0
100
AcDbText
 73
2
  0
TEXT
  5
3E3
330
17
100
AcDbEntity
  8
PLAT-TEXT-LOWCONF
100
AcDbText
 10
3281.609098961931
 20
1290.6413648641999
 30
0.0
 40
36.0
  1
(go:
 50
89.98689797854706
  7
PLAT
 72
1
 11
3281.609098961931
 21
1290.6413648641999
 31
0.0
100
AcDbText
 73
2
  0
TEXT
  5
3E4
330
17
100
AcDbEntity
  8
PLAT-TEXT-LOWCONF
100
AcDbText
 10
3210.630379411654
 20
1297.6758305933029
 30
0.0
 40
11.441572871643725
  1
rea
 50
357.8128256134475
  7
PLAT
 72
1
 11
3210.630379411654
 21
1297.6758305933029
 31
0.0
100
AcDbText
 73
2
  0
TEXT
  5
3E5
330
17
100
AcDbEntity
  8
PLAT-TEXT-LOWCONF
100
AcDbText
 10
3421.6107429614226
 20
1297.6044482301822
 30
0.0
 40
10.967186144860362
  1
Th
 50
90.54868043700827
  7
PLAT
 72
1
 11
3421.6107429614226
 21
1297.6044482301822
 31
0.0
100
AcDbText
 73
2
  0
TEXT
  5
3E6
330
17
100
AcDbEntity
  8
PLAT-TEXT-LOWCONF
100
AcDbText
 10
3158.4137169979817
 20
1264.2644993696986
 30
0.0
 40
38.78494811294969
  1
oy
 50
81.78659769162113
  7
PLAT
 72
1
 11
3158.4137169979817
 21
1264.2644993696986
 31
0.0
100
AcDbText
 73
2
  0
TEXT
  5
3E7
330
17
100
AcDbEntity
  8
PLAT-TEXT-MISC
100
AcDbText
 10
3009.5977183218683
 20
1257.6673466279235
 30
0.0
 40
21.821147712757384
  1
Surfwood Avenu:
 50
0.06100222477493844
  7
PLAT
 72
1
 11
3009.5977183218683
 21
1257.6673466279235
 31
0.0
100
AcDbText
 73
2
  0
TEXT
  5
3E8
330
17
100
AcDbEntity
  8
PLAT-TEXT-MISC
100
AcDbText
 10
2343.0883437951584
 20
1249.3783273975514
 30
0.0
 40
22.548727459144153
  1
Surfwood Avenue
 50
359.54894905966705
  7
PLAT
 72
1
 11
2343.0883437951584
 21
1249.3783273975514
 31
0.0
100
AcDbText
 73
2
  0
TEXT
  5
3E9
330
17
100
AcDbEntity
  8
PLAT-TEXT-LOWCONF
100
AcDbText
 10
3800.0979382998225
 20
1240.022398064448
 30
0.0
 40
20.71298984862456
  1
Yas G3:
 50
359.9960865969973
  7
PLAT
 72
1
 11
3800.0979382998225
 21
1240.022398064448
 31
0.0
100
AcDbText
 73
2
  0
TEXT
  5
3EA
330
17
100
AcDbEntity
  8
PLAT-TEXT-LOWCONF
100
AcDbText
 10
3916.0914369096445
 20
1238.5406272050852
 30
0.0
 40
26.495988611264252
  1
:4fwood)
 50
359.2620629699216
  7
PLAT
 72
1
 11
3916.0914369096445
 21
1238.5406272050852
 31
0.0
100
AcDbText
 73
2
  0
TEXT
  5
3EB
330
17
100
AcDbEntity
  8
PLAT-TEXT-LOWCONF
100
AcDbText
 10
3521.1200469071537
 20
1241.5104627993933
 30
0.0
 40
8.130008962831775
  1
res
 50
2.1912567260073956
  7
PLAT
 72
1
 11
3521.1200469071537
 21
1241.5104627993933
 31
0.0
100
AcDbText
 73
2
  0
TEXT
  5
3EC
330
17
100
AcDbEntity
  8
PLAT-TEXT-LOWCONF
100
AcDbText
 10
3330.9419753352813
 20
1237.1517958937857
 30
0.0
 40
17.503520148865793
  1
pa
 50
342.04232956067744
  7
PLAT
 72
1
 11
3330.9419753352813
 21
1237.1517958937857
 31
0.0
100
AcDbText
 73
2
  0
TEXT
  5
3ED
330
17
100
AcDbEntity
  8
PLAT-TEXT-LOWCONF
100
AcDbText
 10
2539.087666054586
 20
1227.4779821386544
 30
0.0
 40
8.080208515054464
  1
S
 50
317.37925565532
  7
PLAT
 72
1
 11
2539.087666054586
 21
1227.4779821386544
 31
0.0
100
AcDbText
 73
2
  0
TEXT
  5
3EE
330
17
100
AcDbEntity
  8
PLAT-TEXT-LOWCONF
100
AcDbText
 10
2809.629343825704
 20
1209.6026112899353
 30
0.0
 40
38.78494811294969
  1
Surfwood Ave & MaliROd BA0"E 7
 50
0.693137806406412
  7
PLAT
 72
1
 11
2809.629343825704
 21
1209.6026112899353
 31
0.0
100
AcDbText
 73
2
  0
TEXT
  5
3EF
330
17
100
AcDbEntity
  8
PLAT-TEXT-LOWCONF
100
AcDbText
 10
2976.594471838084
 20
1226.7111119278923
 30
0.0
 40
7.2
  1
ye
 50
359.98689797854706
  7
PLAT
 72
1
 11
2976.594471838084
 21
1226.7111119278923
 31
0.0
100
AcDbText
 73
2
  0
TEXT
  5
3F0
330
17
100
AcDbEntity
  8
PLAT-TEXT-LOWCONF
100
AcDbText
 10
2210.8080114899017
 20
1200.296831788462
 30
0.0
 40
38.78494811294969
  1
Ba
 50
356.0644017542661
  7
PLAT
 72
1
 11
2210.8080114899017
 21
1200.296831788462
 31
0.0
100
AcDbText
 73
2
  0
TEXT
  5
3F1
330
17
100
AcDbEntity
  8
PLAT-TEXT-LOWCONF
100
AcDbText
 10
2247.592432837647
 20
1217.877815079843
 30
0.0
 40
10.0
  1
0!
 50
359.98689797854706
  7
PLAT
 72
1
 11
2247.592432837647
 21
1217.877815079843
 31
0.0
100
AcDbText
 73
2
  0
TEXT
  5
3F2
330
17
100
AcDbEntity
  8
PLAT-TEXT-LOWCONF
100
AcDbText
 10
2369.411961077979
 20
1206.860587557899
 30
0.0
 40
38.78494811294969
  1
BSR 260.0
 50
6.88197526659286
  7
PLAT
 72
1
 11
2369.411961077979
 21
1206.860587557899
 31
0.0
100
AcDbText
 73
2
  0
TEXT
  5
3F3
330
17
100
AcDbEntity
  8
PLAT-TEXT-LOWCONF
100
AcDbText
 10
2300.0926601384053
 20
1218.8658096996185
 30
0.0
 40
7.2
  1
. a
 50
359.98689797854706
  7
PLAT
 72
1
 11
2300.0926601384053
 21
1218.8658096996185
 31
0.0
100
AcDbText
 73
2
  0
TEXT
  5
3F4
330
17
100
AcDbEntity
  8
PLAT-TEXT-LOWCONF
100
AcDbText
 10
3642.5894236099616
 20
1204.5588160113548
 30
0.0
 40
31.48383189660723
  1
[SOUNDARY ej
 50
2.1912567260073956
  7
PLAT
 72
1
 11
3642.5894236099616
 21
1204.5588160113548
 31
0.0
100
AcDbText
 73
2
  0
TEXT
  5
3F5
330
17
100
AcDbEntity
  8
PLAT-TEXT-LOWCONF
100
AcDbText
 10
2530.0824781580886
 20
1174.3132159785687
 30
0.0
 40
38.78494811294969
  1
xe
 50
359.98689797854706
  7
PLAT
 72
1
 11
2530.0824781580886
 21
1174.3132159785687
 31
0.0
100
AcDbText
 73
2
  0
TEXT
  5
3F6
330
17
100
AcDbEntity
  8
PLAT-TEXT-LOWCONF
100
AcDbText
 10
2436.0736853762337
 20
1167.5965169768008
 30
0.0
 40
38.78494811294969
  1
18 ‘Xe
 50
77.53787249316696
  7
PLAT
 72
1
 11
2436.0736853762337
 21
1167.5965169768008
 31
0.0
100
AcDbText
 73
2
  0
TEXT
  5
3F7
330
17
100
AcDbEntity
  8
PLAT-TEXT-LOWCONF
100
AcDbText
 10
2389.086140619218
 20
1190.3454585111913
 30
0.0
 40
18.900000000000002
  1
IE,
 50
359.98689797854706
  7
PLAT
 72
1
 11
2389.086140619218
 21
1190.3454585111913
 31
0.0
100
AcDbText
 73
2
  0
TEXT
  5
3F8
330
17
100
AcDbEntity
  8
PLAT-TEXT-LOWCONF
100
AcDbText
 10
3380.5848569919317
 20
1184.6187289679592
 30
0.0
 40
10.0
  1
7
 50
359.98689797854706
  7
PLAT
 72
1
 11
3380.5848569919317
 21
1184.6187289679592
 31
0.0
100
AcDbText
 73
2
  0
TEXT
  5
3F9
330
17
100
AcDbEntity
  8
PLAT-TEXT-LOWCONF
100
AcDbText
 10
3235.0844034493184
 20
1182.6520010015552
 30
0.0
 40
9.0
  1
=a
 50
359.98689797854706
  7
PLAT
 72
1
 11
3235.0844034493184
 21
1182.6520010015552
 31
0.0
100
AcDbText
 73
2
  0
TEXT
  5
3FA
330
17
100
AcDbEntity
  8
PLAT-TEXT-LOWCONF
100
AcDbText
 10
3332.0846295865904
 20
1183.62981965454
 30
0.0
 40
10.0
  1
7
 50
359.98689797854706
  7
PLAT
 72
1
 11
3332.0846295865904
 21
1183.62981965454
 31
0.0
100
AcDbText
 73
2
  0
TEXT
  5
3FB
330
17
100
AcDbEntity
  8
PLAT-TEXT-LOWCONF
100
AcDbText
 10
3016.5795388476567
 20
1180.0478291995842
 30
0.0
 40
10.49387850710707
  1
_ 3) =
 50
0.693137806406412
  7
PLAT
 72
1
 11
3016.5795388476567
 21
1180.0478291995842
 31
0.0
100
AcDbText
 73
2
  0
TEXT
  5
3FC
330
17
100
AcDbEntity
  8
PLAT-TEXT-LOWCONF
100
AcDbText
 10
3138.0841773120464
 20
1181.6741823485709
 30
0.0
 40
9.0
  1
Zz
 50
359.98689797854706
  7
PLAT
 72
1
 11
3138.0841773120464
 21
1181.6741823485709
 31
0.0
100
AcDbText
 73
2
  0
TEXT
  5
3FD
330
17
100
AcDbEntity
  8
PLAT-TEXT-LOWCONF
100
AcDbText
 10
2813.0293742811036
 20
1177.6184178590827
 30
0.0
 40
9.465303620222322
  1
z —
 50
0.6931378064064688
  7
PLAT
 72
1
 11
2813.0293742811036
 21
1177.6184178590827
 31
0.0
100
AcDbText
 73
2
  0
TEXT
  5
3FE
330
17
100
AcDbEntity
  8
PLAT-TEXT-MISC
100
AcDbText
 10
3789.0774099820624
 20
1171.5028501698869
 30
0.0
 40
20.413146875464015
  1
2urfwood Ave & Unit One Matchline
 50
0.07269029912868064
  7
PLAT
 72
1
 11
3789.0774099820624
 21
1171.5028501698869
 31
0.0
100
AcDbText
 73
2
  0
TEXT
  5
3FF
330
17
100
AcDbEntity
  8
PLAT-TEXT-LOWCONF
100
AcDbText
 10
2603.5825905730803
 20
1174.7964084697853
 30
0.0
 40
9.0
  1
Zz
 50
359.98689797854706
  7
PLAT
 72
1
 11
2603.5825905730803
 21
1174.7964084697853
 31
0.0
100
AcDbText
 73
2
  0
TEXT
  5
400
330
17
100
AcDbEntity
  8
PLAT-TEXT-LOWCONF
100
AcDbText
 10
2700.582931047058
 20
1176.2742271096968
 30
0.0
 40
9.0
  1
7
 50
359.98689797854706
  7
PLAT
 72
1
 11
2700.582931047058
 21
1176.2742271096968
 31
0.0
100
AcDbText
 73
2
  0
TEXT
  5
401
330
17
100
AcDbEntity
  8
PLAT-TEXT-LOWCONF
100
AcDbText
 10
2237.8142567084524
 20
1156.5090469745317
 30
0.0
 40
32.3930185217394
  1
Loos
 50
351.7484682037317
  7
PLAT
 72
1
 11
2237.8142567084524
 21
1156.5090469745317
 31
0.0
100
AcDbText
 73
2
  0
TEXT
  5
402
330
17
100
AcDbEntity
  8
PLAT-TEXT-LOWCONF
100
AcDbText
 10
2343.5264787575234
 20
1156.0404216829645
 30
0.0
 40
32.82098798303731
  1
Bane
 50
351.9135128180212
  7
PLAT
 72
1
 11
2343.5264787575234
 21
1156.0404216829645
 31
0.0
100
AcDbText
 73
2
  0
TEXT
  5
403
330
17
100
AcDbEntity
  8
PLAT-TEXT-MISC
100
AcDbText
 10
2674.5475705219906
 20
1153.7305004482885
 30
0.0
 40
25.66132565279325
  1
Tdary (Course 2)
 50
0.693137806406412
  7
PLAT
 72
1
 11
2674.5475705219906
 21
1153.7305004482885
 31
0.0
100
AcDbText
 73
2
  0
TEXT
  5
404
330
17
100
AcDbEntity
  8
PLAT-TEXT-LOWCONF
100
AcDbText
 10
2541.506923511114
 20
1082.778230279389
 30
0.0
 40
38.78494811294969
  1
bes,
 50
359.6749422806297
  7
PLAT
 72
1
 11
2541.506923511114
 21
1082.778230279389
 31
0.0
100
AcDbText
 73
2
  0
TEXT
  5
405
330
17
100
AcDbEntity
  8
PLAT-TEXT-LOWCONF
100
AcDbText
 10
2443.031815804376
 20
1050.2356115820712
 30
0.0
 40
25.209883232801175
  1
(SOLLOL A
 50
0.31410611088426776
  7
PLAT
 72
1
 11
2443.031815804376
 21
1050.2356115820712
 31
0.0
100
AcDbText
 73
2
  0
TEXT
  5
406
330
17
100
AcDbEntity
  8
PLAT-TEXT-LOWCONF
100
AcDbText
 10
2563.913910063113
 20
1052.1407072005043
 30
0.0
 40
21.66735169894527
  1
w
 50
289.4811690396531
  7
PLAT
 72
1
 11
2563.913910063113
 21
1052.1407072005043
 31
0.0
100
AcDbText
 73
2
  0
TEXT
  5
407
330
17
100
AcDbEntity
  8
PLAT-TEXT-MISC
100
AcDbText
 10
6884.032563626202
 20
971.8889584502222
 30
0.0
 40
30.164166282537987
  1
Closed Outer Plat Boundary (Sheet 1 Caption,
 50
0.1232412026105294
  7
PLAT
 72
1
 11
6884.032563626202
 21
971.8889584502222
 31
0.0
100
AcDbText
 73
2
  0
TEXT
  5
408
330
17
100
AcDbEntity
  8
PLAT-TEXT-MISC
100
AcDbText
 10
7367.492369307673
 20
972.7975215695183
 30
0.0
 40
23.449702211556747
  1
27 Courses,
 50
358.19263781675363
  7
PLAT
 72
1
 11
7367.492369307673
 21
972.7975215695183
 31
0.0
100
AcDbText
 73
2
  0
TEXT
  5
409
330
17
100
AcDbEntity
  8
PLAT-TEXT-MISC
100
AcDbText
 10
7599.044601251735
 20
974.7213414532669
 30
0.0
 40
26.12193433025046
  1
0.000' Closure)
 50
359.21609727961857
  7
PLAT
 72
1
 11
7599.044601251735
 21
974.7213414532669
 31
0.0
100
AcDbText
 73
2
  0
TEXT
  5
40A
330
17
100
AcDbEntity
  8
PLAT-TEXT-MISC
100
AcDbText
 10
2875.02947265331
 20
948.2619029849056
 30
0.0
 40
29.011754182231858
  1
Bayou Avenue Corridor
 50
0.1305352704357574
  7
PLAT
 72
1
 11
2875.02947265331
 21
948.2619029849056
 31
0.0
100
AcDbText
 73
2
  0
TEXT
  5
40B
330
17
100
AcDbEntity
  8
PLAT-TEXT-MISC
100
AcDbText
 10
6847.524970633033
 20
923.322898445585
 30
0.0
 40
26.148381100668804
  1
Established Road Centerline (Plat Stated)
 50
359.99207452154087
  7
PLAT
 72
1
 11
6847.524970633033
 21
923.322898445585
 31
0.0
100
AcDbText
 73
2
  0
TEXT
  5
40C
330
17
100
AcDbEntity
  8
PLAT-TEXT-MISC
100
AcDbText
 10
2873.0219850728745
 20
909.7347879141407
 30
0.0
 40
27.828615355783516
  1
[RED ASSUMPTION]
 50
0.1346763458390683
  7
PLAT
 72
1
 11
2873.0219850728745
 21
909.7347879141407
 31
0.0
100
AcDbText
 73
2
  0
TEXT
  5
40D
330
17
100
AcDbEntity
  8
PLAT-TEXT-LOWCONF
100
AcDbText
 10
2588.538368261591
 20
877.90667402793
 30
0.0
 40
19.607838300953265
  1
Be
 50
348.72997440305807
  7
PLAT
 72
1
 11
2588.538368261591
 21
877.90667402793
 31
0.0
100
AcDbText
 73
2
  0
TEXT
  5
40E
330
17
100
AcDbEntity
  8
PLAT-TEXT-LOWCONF
100
AcDbText
 10
2699.015243756612
 20
880.2745778589597
 30
0.0
 40
18.900000000000002
  1
eh
 50
359.98689797854706
  7
PLAT
 72
1
 11
2699.015243756612
 21
880.2745778589597
 31
0.0
100
AcDbText
 73
2
  0
TEXT
  5
40F
330
17
100
AcDbEntity
  8
PLAT-TEXT-LOWCONF
100
AcDbText
 10
2866.940796182843
 20
868.4475223515656
 30
0.0
 40
38.78494811294969
  1
Sa
 50
359.6381920225808
  7
PLAT
 72
1
 11
2866.940796182843
 21
868.4475223515656
 31
0.0
100
AcDbText
 73
2
  0
TEXT
  5
410
330
17
100
AcDbEntity
  8
PLAT-TEXT-MISC
100
AcDbText
 10
3343.517199034842
 20
876.1243427856984
 30
0.0
 40
25.503727260284947
  1
[BOUNDARY TIE]
 50
0.31589642274423113
  7
PLAT
 72
1
 11
3343.517199034842
 21
876.1243427856984
 31
0.0
100
AcDbText
 73
2
  0
TEXT
  5
411
330
17
100
AcDbEntity
  8
PLAT-TEXT-MISC
100
AcDbText
 10
6818.00313371267
 20
872.1950350819457
 30
0.0
 40
29.05523709570587
  1
Assumed / Projected Centerline (RED)
 50
0.16360853896190974
  7
PLAT
 72
1
 11
6818.00313371267
 21
872.1950350819457
 31
0.0
100
AcDbText
 73
2
  0
TEXT
  5
412
330
17
100
AcDbEntity
  8
PLAT-TEXT-LOWCONF
100
AcDbText
 10
2627.060596832358
 20
864.7485825750805
 30
0.0
 40
38.78494811294969
  1
Vs
 50
89.79308515009893
  7
PLAT
 72
1
 11
2627.060596832358
 21
864.7485825750805
 31
0.0
100
AcDbText
 73
2
  0
TEXT
  5
413
330
17
100
AcDbEntity
  8
PLAT-TEXT-LOTNO
100
AcDbText
 10
2557.508044243791
 20
848.8069359702117
 30
0.0
 40
43.094386792166326
  1
4
 50
359.98689797854706
  7
PLAT
 72
1
 11
2557.508044243791
 21
848.8069359702117
 31
0.0
100
AcDbText
 73
2
  0
TEXT
  5
414
330
17
100
AcDbEntity
  8
PLAT-TEXT-LOWCONF
100
AcDbText
 10
6479.514115882199
 20
874.9100781462262
 30
0.0
 40
12.0
  1
1
 50
359.98689797854706
  7
PLAT
 72
1
 11
6479.514115882199
 21
874.9100781462262
 31
0.0
100
AcDbText
 73
2
  0
TEXT
  5
415
330
17
100
AcDbEntity
  8
PLAT-TEXT-MISC
100
AcDbText
 10
3375.981047461368
 20
840.3769615995379
 30
0.0
 40
25.411746451655674
  1
Bayou Ave & Unit Onc
 50
0.32457654948007075
  7
PLAT
 72
1
 11
3375.981047461368
 21
840.3769615995379
 31
0.0
100
AcDbText
 73
2
  0
TEXT
  5
416
330
17
100
AcDbEntity
  8
PLAT-TEXT-MISC
100
AcDbText
 10
3700.4911032797077
 20
841.422417497226
 30
0.0
 40
24.89864097420775
  1
‘Matchiine (Course 8)
 50
359.7065402280277
  7
PLAT
 72
1
 11
3700.4911032797077
 21
841.422417497226
 31
0.0
100
AcDbText
 73
2
  0
TEXT
  5
417
330
17
100
AcDbEntity
  8
PLAT-TEXT-LOWCONF
100
AcDbText
 10
3534.0427764454785
 20
840.5476905702999
 30
0.0
 40
10.921997510650055
  1
m.
 50
90.50640576281
  7
PLAT
 72
1
 11
3534.0427764454785
 21
840.5476905702999
 31
0.0
100
AcDbText
 73
2
  0
TEXT
  5
418
330
17
100
AcDbEntity
  8
PLAT-TEXT-MISC
100
AcDbText
 10
6687.979280491671
 20
821.8592121900319
 30
0.0
 40
29.34868807503229
  1
Right-of-Way Corridor
 50
359.8630158981878
  7
PLAT
 72
1
 11
6687.979280491671
 21
821.8592121900319
 31
0.0
100
AcDbText
 73
2
  0
TEXT
  5
419
330
17
100
AcDbEntity
  8
PLAT-TEXT-MISC
100
AcDbText
 10
6955.3031527109815
 20
822.6267112866999
 30
0.0
 40
28.090619988759286
  1
Boundary
 50
358.8663055883674
  7
PLAT
 72
1
 11
6955.3031527109815
 21
822.6267112866999
 31
0.0
100
AcDbText
 73
2
  0
TEXT
  5
41A
330
17
100
AcDbEntity
  8
PLAT-TEXT-MISC
100
AcDbText
 10
2546.4791265743524
 20
783.7983433536024
 30
0.0
 40
30.639824026700147
  1
Mangrove Avenue
 50
359.666286544611
  7
PLAT
 72
1
 11
2546.4791265743524
 21
783.7983433536024
 31
0.0
100
AcDbText
 73
2
  0
TEXT
  5
41B
330
17
100
AcDbEntity
  8
PLAT-TEXT-MISC
100
AcDbText
 10
6612.9581241934775
 20
771.8909762290791
 30
0.0
 40
28.416641569009908
  1
Projected PA.
 50
0.2519679243177393
  7
PLAT
 72
1
 11
6612.9581241934775
 21
771.8909762290791
 31
0.0
100
AcDbText
 73
2
  0
TEXT
  5
41C
330
17
100
AcDbEntity
  8
PLAT-TEXT-MISC
100
AcDbText
 10
6882.545438288131
 20
771.7253828370244
 30
0.0
 40
29.05957940010804
  1
Tangent Rays (RED,
 50
0.37564138597497276
  7
PLAT
 72
1
 11
6882.545438288131
 21
771.7253828370244
 31
0.0
100
AcDbText
 73
2
  0
TEXT
  5
41D
330
17
100
AcDbEntity
  8
PLAT-TEXT-MISC
100
AcDbText
 10
7095.224530172129
 20
774.612748851242
 30
0.0
 40
25.04867240132025
  1
Rule
 50
356.31605899117596
  7
PLAT
 72
1
 11
7095.224530172129
 21
774.612748851242
 31
0.0
100
AcDbText
 73
2
  0
TEXT
  5
41E
330
17
100
AcDbEntity
  8
PLAT-TEXT-LOWCONF
100
AcDbText
 10
7157.348802252957
 20
773.4983790503811
 30
0.0
 40
29.047245034429782
  1
2)
 50
358.2752746990336
  7
PLAT
 72
1
 11
7157.348802252957
 21
773.4983790503811
 31
0.0
100
AcDbText
 73
2
  0
TEXT
  5
41F
330
17
100
AcDbEntity
  8
PLAT-TEXT-LOWCONF
100
AcDbText
 10
6448.491249351615
 20
774.9171696365447
 30
0.0
 40
7.341332536627447
  1
Sse ea
 50
0.1232412026105294
  7
PLAT
 72
1
 11
6448.491249351615
 21
774.9171696365447
 31
0.0
100
AcDbText
 73
2
  0
TEXT
  5
420
330
17
100
AcDbEntity
  8
PLAT-TEXT-LOWCONF
100
AcDbText
 10
2474.9445573328944
 20
741.6650456572402
 30
0.0
 40
38.78494811294969
  1
aby.t0.10s)
 50
358.0633485771125
  7
PLAT
 72
1
 11
2474.9445573328944
 21
741.6650456572402
 31
0.0
100
AcDbText
 73
2
  0
TEXT
  5
421
330
17
100
AcDbEntity
  8
PLAT-TEXT-UNASSOC
100
AcDbText
 10
2667.4758684395756
 20
746.6014081407111
 30
0.0
 40
25.203241895646872
  1
130.0')
 50
0.2044339326182012
  7
PLAT
 72
1
 11
2667.4758684395756
 21
746.6014081407111
 31
0.0
100
AcDbText
 73
2
  0
TEXT
  5
422
330
17
100
AcDbEntity
  8
PLAT-TEXT-MISC
100
AcDbText
 10
6564.485766842719
 20
724.888277994004
 30
0.0
 40
21.79697524605431
  1
Center
 50
0.1232412026105294
  7
PLAT
 72
1
 11
6564.485766842719
 21
724.888277994004
 31
0.0
100
AcDbText
 73
2
  0
TEXT
  5
423
330
17
100
AcDbEntity
  8
PLAT-TEXT-MISC
100
AcDbText
 10
6717.500344379354
 20
724.5143457833328
 30
0.0
 40
22.0459574881244
  1
ine Curve:
 50
359.54267254080764
  7
PLAT
 72
1
 11
6717.500344379354
 21
724.5143457833328
 31
0.0
100
AcDbText
 73
2
  0
TEXT
  5
424
330
17
100
AcDbEntity
  8
PLAT-TEXT-MISC
100
AcDbText
 10
6838.524106056009
 20
723.6288419102893
 30
0.0
 40
22.11817799857339
  1
San
 50
356.8011943178154
  7
PLAT
 72
1
 11
6838.524106056009
 21
723.6288419102893
 31
0.0
100
AcDbText
 73
2
  0
TEXT
  5
425
330
17
100
AcDbEntity
  8
PLAT-TEXT-MISC
100
AcDbText
 10
7051.480049699713
 20
723.2739633130432
 30
0.0
 40
26.24464023745914
  1
Salvadore Avenue (C_
 50
0.02075225828417615
  7
PLAT
 72
1
 11
7051.480049699713
 21
723.2739633130432
 31
0.0
100
AcDbText
 73
2
  0
TEXT
  5
426
330
17
100
AcDbEntity
  8
PLAT-TEXT-LOWCONF
100
AcDbText
 10
7373.481836715464
 20
724.6956195168473
 30
0.0
 40
22.528381748910707
  1
SANSALVADORE,
 50
0.2169111904608485
  7
PLAT
 72
1
 11
7373.481836715464
 21
724.6956195168473
 31
0.0
100
AcDbText
 73
2
  0
TEXT
  5
427
330
17
100
AcDbEntity
  8
PLAT-TEXT-LOTNO
100
AcDbText
 10
7551.039206006113
 20
724.8248087576694
 30
0.0
 40
29.06655666982551
  1
2
 50
84.84379972871443
  7
PLAT
 72
1
 11
7551.039206006113
 21
724.8248087576694
 31
0.0
100
AcDbText
 73
2
  0
TEXT
  5
428
330
17
100
AcDbEntity
  8
PLAT-TEXT-MISC
100
AcDbText
 10
6564.4743331721675
 20
674.8882793012922
 30
0.0
 40
21.79697524605431
  1
Center
 50
0.1232412026105294
  7
PLAT
 72
1
 11
6564.4743331721675
 21
674.8882793012922
 31
0.0
100
AcDbText
 73
2
  0
TEXT
  5
429
330
17
100
AcDbEntity
  8
PLAT-TEXT-MISC
100
AcDbText
 10
6717.488910708803
 20
674.5143470906214
 30
0.0
 40
22.0459574881244
  1
ine Curve:
 50
359.54267254080764
  7
PLAT
 72
1
 11
6717.488910708803
 21
674.5143470906214
 31
0.0
100
AcDbText
 73
2
  0
TEXT
  5
42A
330
17
100
AcDbEntity
  8
PLAT-TEXT-MISC
100
AcDbText
 10
6953.9616532261325
 20
673.8143371183974
 30
0.0
 40
26.107614584718174
  1
Marina Avenue (C_
 50
359.7368805580557
  7
PLAT
 72
1
 11
6953.9616532261325
 21
673.8143371183974
 31
0.0
100
AcDbText
 73
2
  0
TEXT
  5
42B
330
17
100
AcDbEntity
  8
PLAT-TEXT-MISC
100
AcDbText
 10
7182.967259542379
 20
674.6792723616372
 30
0.0
 40
23.248271225616154
  1
MARINA,
 50
359.09625689178114
  7
PLAT
 72
1
 11
7182.967259542379
 21
674.6792723616372
 31
0.0
100
AcDbText
 73
2
  0
TEXT
  5
42C
330
17
100
AcDbEntity
  8
PLAT-TEXT-LOWCONF
100
AcDbText
 10
7291.516716856249
 20
674.7930219104169
 30
0.0
 40
26.08566440017909
  1
CL)
 50
355.12769083874775
  7
PLAT
 72
1
 11
7291.516716856249
 21
674.7930219104169
 31
0.0
100
AcDbText
 73
2
  0
TEXT
  5
42D
330
17
100
AcDbEntity
  8
PLAT-TEXT-MISC
100
AcDbText
 10
6564.462899501616
 20
624.8882806085803
 30
0.0
 40
21.79697524605431
  1
Center
 50
0.1232412026105294
  7
PLAT
 72
1
 11
6564.462899501616
 21
624.8882806085803
 31
0.0
100
AcDbText
 73
2
  0
TEXT
  5
42E
330
17
100
AcDbEntity
  8
PLAT-TEXT-MISC
100
AcDbText
 10
6717.4771197126365
 20
624.5211488903847
 30
0.0
 40
22.037088190329307
  1
ine Curve:
 50
359.5515196601794
  7
PLAT
 72
1
 11
6717.4771197126365
 21
624.5211488903847
 31
0.0
100
AcDbText
 73
2
  0
TEXT
  5
42F
330
17
100
AcDbEntity
  8
PLAT-TEXT-MISC
100
AcDbText
 10
6842.468205854255
 20
625.3268247442111
 30
0.0
 40
23.739667121737167
  1
Keel
 50
358.70837249912034
  7
PLAT
 72
1
 11
6842.468205854255
 21
625.3268247442111
 31
0.0
100
AcDbText
 73
2
  0
TEXT
  5
430
330
17
100
AcDbEntity
  8
PLAT-TEXT-LOWCONF
100
AcDbText
 10
6954.448653179318
 20
623.4715258277347
 30
0.0
 40
26.10760773079555
  1
Drive (C
 50
359.73711291566565
  7
PLAT
 72
1
 11
6954.448653179318
 21
623.4715258277347
 31
0.0
100
AcDbText
 73
2
  0
TEXT
  5
431
330
17
100
AcDbEntity
  8
PLAT-TEXT-MISC
100
AcDbText
 10
7080.449291531667
 20
624.5684306659964
 30
0.0
 40
23.826279710938152
  1
KEEL
 50
357.85746157791704
  7
PLAT
 72
1
 11
7080.449291531667
 21
624.5684306659964
 31
0.0
100
AcDbText
 73
2
  0
TEXT
  5
432
330
17
100
AcDbEntity
  8
PLAT-TEXT-LOTNO
100
AcDbText
 10
7163.610416296045
 20
624.954175436922
 30
0.0
 40
29.066440426714294
  1
2
 50
84.83102106479782
  7
PLAT
 72
1
 11
7163.610416296045
 21
624.954175436922
 31
0.0
100
AcDbText
 73
2
  0
TEXT
  5
433
330
17
100
AcDbEntity
  8
PLAT-TEXT-LOWCONF
100
AcDbText
 10
2548.948703715868
 20
589.3088864790316
 30
0.0
 40
31.5
  1
x
 50
89.98689797854706
  7
PLAT
 72
1
 11
2548.948703715868
 21
589.3088864790316
 31
0.0
100
AcDbText
 73
2
  0
TEXT
  5
434
330
17
100
AcDbEntity
  8
PLAT-TEXT-LOWCONF
100
AcDbText
 10
2565.945502364938
 20
575.3031904250893
 30
0.0
 40
23.422324878587
  1
VE
 50
90.01651125554031
  7
PLAT
 72
1
 11
2565.945502364938
 21
575.3031904250893
 31
0.0
100
AcDbText
 73
2
  0
TEXT
  5
435
330
17
100
AcDbEntity
  8
PLAT-TEXT-LOWCONF
100
AcDbText
 10
2695.4617350843064
 20
586.2754580759015
 30
0.0
 40
23.59628964917061
  1
"BOUNDARY TIE)
 50
0.3013710836127075
  7
PLAT
 72
1
 11
2695.4617350843064
 21
586.2754580759015
 31
0.0
100
AcDbText
 73
2
  0
TEXT
  5
436
330
17
100
AcDbEntity
  8
PLAT-TEXT-MISC
100
AcDbText
 10
6564.451465831065
 20
574.8882819158689
 30
0.0
 40
21.79697524605431
  1
Center
 50
0.1232412026105294
  7
PLAT
 72
1
 11
6564.451465831065
 21
574.8882819158689
 31
0.0
100
AcDbText
 73
2
  0
TEXT
  5
437
330
17
100
AcDbEntity
  8
PLAT-TEXT-MISC
100
AcDbText
 10
6717.4660433677
 20
574.5143497051977
 30
0.0
 40
22.0459574881244
  1
ine Curve:
 50
359.54267254080764
  7
PLAT
 72
1
 11
6717.4660433677
 21
574.5143497051977
 31
0.0
100
AcDbText
 73
2
  0
TEXT
  5
438
330
17
100
AcDbEntity
  8
PLAT-TEXT-MISC
100
AcDbText
 10
7015.445593088125
 20
573.2639002462174
 30
0.0
 40
26.329245583820676
  1
Beachwood Boulevard (C_
 50
0.03522512935148825
  7
PLAT
 72
1
 11
7015.445593088125
 21
573.2639002462174
 31
0.0
100
AcDbText
 73
2
  0
TEXT
  5
439
330
17
100
AcDbEntity
  8
PLAT-TEXT-LOWCONF
100
AcDbText
 10
7350.943008175813
 20
574.71327762494
 30
0.0
 40
21.7352831802934
  1
BEACAWNOOD,
 50
0.027524048066425166
  7
PLAT
 72
1
 11
7350.943008175813
 21
574.71327762494
 31
0.0
100
AcDbText
 73
2
  0
TEXT
  5
43A
330
17
100
AcDbEntity
  8
PLAT-TEXT-LOWCONF
100
AcDbText
 10
7522.9238439743185
 20
574.6963637995054
 30
0.0
 40
22.063213022802422
  1
BLVD.
 50
0.3969404174221154
  7
PLAT
 72
1
 11
7522.9238439743185
 21
574.6963637995054
 31
0.0
100
AcDbText
 73
2
  0
TEXT
  5
43B
330
17
100
AcDbEntity
  8
PLAT-TEXT-LOWCONF
100
AcDbText
 10
7608.563982528059
 20
574.898430994775
 30
0.0
 40
26.072141971036704
  1
a V,
 50
84.55917001610214
  7
PLAT
 72
1
 11
7608.563982528059
 21
574.898430994775
 31
0.0
100
AcDbText
 73
2
  0
TEXT
  5
43C
330
17
100
AcDbEntity
  8
PLAT-TEXT-LOWCONF
100
AcDbText
 10
2538.4413864412454
 20
557.3112883865119
 30
0.0
 40
11.700000000000001
  1
A
 50
89.98689797854706
  7
PLAT
 72
1
 11
2538.4413864412454
 21
557.3112883865119
 31
0.0
100
AcDbText
 73
2
  0
TEXT
  5
43D
330
17
100
AcDbEntity
  8
PLAT-TEXT-MISC
100
AcDbText
 10
2821.938468261504
 20
551.0966191140396
 30
0.0
 40
24.449611919934803
  1
angrove Ave & Plat South Limit
 50
0.23306837709139927
  7
PLAT
 72
1
 11
2821.938468261504
 21
551.0966191140396
 31
0.0
100
AcDbText
 73
2
  0
TEXT
  5
43E
330
17
100
AcDbEntity
  8
PLAT-TEXT-MISC
100
AcDbText
 10
499.43726707522546
 20
537.3224888905183
 30
0.0
 40
24.97589808477989
  1
TWO - PAGE
 50
359.34319735862385
  7
PLAT
 72
1
 11
499.43726707522546
 21
537.3224888905183
 31
0.0
100
AcDbText
 73
2
  0
TEXT
  5
43F
330
17
100
AcDbEntity
  8
PLAT-TEXT-MISC
100
AcDbText
 10
728.931915308412
 20
537.2250687306187
 30
0.0
 40
23.659751311391876
  1
INTEGRATION:
 50
0.05609183053979905
  7
PLAT
 72
1
 11
728.931915308412
 21
537.2250687306187
 31
0.0
100
AcDbText
 73
2
  0
TEXT
  5
440
330
17
100
AcDbEntity
  8
PLAT-TEXT-MISC
100
AcDbText
 10
6564.4400321605135
 20
524.888283223157
 30
0.0
 40
21.79697524605431
  1
Center
 50
0.1232412026105294
  7
PLAT
 72
1
 11
6564.4400321605135
 21
524.888283223157
 31
0.0
100
AcDbText
 73
2
  0
TEXT
  5
441
330
17
100
AcDbEntity
  8
PLAT-TEXT-MISC
100
AcDbText
 10
6717.454609697149
 20
524.5143510124858
 30
0.0
 40
22.0459574881244
  1
ine Curve:
 50
359.54267254080764
  7
PLAT
 72
1
 11
6717.454609697149
 21
524.5143510124858
 31
0.0
100
AcDbText
 73
2
  0
TEXT
  5
442
330
17
100
AcDbEntity
  8
PLAT-TEXT-MISC
100
AcDbText
 10
6947.433741150843
 20
523.3347526458988
 30
0.0
 40
26.100508206308135
  1
Sands Avenue (C_
 50
359.97068917115377
  7
PLAT
 72
1
 11
6947.433741150843
 21
523.3347526458988
 31
0.0
100
AcDbText
 73
2
  0
TEXT
  5
443
330
17
100
AcDbEntity
  8
PLAT-TEXT-MISC
100
AcDbText
 10
7161.908089780942
 20
524.7539336893065
 30
0.0
 40
21.91466498572416
  1
SANDS.
 50
0.18531517803262432
  7
PLAT
 72
1
 11
7161.908089780942
 21
524.7539336893065
 31
0.0
100
AcDbText
 73
2
  0
TEXT
  5
444
330
17
100
AcDbEntity
  8
PLAT-TEXT-LOWCONF
100
AcDbText
 10
7262.945668278609
 20
524.8621507905004
 30
0.0
 40
26.160683332708512
  1
CL)
 50
354.9447530048907
  7
PLAT
 72
1
 11
7262.945668278609
 21
524.8621507905004
 31
0.0
100
AcDbText
 73
2
  0
TEXT
  5
445
330
17
100
AcDbEntity
  8
PLAT-TEXT-MISC
100
AcDbText
 10
510.4704870733626
 20
493.75608946722105
 30
0.0
 40
24.79400863558515
  1
Sheet
 50
358.2973257465018
  7
PLAT
 72
1
 11
510.4704870733626
 21
493.75608946722105
 31
0.0
100
AcDbText
 73
2
  0
TEXT
  5
446
330
17
100
AcDbEntity
  8
PLAT-TEXT-MISC
100
AcDbText
 10
681.599516138845
 20
489.9174359203248
 30
0.0
 40
28.48591994720418
  1
(Page
 50
355.6644196258224
  7
PLAT
 72
1
 11
681.599516138845
 21
489.9174359203248
 31
0.0
100
AcDbText
 73
2
  0
TEXT
  5
447
330
17
100
AcDbEntity
  8
PLAT-TEXT-LOWCONF
100
AcDbText
 10
781.4000735232808
 20
493.5030509001758
 30
0.0
 40
31.053936978441495
  1
82)
 50
357.83529838795914
  7
PLAT
 72
1
 11
781.4000735232808
 21
493.5030509001758
 31
0.0
100
AcDbText
 73
2
  0
TEXT
  5
448
330
17
100
AcDbEntity
  8
PLAT-TEXT-LOWCONF
100
AcDbText
 10
1381.4215545832317
 20
494.5216778734839
 30
0.0
 40
25.735635606104765
  1
Metes -and-Bounds
 50
359.6910543996662
  7
PLAT
 72
1
 11
1381.4215545832317
 21
494.5216778734839
 31
0.0
100
AcDbText
 73
2
  0
TEXT
  5
449
330
17
100
AcDbEntity
  8
PLAT-TEXT-MISC
100
AcDbText
 10
1655.6984426296235
 20
491.9103150528217
 30
0.0
 40
29.625842612749903
  1
Boundary
 50
358.7552047554372
  7
PLAT
 72
1
 11
1655.6984426296235
 21
491.9103150528217
 31
0.0
100
AcDbText
 73
2
  0
TEXT
  5
44A
330
17
100
AcDbEntity
  8
PLAT-TEXT-LOWCONF
100
AcDbText
 10
1854.4982864143856
 20
494.25892498190933
 30
0.0
 40
31.014815231384027
  1
(8226.67'
 50
1.2604713827249725
  7
PLAT
 72
1
 11
1854.4982864143856
 21
494.25892498190933
 31
0.0
100
AcDbText
 73
2
  0
TEXT
  5
44B
330
17
100
AcDbEntity
  8
PLAT-TEXT-AREA
100
AcDbText
 10
2387.494360771483
 20
492.8931964878234
 30
0.0
 40
27.91716983789853
  1
Acres)
 50
359.3944024516867
  7
PLAT
 72
1
 11
2387.494360771483
 21
492.8931964878234
 31
0.0
100
AcDbText
 73
2
  0
TEXT
  5
44C
330
17
100
AcDbEntity
  8
PLAT-TEXT-LOWCONF
100
AcDbText
 10
595.9269164677935
 20
494.25548814768854
 30
0.0
 40
23.400000000000002
  1
T
 50
359.98689797854706
  7
PLAT
 72
1
 11
595.9269164677935
 21
494.25548814768854
 31
0.0
100
AcDbText
 73
2
  0
TEXT
  5
44D
330
17
100
AcDbEntity
  8
PLAT-TEXT-MISC
100
AcDbText
 10
920.39487874937
 20
493.0811143063838
 30
0.0
 40
24.475692971877823
  1
Parent
 50
358.33241874743345
  7
PLAT
 72
1
 11
920.39487874937
 21
493.0811143063838
 31
0.0
100
AcDbText
 73
2
  0
TEXT
  5
44E
330
17
100
AcDbEntity
  8
PLAT-TEXT-MISC
100
AcDbText
 10
1099.2855572769504
 20
492.7351747668531
 30
0.0
 40
25.176330253395808
  1
27-Course
 50
358.4923604268333
  7
PLAT
 72
1
 11
1099.2855572769504
 21
492.7351747668531
 31
0.0
100
AcDbText
 73
2
  0
TEXT
  5
44F
330
17
100
AcDbEntity
  8
PLAT-TEXT-MISC
100
AcDbText
 10
2065.7694571850316
 20
492.4968486498278
 30
0.0
 40
23.577522527207677
  1
Perimeter
 50
359.0317317004372
  7
PLAT
 72
1
 11
2065.7694571850316
 21
492.4968486498278
 31
0.0
100
AcDbText
 73
2
  0
TEXT
  5
450
330
17
100
AcDbEntity
  8
PLAT-TEXT-UNASSOC
100
AcDbText
 10
2253.9284369378674
 20
493.88403451696695
 30
0.0
 40
23.64911468588044
  1
64.15
 50
359.8106097723771
  7
PLAT
 72
1
 11
2253.9284369378674
 21
493.88403451696695
 31
0.0
100
AcDbText
 73
2
  0
TEXT
  5
451
330
17
100
AcDbEntity
  8
PLAT-TEXT-LOWCONF
100
AcDbText
 10
426.9269208864275
 20
494.29413395415213
 30
0.0
 40
9.0
  1
e
 50
89.98689797854706
  7
PLAT
 72
1
 11
426.9269208864275
 21
494.29413395415213
 31
0.0
100
AcDbText
 73
2
  0
TEXT
  5
452
330
17
100
AcDbEntity
  8
PLAT-TEXT-MISC
100
AcDbText
 10
6564.428598489962
 20
474.88828453044516
 30
0.0
 40
21.79697524605431
  1
Center
 50
0.1232412026105294
  7
PLAT
 72
1
 11
6564.428598489962
 21
474.88828453044516
 31
0.0
100
AcDbText
 73
2
  0
TEXT
  5
453
330
17
100
AcDbEntity
  8
PLAT-TEXT-MISC
100
AcDbText
 10
6765.41550566555
 20
471.80128047950075
 30
0.0
 40
27.732909826817444
  1
ine Curve: Cape
 50
359.63340980097183
  7
PLAT
 72
1
 11
6765.41550566555
 21
471.80128047950075
 31
0.0
100
AcDbText
 73
2
  0
TEXT
  5
454
330
17
100
AcDbEntity
  8
PLAT-TEXT-MISC
100
AcDbText
 10
7031.915713243656
 20
473.5879173796134
 30
0.0
 40
26.105332022146843
  1
Horn Avenue (C
 50
359.8135008569108
  7
PLAT
 72
1
 11
7031.915713243656
 21
473.5879173796134
 31
0.0
100
AcDbText
 73
2
  0
TEXT
  5
455
330
17
100
AcDbEntity
  8
PLAT-TEXT-LOWCONF
100
AcDbText
 10
7269.427427765548
 20
474.72464401970046
 30
0.0
 40
21.785638640723302
  1
CAPERORN,
 50
0.0556135220610372
  7
PLAT
 72
1
 11
7269.427427765548
 21
474.72464401970046
 31
0.0
100
AcDbText
 73
2
  0
TEXT
  5
456
330
17
100
AcDbEntity
  8
PLAT-TEXT-LOTNO
100
AcDbText
 10
7406.645643813918
 20
475.0093312295503
 30
0.0
 40
29.062665836266795
  1
2
 50
84.47707339864837
  7
PLAT
 72
1
 11
7406.645643813918
 21
475.0093312295503
 31
0.0
100
AcDbText
 73
2
  0
TEXT
  5
457
330
17
100
AcDbEntity
  8
PLAT-TEXT-MISC
100
AcDbText
 10
542.4310934540936
 20
452.58782059599343
 30
0.0
 40
24.675910190141956
  1
Southern
 50
359.7084226830048
  7
PLAT
 72
1
 11
542.4310934540936
 21
452.58782059599343
 31
0.0
100
AcDbText
 73
2
  0
TEXT
  5
458
330
17
100
AcDbEntity
  8
PLAT-TEXT-MISC
100
AcDbText
 10
752.9231990377598
 20
452.45911032992126
 30
0.0
 40
25.20127735736506
  1
Centerline
 50
359.5347398529091
  7
PLAT
 72
1
 11
752.9231990377598
 21
452.45911032992126
 31
0.0
100
AcDbText
 73
2
  0
TEXT
  5
459
330
17
100
AcDbEntity
  8
PLAT-TEXT-MISC
100
AcDbText
 10
952.922010222911
 20
452.60418611532623
 30
0.0
 40
25.551679466389878
  1
Network
 50
359.3732722303645
  7
PLAT
 72
1
 11
952.922010222911
 21
452.60418611532623
 31
0.0
100
AcDbText
 73
2
  0
TEXT
  5
45A
330
17
100
AcDbEntity
  8
PLAT-TEXT-MISC
100
AcDbText
 10
1143.8538304582153
 20
448.1778974873532
 30
0.0
 40
29.125089839509045
  1
(Mangrove
 50
358.77289431743634
  7
PLAT
 72
1
 11
1143.8538304582153
 21
448.1778974873532
 31
0.0
100
AcDbText
 73
2
  0
TEXT
  5
45B
330
17
100
AcDbEntity
  8
PLAT-TEXT-MISC
100
AcDbText
 10
1549.9451495266912
 20
452.5416899734282
 30
0.0
 40
25.628865590811685
  1
Surfwood
 50
359.45775458877245
  7
PLAT
 72
1
 11
1549.9451495266912
 21
452.5416899734282
 31
0.0
100
AcDbText
 73
2
  0
TEXT
  5
45C
330
17
100
AcDbEntity
  8
PLAT-TEXT-MISC
100
AcDbText
 10
1862.4538854042735
 20
451.0040968039443
 30
0.0
 40
27.576072437155908
  1
Salvadore,
 50
358.95180421148154
  7
PLAT
 72
1
 11
1862.4538854042735
 21
451.0040968039443
 31
0.0
100
AcDbText
 73
2
  0
TEXT
  5
45D
330
17
100
AcDbEntity
  8
PLAT-TEXT-MISC
100
AcDbText
 10
2471.3779674898724
 20
451.7920525576769
 30
0.0
 40
27.910705902198757
  1
Matchline)
 50
359.09884066979885
  7
PLAT
 72
1
 11
2471.3779674898724
 21
451.7920525576769
 31
0.0
100
AcDbText
 73
2
  0
TEXT
  5
45E
330
17
100
AcDbEntity
  8
PLAT-TEXT-MISC
100
AcDbText
 10
1379.144299181828
 20
446.6778709561263
 30
0.0
 40
27.758194717973712
  1
Bayou,
 50
356.4514272394063
  7
PLAT
 72
1
 11
1379.144299181828
 21
446.6778709561263
 31
0.0
100
AcDbText
 73
2
  0
TEXT
  5
45F
330
17
100
AcDbEntity
  8
PLAT-TEXT-MISC
100
AcDbText
 10
1707.971513677789
 20
450.2009711868491
 30
0.0
 40
23.962286621932062
  1
ues
 50
355.5220192256109
  7
PLAT
 72
1
 11
1707.971513677789
 21
450.2009711868491
 31
0.0
100
AcDbText
 73
2
  0
TEXT
  5
460
330
17
100
AcDbEntity
  8
PLAT-TEXT-MISC
100
AcDbText
 10
2033.747905961674
 20
447.8465333686281
 30
0.0
 40
28.31472539454248
  1
Cape
 50
357.29329414848365
  7
PLAT
 72
1
 11
2033.747905961674
 21
447.8465333686281
 31
0.0
100
AcDbText
 73
2
  0
TEXT
  5
461
330
17
100
AcDbEntity
  8
PLAT-TEXT-MISC
100
AcDbText
 10
2145.73627010363
 20
448.99343586997475
 30
0.0
 40
24.34549483680214
  1
Horn,
 50
355.70335692012225
  7
PLAT
 72
1
 11
2145.73627010363
 21
448.99343586997475
 31
0.0
100
AcDbText
 73
2
  0
TEXT
  5
462
330
17
100
AcDbEntity
  8
PLAT-TEXT-MISC
100
AcDbText
 10
2263.89756348822
 20
451.1216859193528
 30
0.0
 40
23.64935495424612
  1
Unit
 50
358.4997394125189
  7
PLAT
 72
1
 11
2263.89756348822
 21
451.1216859193528
 31
0.0
100
AcDbText
 73
2
  0
TEXT
  5
463
330
17
100
AcDbEntity
  8
PLAT-TEXT-LOWCONF
100
AcDbText
 10
2338.9172666124623
 20
451.85691149038985
 30
0.0
 40
26.0
  1
1
 50
359.98689797854706
  7
PLAT
 72
1
 11
2338.9172666124623
 21
451.85691149038985
 31
0.0
100
AcDbText
 73
2
  0
TEXT
  5
464
330
17
100
AcDbEntity
  8
PLAT-TEXT-AREA
100
AcDbText
 10
6703.9219046992275
 20
422.0979312594354
 30
0.0
 40
28.53007029157803
  1
Open-Ended Cul-de-Sac
 50
0.1232412026105294
  7
PLAT
 72
1
 11
6703.9219046992275
 21
422.0979312594354
 31
0.0
100
AcDbText
 73
2
  0
TEXT
  5
465
330
17
100
AcDbEntity
  8
PLAT-TEXT-MISC
100
AcDbText
 10
6947.348224435407
 20
425.11740506740125
 30
0.0
 40
23.918300664318974
  1
Bulb
 50
358.3346040523196
  7
PLAT
 72
1
 11
6947.348224435407
 21
425.11740506740125
 31
0.0
100
AcDbText
 73
2
  0
TEXT
  5
466
330
17
100
AcDbEntity
  8
PLAT-TEXT-MISC
100
AcDbText
 10
7028.092141525058
 20
424.0551050161439
 30
0.0
 40
23.085727644336508
  1
with
 50
2.767066776173806
  7
PLAT
 72
1
 11
7028.092141525058
 21
424.0551050161439
 31
0.0
100
AcDbText
 73
2
  0
TEXT
  5
467
330
17
100
AcDbEntity
  8
PLAT-TEXT-MISC
100
AcDbText
 10
7167.4091398559485
 20
423.2583763855155
 30
0.0
 40
26.100560056368046
  1
Fillets (RED,
 50
359.96903183284644
  7
PLAT
 72
1
 11
7167.4091398559485
 21
423.2583763855155
 31
0.0
100
AcDbText
 73
2
  0
TEXT
  5
468
330
17
100
AcDbEntity
  8
PLAT-TEXT-MISC
100
AcDbText
 10
7409.899671433703
 20
423.6508381477074
 30
0.0
 40
26.1064907291459
  1
Does Not Close)
 50
359.7747948878183
  7
PLAT
 72
1
 11
7409.899671433703
 21
423.6508381477074
 31
0.0
100
AcDbText
 73
2
  0
TEXT
  5
469
330
17
100
AcDbEntity
  8
PLAT-TEXT-LOWCONF
100
AcDbText
 10
6448.411213657755
 20
424.9171787875621
 30
0.0
 40
10.8
  1
cc
 50
359.98689797854706
  7
PLAT
 72
1
 11
6448.411213657755
 21
424.9171787875621
 31
0.0
100
AcDbText
 73
2
  0
TEXT
  5
46A
330
17
100
AcDbEntity
  8
PLAT-TEXT-MISC
100
AcDbText
 10
510.4621374497001
 20
408.8255428510406
 30
0.0
 40
24.796203477932973
  1
Sheet
 50
358.4571829906241
  7
PLAT
 72
1
 11
510.4621374497001
 21
408.8255428510406
 31
0.0
100
AcDbText
 73
2
  0
TEXT
  5
46B
330
17
100
AcDbEntity
  8
PLAT-TEXT-LOWCONF
100
AcDbText
 10
594.9074792540018
 20
409.25571904349
 30
0.0
 40
26.0
  1
2
 50
359.98689797854706
  7
PLAT
 72
1
 11
594.9074792540018
 21
409.25571904349
 31
0.0
100
AcDbText
 73
2
  0
TEXT
  5
46C
330
17
100
AcDbEntity
  8
PLAT-TEXT-MISC
100
AcDbText
 10
681.6118270987981
 20
404.8622484489715
 30
0.0
 40
28.42657391356339
  1
(Page
 50
355.63705522487794
  7
PLAT
 72
1
 11
681.6118270987981
 21
404.8622484489715
 31
0.0
100
AcDbText
 73
2
  0
TEXT
  5
46D
330
17
100
AcDbEntity
  8
PLAT-TEXT-MISC
100
AcDbText
 10
791.9030368764238
 20
408.54974332543316
 30
0.0
 40
27.938352349843967
  1
82A)
 50
358.46126687619005
  7
PLAT
 72
1
 11
791.9030368764238
 21
408.54974332543316
 31
0.0
100
AcDbText
 73
2
  0
TEXT
  5
46E
330
17
100
AcDbEntity
  8
PLAT-TEXT-MISC
100
AcDbText
 10
962.4010594778624
 20
409.1813534501571
 30
0.0
 40
25.32189496221365
  1
Northern
 50
359.23764414849506
  7
PLAT
 72
1
 11
962.4010594778624
 21
409.1813534501571
 31
0.0
100
AcDbText
 73
2
  0
TEXT
  5
46F
330
17
100
AcDbEntity
  8
PLAT-TEXT-MISC
100
AcDbText
 10
1172.9094739446614
 20
409.37217769165136
 30
0.0
 40
25.19704957476339
  1
Centerline
 50
359.5368626236527
  7
PLAT
 72
1
 11
1172.9094739446614
 21
409.37217769165136
 31
0.0
100
AcDbText
 73
2
  0
TEXT
  5
470
330
17
100
AcDbEntity
  8
PLAT-TEXT-MISC
100
AcDbText
 10
1372.912278123586
 20
409.5061059914219
 30
0.0
 40
25.588236105095376
  1
Network
 50
359.35533011790255
  7
PLAT
 72
1
 11
1372.912278123586
 21
409.5061059914219
 31
0.0
100
AcDbText
 73
2
  0
TEXT
  5
471
330
17
100
AcDbEntity
  8
PLAT-TEXT-MISC
100
AcDbText
 10
1563.420186886217
 20
407.51572801296106
 30
0.0
 40
28.66340013796435
  1
(Starfish
 50
359.6848876301021
  7
PLAT
 72
1
 11
1563.420186886217
 21
407.51572801296106
 31
0.0
100
AcDbText
 73
2
  0
TEXT
  5
472
330
17
100
AcDbEntity
  8
PLAT-TEXT-MISC
100
AcDbText
 10
1738.9135879897563
 20
409.4910876135832
 30
0.0
 40
24.42298668077226
  1
Sail
 50
359.871712818629
  7
PLAT
 72
1
 11
1738.9135879897563
 21
409.4910876135832
 31
0.0
100
AcDbText
 73
2
  0
TEXT
  5
473
330
17
100
AcDbEntity
  8
PLAT-TEXT-MISC
100
AcDbText
 10
1875.9156674796814
 20
409.4480742997416
 30
0.0
 40
24.546594968618738
  1
South
 50
359.79991364476984
  7
PLAT
 72
1
 11
1875.9156674796814
 21
409.4480742997416
 31
0.0
100
AcDbText
 73
2
  0
TEXT
  5
474
330
17
100
AcDbEntity
  8
PLAT-TEXT-MISC
100
AcDbText
 10
2040.236560675102
 20
405.7479123992616
 30
0.0
 40
24.185995232568025
  1
Marina,
 50
356.9214586045282
  7
PLAT
 72
1
 11
2040.236560675102
 21
405.7479123992616
 31
0.0
100
AcDbText
 73
2
  0
TEXT
  5
475
330
17
100
AcDbEntity
  8
PLAT-TEXT-MISC
100
AcDbText
 10
2232.925312870407
 20
409.3486130258884
 30
0.0
 40
25.38823773559815
  1
Shellfish
 50
359.5742873066488
  7
PLAT
 72
1
 11
2232.925312870407
 21
409.3486130258884
 31
0.0
100
AcDbText
 73
2
  0
TEXT
  5
476
330
17
100
AcDbEntity
  8
PLAT-TEXT-LOWCONF
100
AcDbText
 10
426.90748364649016
 20
409.29413617654245
 30
0.0
 40
9.0
  1
e
 50
89.98689797854706
  7
PLAT
 72
1
 11
426.90748364649016
 21
409.29413617654245
 31
0.0
100
AcDbText
 73
2
  0
TEXT
  5
477
330
17
100
AcDbEntity
  8
PLAT-TEXT-MISC
100
AcDbText
 10
6668.922052915252
 20
375.2972270513601
 30
0.0
 40
23.481294095938583
  1
Certified Centerline
 50
359.7528801286356
  7
PLAT
 72
1
 11
6668.922052915252
 21
375.2972270513601
 31
0.0
100
AcDbText
 73
2
  0
TEXT
  5
478
330
17
100
AcDbEntity
  8
PLAT-TEXT-MISC
100
AcDbText
 10
6937.895271792541
 20
374.16754183458306
 30
0.0
 40
21.6117954509896
  1
Intersection
 50
359.59610803032217
  7
PLAT
 72
1
 11
6937.895271792541
 21
374.16754183458306
 31
0.0
100
AcDbText
 73
2
  0
TEXT
  5
479
330
17
100
AcDbEntity
  8
PLAT-TEXT-MISC
100
AcDbText
 10
552.3980342084237
 20
367.765438736576
 30
0.0
 40
24.307172744508215
  1
Beachwood
 50
359.98438900862385
  7
PLAT
 72
1
 11
552.3980342084237
 21
367.765438736576
 31
0.0
100
AcDbText
 73
2
  0
TEXT
  5
47A
330
17
100
AcDbEntity
  8
PLAT-TEXT-MISC
100
AcDbText
 10
717.8973710536889
 20
365.22919170340674
 30
0.0
 40
28.79952704356166
  1
Blvd,
 50
359.98438900862385
  7
PLAT
 72
1
 11
717.8973710536889
 21
365.22919170340674
 31
0.0
100
AcDbText
 73
2
  0
TEXT
  5
47B
330
17
100
AcDbEntity
  8
PLAT-TEXT-MISC
100
AcDbText
 10
846.3980701920423
 20
367.69777084395946
 30
0.0
 40
24.30299519892574
  1
Sands
 50
359.98438900862385
  7
PLAT
 72
1
 11
846.3980701920423
 21
367.69777084395946
 31
0.0
100
AcDbText
 73
2
  0
TEXT
  5
47C
330
17
100
AcDbEntity
  8
PLAT-TEXT-MISC
100
AcDbText
 10
959.3978293348109
 20
365.673748017201
 30
0.0
 40
27.90003938492052
  1
Ave)
 50
359.98438900862385
  7
PLAT
 72
1
 11
959.3978293348109
 21
365.673748017201
 31
0.0
100
AcDbText
 73
2
  0
TEXT
  5
47D
330
17
100
AcDbEntity
  8
PLAT-TEXT-MISC
100
AcDbText
 10
1108.8979977216545
 20
367.63802872505994
 30
0.0
 40
24.302758734081447
  1
Keel
 50
359.98438900862385
  7
PLAT
 72
1
 11
1108.8979977216545
 21
367.63802872505994
 31
0.0
100
AcDbText
 73
2
  0
TEXT
  5
47E
330
17
100
AcDbEntity
  8
PLAT-TEXT-MISC
100
AcDbText
 10
1225.3976827540032
 20
367.10943969403525
 30
0.0
 40
23.40015762165714
  1
Drive
 50
359.98438900862385
  7
PLAT
 72
1
 11
1225.3976827540032
 21
367.10943969403525
 31
0.0
100
AcDbText
 73
2
  0
TEXT
  5
47F
330
17
100
AcDbEntity
  8
PLAT-TEXT-MISC
100
AcDbText
 10
1402.8971898508626
 20
364.0714337856016
 30
0.0
 40
30.607133327660566
  1
Open-Ended
 50
359.98438900862385
  7
PLAT
 72
1
 11
1402.8971898508626
 21
364.0714337856016
 31
0.0
100
AcDbText
 73
2
  0
TEXT
  5
480
330
17
100
AcDbEntity
  8
PLAT-TEXT-AREA
100
AcDbText
 10
1634.3981585863962
 20
367.51582457486757
 30
0.0
 40
24.30362577184385
  1
Cul-de-Sac
 50
359.98438900862385
  7
PLAT
 72
1
 11
1634.3981585863962
 21
367.51582457486757
 31
0.0
100
AcDbText
 73
2
  0
TEXT
  5
481
330
17
100
AcDbEntity
  8
PLAT-TEXT-MISC
100
AcDbText
 10
2052.8979950244284
 20
367.4224894424674
 30
0.0
 40
24.30776390661894
  1
Turnaround
 50
359.98438900862385
  7
PLAT
 72
1
 11
2052.8979950244284
 21
367.4224894424674
 31
0.0
100
AcDbText
 73
2
  0
TEXT
  5
482
330
17
100
AcDbEntity
  8
PLAT-TEXT-MISC
100
AcDbText
 10
2230.397200198522
 20
364.88354215394384
 30
0.0
 40
28.80003938405763
  1
Bulb)
 50
359.98438900862385
  7
PLAT
 72
1
 11
2230.397200198522
 21
364.88354215394384
 31
0.0
100
AcDbText
 73
2
  0
TEXT
  5
483
330
17
100
AcDbEntity
  8
PLAT-TEXT-LOWCONF
100
AcDbText
 10
3516.917547459342
 20
349.58781084975817
 30
0.0
 40
10.696690089734595
  1
7
 50
0.6640903363719417
  7
PLAT
 72
1
 11
3516.917547459342
 21
349.58781084975817
 31
0.0
100
AcDbText
 73
2
  0
TEXT
  5
484
330
17
100
AcDbEntity
  8
PLAT-TEXT-LOWCONF
100
AcDbText
 10
6448.891433394629
 20
338.4170667124654
 30
0.0
 40
6.3
  1
r™
 50
359.98689797854706
  7
PLAT
 72
1
 11
6448.891433394629
 21
338.4170667124654
 31
0.0
100
AcDbText
 73
2
  0
TEXT
  5
485
330
17
100
AcDbEntity
  8
PLAT-TEXT-MISC
100
AcDbText
 10
6731.879957536496
 20
322.1839592798369
 30
0.0
 40
28.937829363259297
  1
Boundary-to-Centerline Tie
 50
0.17786257513216697
  7
PLAT
 72
1
 11
6731.879957536496
 21
322.1839592798369
 31
0.0
100
AcDbText
 73
2
  0
TEXT
  5
486
330
17
100
AcDbEntity
  8
PLAT-TEXT-MISC
100
AcDbText
 10
7007.35261435201
 20
324.8787027496178
 30
0.0
 40
24.565634201369104
  1
Node
 50
357.739541776132
  7
PLAT
 72
1
 11
7007.35261435201
 21
324.8787027496178
 31
0.0
100
AcDbText
 73
2
  0
TEXT
  5
487
330
17
100
AcDbEntity
  8
PLAT-TEXT-LOWCONF
100
AcDbText
 10
6448.885259212531
 20
311.4170674184011
 30
0.0
 40
6.3
  1
“ud
 50
359.98689797854706
  7
PLAT
 72
1
 11
6448.885259212531
 21
311.4170674184011
 31
0.0
100
AcDbText
 73
2
  0
TEXT
  5
488
330
17
100
AcDbEntity
  8
PLAT-TEXT-LOWCONF
100
AcDbText
 10
6448.8817147746595
 20
295.91706782366055
 30
0.0
 40
9.0
  1
or
 50
359.98689797854706
  7
PLAT
 72
1
 11
6448.8817147746595
 21
295.91706782366055
 31
0.0
100
AcDbText
 73
2
  0
TEXT
  5
489
330
17
100
AcDbEntity
  8
PLAT-TEXT-LOWCONF
100
AcDbText
 10
6472.9127740636595
 20
276.15037512300205
 30
0.0
 40
12.19298746380955
  1
A.
 50
335.80471512081687
  7
PLAT
 72
1
 11
6472.9127740636595
 21
276.15037512300205
 31
0.0
100
AcDbText
 73
2
  0
TEXT
  5
48A
330
17
100
AcDbEntity
  8
PLAT-TEXT-MISC
100
AcDbText
 10
6776.357614496925
 20
272.97900780629107
 30
0.0
 40
27.892197688904847
  1
Assumed \ntersection | PA. (RED)
 50
0.28407750898293216
  7
PLAT
 72
1
 11
6776.357614496925
 21
272.97900780629107
 31
0.0
100
AcDbText
 73
2
  0
TEXT
  5
48B
330
17
100
AcDbEntity
  8
PLAT-TEXT-LOWCONF
100
AcDbText
 10
6448.871881817986
 20
252.91706894792833
 30
0.0
 40
25.2
  1
x
 50
89.98689797854706
  7
PLAT
 72
1
 11
6448.871881817986
 21
252.91706894792833
 31
0.0
100
AcDbText
 73
2
  0
TEXT
  5
48C
330
17
100
AcDbEntity
  8
PLAT-TEXT-LOWCONF
100
AcDbText
 10
6419.867537781403
 20
233.92370097361754
 30
0.0
 40
9.0
  1
x wa
 50
89.98689797854706
  7
PLAT
 72
1
 11
6419.867537781403
 21
233.92370097361754
 31
0.0
100
AcDbText
 73
2
  0
TEXT
  5
48D
330
17
100
AcDbEntity
  8
PLAT-TEXT-LOWCONF
100
AcDbText
 10
6477.867536264948
 20
233.91043791577795
 30
0.0
 40
10.0
  1
4
 50
359.98689797854706
  7
PLAT
 72
1
 11
6477.867536264948
 21
233.91043791577795
 31
0.0
100
AcDbText
 73
2
  0
TEXT
  5
48E
330
17
100
AcDbEntity
  8
PLAT-TEXT-MISC
100
AcDbText
 10
6739.367869570395
 20
225.29096425838497
 30
0.0
 40
22.836301553025386
  1
Ground-Truthed GPS Anchor
 50
0.050809864389066206
  7
PLAT
 72
1
 11
6739.367869570395
 21
225.29096425838497
 31
0.0
100
AcDbText
 73
2
  0
TEXT
  5
48F
330
17
100
AcDbEntity
  8
PLAT-TEXT-LOWCONF
100
AcDbText
 10
6422.364221951579
 20
219.42312966920372
 30
0.0
 40
15.3
  1
q
 50
359.98689797854706
  7
PLAT
 72
1
 11
6422.364221951579
 21
219.42312966920372
 31
0.0
100
AcDbText
 73
2
  0
TEXT
  5
490
330
17
100
AcDbEntity
  8
PLAT-TEXT-LOWCONF
100
AcDbText
 10
6474.8642205789265
 20
219.41112431512465
 30
0.0
 40
15.3
  1
he aN
 50
89.98689797854706
  7
PLAT
 72
1
 11
6474.8642205789265
 21
219.41112431512465
 31
0.0
100
AcDbText
 73
2
  0
TEXT
  5
491
330
17
100
AcDbEntity
  8
PLAT-TEXT-LOWCONF
100
AcDbText
 10
6448.860105137317
 20
201.41707029443523
 30
0.0
 40
17.0
  1
4
 50
359.98689797854706
  7
PLAT
 72
1
 11
6448.860105137317
 21
201.41707029443523
 31
0.0
100
AcDbText
 73
2
  0
TEXT
  5
492
330
17
100
AcDbEntity
  8
PLAT-TEXT-LOTNO
100
AcDbText
 10
232.34380318687045
 20
130.83862043658291
 30
0.0
 40
31.0
  1
6
 50
359.98689797854706
  7
PLAT
 72
1
 11
232.34380318687045
 21
130.83862043658291
 31
0.0
100
AcDbText
 73
2
  0
TEXT
  5
493
330
17
100
AcDbEntity
  8
PLAT-TEXT-LOWCONF
100
AcDbText
 10
1328.343774531112
 20
130.58799437809694
 30
0.0
 40
40.6835647000878
  1
95,
 50
19.629932754572962
  7
PLAT
 72
1
 11
1328.343774531112
 21
130.58799437809694
 31
0.0
100
AcDbText
 73
2
  0
TEXT
  5
494
330
17
100
AcDbEntity
  8
PLAT-TEXT-LOWCONF
100
AcDbText
 10
6733.237726552497
 20
128.6476971781767
 30
0.0
 40
42.22320869699138
  1
12,
 50
18.62815485078056
  7
PLAT
 72
1
 11
6733.237726552497
 21
128.6476971781767
 31
0.0
100
AcDbText
 73
2
  0
TEXT
  5
495
330
17
100
AcDbEntity
  8
PLAT-TEXT-LOWCONF
100
AcDbText
 10
1363.3438879527162
 20
131.07999079563797
 30
0.0
 40
25.2
  1
A
 50
359.98689797854706
  7
PLAT
 72
1
 11
1363.3438879527162
 21
131.07999079563797
 31
0.0
100
AcDbText
 73
2
  0
TEXT
  5
496
330
17
100
AcDbEntity
  8
PLAT-TEXT-LOWCONF
100
AcDbText
 10
2393.041220873041
 20
131.0934151080155
 30
0.0
 40
32.257075221904664
  1
JT
 50
19.629932750642183
  7
PLAT
 72
1
 11
2393.041220873041
 21
131.0934151080155
 31
0.0
100
AcDbText
 73
2
  0
TEXT
  5
497
330
17
100
AcDbEntity
  8
PLAT-TEXT-LOTNO
100
AcDbText
 10
3469.8436042032517
 20
129.59829028145396
 30
0.0
 40
30.0
  1
1
 50
359.98689797854706
  7
PLAT
 72
1
 11
3469.8436042032517
 21
129.59829028145396
 31
0.0
100
AcDbText
 73
2
  0
TEXT
  5
498
330
17
100
AcDbEntity
  8
PLAT-TEXT-LOWCONF
100
AcDbText
 10
3516.1538310703463
 20
130.87696219254303
 30
0.0
 40
37.85800611099569
  1
9
 50
293.5475813441106
  7
PLAT
 72
1
 11
3516.1538310703463
 21
130.87696219254303
 31
0.0
100
AcDbText
 73
2
  0
TEXT
  5
499
330
17
100
AcDbEntity
  8
PLAT-TEXT-LOWCONF
100
AcDbText
 10
4564.157982046634
 20
128.42888356038293
 30
0.0
 40
38.12612156545591
  1
Tr
 50
18.882197283586265
  7
PLAT
 72
1
 11
4564.157982046634
 21
128.42888356038293
 31
0.0
100
AcDbText
 73
2
  0
TEXT
  5
49A
330
17
100
AcDbEntity
  8
PLAT-TEXT-LOTNO
100
AcDbText
 10
5663.785893305999
 20
129.08811725577743
 30
0.0
 40
31.297525084398146
  1
115
 50
358.88907034116585
  7
PLAT
 72
1
 11
5663.785893305999
 21
129.08811725577743
 31
0.0
100
AcDbText
 73
2
  0
TEXT
  5
49B
330
17
100
AcDbEntity
  8
PLAT-TEXT-LOWCONF
100
AcDbText
 10
3575.4418987419617
 20
67.28181913966091
 30
0.0
 40
38.78494811294969
  1
Easting
 50
346.8158717490587
  7
PLAT
 72
1
 11
3575.4418987419617
 21
67.28181913966091
 31
0.0
100
AcDbText
 73
2
  0
TEXT
  5
49C
330
17
100
AcDbEntity
  8
PLAT-TEXT-LOWCONF
100
AcDbText
 10
3699.6226817667134
 20
70.38658664977402
 30
0.0
 40
28.790251242322093
  1
ft,
 50
19.856873540536412
  7
PLAT
 72
1
 11
3699.6226817667134
 21
70.38658664977402
 31
0.0
100
AcDbText
 73
2
  0
TEXT
  5
49D
330
17
100
AcDbEntity
  8
PLAT-TEXT-MISC
100
AcDbText
 10
3794.3395970083793
 20
71.02426112431522
 30
0.0
 40
29.583701201292165
  1
Local
 50
1.061863655018442
  7
PLAT
 72
1
 11
3794.3395970083793
 21
71.02426112431522
 31
0.0
100
AcDbText
 73
2
  0
TEXT
  5
49E
330
17
100
AcDbEntity
  8
PLAT-TEXT-MISC
100
AcDbText
 10
3935.817539656008
 20
66.90753410463412
 30
0.0
 40
32.71714942797015
  1
Survey
 50
357.5619881463945
  7
PLAT
 72
1
 11
3935.817539656008
 21
66.90753410463412
 31
0.0
100
AcDbText
 73
2
  0
TEXT
  5
49F
330
17
100
AcDbEntity
  8
PLAT-TEXT-MISC
100
AcDbText
 10
4346.671718529688
 20
66.55214229499961
 30
0.0
 40
36.35234571741278
  1
Fudging
 50
357.29176301435103
  7
PLAT
 72
1
 11
4346.671718529688
 21
66.55214229499961
 31
0.0
100
AcDbText
 73
2
  0
TEXT
  5
4A0
330
17
100
AcDbEntity
  8
PLAT-TEXT-LOWCONF
100
AcDbText
 10
4474.400278425714
 20
71.76336508408576
 30
0.0
 40
38.78494811294969
  1
ay
 50
304.6999953395773
  7
PLAT
 72
1
 11
4474.400278425714
 21
71.76336508408576
 31
0.0
100
AcDbText
 73
2
  0
TEXT
  5
4A1
330
17
100
AcDbEntity
  8
PLAT-TEXT-MISC
100
AcDbText
 10
4200.609030790702
 20
69.85977037592693
 30
0.0
 40
28.561612093146856
  1
Zero
 50
358.19666869688865
  7
PLAT
 72
1
 11
4200.609030790702
 21
69.85977037592693
 31
0.0
100
AcDbText
 73
2
  0
TEXT
  5
4A2
330
17
100
AcDbEntity
  8
PLAT-TEXT-LOWCONF
100
AcDbText
 10
4059.7678450095464
 20
70.77352670942946
 30
0.0
 40
23.633865248111523
  1
A iN
 50
312.63016285216673
  7
PLAT
 72
1
 11
4059.7678450095464
 21
70.77352670942946
 31
0.0
100
AcDbText
 73
2
  0
TEXT
  5
4A3
330
17
100
AcDbEntity
  8
PLAT-TEXT-LOWCONF
100
AcDbText
 10
3720.3266758213213
 20
55.54100952677845
 30
0.0
 40
10.0
  1
“7
 50
359.98689797854706
  7
PLAT
 72
1
 11
3720.3266758213213
 21
55.54100952677845
 31
0.0
100
AcDbText
 73
2
  0
ENDSEC
  0
SECTION
  2
OBJECTS
  0
DICTIONARY
  5
A
330
0
100
AcDbDictionary
281
1
  3
ACAD_COLOR
350
B
  3
ACAD_GROUP
350
C
  3
ACAD_LAYOUT
350
D
  3
ACAD_MATERIAL
350
E
  3
ACAD_MLEADERSTYLE
350
F
  3
ACAD_MLINESTYLE
350
10
  3
ACAD_PLOTSETTINGS
350
11
  3
ACAD_PLOTSTYLENAME
350
12
  3
ACAD_SCALELIST
350
14
  3
ACAD_TABLESTYLE
350
15
  3
ACAD_VISUALSTYLE
350
16
  3
EZDXF_META
350
2D
  0
DICTIONARY
  5
B
330
A
100
AcDbDictionary
281
1
  0
DICTIONARY
  5
C
330
A
100
AcDbDictionary
281
1
  0
DICTIONARY
  5
D
330
A
100
AcDbDictionary
281
1
  3
Model
350
1A
  3
Layout1
350
1E
  0
DICTIONARY
  5
E
330
A
100
AcDbDictionary
281
1
  3
ByBlock
350
1F
  3
ByLayer
350
20
  3
Global
350
21
  0
DICTIONARY
  5
F
330
A
100
AcDbDictionary
281
1
  3
Standard
350
2C
  0
DICTIONARY
  5
10
330
A
100
AcDbDictionary
281
1
  3
Standard
350
22
  0
DICTIONARY
  5
11
330
A
100
AcDbDictionary
281
1
  0
ACDBDICTIONARYWDFLT
  5
12
330
A
100
AcDbDictionary
281
1
  3
Normal
350
13
100
AcDbDictionaryWithDefault
340
13
  0
ACDBPLACEHOLDER
  5
13
330
12
  0
DICTIONARY
  5
14
330
A
100
AcDbDictionary
281
1
  0
DICTIONARY
  5
15
330
A
100
AcDbDictionary
281
1
  0
DICTIONARY
  5
16
330
A
100
AcDbDictionary
281
1
  3
2dWireframe
350
5A
  3
Basic
350
5B
  3
Brighten
350
5C
  3
ColorChange
350
5D
  3
Conceptual
350
5E
  3
Dim
350
5F
  3
EdgeColorOff
350
60
  3
Facepattern
350
61
  3
Flat
350
62
  3
FlatWithEdges
350
63
  3
Gouraud
350
64
  3
GouraudWithEdges
350
65
  3
Hidden
350
66
  3
JitterOff
350
67
  3
Linepattern
350
68
  3
Modeling
350
69
  3
OverhangOff
350
6A
  3
Realistic
350
6B
  3
Shaded
350
6C
  3
Shaded with edges
350
6D
  3
Shades of Gray
350
6E
  3
Sketchy
350
6F
  3
Thicken
350
70
  3
Wireframe
350
71
  3
X-Ray
350
72
  0
LAYOUT
  5
1A
330
D
100
AcDbPlotSettings
  1

  4
A3
  6

 40
7.5
 41
20.0
 42
7.5
 43
20.0
 44
420.0
 45
297.0
 46
0.0
 47
0.0
 48
0.0
 49
0.0
140
0.0
141
0.0
142
1.0
143
1.0
 70
1024
 72
1
 73
0
 74
5
  7

 75
16
 76
0
 77
2
 78
300
147
1.0
148
0.0
149
0.0
100
AcDbLayout
  1
Model
 70
1
 71
0
 10
0.0
 20
0.0
 11
420.0
 21
297.0
 12
0.0
 22
0.0
 32
0.0
 14
1e+20
 24
1e+20
 34
1e+20
 15
-1e+20
 25
-1e+20
 35
-1e+20
146
0.0
 13
0.0
 23
0.0
 33
0.0
 16
1.0
 26
0.0
 36
0.0
 17
0.0
 27
1.0
 37
0.0
 76
1
330
17
  0
LAYOUT
  5
1E
330
D
100
AcDbPlotSettings
  1

  4
A3
  6

 40
7.5
 41
20.0
 42
7.5
 43
20.0
 44
420.0
 45
297.0
 46
0.0
 47
0.0
 48
0.0
 49
0.0
140
0.0
141
0.0
142
1.0
143
1.0
 70
0
 72
1
 73
0
 74
5
  7

 75
16
 76
0
 77
2
 78
300
147
1.0
148
0.0
149
0.0
100
AcDbLayout
  1
Layout1
 70
1
 71
1
 10
0.0
 20
0.0
 11
420.0
 21
297.0
 12
0.0
 22
0.0
 32
0.0
 14
1e+20
 24
1e+20
 34
1e+20
 15
-1e+20
 25
-1e+20
 35
-1e+20
146
0.0
 13
0.0
 23
0.0
 33
0.0
 16
1.0
 26
0.0
 36
0.0
 17
0.0
 27
1.0
 37
0.0
 76
1
330
1B
  0
MATERIAL
  5
1F
102
{ACAD_REACTORS
330
E
102
}
330
E
100
AcDbMaterial
  1
ByBlock
  2

 70
0
 40
1.0
 71
1
 41
1.0
 91
-1023410177
 42
1.0
 72
1
  3

 73
1
 74
1
 75
1
 44
0.5
 73
0
 45
1.0
 46
1.0
 77
1
  4

 78
1
 79
1
170
1
 48
1.0
171
1
  6

172
1
173
1
174
1
140
1.0
141
1.0
175
1
  7

176
1
177
1
178
1
143
1.0
179
1
  8

270
1
271
1
272
1
145
1.0
146
1.0
273
1
  9

274
1
275
1
276
1
 42
1.0
 72
1
  3

 73
1
 74
1
 75
1
 94
63
  0
MATERIAL
  5
20
102
{ACAD_REACTORS
330
E
102
}
330
E
100
AcDbMaterial
  1
ByLayer
  2

 70
0
 40
1.0
 71
1
 41
1.0
 91
-1023410177
 42
1.0
 72
1
  3

 73
1
 74
1
 75
1
 44
0.5
 73
0
 45
1.0
 46
1.0
 77
1
  4

 78
1
 79
1
170
1
 48
1.0
171
1
  6

172
1
173
1
174
1
140
1.0
141
1.0
175
1
  7

176
1
177
1
178
1
143
1.0
179
1
  8

270
1
271
1
272
1
145
1.0
146
1.0
273
1
  9

274
1
275
1
276
1
 42
1.0
 72
1
  3

 73
1
 74
1
 75
1
 94
63
  0
MATERIAL
  5
21
102
{ACAD_REACTORS
330
E
102
}
330
E
100
AcDbMaterial
  1
Global
  2

 70
0
 40
1.0
 71
1
 41
1.0
 91
-1023410177
 42
1.0
 72
1
  3

 73
1
 74
1
 75
1
 44
0.5
 73
0
 45
1.0
 46
1.0
 77
1
  4

 78
1
 79
1
170
1
 48
1.0
171
1
  6

172
1
173
1
174
1
140
1.0
141
1.0
175
1
  7

176
1
177
1
178
1
143
1.0
179
1
  8

270
1
271
1
272
1
145
1.0
146
1.0
273
1
  9

274
1
275
1
276
1
 42
1.0
 72
1
  3

 73
1
 74
1
 75
1
 94
63
  0
MLINESTYLE
  5
22
102
{ACAD_REACTORS
330
10
102
}
330
10
100
AcDbMlineStyle
  2
Standard
 70
0
  3

 62
256
 51
90.0
 52
90.0
 71
2
 49
0.5
 62
256
  6
BYLAYER
 49
-0.5
 62
256
  6
BYLAYER
  0
MLEADERSTYLE
  5
2C
102
{ACAD_REACTORS
330
F
102
}
330
F
100
AcDbMLeaderStyle
179
2
170
2
171
1
172
0
 90
2
 40
0.0
 41
0.0
173
1
 91
-1056964608
 92
-2
290
1
 42
2.0
291
1
 43
8.0
  3
Standard
 44
4.0
300

342
29
174
1
175
1
176
0
178
1
 93
-1056964608
 45
4.0
292
0
297
0
 46
4.0
 94
-1056964608
 47
1.0
 49
1.0
140
1.0
294
1
141
0.0
177
0
142
1.0
295
0
296
0
143
3.75
271
0
272
9
273
9
  0
DICTIONARY
  5
2D
330
A
100
AcDbDictionary
280
1
281
1
  3
CREATED_BY_EZDXF
350
2E
  3
WRITTEN_BY_EZDXF
350
4A6
  0
DICTIONARYVAR
  5
2E
330
2D
100
DictionaryVariables
280
0
  1
1.4.4 @ 2026-09-24T07:03:11.959860+00:00
  0
VISUALSTYLE
  5
5A
102
{ACAD_REACTORS
330
16
102
}
330
16
100
AcDbVisualStyle
  2
2dWireframe
 70
4
 90
0
 40
0.6
 62
7
290
0
291
0
  0
VISUALSTYLE
  5
5B
102
{ACAD_REACTORS
330
16
102
}
330
16
100
AcDbVisualStyle
  2
Basic
 70
7
 90
1
 40
0.6
 62
7
290
0
291
1
  0
VISUALSTYLE
  5
5C
102
{ACAD_REACTORS
330
16
102
}
330
16
100
AcDbVisualStyle
  2
Brighten
 70
12
 90
2
 40
0.6
 62
7
290
0
291
1
  0
VISUALSTYLE
  5
5D
102
{ACAD_REACTORS
330
16
102
}
330
16
100
AcDbVisualStyle
  2
ColorChange
 70
16
 90
2
 40
0.6
 62
8
290
0
291
1
  0
VISUALSTYLE
  5
5E
102
{ACAD_REACTORS
330
16
102
}
330
16
100
AcDbVisualStyle
  2
Conceptual
 70
9
 90
3
 40
0.6
 62
7
290
0
291
0
  0
VISUALSTYLE
  5
5F
102
{ACAD_REACTORS
330
16
102
}
330
16
100
AcDbVisualStyle
  2
Dim
 70
11
 90
2
 40
0.6
 62
7
290
0
291
1
  0
VISUALSTYLE
  5
60
102
{ACAD_REACTORS
330
16
102
}
330
16
100
AcDbVisualStyle
  2
EdgeColorOff
 70
22
 90
2
 40
0.6
 62
7
290
0
291
1
  0
VISUALSTYLE
  5
61
102
{ACAD_REACTORS
330
16
102
}
330
16
100
AcDbVisualStyle
  2
Facepattern
 70
15
 90
2
 40
0.6
 62
7
290
0
291
1
  0
VISUALSTYLE
  5
62
102
{ACAD_REACTORS
330
16
102
}
330
16
100
AcDbVisualStyle
  2
Flat
 70
0
 90
2
 40
0.6
 62
7
290
0
291
1
  0
VISUALSTYLE
  5
63
102
{ACAD_REACTORS
330
16
102
}
330
16
100
AcDbVisualStyle
  2
FlatWithEdges
 70
1
 90
2
 40
0.6
 62
7
290
0
291
1
  0
VISUALSTYLE
  5
64
102
{ACAD_REACTORS
330
16
102
}
330
16
100
AcDbVisualStyle
  2
Gouraud
 70
2
 90
2
 40
0.6
 62
7
290
0
291
1
  0
VISUALSTYLE
  5
65
102
{ACAD_REACTORS
330
16
102
}
330
16
100
AcDbVisualStyle
  2
GouraudWithEdges
 70
3
 90
2
 40
0.6
 62
7
290
0
291
1
  0
VISUALSTYLE
  5
66
102
{ACAD_REACTORS
330
16
102
}
330
16
100
AcDbVisualStyle
  2
Hidden
 70
6
 90
1
 40
0.6
 62
7
290
0
291
0
  0
VISUALSTYLE
  5
67
102
{ACAD_REACTORS
330
16
102
}
330
16
100
AcDbVisualStyle
  2
JitterOff
 70
20
 90
2
 40
0.6
 62
7
290
0
291
1
  0
VISUALSTYLE
  5
68
102
{ACAD_REACTORS
330
16
102
}
330
16
100
AcDbVisualStyle
  2
Linepattern
 70
14
 90
2
 40
0.6
 62
7
290
0
291
1
  0
VISUALSTYLE
  5
69
102
{ACAD_REACTORS
330
16
102
}
330
16
100
AcDbVisualStyle
  2
Modeling
 70
10
 90
2
 40
0.6
 62
7
290
0
291
0
  0
VISUALSTYLE
  5
6A
102
{ACAD_REACTORS
330
16
102
}
330
16
100
AcDbVisualStyle
  2
OverhangOff
 70
21
 90
2
 40
0.6
 62
7
290
0
291
1
  0
VISUALSTYLE
  5
6B
102
{ACAD_REACTORS
330
16
102
}
330
16
100
AcDbVisualStyle
  2
Realistic
 70
8
 90
2
 40
0.6
 62
7
290
0
291
0
  0
VISUALSTYLE
  5
6C
102
{ACAD_REACTORS
330
16
102
}
330
16
100
AcDbVisualStyle
  2
Shaded
 70
27
 90
2
 40
0.6
 62
7
290
0
291
0
  0
VISUALSTYLE
  5
6D
102
{ACAD_REACTORS
330
16
102
}
330
16
100
AcDbVisualStyle
  2
Shaded with edges
 70
26
 90
2
 40
0.6
 62
7
290
0
291
0
  0
VISUALSTYLE
  5
6E
102
{ACAD_REACTORS
330
16
102
}
330
16
100
AcDbVisualStyle
  2
Shades of Gray
 70
23
 90
2
 40
0.6
 62
7
290
0
291
0
  0
VISUALSTYLE
  5
6F
102
{ACAD_REACTORS
330
16
102
}
330
16
100
AcDbVisualStyle
  2
Sketchy
 70
24
 90
1
 40
0.6
 62
7
290
0
291
0
  0
VISUALSTYLE
  5
70
102
{ACAD_REACTORS
330
16
102
}
330
16
100
AcDbVisualStyle
  2
Thicken
 70
13
 90
2
 40
0.6
 62
7
290
0
291
1
  0
VISUALSTYLE
  5
71
102
{ACAD_REACTORS
330
16
102
}
330
16
100
AcDbVisualStyle
  2
Wireframe
 70
5
 90
0
 40
0.6
 62
7
290
0
291
0
  0
VISUALSTYLE
  5
72
102
{ACAD_REACTORS
330
16
102
}
330
16
100
AcDbVisualStyle
  2
X-Ray
 70
25
 90
2
 40
0.5
 62
7
290
0
291
0
  0
DICTIONARYVAR
  5
4A6
330
2D
100
DictionaryVariables
280
0
  1
1.4.4 @ 2026-09-24T07:03:11.995058+00:00
  0
ENDSEC
  0
EOF
