  0
SECTION
  2
HEADER
  9
$ACADVER
  1
AC1024
  9
$ACADMAINTVER
 70
6
  9
$DWGCODEPAGE
  3
ANSI_1252
  9
$LASTSAVEDBY
  1
ezdxf
  9
$INSBASE
 10
0.0
 20
0.0
 30
0.0
  9
$EXTMIN
 10
1e+20
 20
1e+20
 30
1e+20
  9
$EXTMAX
 10
-1e+20
 20
-1e+20
 30
-1e+20
  9
$LIMMIN
 10
0.0
 20
0.0
  9
$LIMMAX
 10
420.0
 20
297.0
  9
$ORTHOMODE
 70
0
  9
$REGENMODE
 70
1
  9
$FILLMODE
 70
1
  9
$QTEXTMODE
 70
0
  9
$MIRRTEXT
 70
1
  9
$LTSCALE
 40
1.0
  9
$ATTMODE
 70
1
  9
$TEXTSIZE
 40
2.5
  9
$TRACEWID
 40
1.0
  9
$TEXTSTYLE
  7
OpenSans
  9
$CLAYER
  8
0
  9
$CELTYPE
  6
ByLayer
  9
$CECOLOR
 62
256
  9
$CELTSCALE
 40
1.0
  9
$DISPSILH
 70
0
  9
$DIMSCALE
 40
1.0
  9
$DIMASZ
 40
0.175
  9
$DIMEXO
 40
0.125
  9
$DIMDLI
 40
3.75
  9
$DIMRND
 40
0.0
  9
$DIMDLE
 40
0.0
  9
$DIMEXE
 40
0.375
  9
$DIMTP
 40
0.0
  9
$DIMTM
 40
0.0
  9
$DIMTXT
 40
0.25
  9
$DIMCEN
 40
2.5
  9
$DIMTSZ
 40
0.0
  9
$DIMTOL
 70
0
  9
$DIMLIM
 70
0
  9
$DIMTIH
 70
0
  9
$DIMTOH
 70
0
  9
$DIMSE1
 70
0
  9
$DIMSE2
 70
0
  9
$DIMTAD
 70
1
  9
$DIMZIN
 70
12
  9
$DIMBLK
  1
ARCHTICK
  9
$DIMASO
 70
1
  9
$DIMSHO
 70
1
  9
$DIMPOST
  1

  9
$DIMAPOST
  1

  9
$DIMALT
 70
0
  9
$DIMALTD
 70
3
  9
$DIMALTF
 40
0.03937007874
  9
$DIMLFAC
 40
100.0
  9
$DIMTOFL
 70
1
  9
$DIMTVP
 40
0.0
  9
$DIMTIX
 70
0
  9
$DIMSOXD
 70
0
  9
$DIMSAH
 70
0
  9
$DIMBLK1
  1

  9
$DIMBLK2
  1

  9
$DIMSTYLE
  2
EZDXF
  9
$DIMCLRD
 70
0
  9
$DIMCLRE
 70
0
  9
$DIMCLRT
 70
0
  9
$DIMTFAC
 40
0.5
  9
$DIMGAP
 40
0.1
  9
$DIMJUST
 70
0
  9
$DIMSD1
 70
0
  9
$DIMSD2
 70
0
  9
$DIMTOLJ
 70
0
  9
$DIMTZIN
 70
8
  9
$DIMALTZ
 70
0
  9
$DIMALTTZ
 70
0
  9
$DIMUPT
 70
1
  9
$DIMDEC
 70
2
  9
$DIMTDEC
 70
2
  9
$DIMALTU
 70
2
  9
$DIMALTTD
 70
3
  9
$DIMTXSTY
  7
OpenSansCondensed-Light
  9
$DIMAUNIT
 70
0
  9
$DIMADEC
 70
2
  9
$DIMALTRND
 40
0.0
  9
$DIMAZIN
 70
3
  9
$DIMDSEP
 70
46
  9
$DIMATFIT
 70
3
  9
$DIMFRAC
 70
0
  9
$DIMLDRBLK
  1

  9
$DIMLUNIT
 70
2
  9
$DIMLWD
 70
-2
  9
$DIMLWE
 70
-2
  9
$DIMTMOVE
 70
2
  9
$DIMFXL
 40
1.0
  9
$DIMFXLON
 70
0
  9
$DIMJOGANG
 40
0.785398163397
  9
$DIMTFILL
 70
0
  9
$DIMTFILLCLR
 70
0
  9
$DIMARCSYM
 70
0
  9
$DIMLTYPE
  6

  9
$DIMLTEX1
  6

  9
$DIMLTEX2
  6

  9
$DIMTXTDIRECTION
 70
0
  9
$LUNITS
 70
2
  9
$LUPREC
 70
4
  9
$SKETCHINC
 40
1.0
  9
$FILLETRAD
 40
10.0
  9
$AUNITS
 70
0
  9
$AUPREC
 70
2
  9
$MENU
  1
.
  9
$ELEVATION
 40
0.0
  9
$PELEVATION
 40
0.0
  9
$THICKNESS
 40
0.0
  9
$LIMCHECK
 70
0
  9
$CHAMFERA
 40
0.0
  9
$CHAMFERB
 40
0.0
  9
$CHAMFERC
 40
0.0
  9
$CHAMFERD
 40
0.0
  9
$SKPOLY
 70
0
  9
$TDCREATE
 40
2461308.1260648146
  9
$TDUCREATE
 40
2458532.153996898
  9
$TDUPDATE
 40
2461308.1260648146
  9
$TDUUPDATE
 40
2458532.1544311
  9
$TDINDWG
 40
0.0
  9
$TDUSRTIMER
 40
0.0
  9
$USRTIMER
 70
1
  9
$ANGBASE
 50
0.0
  9
$ANGDIR
 70
0
  9
$PDMODE
 70
0
  9
$PDSIZE
 40
0.0
  9
$PLINEWID
 40
0.0
  9
$SPLFRAME
 70
0
  9
$SPLINETYPE
 70
6
  9
$SPLINESEGS
 70
8
  9
$HANDSEED
  5
45B
  9
$SURFTAB1
 70
6
  9
$SURFTAB2
 70
6
  9
$SURFTYPE
 70
6
  9
$SURFU
 70
6
  9
$SURFV
 70
6
  9
$UCSBASE
  2

  9
$UCSNAME
  2

  9
$UCSORG
 10
0.0
 20
0.0
 30
0.0
  9
$UCSXDIR
 10
1.0
 20
0.0
 30
0.0
  9
$UCSYDIR
 10
0.0
 20
1.0
 30
0.0
  9
$UCSORTHOREF
  2

  9
$UCSORTHOVIEW
 70
0
  9
$UCSORGTOP
 10
0.0
 20
0.0
 30
0.0
  9
$UCSORGBOTTOM
 10
0.0
 20
0.0
 30
0.0
  9
$UCSORGLEFT
 10
0.0
 20
0.0
 30
0.0
  9
$UCSORGRIGHT
 10
0.0
 20
0.0
 30
0.0
  9
$UCSORGFRONT
 10
0.0
 20
0.0
 30
0.0
  9
$UCSORGBACK
 10
0.0
 20
0.0
 30
0.0
  9
$PUCSBASE
  2

  9
$PUCSNAME
  2

  9
$PUCSORG
 10
0.0
 20
0.0
 30
0.0
  9
$PUCSXDIR
 10
1.0
 20
0.0
 30
0.0
  9
$PUCSYDIR
 10
0.0
 20
1.0
 30
0.0
  9
$PUCSORTHOREF
  2

  9
$PUCSORTHOVIEW
 70
0
  9
$PUCSORGTOP
 10
0.0
 20
0.0
 30
0.0
  9
$PUCSORGBOTTOM
 10
0.0
 20
0.0
 30
0.0
  9
$PUCSORGLEFT
 10
0.0
 20
0.0
 30
0.0
  9
$PUCSORGRIGHT
 10
0.0
 20
0.0
 30
0.0
  9
$PUCSORGFRONT
 10
0.0
 20
0.0
 30
0.0
  9
$PUCSORGBACK
 10
0.0
 20
0.0
 30
0.0
  9
$USERI1
 70
0
  9
$USERI2
 70
0
  9
$USERI3
 70
0
  9
$USERI4
 70
0
  9
$USERI5
 70
0
  9
$USERR1
 40
0.0
  9
$USERR2
 40
0.0
  9
$USERR3
 40
0.0
  9
$USERR4
 40
0.0
  9
$USERR5
 40
0.0
  9
$WORLDVIEW
 70
1
  9
$SHADEDGE
 70
3
  9
$SHADEDIF
 70
70
  9
$TILEMODE
 70
1
  9
$MAXACTVP
 70
64
  9
$PINSBASE
 10
0.0
 20
0.0
 30
0.0
  9
$PLIMCHECK
 70
0
  9
$PEXTMIN
 10
1e+20
 20
1e+20
 30
1e+20
  9
$PEXTMAX
 10
-1e+20
 20
-1e+20
 30
-1e+20
  9
$PLIMMIN
 10
0.0
 20
0.0
  9
$PLIMMAX
 10
420.0
 20
297.0
  9
$UNITMODE
 70
0
  9
$VISRETAIN
 70
1
  9
$PLINEGEN
 70
0
  9
$PSLTSCALE
 70
1
  9
$TREEDEPTH
 70
3020
  9
$CMLSTYLE
  2
Standard
  9
$CMLJUST
 70
0
  9
$CMLSCALE
 40
20.0
  9
$PROXYGRAPHICS
 70
1
  9
$MEASUREMENT
 70
0
  9
$CELWEIGHT
370
-1
  9
$ENDCAPS
280
0
  9
$JOINSTYLE
280
0
  9
$LWDISPLAY
290
0
  9
$INSUNITS
 70
2
  9
$HYPERLINKBASE
  1

  9
$STYLESHEET
  1

  9
$XEDIT
290
1
  9
$CEPSNTYPE
380
0
  9
$PSTYLEMODE
290
1
  9
$FINGERPRINTGUID
  2
{51B867C1-39DA-4DC1-829A-BCA1A473B3A0}
  9
$VERSIONGUID
  2
{FDF8459C-20A7-43AA-B72F-342FB74A4748}
  9
$EXTNAMES
290
1
  9
$PSVPSCALE
 40
0.0
  9
$OLESTARTUP
290
0
  9
$SORTENTS
280
127
  9
$INDEXCTL
280
0
  9
$HIDETEXT
280
1
  9
$XCLIPFRAME
280
1
  9
$HALOGAP
280
0
  9
$OBSCOLOR
 70
257
  9
$OBSLTYPE
280
0
  9
$INTERSECTIONDISPLAY
280
0
  9
$INTERSECTIONCOLOR
 70
257
  9
$DIMASSOC
280
2
  9
$PROJECTNAME
  1

  9
$CAMERADISPLAY
290
0
  9
$LENSLENGTH
 40
50.0
  9
$CAMERAHEIGHT
 40
0.0
  9
$STEPSPERSEC
 40
24.0
  9
$STEPSIZE
 40
100.0
  9
$3DDWFPREC
 40
2.0
  9
$PSOLWIDTH
 40
0.005
  9
$PSOLHEIGHT
 40
0.08
  9
$LOFTANG1
 40
1.570796326795
  9
$LOFTANG2
 40
1.570796326795
  9
$LOFTMAG1
 40
0.0
  9
$LOFTMAG2
 40
0.0
  9
$LOFTPARAM
 70
7
  9
$LOFTNORMALS
280
1
  9
$LATITUDE
 40
37.795
  9
$LONGITUDE
 40
-122.394
  9
$NORTHDIRECTION
 40
0.0
  9
$TIMEZONE
 70
-8000
  9
$LIGHTGLYPHDISPLAY
280
1
  9
$TILEMODELIGHTSYNCH
280
1
  9
$CMATERIAL
347
20
  9
$SOLIDHIST
280
0
  9
$SHOWHIST
280
1
  9
$DWFFRAME
280
2
  9
$DGNFRAME
280
2
  9
$REALWORLDSCALE
290
1
  9
$INTERFERECOLOR
 62
256
  9
$CSHADOW
280
0
  9
$SHADOWPLANELOCATION
 40
0.0
  0
ENDSEC
  0
SECTION
  2
CLASSES
  0
CLASS
  1
ACDBDICTIONARYWDFLT
  2
AcDbDictionaryWithDefault
  3
ObjectDBX Classes
 90
0
 91
0
280
0
281
0
  0
CLASS
  1
SUN
  2
AcDbSun
  3
SCENEOE
 90
1153
 91
0
280
0
281
0
  0
CLASS
  1
VISUALSTYLE
  2
AcDbVisualStyle
  3
ObjectDBX Classes
 90
4095
 91
0
280
0
281
0
  0
CLASS
  1
MATERIAL
  2
AcDbMaterial
  3
ObjectDBX Classes
 90
1153
 91
0
280
0
281
0
  0
CLASS
  1
SCALE
  2
AcDbScale
  3
ObjectDBX Classes
 90
1153
 91
0
280
0
281
0
  0
CLASS
  1
TABLESTYLE
  2
AcDbTableStyle
  3
ObjectDBX Classes
 90
4095
 91
0
280
0
281
0
  0
CLASS
  1
MLEADERSTYLE
  2
AcDbMLeaderStyle
  3
ACDB_MLEADERSTYLE_CLASS
 90
4095
 91
0
280
0
281
0
  0
CLASS
  1
DICTIONARYVAR
  2
AcDbDictionaryVar
  3
ObjectDBX Classes
 90
0
 91
0
280
0
281
0
  0
CLASS
  1
CELLSTYLEMAP
  2
AcDbCellStyleMap
  3
ObjectDBX Classes
 90
1152
 91
0
280
0
281
0
  0
CLASS
  1
MENTALRAYRENDERSETTINGS
  2
AcDbMentalRayRenderSettings
  3
SCENEOE
 90
1024
 91
0
280
0
281
0
  0
CLASS
  1
ACDBDETAILVIEWSTYLE
  2
AcDbDetailViewStyle
  3
ObjectDBX Classes
 90
1025
 91
0
280
0
281
0
  0
CLASS
  1
ACDBSECTIONVIEWSTYLE
  2
AcDbSectionViewStyle
  3
ObjectDBX Classes
 90
1025
 91
0
280
0
281
0
  0
CLASS
  1
RASTERVARIABLES
  2
AcDbRasterVariables
  3
ISM
 90
0
 91
0
280
0
281
0
  0
CLASS
  1
LAYOUT
  2
AcDbLayout
  3
ObjectDBX Classes
 90
0
 91
0
280
0
281
0
  0
CLASS
  1
ACDBPLACEHOLDER
  2
AcDbPlaceHolder
  3
ObjectDBX Classes
 90
0
 91
0
280
0
281
0
  0
ENDSEC
  0
SECTION
  2
TABLES
  0
TABLE
  2
VPORT
  5
8
330
0
100
AcDbSymbolTable
 70
1
  0
VPORT
  5
23
330
8
100
AcDbSymbolTableRecord
100
AcDbViewportTableRecord
  2
*Active
 70
0
 10
0.0
 20
0.0
 11
1.0
 21
1.0
 12
0.0
 22
0.0
 13
0.0
 23
0.0
 14
0.5
 24
0.5
 15
0.5
 25
0.5
 16
0.0
 26
0.0
 36
1.0
 17
0.0
 27
0.0
 37
0.0
 40
1000.0
 41
1.34
 42
50.0
 43
0.0
 44
0.0
 50
0.0
 51
0.0
 71
0
 72
1000
 73
1
 74
3
 75
0
 76
0
 77
0
 78
0
281
0
 65
0
146
0.0
  0
ENDTAB
  0
TABLE
  2
LTYPE
  5
2
330
0
100
AcDbSymbolTable
 70
21
  0
LTYPE
  5
24
330
2
100
AcDbSymbolTableRecord
100
AcDbLinetypeTableRecord
  2
ByBlock
 70
0
  3

 72
65
 73
0
 40
0.0
  0
LTYPE
  5
25
330
2
100
AcDbSymbolTableRecord
100
AcDbLinetypeTableRecord
  2
ByLayer
 70
0
  3

 72
65
 73
0
 40
0.0
  0
LTYPE
  5
26
330
2
100
AcDbSymbolTableRecord
100
AcDbLinetypeTableRecord
  2
Continuous
 70
0
  3

 72
65
 73
0
 40
0.0
  0
LTYPE
  5
2F
330
2
100
AcDbSymbolTableRecord
100
AcDbLinetypeTableRecord
  2
CENTER
 70
0
  3
Center ____ _ ____ _ ____ _ ____ _ ____ _ ____
 72
65
 73
4
 40
5.08
 49
3.175
 74
0
 49
-0.635
 74
0
 49
0.635
 74
0
 49
-0.635
 74
0
  0
LTYPE
  5
30
330
2
100
AcDbSymbolTableRecord
100
AcDbLinetypeTableRecord
  2
CENTERX2
 70
0
  3
Center (2x) ________  __  ________  __  ________
 72
65
 73
4
 40
8.89
 49
6.35
 74
0
 49
-0.635
 74
0
 49
1.27
 74
0
 49
-0.635
 74
0
  0
LTYPE
  5
31
330
2
100
AcDbSymbolTableRecord
100
AcDbLinetypeTableRecord
  2
CENTER2
 70
0
  3
Center (.5x) ____ _ ____ _ ____ _ ____ _ ____
 72
65
 73
4
 40
2.54
 49
1.587
 74
0
 49
-0.318
 74
0
 49
0.318
 74
0
 49
-0.318
 74
0
  0
LTYPE
  5
32
330
2
100
AcDbSymbolTableRecord
100
AcDbLinetypeTableRecord
  2
DASHED
 70
0
  3
Dashed __ __ __ __ __ __ __ __ __ __ __ __ __ _
 72
65
 73
2
 40
1.524
 49
1.27
 74
0
 49
-0.254
 74
0
  0
LTYPE
  5
33
330
2
100
AcDbSymbolTableRecord
100
AcDbLinetypeTableRecord
  2
DASHEDX2
 70
0
  3
Dashed (2x) ____  ____  ____  ____  ____  ____
 72
65
 73
2
 40
3.048
 49
2.54
 74
0
 49
-0.508
 74
0
  0
LTYPE
  5
34
330
2
100
AcDbSymbolTableRecord
100
AcDbLinetypeTableRecord
  2
DASHED2
 70
0
  3
Dashed (.5x) _ _ _ _ _ _ _ _ _ _ _ _ _ _
 72
65
 73
2
 40
0.762
 49
0.635
 74
0
 49
-0.127
 74
0
  0
LTYPE
  5
35
330
2
100
AcDbSymbolTableRecord
100
AcDbLinetypeTableRecord
  2
PHANTOM
 70
0
  3
Phantom ______  __  __  ______  __  __  ______
 72
65
 73
6
 40
6.35
 49
3.175
 74
0
 49
-0.635
 74
0
 49
0.635
 74
0
 49
-0.635
 74
0
 49
0.635
 74
0
 49
-0.635
 74
0
  0
LTYPE
  5
36
330
2
100
AcDbSymbolTableRecord
100
AcDbLinetypeTableRecord
  2
PHANTOMX2
 70
0
  3
Phantom (2x)____________    ____    ____    ____________
 72
65
 73
6
 40
10.795
 49
6.35
 74
0
 49
-0.635
 74
0
 49
1.27
 74
0
 49
-0.635
 74
0
 49
1.27
 74
0
 49
-0.635
 74
0
  0
LTYPE
  5
37
330
2
100
AcDbSymbolTableRecord
100
AcDbLinetypeTableRecord
  2
PHANTOM2
 70
0
  3
Phantom (.5x) ___ _ _ ___ _ _ ___ _ _ ___ _ _ ___
 72
65
 73
6
 40
3.175
 49
1.587
 74
0
 49
-0.318
 74
0
 49
0.318
 74
0
 49
-0.318
 74
0
 49
0.318
 74
0
 49
-0.318
 74
0
  0
LTYPE
  5
38
330
2
100
AcDbSymbolTableRecord
100
AcDbLinetypeTableRecord
  2
DASHDOT
 70
0
  3
Dash dot __ . __ . __ . __ . __ . __ . __ . __
 72
65
 73
4
 40
3.556
 49
2.54
 74
0
 49
-0.508
 74
0
 49
0.0
 74
0
 49
-0.508
 74
0
  0
LTYPE
  5
39
330
2
100
AcDbSymbolTableRecord
100
AcDbLinetypeTableRecord
  2
DASHDOTX2
 70
0
  3
Dash dot (2x) ____  .  ____  .  ____  .  ____
 72
65
 73
4
 40
6.096
 49
5.08
 74
0
 49
-0.508
 74
0
 49
0.0
 74
0
 49
-0.508
 74
0
  0
LTYPE
  5
3A
330
2
100
AcDbSymbolTableRecord
100
AcDbLinetypeTableRecord
  2
DASHDOT2
 70
0
  3
Dash dot (.5x) _ . _ . _ . _ . _ . _ . _ . _
 72
65
 73
4
 40
1.778
 49
1.27
 74
0
 49
-0.254
 74
0
 49
0.0
 74
0
 49
-0.254
 74
0
  0
LTYPE
  5
3B
330
2
100
AcDbSymbolTableRecord
100
AcDbLinetypeTableRecord
  2
DOT
 70
0
  3
Dot .  .  .  .  .  .  .  .  .  .  .  .  .  .  .  .
 72
65
 73
2
 40
0.508
 49
0.0
 74
0
 49
-0.508
 74
0
  0
LTYPE
  5
3C
330
2
100
AcDbSymbolTableRecord
100
AcDbLinetypeTableRecord
  2
DOTX2
 70
0
  3
Dot (2x) .    .    .    .    .    .    .    . 
 72
65
 73
2
 40
1.016
 49
0.0
 74
0
 49
-1.016
 74
0
  0
LTYPE
  5
3D
330
2
100
AcDbSymbolTableRecord
100
AcDbLinetypeTableRecord
  2
DOT2
 70
0
  3
Dot (.5) . . . . . . . . . . . . . . . . . . . 
 72
65
 73
2
 40
0.254
 49
0.0
 74
0
 49
-0.254
 74
0
  0
LTYPE
  5
3E
330
2
100
AcDbSymbolTableRecord
100
AcDbLinetypeTableRecord
  2
DIVIDE
 70
0
  3
Divide __ . . __ . . __ . . __ . . __ . . __
 72
65
 73
6
 40
4.064
 49
2.54
 74
0
 49
-0.508
 74
0
 49
0.0
 74
0
 49
-0.508
 74
0
 49
0.0
 74
0
 49
-0.508
 74
0
  0
LTYPE
  5
3F
330
2
100
AcDbSymbolTableRecord
100
AcDbLinetypeTableRecord
  2
DIVIDEX2
 70
0
  3
Divide (2x) ____  . .  ____  . .  ____  . .  ____
 72
65
 73
6
 40
6.604
 49
5.08
 74
0
 49
-0.508
 74
0
 49
0.0
 74
0
 49
-0.508
 74
0
 49
0.0
 74
0
 49
-0.508
 74
0
  0
LTYPE
  5
40
330
2
100
AcDbSymbolTableRecord
100
AcDbLinetypeTableRecord
  2
DIVIDE2
 70
0
  3
Divide(.5x) _ . _ . _ . _ . _ . _ . _ . _
 72
65
 73
6
 40
2.032
 49
1.27
 74
0
 49
-0.254
 74
0
 49
0.0
 74
0
 49
-0.254
 74
0
 49
0.0
 74
0
 49
-0.254
 74
0
  0
ENDTAB
  0
TABLE
  2
LAYER
  5
1
330
0
100
AcDbSymbolTable
 70
18
  0
LAYER
  5
27
330
1
100
AcDbSymbolTableRecord
100
AcDbLayerTableRecord
  2
0
 70
0
 62
7
  6
Continuous
370
-3
390
13
347
21
  0
LAYER
  5
28
330
1
100
AcDbSymbolTableRecord
100
AcDbLayerTableRecord
  2
Defpoints
 70
0
 62
7
  6
Continuous
290
0
370
-3
390
13
347
21
  0
LAYER
  5
8B
330
1
100
AcDbSymbolTableRecord
100
AcDbLayerTableRecord
  2
PLAT-LINE
 70
0
 62
7
  6
CONTINUOUS
370
-3
390
13
347
21
  0
LAYER
  5
8C
330
1
100
AcDbSymbolTableRecord
100
AcDbLayerTableRecord
  2
PLAT-LINE-DASH
 70
0
 62
8
  6
DASHED
370
-3
390
13
347
21
  0
LAYER
  5
8D
330
1
100
AcDbSymbolTableRecord
100
AcDbLayerTableRecord
  2
PLAT-CURVE
 70
0
 62
4
  6
CONTINUOUS
370
-3
390
13
347
21
  0
LAYER
  5
8E
330
1
100
AcDbSymbolTableRecord
100
AcDbLayerTableRecord
  2
PLAT-TEXT-BRG
 70
0
 62
3
  6
CONTINUOUS
370
-3
390
13
347
21
  0
LAYER
  5
8F
330
1
100
AcDbSymbolTableRecord
100
AcDbLayerTableRecord
  2
PLAT-TEXT-DIST
 70
0
 62
2
  6
CONTINUOUS
370
-3
390
13
347
21
  0
LAYER
  5
90
330
1
100
AcDbSymbolTableRecord
100
AcDbLayerTableRecord
  2
PLAT-TEXT-CURVE
 70
0
 62
6
  6
CONTINUOUS
370
-3
390
13
347
21
  0
LAYER
  5
91
330
1
100
AcDbSymbolTableRecord
100
AcDbLayerTableRecord
  2
PLAT-TEXT-LOTNO
 70
0
 62
5
  6
CONTINUOUS
370
-3
390
13
347
21
  0
LAYER
  5
92
330
1
100
AcDbSymbolTableRecord
100
AcDbLayerTableRecord
  2
PLAT-TEXT-AREA
 70
0
 62
5
  6
CONTINUOUS
370
-3
390
13
347
21
  0
LAYER
  5
93
330
1
100
AcDbSymbolTableRecord
100
AcDbLayerTableRecord
  2
PLAT-TEXT-MISC
 70
0
 62
9
  6
CONTINUOUS
370
-3
390
13
347
21
  0
LAYER
  5
94
330
1
100
AcDbSymbolTableRecord
100
AcDbLayerTableRecord
  2
PLAT-TEXT-UNASSOC
 70
0
 62
30
  6
CONTINUOUS
370
-3
390
13
347
21
  0
LAYER
  5
95
330
1
100
AcDbSymbolTableRecord
100
AcDbLayerTableRecord
  2
PLAT-TABLE-CURVE
 70
0
 62
6
  6
CONTINUOUS
370
-3
390
13
347
21
  0
LAYER
  5
96
330
1
100
AcDbSymbolTableRecord
100
AcDbLayerTableRecord
  2
PLAT-TABLE
 70
0
 62
6
  6
CONTINUOUS
370
-3
390
13
347
21
  0
LAYER
  5
97
330
1
100
AcDbSymbolTableRecord
100
AcDbLayerTableRecord
  2
PLAT-NOTES
 70
0
 62
7
  6
CONTINUOUS
370
-3
390
13
347
21
  0
LAYER
  5
98
330
1
100
AcDbSymbolTableRecord
100
AcDbLayerTableRecord
  2
PLAT-QA
 70
0
 62
1
  6
CONTINUOUS
370
-3
390
13
347
21
  0
LAYER
  5
99
330
1
100
AcDbSymbolTableRecord
100
AcDbLayerTableRecord
  2
PLAT-MON
 70
0
 62
1
  6
CONTINUOUS
370
-3
390
13
347
21
  0
LAYER
  5
9A
330
1
100
AcDbSymbolTableRecord
100
AcDbLayerTableRecord
  2
PLAT-TEXT-LOWCONF
 70
1
 62
8
  6
CONTINUOUS
370
-3
390
13
347
21
  0
ENDTAB
  0
TABLE
  2
STYLE
  5
5
330
0
100
AcDbSymbolTable
 70
27
  0
STYLE
  5
29
330
5
100
AcDbSymbolTableRecord
100
AcDbTextStyleTableRecord
  2
Standard
 70
0
 40
0.0
 41
1.0
 50
0.0
 71
0
 42
2.5
  3
txt
  4

  0
STYLE
  5
41
330
5
100
AcDbSymbolTableRecord
100
AcDbTextStyleTableRecord
  2
OpenSans-Light
 70
0
 40
0.0
 41
1.0
 50
0.0
 71
0
 42
2.5
  3
OpenSans-Light.ttf
  4

  0
STYLE
  5
42
330
5
100
AcDbSymbolTableRecord
100
AcDbTextStyleTableRecord
  2
OpenSans-Light-Italic
 70
0
 40
0.0
 41
1.0
 50
0.0
 71
0
 42
2.5
  3
OpenSans-LightItalic.ttf
  4

  0
STYLE
  5
43
330
5
100
AcDbSymbolTableRecord
100
AcDbTextStyleTableRecord
  2
OpenSans
 70
0
 40
0.0
 41
1.0
 50
0.0
 71
0
 42
2.5
  3
OpenSans-Regular.ttf
  4

  0
STYLE
  5
44
330
5
100
AcDbSymbolTableRecord
100
AcDbTextStyleTableRecord
  2
OpenSans-Italic
 70
0
 40
0.0
 41
1.0
 50
0.0
 71
0
 42
2.5
  3
OpenSans-Italic.ttf
  4

  0
STYLE
  5
45
330
5
100
AcDbSymbolTableRecord
100
AcDbTextStyleTableRecord
  2
OpenSans-SemiBold
 70
0
 40
0.0
 41
1.0
 50
0.0
 71
0
 42
2.5
  3
OpenSans-SemiBold.ttf
  4

  0
STYLE
  5
46
330
5
100
AcDbSymbolTableRecord
100
AcDbTextStyleTableRecord
  2
OpenSans-SemiBoldItalic
 70
0
 40
0.0
 41
1.0
 50
0.0
 71
0
 42
2.5
  3
OpenSans-SemiBoldItalic.ttf
  4

  0
STYLE
  5
47
330
5
100
AcDbSymbolTableRecord
100
AcDbTextStyleTableRecord
  2
OpenSans-Bold
 70
0
 40
0.0
 41
1.0
 50
0.0
 71
0
 42
2.5
  3
OpenSans-Bold.ttf
  4

  0
STYLE
  5
48
330
5
100
AcDbSymbolTableRecord
100
AcDbTextStyleTableRecord
  2
OpenSans-BoldItalic
 70
0
 40
0.0
 41
1.0
 50
0.0
 71
0
 42
2.5
  3
OpenSans-BoldItalic.ttf
  4

  0
STYLE
  5
49
330
5
100
AcDbSymbolTableRecord
100
AcDbTextStyleTableRecord
  2
OpenSans-ExtraBold
 70
0
 40
0.0
 41
1.0
 50
0.0
 71
0
 42
2.5
  3
OpenSans-ExtraBold.ttf
  4

  0
STYLE
  5
4A
330
5
100
AcDbSymbolTableRecord
100
AcDbTextStyleTableRecord
  2
OpenSans-ExtraBoldItalic
 70
0
 40
0.0
 41
1.0
 50
0.0
 71
0
 42
2.5
  3
OpenSans-ExtraBoldItalic.ttf
  4

  0
STYLE
  5
4B
330
5
100
AcDbSymbolTableRecord
100
AcDbTextStyleTableRecord
  2
OpenSansCondensed-Bold
 70
0
 40
0.0
 41
1.0
 50
0.0
 71
0
 42
2.5
  3
OpenSansCondensed-Bold.ttf
  4

  0
STYLE
  5
4C
330
5
100
AcDbSymbolTableRecord
100
AcDbTextStyleTableRecord
  2
OpenSansCondensed-Light
 70
0
 40
0.0
 41
1.0
 50
0.0
 71
0
 42
2.5
  3
OpenSansCondensed-Light.ttf
  4

  0
STYLE
  5
4D
330
5
100
AcDbSymbolTableRecord
100
AcDbTextStyleTableRecord
  2
OpenSansCondensed-Italic
 70
0
 40
0.0
 41
1.0
 50
0.0
 71
0
 42
2.5
  3
OpenSansCondensed-LightItalic.ttf
  4

  0
STYLE
  5
4E
330
5
100
AcDbSymbolTableRecord
100
AcDbTextStyleTableRecord
  2
LiberationSans
 70
0
 40
0.0
 41
1.0
 50
0.0
 71
0
 42
2.5
  3
LiberationSans-Regular.ttf
  4

  0
STYLE
  5
4F
330
5
100
AcDbSymbolTableRecord
100
AcDbTextStyleTableRecord
  2
LiberationSans-Bold
 70
0
 40
0.0
 41
1.0
 50
0.0
 71
0
 42
2.5
  3
LiberationSans-Bold.ttf
  4

  0
STYLE
  5
50
330
5
100
AcDbSymbolTableRecord
100
AcDbTextStyleTableRecord
  2
LiberationSans-BoldItalic
 70
0
 40
0.0
 41
1.0
 50
0.0
 71
0
 42
2.5
  3
LiberationSans-BoldItalic.ttf
  4

  0
STYLE
  5
51
330
5
100
AcDbSymbolTableRecord
100
AcDbTextStyleTableRecord
  2
LiberationSans-Italic
 70
0
 40
0.0
 41
1.0
 50
0.0
 71
0
 42
2.5
  3
LiberationSans-Italic.ttf
  4

  0
STYLE
  5
52
330
5
100
AcDbSymbolTableRecord
100
AcDbTextStyleTableRecord
  2
LiberationSerif
 70
0
 40
0.0
 41
1.0
 50
0.0
 71
0
 42
2.5
  3
LiberationSerif-Regular.ttf
  4

  0
STYLE
  5
53
330
5
100
AcDbSymbolTableRecord
100
AcDbTextStyleTableRecord
  2
LiberationSerif-Bold
 70
0
 40
0.0
 41
1.0
 50
0.0
 71
0
 42
2.5
  3
LiberationSerif-Bold.ttf
  4

  0
STYLE
  5
54
330
5
100
AcDbSymbolTableRecord
100
AcDbTextStyleTableRecord
  2
LiberationSerif-BoldItalic
 70
0
 40
0.0
 41
1.0
 50
0.0
 71
0
 42
2.5
  3
LiberationSerif-BoldItalic.ttf
  4

  0
STYLE
  5
55
330
5
100
AcDbSymbolTableRecord
100
AcDbTextStyleTableRecord
  2
LiberationSerif-Italic
 70
0
 40
0.0
 41
1.0
 50
0.0
 71
0
 42
2.5
  3
LiberationSerif-Italic.ttf
  4

  0
STYLE
  5
56
330
5
100
AcDbSymbolTableRecord
100
AcDbTextStyleTableRecord
  2
LiberationMono
 70
0
 40
0.0
 41
1.0
 50
0.0
 71
0
 42
2.5
  3
LiberationMono-Regular.ttf
  4

  0
STYLE
  5
57
330
5
100
AcDbSymbolTableRecord
100
AcDbTextStyleTableRecord
  2
LiberationMono-Bold
 70
0
 40
0.0
 41
1.0
 50
0.0
 71
0
 42
2.5
  3
LiberationMono-Bold.ttf
  4

  0
STYLE
  5
58
330
5
100
AcDbSymbolTableRecord
100
AcDbTextStyleTableRecord
  2
LiberationMono-BoldItalic
 70
0
 40
0.0
 41
1.0
 50
0.0
 71
0
 42
2.5
  3
LiberationMono-BoldItalic.ttf
  4

  0
STYLE
  5
59
330
5
100
AcDbSymbolTableRecord
100
AcDbTextStyleTableRecord
  2
LiberationMono-Italic
 70
0
 40
0.0
 41
1.0
 50
0.0
 71
0
 42
2.5
  3
LiberationMono-Italic.ttf
  4

  0
STYLE
  5
9B
330
5
100
AcDbSymbolTableRecord
100
AcDbTextStyleTableRecord
  2
PLAT
 70
0
 40
0.0
 41
1.0
 50
0.0
 71
0
 42
2.5
  3
arial.ttf
  4

  0
ENDTAB
  0
TABLE
  2
VIEW
  5
7
330
0
100
AcDbSymbolTable
 70
0
  0
ENDTAB
  0
TABLE
  2
UCS
  5
6
330
0
100
AcDbSymbolTable
 70
0
  0
ENDTAB
  0
TABLE
  2
APPID
  5
3
330
0
100
AcDbSymbolTable
 70
4
  0
APPID
  5
2A
330
3
100
AcDbSymbolTableRecord
100
AcDbRegAppTableRecord
  2
ACAD
 70
0
  0
APPID
  5
8A
330
3
100
AcDbSymbolTableRecord
100
AcDbRegAppTableRecord
  2
RASTER2DXF
 70
0
  0
APPID
  5
458
330
3
100
AcDbSymbolTableRecord
100
AcDbRegAppTableRecord
  2
HATCHBACKGROUNDCOLOR
 70
0
  0
APPID
  5
459
330
3
100
AcDbSymbolTableRecord
100
AcDbRegAppTableRecord
  2
EZDXF
 70
0
  0
ENDTAB
  0
TABLE
  2
DIMSTYLE
  5
4
330
0
100
AcDbSymbolTable
 70
12
100
AcDbDimStyleTable
  0
DIMSTYLE
105
2B
330
4
100
AcDbSymbolTableRecord
100
AcDbDimStyleTableRecord
  2
Standard
 70
0
 40
1.0
 41
2.5
 42
0.625
 43
3.75
 44
1.25
 45
0.0
 46
0.0
 47
0.0
 48
0.0
 49
2.5
140
2.5
141
2.5
142
0.0
143
0.03937007874
144
1.0
145
0.0
146
1.0
147
0.625
148
0.0
 69
0
 70
0
 71
0
 72
0
 73
0
 74
0
 75
0
 76
0
 77
1
 78
8
 79
3
170
0
171
3
172
1
173
0
174
0
175
0
176
0
177
0
178
0
179
2
271
2
272
2
273
2
274
3
275
0
276
0
277
2
278
44
279
0
280
0
281
0
282
0
283
0
284
8
285
0
286
0
288
0
289
3
290
0
371
-2
372
-2
  0
DIMSTYLE
105
73
330
4
100
AcDbSymbolTableRecord
100
AcDbDimStyleTableRecord
  2
EZDXF
 70
0
 40
1.0
 41
0.175
 42
0.125
 43
3.75
 44
0.375
 45
0.0
 46
0.0
 47
0.0
 48
0.0
 49
2.5
140
0.25
141
2.5
142
0.0
143
0.03937007874
144
100.0
145
0.0
146
0.5
147
0.1
148
0.0
 69
0
 70
0
 71
0
 72
0
 73
0
 74
0
 75
0
 76
0
 77
1
 78
12
 79
3
170
0
171
3
172
1
173
0
174
0
175
0
176
0
177
0
178
0
179
2
271
2
272
2
273
2
274
3
275
0
276
0
277
2
278
46
279
2
280
0
281
0
282
0
283
0
284
8
285
0
286
0
288
1
289
3
290
0
340
4C
342
74
371
-2
372
-2
  0
DIMSTYLE
105
7C
330
4
100
AcDbSymbolTableRecord
100
AcDbDimStyleTableRecord
  2
EZ_M_100_H25_CM
 70
0
 40
1.0
 41
0.25
 42
0.125
 43
3.75
 44
0.375
 45
0.0
 46
0.0
 47
0.0
 48
0.0
 49
2.5
140
0.25
141
2.5
142
0.125
143
0.03937007874
144
100.0
145
0.0
146
0.5
147
0.1
148
0.0
 69
0
 70
0
 71
0
 72
0
 73
0
 74
0
 75
0
 76
0
 77
1
 78
12
 79
3
170
0
171
3
172
1
173
0
174
0
175
0
176
0
177
0
178
0
179
2
271
2
272
2
273
2
274
3
275
0
276
0
277
2
278
46
279
2
280
0
281
0
282
0
283
0
284
8
285
0
286
0
288
1
289
3
290
0
340
4C
371
-2
372
-2
  0
DIMSTYLE
105
7D
330
4
100
AcDbSymbolTableRecord
100
AcDbDimStyleTableRecord
  2
EZ_M_50_H25_CM
 70
0
 40
1.0
 41
0.125
 42
0.0625
 43
3.75
 44
0.1875
 45
0.0
 46
0.0
 47
0.0
 48
0.0
 49
2.5
140
0.125
141
2.5
142
0.0625
143
0.03937007874
144
100.0
145
0.0
146
0.5
147
0.05
148
0.0
 69
0
 70
0
 71
0
 72
0
 73
0
 74
0
 75
0
 76
0
 77
1
 78
12
 79
3
170
0
171
3
172
1
173
0
174
0
175
0
176
0
177
0
178
0
179
2
271
2
272
2
273
2
274
3
275
0
276
0
277
2
278
46
279
2
280
0
281
0
282
0
283
0
284
8
285
0
286
0
288
1
289
3
290
0
340
4C
371
-2
372
-2
  0
DIMSTYLE
105
7E
330
4
100
AcDbSymbolTableRecord
100
AcDbDimStyleTableRecord
  2
EZ_M_25_H25_CM
 70
0
 40
1.0
 41
0.0625
 42
0.03125
 43
3.75
 44
0.09375
 45
0.0
 46
0.0
 47
0.0
 48
0.0
 49
2.5
140
0.0625
141
2.5
142
0.03125
143
0.03937007874
144
100.0
145
0.0
146
0.5
147
0.025
148
0.0
 69
0
 70
0
 71
0
 72
0
 73
0
 74
0
 75
0
 76
0
 77
1
 78
12
 79
3
170
0
171
3
172
1
173
0
174
0
175
0
176
0
177
0
178
0
179
2
271
2
272
2
273
2
274
3
275
0
276
0
277
2
278
46
279
2
280
0
281
0
282
0
283
0
284
8
285
0
286
0
288
1
289
3
290
0
340
4C
371
-2
372
-2
  0
DIMSTYLE
105
7F
330
4
100
AcDbSymbolTableRecord
100
AcDbDimStyleTableRecord
  2
EZ_M_20_H25_CM
 70
0
 40
1.0
 41
0.05
 42
0.025
 43
3.75
 44
0.07500000000000001
 45
0.0
 46
0.0
 47
0.0
 48
0.0
 49
2.5
140
0.05
141
2.5
142
0.025
143
0.03937007874
144
100.0
145
0.0
146
0.5
147
0.020000000000000004
148
0.0
 69
0
 70
0
 71
0
 72
0
 73
0
 74
0
 75
0
 76
0
 77
1
 78
12
 79
3
170
0
171
3
172
1
173
0
174
0
175
0
176
0
177
0
178
0
179
2
271
2
272
2
273
2
274
3
275
0
276
0
277
2
278
46
279
2
280
0
281
0
282
0
283
0
284
8
285
0
286
0
288
1
289
3
290
0
340
4C
371
-2
372
-2
  0
DIMSTYLE
105
80
330
4
100
AcDbSymbolTableRecord
100
AcDbDimStyleTableRecord
  2
EZ_M_10_H25_CM
 70
0
 40
1.0
 41
0.025
 42
0.0125
 43
3.75
 44
0.037500000000000006
 45
0.0
 46
0.0
 47
0.0
 48
0.0
 49
2.5
140
0.025
141
2.5
142
0.0125
143
0.03937007874
144
100.0
145
0.0
146
0.5
147
0.010000000000000002
148
0.0
 69
0
 70
0
 71
0
 72
0
 73
0
 74
0
 75
0
 76
0
 77
1
 78
12
 79
3
170
0
171
3
172
1
173
0
174
0
175
0
176
0
177
0
178
0
179
2
271
2
272
2
273
2
274
3
275
0
276
0
277
2
278
46
279
2
280
0
281
0
282
0
283
0
284
8
285
0
286
0
288
1
289
3
290
0
340
4C
371
-2
372
-2
  0
DIMSTYLE
105
81
330
4
100
AcDbSymbolTableRecord
100
AcDbDimStyleTableRecord
  2
EZ_M_5_H25_CM
 70
0
 40
1.0
 41
0.0125
 42
0.00625
 43
3.75
 44
0.018750000000000003
 45
0.0
 46
0.0
 47
0.0
 48
0.0
 49
2.5
140
0.0125
141
2.5
142
0.00625
143
0.03937007874
144
100.0
145
0.0
146
0.5
147
0.005000000000000001
148
0.0
 69
0
 70
0
 71
0
 72
0
 73
0
 74
0
 75
0
 76
0
 77
1
 78
12
 79
3
170
0
171
3
172
1
173
0
174
0
175
0
176
0
177
0
178
0
179
2
271
2
272
2
273
2
274
3
275
0
276
0
277
2
278
46
279
2
280
0
281
0
282
0
283
0
284
8
285
0
286
0
288
1
289
3
290
0
340
4C
371
-2
372
-2
  0
DIMSTYLE
105
82
330
4
100
AcDbSymbolTableRecord
100
AcDbDimStyleTableRecord
  2
EZ_M_1_H25_CM
 70
0
 40
1.0
 41
0.0025
 42
0.00125
 43
3.75
 44
0.00375
 45
0.0
 46
0.0
 47
0.0
 48
0.0
 49
2.5
140
0.0025
141
2.5
142
0.00125
143
0.03937007874
144
100.0
145
0.0
146
0.5
147
0.001
148
0.0
 69
0
 70
0
 71
0
 72
0
 73
0
 74
0
 75
0
 76
0
 77
1
 78
12
 79
3
170
0
171
3
172
1
173
0
174
0
175
0
176
0
177
0
178
0
179
2
271
2
272
2
273
2
274
3
275
0
276
0
277
2
278
46
279
2
280
0
281
0
282
0
283
0
284
8
285
0
286
0
288
1
289
3
290
0
340
4C
371
-2
372
-2
  0
DIMSTYLE
105
83
330
4
100
AcDbSymbolTableRecord
100
AcDbDimStyleTableRecord
  2
EZ_RADIUS
 70
0
 40
1.0
 41
0.25
 42
0.125
 43
3.75
 44
0.375
 45
0.0
 46
0.0
 47
0.0
 48
0.0
 49
2.5
140
0.25
141
0.0
142
0.0
143
0.03937007874
144
100.0
145
0.0
146
0.5
147
0.1
148
0.0
 69
0
 70
0
 71
0
 72
0
 73
0
 74
0
 75
0
 76
0
 77
1
 78
12
 79
3
170
0
171
3
172
0
173
0
174
0
175
0
176
0
177
0
178
0
179
2
271
2
272
2
273
2
274
3
275
0
276
0
277
2
278
46
279
1
280
0
281
0
282
0
283
0
284
8
285
0
286
0
288
1
289
3
290
0
340
4C
342
84
371
-2
372
-2
  0
DIMSTYLE
105
88
330
4
100
AcDbSymbolTableRecord
100
AcDbDimStyleTableRecord
  2
EZ_RADIUS_INSIDE
 70
0
 40
1.0
 41
0.25
 42
0.125
 43
3.75
 44
0.375
 45
0.0
 46
0.0
 47
0.0
 48
0.0
 49
2.5
140
0.25
141
0.0
142
0.0
143
0.03937007874
144
100.0
145
0.0
146
0.5
147
0.1
148
0.0
 69
0
 70
0
 71
0
 72
0
 73
0
 74
0
 75
0
 76
0
 77
0
 78
12
 79
3
170
0
171
3
172
0
173
0
174
1
175
0
176
0
177
0
178
0
179
2
271
2
272
2
273
2
274
3
275
0
276
0
277
2
278
46
279
0
280
0
281
0
282
0
283
0
284
8
285
0
286
0
288
1
289
0
290
0
340
4C
342
84
371
-2
372
-2
  0
DIMSTYLE
105
89
330
4
100
AcDbSymbolTableRecord
100
AcDbDimStyleTableRecord
  2
EZ_CURVED
 70
0
 40
1.0
 41
0.25
 42
0.125
 43
3.75
 44
0.375
 45
0.0
 46
0.0
 47
0.0
 48
0.0
 49
2.5
140
0.25
141
2.5
142
0.0
143
0.03937007874
144
100.0
145
0.0
146
0.5
147
0.1
148
0.0
 69
0
 70
0
 71
0
 72
0
 73
0
 74
0
 75
0
 76
0
 77
1
 78
12
 79
2
 90
2
170
0
171
3
172
1
173
0
174
0
175
0
176
0
177
0
178
0
179
2
271
2
272
2
273
2
274
3
275
0
276
0
277
2
278
46
279
2
280
0
281
0
282
0
283
0
284
8
285
0
286
0
288
1
289
3
290
0
340
4C
371
-2
372
-2
  0
ENDTAB
  0
TABLE
  2
BLOCK_RECORD
  5
9
330
0
100
AcDbSymbolTable
 70
5
  0
BLOCK_RECORD
  5
17
330
9
100
AcDbSymbolTableRecord
100
AcDbBlockTableRecord
  2
*Model_Space
340
1A
 70
0
280
1
281
0
  0
BLOCK_RECORD
  5
1B
330
9
100
AcDbSymbolTableRecord
100
AcDbBlockTableRecord
  2
*Paper_Space
340
1E
 70
0
280
1
281
0
  0
BLOCK_RECORD
  5
74
330
9
100
AcDbSymbolTableRecord
100
AcDbBlockTableRecord
  2
_ARCHTICK
340
0
 70
0
280
1
281
0
  0
BLOCK_RECORD
  5
78
330
9
100
AcDbSymbolTableRecord
100
AcDbBlockTableRecord
  2
_CLOSEDFILLED
340
0
 70
0
280
1
281
0
  0
BLOCK_RECORD
  5
84
330
9
100
AcDbSymbolTableRecord
100
AcDbBlockTableRecord
  2
_CLOSEDBLANK
340
0
 70
0
280
1
281
0
  0
ENDTAB
  0
ENDSEC
  0
SECTION
  2
BLOCKS
  0
BLOCK
  5
18
330
17
100
AcDbEntity
  8
0
100
AcDbBlockBegin
  2
*Model_Space
 70
0
 10
0.0
 20
0.0
 30
0.0
  3
*Model_Space
  1

  0
ENDBLK
  5
19
330
17
100
AcDbEntity
  8
0
100
AcDbBlockEnd
  0
BLOCK
  5
1C
330
1B
100
AcDbEntity
  8
0
100
AcDbBlockBegin
  2
*Paper_Space
 70
0
 10
0.0
 20
0.0
 30
0.0
  3
*Paper_Space
  1

  0
ENDBLK
  5
1D
330
1B
100
AcDbEntity
  8
0
100
AcDbBlockEnd
  0
BLOCK
  5
75
330
74
100
AcDbEntity
  8
0
100
AcDbBlockBegin
  2
_ARCHTICK
 70
0
 10
0.0
 20
0.0
 30
0.0
  3
_ARCHTICK
  1

  0
LWPOLYLINE
  5
77
330
74
100
AcDbEntity
  8
0
  6
BYBLOCK
 62
0
100
AcDbPolyline
 90
2
 70
0
 43
0.15
 10
-0.5
 20
-0.5
 10
0.5
 20
0.5
  0
ENDBLK
  5
76
330
74
100
AcDbEntity
  8
0
100
AcDbBlockEnd
  0
BLOCK
  5
79
330
78
100
AcDbEntity
  8
0
100
AcDbBlockBegin
  2
_CLOSEDFILLED
 70
0
 10
0.0
 20
0.0
 30
0.0
  3
_CLOSEDFILLED
  1

  0
SOLID
  5
7B
330
78
100
AcDbEntity
  8
0
  6
BYBLOCK
 62
0
100
AcDbTrace
 10
-1.0
 20
0.16439898372402537
 30
0.0
 11
0.0
 21
0.0
 31
0.0
 12
-1.0
 22
-0.16439898372402537
 32
0.0
 13
-1.0
 23
-0.16439898372402537
 33
0.0
  0
ENDBLK
  5
7A
330
78
100
AcDbEntity
  8
0
100
AcDbBlockEnd
  0
BLOCK
  5
85
330
84
100
AcDbEntity
  8
0
100
AcDbBlockBegin
  2
_CLOSEDBLANK
 70
0
 10
0.0
 20
0.0
 30
0.0
  3
_CLOSEDBLANK
  1

  0
LWPOLYLINE
  5
87
330
84
100
AcDbEntity
  8
0
  6
BYBLOCK
 62
0
100
AcDbPolyline
 90
3
 70
1
 10
-1.0
 20
0.16439898372402537
 10
0.0
 20
0.0
 10
-1.0
 20
-0.16439898372402537
  0
ENDBLK
  5
86
330
84
100
AcDbEntity
  8
0
100
AcDbBlockEnd
  0
ENDSEC
  0
SECTION
  2
ENTITIES
  0
LINE
  5
9C
330
17
100
AcDbEntity
  8
PLAT-LINE
420
2243675
100
AcDbLine
 10
650.3537085857605
 20
721.8824232555952
 30
0.0
 11
657.5708298943556
 21
722.2252677113244
 31
0.0
1001
RASTER2DXF
1000
line 0
1040
7.225
1040
0.897
  0
LINE
  5
9D
330
17
100
AcDbEntity
  8
PLAT-LINE
420
5809919
100
AcDbLine
 10
530.3519070194676
 20
711.9567315128455
 30
0.0
 11
530.36998695517
 21
702.6581736098833
 31
0.0
1001
RASTER2DXF
1000
line 1
1040
9.299
1040
1.0
  0
LINE
  5
9E
330
17
100
AcDbEntity
  8
PLAT-LINE
420
5809919
100
AcDbLine
 10
730.844283888161
 20
712.03444062875
 30
0.0
 11
728.0549498240354
 21
703.6083933237358
 31
0.0
1001
RASTER2DXF
1000
line 2
1040
8.876
1040
1.0
  0
LINE
  5
9F
330
17
100
AcDbEntity
  8
PLAT-LINE
420
2969979
100
AcDbLine
 10
283.1640879787815
 20
708.5184641316317
 30
0.0
 11
296.6739898263639
 21
708.666232963082
 31
0.0
1001
RASTER2DXF
1000
line 3
1040
13.511
1040
0.844
  0
LINE
  5
A0
330
17
100
AcDbEntity
  8
PLAT-LINE
420
4555206
100
AcDbLine
 10
696.6963898642938
 20
708.5920131644568
 30
0.0
 11
689.1471807073259
 21
708.6791106506845
 31
0.0
1001
RASTER2DXF
1000
line 4
1040
7.55
1040
0.859
  0
LINE
  5
A1
330
17
100
AcDbEntity
  8
PLAT-LINE
420
12295474
100
AcDbLine
 10
483.8783423219078
 20
695.761347346164
 30
0.0
 11
476.68367208827203
 21
695.776209729441
 31
0.0
1001
RASTER2DXF
1000
line 5
1040
7.195
1040
0.829
  0
LINE
  5
A2
330
17
100
AcDbEntity
  8
PLAT-LINE
420
16765757
100
AcDbLine
 10
229.57886998254628
 20
654.3614485702475
 30
0.0
 11
240.7105242329958
 21
654.2176100043935
 31
0.0
1001
RASTER2DXF
1000
line 6
1040
11.133
1040
1.0
  0
LINE
  5
A3
330
17
100
AcDbEntity
  8
PLAT-LINE
420
16765757
100
AcDbLine
 10
229.57886998254628
 20
654.3614485702475
 30
0.0
 11
229.67522325683058
 21
642.3043680274334
 31
0.0
1001
RASTER2DXF
1000
line 7
1040
12.057
1040
0.999
  0
LINE
  5
A4
330
17
100
AcDbEntity
  8
PLAT-LINE
420
5809919
100
AcDbLine
 10
250.0221198042844
 20
653.821681494997
 30
0.0
 11
323.52095405170775
 21
653.847017744602
 31
0.0
1001
RASTER2DXF
1000
line 8
1040
73.499
1040
1.0
1000
distance=93.50'
  0
LINE
  5
A5
330
17
100
AcDbEntity
  8
PLAT-LINE
420
5809919
100
AcDbLine
 10
323.52095405170775
 20
653.847017744602
 30
0.0
 11
398.7869108633424
 21
653.8729631502409
 31
0.0
1001
RASTER2DXF
1000
line 9
1040
75.266
1040
1.0
  0
LINE
  5
A6
330
17
100
AcDbEntity
  8
PLAT-LINE
420
5809919
100
AcDbLine
 10
398.7869108633424
 20
653.8729631502409
 30
0.0
 11
473.8774225542042
 21
653.8988480770789
 31
0.0
1001
RASTER2DXF
1000
line 10
1040
75.091
1040
1.0
1000
distance=75.09
  0
LINE
  5
A7
330
17
100
AcDbEntity
  8
PLAT-LINE
420
5809919
100
AcDbLine
 10
473.8774225542042
 20
653.8988480770789
 30
0.0
 11
549.1433793658391
 21
653.9247934827179
 31
0.0
1001
RASTER2DXF
1000
line 11
1040
75.266
1040
1.0
  0
LINE
  5
A8
330
17
100
AcDbEntity
  8
PLAT-LINE
420
5809919
100
AcDbLine
 10
549.1433793658391
 20
653.9247934827179
 30
0.0
 11
624.2328587591772
 21
653.9506780537059
 31
0.0
1001
RASTER2DXF
1000
line 12
1040
75.089
1040
1.0
1000
distance=75.09
  0
LINE
  5
A9
330
17
100
AcDbEntity
  8
PLAT-LINE
420
5809919
100
AcDbLine
 10
624.2328587591772
 20
653.9506780537059
 30
0.0
 11
699.4998478683356
 21
653.9766238151948
 31
0.0
1001
RASTER2DXF
1000
line 13
1040
75.267
1040
1.0
1000
distance=715.00
  0
LINE
  5
AA
330
17
100
AcDbEntity
  8
PLAT-LINE
420
5809919
100
AcDbLine
 10
699.4998478683356
 20
653.9766238151948
 30
0.0
 11
774.5872532951371
 21
654.0025076712527
 31
0.0
1001
RASTER2DXF
1000
line 14
1040
75.087
1040
1.0
1000
distance=75.09
  0
LINE
  5
AB
330
17
100
AcDbEntity
  8
PLAT-LINE
420
5809919
100
AcDbLine
 10
774.5872532951371
 20
654.0025076712527
 30
0.0
 11
849.6857991874563
 21
654.0283953676112
 31
0.0
1001
RASTER2DXF
1000
line 15
1040
75.099
1040
1.0
  0
LINE
  5
AC
330
17
100
AcDbEntity
  8
PLAT-LINE
420
5809919
100
AcDbLine
 10
229.94626494145973
 20
624.632450166653
 30
0.0
 11
229.8076332036348
 21
554.0328803370834
 31
0.0
1001
RASTER2DXF
1000
line 16
1040
70.6
1040
1.0
  0
LINE
  5
AD
330
17
100
AcDbEntity
  8
PLAT-LINE
420
4176208
100
AcDbLine
 10
229.8076332036348
 20
554.0328803370834
 30
0.0
 11
229.6607226004141
 21
479.21721724644783
 31
0.0
1001
RASTER2DXF
1000
line 17
1040
74.816
1040
1.0
  0
LINE
  5
AE
330
17
100
AcDbEntity
  8
PLAT-LINE
420
4960167
100
AcDbLine
 10
323.5208603310946
 20
654.1188952292241
 30
0.0
 11
323.5208603310946
 21
458.6136273890895
 31
0.0
1001
RASTER2DXF
1000
line 18
1040
195.505
1040
0.996
1000
distance=199, 09
  0
LINE
  5
AF
330
17
100
AcDbEntity
  8
PLAT-LINE
420
5809919
100
AcDbLine
 10
398.7868305491202
 20
654.1059495549957
 30
0.0
 11
398.7868305491202
 21
554.028605629097
 31
0.0
1001
RASTER2DXF
1000
line 19
1040
100.077
1040
1.0
  0
LINE
  5
B0
330
17
100
AcDbEntity
  8
PLAT-LINE
420
5809919
100
AcDbLine
 10
473.87735561512267
 20
654.093034057164
 30
0.0
 11
473.87735561512267
 21
554.0265782470688
 31
0.0
1001
RASTER2DXF
1000
line 20
1040
100.066
1040
1.0
  0
LINE
  5
B1
330
17
100
AcDbEntity
  8
PLAT-LINE
420
5809919
100
AcDbLine
 10
549.1433258331485
 20
654.0800883829354
 30
0.0
 11
549.1433258331485
 21
554.0245461281667
 31
0.0
1001
RASTER2DXF
1000
line 21
1040
100.056
1040
1.0
  0
LINE
  5
B2
330
17
100
AcDbEntity
  8
PLAT-LINE
420
5809919
100
AcDbLine
 10
624.2328186014435
 20
654.067173062658
 30
0.0
 11
624.2252224993254
 21
554.0225189790981
 31
0.0
1001
RASTER2DXF
1000
line 22
1040
100.045
1040
1.0
  0
LINE
  5
B3
330
17
100
AcDbEntity
  8
PLAT-LINE
420
5809919
100
AcDbLine
 10
699.4998211171767
 20
654.0542272108752
 30
0.0
 11
699.4998211171767
 21
554.053400222088
 31
0.0
1001
RASTER2DXF
1000
line 23
1040
100.001
1040
1.0
  0
LINE
  5
B4
330
17
100
AcDbEntity
  8
PLAT-LINE
420
5809919
100
AcDbLine
 10
774.5872399185654
 20
654.041312247318
 30
0.0
 11
774.5872419967844
 21
554.055456996507
 31
0.0
1001
RASTER2DXF
1000
line 24
1040
99.986
1040
0.991
  0
LINE
  5
B5
330
17
100
AcDbEntity
  8
PLAT-LINE
420
5809919
100
AcDbLine
 10
849.6857991874563
 20
654.0283953676112
 30
0.0
 11
849.6821003719031
 21
554.0575139746518
 31
0.0
1001
RASTER2DXF
1000
line 25
1040
99.971
1040
1.0
  0
LINE
  5
B6
330
17
100
AcDbEntity
  8
PLAT-LINE
420
5809919
100
AcDbLine
 10
849.6821003719031
 20
554.0575139746518
 30
0.0
 11
779.5219193376338
 21
554.0555921658603
 31
0.0
1001
RASTER2DXF
1000
line 26
1040
70.16
1040
0.983
  0
LINE
  5
B7
330
17
100
AcDbEntity
  8
PLAT-LINE
420
5809919
100
AcDbLine
 10
779.5219193376338
 20
554.0555921658603
 30
0.0
 11
774.5872419967844
 21
554.055456996507
 31
0.0
1001
RASTER2DXF
1000
line 27
1040
4.935
1040
0.983
  0
LINE
  5
B8
330
17
100
AcDbEntity
  8
PLAT-LINE
420
5809919
100
AcDbLine
 10
774.5872419967844
 20
554.055456996507
 30
0.0
 11
769.5215456456997
 21
554.0553182383162
 31
0.0
1001
RASTER2DXF
1000
line 28
1040
5.066
1040
0.983
  0
LINE
  5
B9
330
17
100
AcDbEntity
  8
PLAT-LINE
420
4176208
100
AcDbLine
 10
769.5215456456997
 20
554.0553182383162
 30
0.0
 11
699.4998211171767
 21
554.053400222088
 31
0.0
1001
RASTER2DXF
1000
line 29
1040
70.022
1040
0.983
  0
LINE
  5
BA
330
17
100
AcDbEntity
  8
PLAT-LINE
420
4176208
100
AcDbLine
 10
699.4998211171767
 20
554.053400222088
 30
0.0
 11
624.2252224993255
 21
554.0225189790982
 31
0.0
1001
RASTER2DXF
1000
line 30
1040
75.275
1040
0.983
  0
LINE
  5
BB
330
17
100
AcDbEntity
  8
PLAT-LINE
420
1652840
100
AcDbLine
 10
587.0920807637802
 20
578.7185849539367
 30
0.0
 11
586.3898390151547
 21
581.5125831490492
 31
0.0
1001
RASTER2DXF
1000
line 31
1040
2.881
1040
0.837
  0
LINE
  5
BC
330
17
100
AcDbEntity
  8
PLAT-LINE
420
6383470
100
AcDbLine
 10
586.3898390151547
 20
581.5125831490492
 30
0.0
 11
585.3491930641899
 21
585.6529848190411
 31
0.0
1001
RASTER2DXF
1000
line 32
1040
4.269
1040
0.837
  0
LINE
  5
BD
330
17
100
AcDbEntity
  8
PLAT-LINE
420
8225931
100
AcDbLine
 10
740.055213796858
 20
581.8569759578855
 30
0.0
 11
731.0898430027087
 21
581.6027016797611
 31
0.0
1001
RASTER2DXF
1000
line 33
1040
8.969
1040
0.841
  0
LINE
  5
BE
330
17
100
AcDbEntity
  8
PLAT-LINE
420
3751493
100
AcDbLine
 10
586.3898390151547
 20
581.5125831490492
 30
0.0
 11
580.7276345830779
 21
582.000130420895
 31
0.0
1001
RASTER2DXF
1000
line 34
1040
5.683
1040
0.961
  0
LINE
  5
BF
330
17
100
AcDbEntity
  8
PLAT-LINE
420
16765757
100
AcDbLine
 10
186.82015110123064
 20
565.2840450400386
 30
0.0
 11
186.88426332348342
 21
557.3824157601538
 31
0.0
1001
RASTER2DXF
1000
line 35
1040
7.902
1040
0.865
1000
curve_data=a=aAS
  0
LINE
  5
C0
330
17
100
AcDbEntity
  8
PLAT-LINE
420
4176208
100
AcDbLine
 10
229.65913311683835
 20
554.0331719369494
 30
0.0
 11
398.7868305491202
 21
554.028605629097
 31
0.0
1001
RASTER2DXF
1000
line 36
1040
169.128
1040
1.0
  0
LINE
  5
C1
330
17
100
AcDbEntity
  8
PLAT-LINE
420
4176208
100
AcDbLine
 10
398.7868305491202
 20
554.028605629097
 30
0.0
 11
413.52929015569725
 21
554.0282075948892
 31
0.0
1001
RASTER2DXF
1000
line 37
1040
14.742
1040
1.0
  0
LINE
  5
C2
330
17
100
AcDbEntity
  8
PLAT-LINE
420
4176208
100
AcDbLine
 10
413.52929015569725
 20
554.0282075948892
 30
0.0
 11
473.87735561512255
 21
554.0265782470688
 31
0.0
1001
RASTER2DXF
1000
line 38
1040
60.348
1040
1.0
1000
distance=17
  0
LINE
  5
C3
330
17
100
AcDbEntity
  8
PLAT-LINE
420
4176208
100
AcDbLine
 10
473.87735561512255
 20
554.0265782470688
 30
0.0
 11
523.5603706768294
 21
554.0252368467821
 31
0.0
1001
RASTER2DXF
1000
line 39
1040
49.683
1040
1.0
  0
LINE
  5
C4
330
17
100
AcDbEntity
  8
PLAT-LINE
420
4176208
100
AcDbLine
 10
523.5603706768294
 20
554.0252368467821
 30
0.0
 11
549.1433258331485
 21
554.0245461281667
 31
0.0
1001
RASTER2DXF
1000
line 40
1040
25.583
1040
1.0
  0
LINE
  5
C5
330
17
100
AcDbEntity
  8
PLAT-LINE
420
4176208
100
AcDbLine
 10
549.1433258331485
 20
554.0245461281667
 30
0.0
 11
624.2252224993255
 21
554.0225189790982
 31
0.0
1001
RASTER2DXF
1000
line 41
1040
75.082
1040
1.0
1000
distance=39"
  0
LINE
  5
C6
330
17
100
AcDbEntity
  8
PLAT-LINE
420
4176208
100
AcDbLine
 10
229.6607226004141
 20
479.21721724644783
 30
0.0
 11
241.4537960465418
 21
476.35058386634825
 31
0.0
1001
RASTER2DXF
1000
line 42
1040
12.136
1040
1.0
  0
LINE
  5
C7
330
17
100
AcDbEntity
  8
PLAT-LINE
420
4176208
100
AcDbLine
 10
413.52929015569725
 20
554.0282075948892
 30
0.0
 11
413.51423937884203
 21
454.0421317394532
 31
0.0
1001
RASTER2DXF
1000
line 43
1040
99.986
1040
1.0
1000
distance=100.00'
  0
LINE
  5
C8
330
17
100
AcDbEntity
  8
PLAT-LINE
420
16273737
100
AcDbLine
 10
413.51423937884203
 20
454.0421317394532
 30
0.0
 11
413.51381831603265
 21
451.2449061608242
 31
0.0
1001
RASTER2DXF
1000
line 44
1040
2.797
1040
1.0
  0
LINE
  5
C9
330
17
100
AcDbEntity
  8
PLAT-LINE
420
2915644
100
AcDbLine
 10
523.5603706768294
 20
554.0252368467821
 30
0.0
 11
500.0122683155875
 21
444.0232689352733
 31
0.0
1001
RASTER2DXF
1000
line 45
1040
112.494
1040
1.0
  0
LINE
  5
CA
330
17
100
AcDbEntity
  8
PLAT-LINE
420
4176208
100
AcDbLine
 10
745.2715170594009
 20
551.0658896370622
 30
0.0
 11
762.576132515023
 21
505.07500800015083
 31
0.0
1001
RASTER2DXF
1000
line 46
1040
49.139
1040
1.0
  0
LINE
  5
CB
330
17
100
AcDbEntity
  8
PLAT-LINE
420
4176208
100
AcDbLine
 10
636.0657991481212
 20
550.6591068289192
 30
0.0
 11
722.4615364535562
 21
415.6788863823957
 31
0.0
1001
RASTER2DXF
1000
line 47
1040
160.262
1040
0.995
  0
LINE
  5
CC
330
17
100
AcDbEntity
  8
PLAT-LINE
420
13805823
100
AcDbLine
 10
627.9505061472101
 20
538.9987149496983
 30
0.0
 11
578.2764057076242
 21
414.50235369500894
 31
0.0
1001
RASTER2DXF
1000
line 48
1040
134.041
1040
0.983
  0
LINE
  5
CD
330
17
100
AcDbEntity
  8
PLAT-LINE
420
4176208
100
AcDbLine
 10
764.5626262266815
 20
500.5028682830664
 30
0.0
 11
766.0262693954525
 21
493.461083825655
 31
0.0
1001
RASTER2DXF
1000
line 49
1040
7.192
1040
1.0
  0
LINE
  5
CE
330
17
100
AcDbEntity
  8
PLAT-LINE
420
4176208
100
AcDbLine
 10
246.6372027011048
 20
486.38804284945815
 30
0.0
 11
241.44934989688102
 21
480.2733090565394
 31
0.0
1001
RASTER2DXF
1000
line 50
1040
8.019
1040
1.0
  0
LINE
  5
CF
330
17
100
AcDbEntity
  8
PLAT-LINE
420
856343
100
AcDbLine
 10
471.2765540163816
 20
480.16279914382426
 30
0.0
 11
462.65069345345256
 21
479.7991413850594
 31
0.0
1001
RASTER2DXF
1000
line 51
1040
8.634
1040
0.998
  0
LINE
  5
D0
330
17
100
AcDbEntity
  8
PLAT-LINE
420
2303790
100
AcDbLine
 10
373.6081304767014
 20
476.00381724381543
 30
0.0
 11
381.2621609566385
 21
474.8098052898858
 31
0.0
1001
RASTER2DXF
1000
line 52
1040
7.747
1040
0.871
  0
LINE
  5
D1
330
17
100
AcDbEntity
  8
PLAT-LINE
420
4176208
100
AcDbLine
 10
776.1753920136455
 20
468.96715558703346
 30
0.0
 11
784.9910654011969
 21
444.749874214676
 31
0.0
1001
RASTER2DXF
1000
line 53
1040
25.772
1040
1.0
  0
LINE
  5
D2
330
17
100
AcDbEntity
  8
PLAT-LINE
420
16765757
100
AcDbLine
 10
229.6577039985915
 20
456.50828556480906
 30
0.0
 11
229.6577039985915
 21
465.45598831800095
 31
0.0
1001
RASTER2DXF
1000
line 54
1040
8.948
1040
1.0
  0
LINE
  5
D3
330
17
100
AcDbEntity
  8
PLAT-LINE
420
10404677
100
AcDbLine
 10
229.66456695969623
 20
453.61994031958204
 30
0.0
 11
413.51421349987487
 21
453.8702112866271
 31
0.0
1001
RASTER2DXF
1000
line 55
1040
183.85
1040
0.999
1000
distance=93.50'
  0
LINE
  5
D4
330
17
100
AcDbEntity
  8
PLAT-LINE
420
4176208
100
AcDbLine
 10
413.51423937884203
 20
454.0421317394531
 30
0.0
 11
443.8837442001408
 21
452.83787181540276
 31
0.0
1001
RASTER2DXF
1000
line 56
1040
30.393
1040
1.0
  0
LINE
  5
D5
330
17
100
AcDbEntity
  8
PLAT-LINE
420
4176208
100
AcDbLine
 10
443.91086883987424
 20
452.9243459686998
 30
0.0
 11
479.3429463808237
 21
448.47574810767844
 31
0.0
1001
RASTER2DXF
1000
line 57
1040
35.71
1040
1.0
  0
LINE
  5
D6
330
17
100
AcDbEntity
  8
PLAT-LINE
420
4176208
100
AcDbLine
 10
479.3167412016574
 20
448.26536441299254
 30
0.0
 11
495.82998862016075
 21
445.0415387408016
 31
0.0
1001
RASTER2DXF
1000
line 58
1040
16.825
1040
1.0
  0
LINE
  5
D7
330
17
100
AcDbEntity
  8
PLAT-LINE
420
4176208
100
AcDbLine
 10
734.4876998907752
 20
421.03814019821
 30
0.0
 11
724.2488342948222
 21
413.4357770793788
 31
0.0
1001
RASTER2DXF
1000
line 59
1040
12.753
1040
1.0
  0
LINE
  5
D8
330
17
100
AcDbEntity
  8
PLAT-LINE
420
13805823
100
AcDbLine
 10
724.8719015479419
 20
414.29096092274574
 30
0.0
 11
681.4000305655558
 21
371.28558384803256
 31
0.0
1001
RASTER2DXF
1000
line 60
1040
61.15
1040
0.998
  0
LINE
  5
D9
330
17
100
AcDbEntity
  8
PLAT-LINE
420
13805823
100
AcDbLine
 10
577.2799328421762
 20
417.7003068972142
 30
0.0
 11
590.7254289957757
 21
411.24674452743716
 31
0.0
1001
RASTER2DXF
1000
line 61
1040
14.914
1040
1.0
  0
LINE
  5
DA
330
17
100
AcDbEntity
  8
PLAT-LINE
420
13805823
100
AcDbLine
 10
590.8436755379985
 20
411.453166909669
 30
0.0
 11
622.9823546921504
 21
393.0878032909711
 31
0.0
1001
RASTER2DXF
1000
line 62
1040
37.016
1040
1.0
  0
LINE
  5
DB
330
17
100
AcDbEntity
  8
PLAT-LINE
420
13805823
100
AcDbLine
 10
622.9659858067735
 20
393.01650925248697
 30
0.0
 11
649.8443945979215
 21
374.29455764471123
 31
0.0
1001
RASTER2DXF
1000
line 63
1040
32.756
1040
1.0
  0
LINE
  5
DC
330
17
100
AcDbEntity
  8
PLAT-LINE
420
16699964
100
AcDbLine
 10
344.39541730391943
 20
413.1009192980152
 30
0.0
 11
337.2100651103451
 21
412.86268122388805
 31
0.0
1001
RASTER2DXF
1000
line 64
1040
7.189
1040
0.95
  0
LINE
  5
DD
330
17
100
AcDbEntity
  8
PLAT-LINE
420
3089720
100
AcDbLine
 10
611.3079522445005
 20
406.5510391328504
 30
0.0
 11
620.2106946374473
 21
405.26704452783116
 31
0.0
1001
RASTER2DXF
1000
line 65
1040
8.995
1040
0.851
  0
LINE
  5
DE
330
17
100
AcDbEntity
  8
PLAT-LINE
420
6373182
100
AcDbLine
 10
611.2467690915948
 20
406.2352369237676
 30
0.0
 11
618.6421537399945
 21
406.59824313846974
 31
0.0
1001
RASTER2DXF
1000
line 66
1040
7.404
1040
1.0
  0
LINE
  5
DF
330
17
100
AcDbEntity
  8
PLAT-LINE
420
4075326
100
AcDbLine
 10
638.9027193974371
 20
407.5931751226544
 30
0.0
 11
620.2106946374473
 21
405.26704452783116
 31
0.0
1001
RASTER2DXF
1000
line 67
1040
18.836
1040
1.0
  0
LINE
  5
E0
330
17
100
AcDbEntity
  8
PLAT-LINE
420
4009529
100
AcDbLine
 10
637.7506812723295
 20
407.7538630783304
 30
0.0
 11
630.6970833997863
 21
405.8624446456066
 31
0.0
1001
RASTER2DXF
1000
line 68
1040
7.303
1040
0.938
  0
LINE
  5
E1
330
17
100
AcDbEntity
  8
PLAT-LINE
420
16743282
100
AcDbLine
 10
455.80625499167843
 20
372.20275737075065
 30
0.0
 11
466.68425129856917
 21
372.1731551481726
 31
0.0
1001
RASTER2DXF
1000
line 69
1040
10.878
1040
0.952
1000
curve_data=R=20°.27'
  0
LINE
  5
E2
330
17
100
AcDbEntity
  8
PLAT-LINE
420
3159613
100
AcDbLine
 10
377.5345744673561
 20
223.51712367777355
 30
0.0
 11
377.5345744673561
 21
210.53418242804415
 31
0.0
1001
RASTER2DXF
1000
line 70
1040
12.983
1040
1.0
  0
LINE
  5
E3
330
17
100
AcDbEntity
  8
PLAT-LINE
420
3159613
100
AcDbLine
 10
693.2352595555956
 20
223.51712367777355
 30
0.0
 11
693.2352595555956
 21
210.53418242804415
 31
0.0
1001
RASTER2DXF
1000
line 71
1040
12.983
1040
1.0
  0
LINE
  5
E4
330
17
100
AcDbEntity
  8
PLAT-LINE
420
3159613
100
AcDbLine
 10
456.5361911820295
 20
221.23707357312057
 30
0.0
 11
456.4950043884429
 21
212.9904808878964
 31
0.0
1001
RASTER2DXF
1000
line 72
1040
8.247
1040
1.0
  0
LINE
  5
E5
330
17
100
AcDbEntity
  8
PLAT-LINE
420
3159613
100
AcDbLine
 10
535.4865095925461
 20
221.23707357312057
 30
0.0
 11
535.4453227989595
 21
212.9904808878964
 31
0.0
1001
RASTER2DXF
1000
line 73
1040
8.247
1040
1.0
  0
LINE
  5
E6
330
17
100
AcDbEntity
  8
PLAT-LINE
420
3159613
100
AcDbLine
 10
614.2613828510392
 20
221.23707357312057
 30
0.0
 11
614.2201960574527
 21
212.9904808878964
 31
0.0
1001
RASTER2DXF
1000
line 74
1040
8.247
1040
1.0
  0
LINE
  5
E7
330
17
100
AcDbEntity
  8
PLAT-LINE
420
3159613
100
AcDbLine
 10
750.0043160955798
 20
212.46407910030123
 30
0.0
 11
750.0043160955798
 21
199.6565830025952
 31
0.0
1001
RASTER2DXF
1000
line 75
1040
12.807
1040
1.0
  0
LINE
  5
E8
330
17
100
AcDbEntity
  8
PLAT-LINE
420
3159613
100
AcDbLine
 10
1065.7060127594707
 20
212.46407910030123
 30
0.0
 11
1065.7060127594707
 21
199.6565830025952
 31
0.0
1001
RASTER2DXF
1000
line 76
1040
12.807
1040
1.0
  0
LINE
  5
E9
330
17
100
AcDbEntity
  8
PLAT-LINE
420
3159613
100
AcDbLine
 10
802.6900417457985
 20
210.18405705365754
 30
0.0
 11
802.6480351180695
 21
202.1128855762155
 31
0.0
1001
RASTER2DXF
1000
line 77
1040
8.071
1040
1.0
  0
LINE
  5
EA
330
17
100
AcDbEntity
  8
PLAT-LINE
420
3159613
100
AcDbLine
 10
855.3235873528096
 20
210.18405705365754
 30
0.0
 11
855.2815807250805
 21
202.1128855762155
 31
0.0
1001
RASTER2DXF
1000
line 78
1040
8.071
1040
1.0
  0
LINE
  5
EB
330
17
100
AcDbEntity
  8
PLAT-LINE
420
3159613
100
AcDbLine
 10
907.7816878077972
 20
210.18405705365754
 30
0.0
 11
907.7396811800681
 21
202.1128855762155
 31
0.0
1001
RASTER2DXF
1000
line 79
1040
8.071
1040
1.0
  0
LINE
  5
EC
330
17
100
AcDbEntity
  8
PLAT-LINE
420
3159613
100
AcDbLine
 10
960.4152334148082
 20
210.18405705365754
 30
0.0
 11
960.3732267870793
 21
202.1128855762155
 31
0.0
1001
RASTER2DXF
1000
line 80
1040
8.071
1040
1.0
  0
LINE
  5
ED
330
17
100
AcDbEntity
  8
PLAT-LINE
420
3159613
100
AcDbLine
 10
1013.0487790218193
 20
210.18405705365754
 30
0.0
 11
1013.0067723940903
 21
202.1128855762155
 31
0.0
1001
RASTER2DXF
1000
line 81
1040
8.071
1040
1.0
  0
LINE
  5
EE
330
17
100
AcDbEntity
  8
PLAT-LINE
420
3159613
100
AcDbLine
 10
377.5345744673561
 20
201.58647967485228
 30
0.0
 11
377.5345744673561
 21
188.6035384251229
 31
0.0
1001
RASTER2DXF
1000
line 82
1040
12.983
1040
1.0
  0
LINE
  5
EF
330
17
100
AcDbEntity
  8
PLAT-LINE
420
3159613
100
AcDbLine
 10
693.2352595555956
 20
201.58647967485228
 30
0.0
 11
693.2352595555956
 21
188.6035384251229
 31
0.0
1001
RASTER2DXF
1000
line 83
1040
12.983
1040
1.0
  0
LINE
  5
F0
330
17
100
AcDbEntity
  8
PLAT-LINE
420
3159613
100
AcDbLine
 10
456.5361911820295
 20
199.30642957019933
 30
0.0
 11
456.4950043884429
 21
191.05983688497514
 31
0.0
1001
RASTER2DXF
1000
line 84
1040
8.247
1040
1.0
  0
LINE
  5
F1
330
17
100
AcDbEntity
  8
PLAT-LINE
420
3159613
100
AcDbLine
 10
535.4865095925461
 20
199.30642957019933
 30
0.0
 11
535.4453227989595
 21
191.05983688497514
 31
0.0
1001
RASTER2DXF
1000
line 85
1040
8.247
1040
1.0
  0
LINE
  5
F2
330
17
100
AcDbEntity
  8
PLAT-LINE
420
3159613
100
AcDbLine
 10
614.2613828510392
 20
199.30642957019933
 30
0.0
 11
614.2201960574527
 21
191.05983688497514
 31
0.0
1001
RASTER2DXF
1000
line 86
1040
8.247
1040
1.0
  0
LINE
  5
F3
330
17
100
AcDbEntity
  8
PLAT-LINE
420
3159613
100
AcDbLine
 10
750.0043160955798
 20
190.53343509737996
 30
0.0
 11
750.0043160955798
 21
177.72593899967396
 31
0.0
1001
RASTER2DXF
1000
line 87
1040
12.807
1040
1.0
  0
LINE
  5
F4
330
17
100
AcDbEntity
  8
PLAT-LINE
420
3159613
100
AcDbLine
 10
1065.7060127594707
 20
190.53343509737996
 30
0.0
 11
1065.7060127594707
 21
177.72593899967396
 31
0.0
1001
RASTER2DXF
1000
line 88
1040
12.807
1040
1.0
  0
LINE
  5
F5
330
17
100
AcDbEntity
  8
PLAT-LINE
420
3159613
100
AcDbLine
 10
802.6900417457985
 20
188.25341305073627
 30
0.0
 11
802.6480351180695
 21
180.18224157329422
 31
0.0
1001
RASTER2DXF
1000
line 89
1040
8.071
1040
1.0
  0
LINE
  5
F6
330
17
100
AcDbEntity
  8
PLAT-LINE
420
3159613
100
AcDbLine
 10
855.3235873528096
 20
188.25341305073627
 30
0.0
 11
855.2815807250805
 21
180.18224157329422
 31
0.0
1001
RASTER2DXF
1000
line 90
1040
8.071
1040
1.0
  0
LINE
  5
F7
330
17
100
AcDbEntity
  8
PLAT-LINE
420
3159613
100
AcDbLine
 10
907.7816878077972
 20
188.25341305073627
 30
0.0
 11
907.7396811800681
 21
180.18224157329422
 31
0.0
1001
RASTER2DXF
1000
line 91
1040
8.071
1040
1.0
  0
LINE
  5
F8
330
17
100
AcDbEntity
  8
PLAT-LINE
420
3159613
100
AcDbLine
 10
960.4152334148082
 20
188.25341305073627
 30
0.0
 11
960.3732267870793
 21
180.18224157329422
 31
0.0
1001
RASTER2DXF
1000
line 92
1040
8.071
1040
1.0
  0
LINE
  5
F9
330
17
100
AcDbEntity
  8
PLAT-LINE
420
3159613
100
AcDbLine
 10
1013.0487790218193
 20
188.25341305073627
 30
0.0
 11
1013.0067723940903
 21
180.18224157329422
 31
0.0
1001
RASTER2DXF
1000
line 93
1040
8.071
1040
1.0
  0
LINE
  5
FA
330
17
100
AcDbEntity
  8
PLAT-LINE
420
3159613
100
AcDbLine
 10
377.5345744673561
 20
179.65583567193102
 30
0.0
 11
377.5345744673561
 21
166.67289442220164
 31
0.0
1001
RASTER2DXF
1000
line 94
1040
12.983
1040
1.0
  0
LINE
  5
FB
330
17
100
AcDbEntity
  8
PLAT-LINE
420
3159613
100
AcDbLine
 10
693.2352595555956
 20
179.65583567193102
 30
0.0
 11
693.2352595555956
 21
166.67289442220164
 31
0.0
1001
RASTER2DXF
1000
line 95
1040
12.983
1040
1.0
  0
LINE
  5
FC
330
17
100
AcDbEntity
  8
PLAT-LINE
420
3159613
100
AcDbLine
 10
456.5361911820295
 20
177.37578556727806
 30
0.0
 11
456.4950043884429
 21
169.12919288205387
 31
0.0
1001
RASTER2DXF
1000
line 96
1040
8.247
1040
1.0
  0
LINE
  5
FD
330
17
100
AcDbEntity
  8
PLAT-LINE
420
3159613
100
AcDbLine
 10
535.4865095925461
 20
177.37578556727806
 30
0.0
 11
535.4453227989595
 21
169.12919288205387
 31
0.0
1001
RASTER2DXF
1000
line 97
1040
8.247
1040
1.0
  0
LINE
  5
FE
330
17
100
AcDbEntity
  8
PLAT-LINE
420
3159613
100
AcDbLine
 10
614.2613828510392
 20
177.37578556727806
 30
0.0
 11
614.2201960574527
 21
169.12919288205387
 31
0.0
1001
RASTER2DXF
1000
line 98
1040
8.247
1040
1.0
  0
LINE
  5
FF
330
17
100
AcDbEntity
  8
PLAT-LINE
420
3159613
100
AcDbLine
 10
5.06597876467481
 20
176.8487132395571
 30
0.0
 11
5.06597876467481
 21
162.98854622971086
 31
0.0
1001
RASTER2DXF
1000
line 99
1040
13.86
1040
1.0
  0
LINE
  5
100
330
17
100
AcDbEntity
  8
PLAT-LINE
420
3159613
100
AcDbLine
 10
320.76198531552706
 20
176.8487132395571
 30
0.0
 11
320.76198531552706
 21
162.98854622971086
 31
0.0
1001
RASTER2DXF
1000
line 100
1040
13.86
1040
1.0
  0
LINE
  5
101
330
17
100
AcDbEntity
  8
PLAT-LINE
420
3159613
100
AcDbLine
 10
50.20269746945854
 20
174.56854343609126
 30
0.0
 11
50.165173375124084
 21
165.44482828796066
 31
0.0
1001
RASTER2DXF
1000
line 101
1040
9.124
1040
1.0
  0
LINE
  5
102
330
17
100
AcDbEntity
  8
PLAT-LINE
420
3159613
100
AcDbLine
 10
95.29210153946468
 20
174.56854343609126
 30
0.0
 11
95.25457744513022
 21
165.44482828796066
 31
0.0
1001
RASTER2DXF
1000
line 102
1040
9.124
1040
1.0
  0
LINE
  5
103
330
17
100
AcDbEntity
  8
PLAT-LINE
420
3159613
100
AcDbLine
 10
140.38150560947076
 20
174.56854343609126
 30
0.0
 11
140.3439815151363
 21
165.44482828796066
 31
0.0
1001
RASTER2DXF
1000
line 103
1040
9.124
1040
1.0
  0
LINE
  5
104
330
17
100
AcDbEntity
  8
PLAT-LINE
420
3159613
100
AcDbLine
 10
185.4709096794769
 20
174.56854343609126
 30
0.0
 11
185.43338558514245
 21
165.44482828796066
 31
0.0
1001
RASTER2DXF
1000
line 104
1040
9.124
1040
1.0
  0
LINE
  5
105
330
17
100
AcDbEntity
  8
PLAT-LINE
420
3159613
100
AcDbLine
 10
230.56031374948304
 20
174.56854343609126
 30
0.0
 11
230.52278965514859
 21
165.44482828796066
 31
0.0
1001
RASTER2DXF
1000
line 105
1040
9.124
1040
1.0
  0
LINE
  5
106
330
17
100
AcDbEntity
  8
PLAT-LINE
420
3159613
100
AcDbLine
 10
275.6497178194891
 20
174.56854343609126
 30
0.0
 11
275.6121937251547
 21
165.44482828796066
 31
0.0
1001
RASTER2DXF
1000
line 106
1040
9.124
1040
1.0
  0
LINE
  5
107
330
17
100
AcDbEntity
  8
PLAT-LINE
420
3159613
100
AcDbLine
 10
750.0043160955798
 20
168.6027910944587
 30
0.0
 11
750.0043160955798
 21
155.7952949967527
 31
0.0
1001
RASTER2DXF
1000
line 107
1040
12.807
1040
1.0
  0
LINE
  5
108
330
17
100
AcDbEntity
  8
PLAT-LINE
420
3159613
100
AcDbLine
 10
1065.7060127594707
 20
168.6027910944587
 30
0.0
 11
1065.7060127594707
 21
155.7952949967527
 31
0.0
1001
RASTER2DXF
1000
line 108
1040
12.807
1040
1.0
  0
LINE
  5
109
330
17
100
AcDbEntity
  8
PLAT-LINE
420
3159613
100
AcDbLine
 10
802.6900417457985
 20
166.322769047815
 30
0.0
 11
802.6480351180695
 21
158.25159757037295
 31
0.0
1001
RASTER2DXF
1000
line 109
1040
8.071
1040
1.0
  0
LINE
  5
10A
330
17
100
AcDbEntity
  8
PLAT-LINE
420
3159613
100
AcDbLine
 10
855.3235873528096
 20
166.322769047815
 30
0.0
 11
855.2815807250805
 21
158.25159757037295
 31
0.0
1001
RASTER2DXF
1000
line 110
1040
8.071
1040
1.0
  0
LINE
  5
10B
330
17
100
AcDbEntity
  8
PLAT-LINE
420
3159613
100
AcDbLine
 10
907.7816878077972
 20
166.322769047815
 30
0.0
 11
907.7396811800681
 21
158.25159757037295
 31
0.0
1001
RASTER2DXF
1000
line 111
1040
8.071
1040
1.0
  0
LINE
  5
10C
330
17
100
AcDbEntity
  8
PLAT-LINE
420
3159613
100
AcDbLine
 10
960.4152334148082
 20
166.322769047815
 30
0.0
 11
960.3732267870793
 21
158.25159757037295
 31
0.0
1001
RASTER2DXF
1000
line 112
1040
8.071
1040
1.0
  0
LINE
  5
10D
330
17
100
AcDbEntity
  8
PLAT-LINE
420
3159613
100
AcDbLine
 10
1013.0487790218193
 20
166.322769047815
 30
0.0
 11
1013.0067723940903
 21
158.25159757037295
 31
0.0
1001
RASTER2DXF
1000
line 113
1040
8.071
1040
1.0
  0
LINE
  5
10E
330
17
100
AcDbEntity
  8
PLAT-LINE
420
3159613
100
AcDbLine
 10
377.5345744673561
 20
157.72519166900975
 30
0.0
 11
377.5345744673561
 21
144.74225041928037
 31
0.0
1001
RASTER2DXF
1000
line 114
1040
12.983
1040
1.0
  0
LINE
  5
10F
330
17
100
AcDbEntity
  8
PLAT-LINE
420
3159613
100
AcDbLine
 10
693.2352595555956
 20
157.72519166900975
 30
0.0
 11
693.2352595555956
 21
144.74225041928037
 31
0.0
1001
RASTER2DXF
1000
line 115
1040
12.983
1040
1.0
  0
LINE
  5
110
330
17
100
AcDbEntity
  8
PLAT-LINE
420
3159613
100
AcDbLine
 10
456.5361911820295
 20
155.4451415643568
 30
0.0
 11
456.4950043884429
 21
147.1985488791326
 31
0.0
1001
RASTER2DXF
1000
line 116
1040
8.247
1040
1.0
  0
LINE
  5
111
330
17
100
AcDbEntity
  8
PLAT-LINE
420
3159613
100
AcDbLine
 10
535.4865095925461
 20
155.4451415643568
 30
0.0
 11
535.4453227989595
 21
147.1985488791326
 31
0.0
1001
RASTER2DXF
1000
line 117
1040
8.247
1040
1.0
  0
LINE
  5
112
330
17
100
AcDbEntity
  8
PLAT-LINE
420
3159613
100
AcDbLine
 10
614.2613828510392
 20
155.4451415643568
 30
0.0
 11
614.2201960574527
 21
147.1985488791326
 31
0.0
1001
RASTER2DXF
1000
line 118
1040
8.247
1040
1.0
  0
LINE
  5
113
330
17
100
AcDbEntity
  8
PLAT-LINE
420
3159613
100
AcDbLine
 10
5.06597876467481
 20
153.16361771640211
 30
0.0
 11
5.06597876467481
 21
139.30345070655588
 31
0.0
1001
RASTER2DXF
1000
line 119
1040
13.86
1040
1.0
  0
LINE
  5
114
330
17
100
AcDbEntity
  8
PLAT-LINE
420
3159613
100
AcDbLine
 10
320.76198531552706
 20
153.16361771640211
 30
0.0
 11
320.76198531552706
 21
139.30345070655588
 31
0.0
1001
RASTER2DXF
1000
line 120
1040
13.86
1040
1.0
  0
LINE
  5
115
330
17
100
AcDbEntity
  8
PLAT-LINE
420
3159613
100
AcDbLine
 10
50.20269746945854
 20
150.88344791293628
 30
0.0
 11
50.165173375124084
 21
141.7597327648057
 31
0.0
1001
RASTER2DXF
1000
line 121
1040
9.124
1040
1.0
  0
LINE
  5
116
330
17
100
AcDbEntity
  8
PLAT-LINE
420
3159613
100
AcDbLine
 10
95.29210153946468
 20
150.88344791293628
 30
0.0
 11
95.25457744513022
 21
141.7597327648057
 31
0.0
1001
RASTER2DXF
1000
line 122
1040
9.124
1040
1.0
  0
LINE
  5
117
330
17
100
AcDbEntity
  8
PLAT-LINE
420
3159613
100
AcDbLine
 10
140.38150560947076
 20
150.88344791293628
 30
0.0
 11
140.3439815151363
 21
141.7597327648057
 31
0.0
1001
RASTER2DXF
1000
line 123
1040
9.124
1040
1.0
  0
LINE
  5
118
330
17
100
AcDbEntity
  8
PLAT-LINE
420
3159613
100
AcDbLine
 10
185.4709096794769
 20
150.88344791293628
 30
0.0
 11
185.43338558514245
 21
141.7597327648057
 31
0.0
1001
RASTER2DXF
1000
line 124
1040
9.124
1040
1.0
  0
LINE
  5
119
330
17
100
AcDbEntity
  8
PLAT-LINE
420
3159613
100
AcDbLine
 10
230.56031374948304
 20
150.88344791293628
 30
0.0
 11
230.52278965514859
 21
141.7597327648057
 31
0.0
1001
RASTER2DXF
1000
line 125
1040
9.124
1040
1.0
  0
LINE
  5
11A
330
17
100
AcDbEntity
  8
PLAT-LINE
420
3159613
100
AcDbLine
 10
275.6497178194891
 20
150.88344791293628
 30
0.0
 11
275.6121937251547
 21
141.7597327648057
 31
0.0
1001
RASTER2DXF
1000
line 126
1040
9.124
1040
1.0
  0
LINE
  5
11B
330
17
100
AcDbEntity
  8
PLAT-LINE
420
3159613
100
AcDbLine
 10
750.0043160955798
 20
146.67214709153743
 30
0.0
 11
750.0043160955798
 21
133.86465099383142
 31
0.0
1001
RASTER2DXF
1000
line 127
1040
12.807
1040
1.0
  0
LINE
  5
11C
330
17
100
AcDbEntity
  8
PLAT-LINE
420
3159613
100
AcDbLine
 10
1065.7060127594707
 20
146.67214709153743
 30
0.0
 11
1065.7060127594707
 21
133.86465099383142
 31
0.0
1001
RASTER2DXF
1000
line 128
1040
12.807
1040
1.0
  0
LINE
  5
11D
330
17
100
AcDbEntity
  8
PLAT-LINE
420
3159613
100
AcDbLine
 10
802.6900417457985
 20
144.39212504489373
 30
0.0
 11
802.6480351180695
 21
136.32095356745168
 31
0.0
1001
RASTER2DXF
1000
line 129
1040
8.071
1040
1.0
  0
LINE
  5
11E
330
17
100
AcDbEntity
  8
PLAT-LINE
420
3159613
100
AcDbLine
 10
855.3235873528096
 20
144.39212504489373
 30
0.0
 11
855.2815807250805
 21
136.32095356745168
 31
0.0
1001
RASTER2DXF
1000
line 130
1040
8.071
1040
1.0
  0
LINE
  5
11F
330
17
100
AcDbEntity
  8
PLAT-LINE
420
3159613
100
AcDbLine
 10
907.7816878077972
 20
144.39212504489373
 30
0.0
 11
907.7396811800681
 21
136.32095356745168
 31
0.0
1001
RASTER2DXF
1000
line 131
1040
8.071
1040
1.0
  0
LINE
  5
120
330
17
100
AcDbEntity
  8
PLAT-LINE
420
3159613
100
AcDbLine
 10
960.4152334148082
 20
144.39212504489373
 30
0.0
 11
960.3732267870793
 21
136.32095356745168
 31
0.0
1001
RASTER2DXF
1000
line 132
1040
8.071
1040
1.0
  0
LINE
  5
121
330
17
100
AcDbEntity
  8
PLAT-LINE
420
3159613
100
AcDbLine
 10
1013.0487790218193
 20
144.39212504489373
 30
0.0
 11
1013.0067723940903
 21
136.32095356745168
 31
0.0
1001
RASTER2DXF
1000
line 133
1040
8.071
1040
1.0
  0
LINE
  5
122
330
17
100
AcDbEntity
  8
PLAT-LINE
420
3159613
100
AcDbLine
 10
377.5345744673561
 20
135.79454766608848
 30
0.0
 11
377.5345744673561
 21
122.8116064163591
 31
0.0
1001
RASTER2DXF
1000
line 134
1040
12.983
1040
1.0
  0
LINE
  5
123
330
17
100
AcDbEntity
  8
PLAT-LINE
420
3159613
100
AcDbLine
 10
693.2352595555956
 20
135.79454766608848
 30
0.0
 11
693.2352595555956
 21
122.8116064163591
 31
0.0
1001
RASTER2DXF
1000
line 135
1040
12.983
1040
1.0
  0
LINE
  5
124
330
17
100
AcDbEntity
  8
PLAT-LINE
420
3159613
100
AcDbLine
 10
456.5361911820295
 20
133.51449756143552
 30
0.0
 11
456.4950043884429
 21
125.26790487621133
 31
0.0
1001
RASTER2DXF
1000
line 136
1040
8.247
1040
1.0
  0
LINE
  5
125
330
17
100
AcDbEntity
  8
PLAT-LINE
420
3159613
100
AcDbLine
 10
535.4865095925461
 20
133.51449756143552
 30
0.0
 11
535.4453227989595
 21
125.26790487621133
 31
0.0
1001
RASTER2DXF
1000
line 137
1040
8.247
1040
1.0
  0
LINE
  5
126
330
17
100
AcDbEntity
  8
PLAT-LINE
420
3159613
100
AcDbLine
 10
614.2613828510392
 20
133.51449756143552
 30
0.0
 11
614.2201960574527
 21
125.26790487621133
 31
0.0
1001
RASTER2DXF
1000
line 138
1040
8.247
1040
1.0
  0
LINE
  5
127
330
17
100
AcDbEntity
  8
PLAT-LINE
420
3159613
100
AcDbLine
 10
5.06597876467481
 20
129.47852219324716
 30
0.0
 11
5.06597876467481
 21
115.61835518340092
 31
0.0
1001
RASTER2DXF
1000
line 139
1040
13.86
1040
1.0
  0
LINE
  5
128
330
17
100
AcDbEntity
  8
PLAT-LINE
420
3159613
100
AcDbLine
 10
320.76198531552706
 20
129.47852219324716
 30
0.0
 11
320.76198531552706
 21
115.61835518340092
 31
0.0
1001
RASTER2DXF
1000
line 140
1040
13.86
1040
1.0
  0
LINE
  5
129
330
17
100
AcDbEntity
  8
PLAT-LINE
420
3159613
100
AcDbLine
 10
50.20269746945854
 20
127.19835238978132
 30
0.0
 11
50.165173375124084
 21
118.07463724165072
 31
0.0
1001
RASTER2DXF
1000
line 141
1040
9.124
1040
1.0
  0
LINE
  5
12A
330
17
100
AcDbEntity
  8
PLAT-LINE
420
3159613
100
AcDbLine
 10
95.29210153946468
 20
127.19835238978132
 30
0.0
 11
95.25457744513022
 21
118.07463724165072
 31
0.0
1001
RASTER2DXF
1000
line 142
1040
9.124
1040
1.0
  0
LINE
  5
12B
330
17
100
AcDbEntity
  8
PLAT-LINE
420
3159613
100
AcDbLine
 10
140.38150560947076
 20
127.19835238978132
 30
0.0
 11
140.3439815151363
 21
118.07463724165072
 31
0.0
1001
RASTER2DXF
1000
line 143
1040
9.124
1040
1.0
  0
LINE
  5
12C
330
17
100
AcDbEntity
  8
PLAT-LINE
420
3159613
100
AcDbLine
 10
185.4709096794769
 20
127.19835238978132
 30
0.0
 11
185.43338558514245
 21
118.07463724165072
 31
0.0
1001
RASTER2DXF
1000
line 144
1040
9.124
1040
1.0
  0
LINE
  5
12D
330
17
100
AcDbEntity
  8
PLAT-LINE
420
3159613
100
AcDbLine
 10
230.56031374948304
 20
127.19835238978132
 30
0.0
 11
230.52278965514859
 21
118.07463724165072
 31
0.0
1001
RASTER2DXF
1000
line 145
1040
9.124
1040
1.0
  0
LINE
  5
12E
330
17
100
AcDbEntity
  8
PLAT-LINE
420
3159613
100
AcDbLine
 10
275.6497178194891
 20
127.19835238978132
 30
0.0
 11
275.6121937251547
 21
118.07463724165072
 31
0.0
1001
RASTER2DXF
1000
line 146
1040
9.124
1040
1.0
  0
LINE
  5
12F
330
17
100
AcDbEntity
  8
PLAT-LINE
420
3159613
100
AcDbLine
 10
750.0043160955798
 20
124.74150308861618
 30
0.0
 11
750.0043160955798
 21
111.93400699091015
 31
0.0
1001
RASTER2DXF
1000
line 147
1040
12.807
1040
1.0
  0
LINE
  5
130
330
17
100
AcDbEntity
  8
PLAT-LINE
420
3159613
100
AcDbLine
 10
1065.7060127594707
 20
124.74150308861618
 30
0.0
 11
1065.7060127594707
 21
111.93400699091015
 31
0.0
1001
RASTER2DXF
1000
line 148
1040
12.807
1040
1.0
  0
LINE
  5
131
330
17
100
AcDbEntity
  8
PLAT-LINE
420
3159613
100
AcDbLine
 10
802.6900417457985
 20
122.46148104197249
 30
0.0
 11
802.6480351180695
 21
114.39030956453041
 31
0.0
1001
RASTER2DXF
1000
line 149
1040
8.071
1040
1.0
  0
LINE
  5
132
330
17
100
AcDbEntity
  8
PLAT-LINE
420
3159613
100
AcDbLine
 10
855.3235873528096
 20
122.46148104197249
 30
0.0
 11
855.2815807250805
 21
114.39030956453041
 31
0.0
1001
RASTER2DXF
1000
line 150
1040
8.071
1040
1.0
  0
LINE
  5
133
330
17
100
AcDbEntity
  8
PLAT-LINE
420
3159613
100
AcDbLine
 10
907.7816878077972
 20
122.46148104197249
 30
0.0
 11
907.7396811800681
 21
114.39030956453041
 31
0.0
1001
RASTER2DXF
1000
line 151
1040
8.071
1040
1.0
  0
LINE
  5
134
330
17
100
AcDbEntity
  8
PLAT-LINE
420
3159613
100
AcDbLine
 10
960.4152334148082
 20
122.46148104197249
 30
0.0
 11
960.3732267870793
 21
114.39030956453041
 31
0.0
1001
RASTER2DXF
1000
line 152
1040
8.071
1040
1.0
  0
LINE
  5
135
330
17
100
AcDbEntity
  8
PLAT-LINE
420
3159613
100
AcDbLine
 10
1013.0487790218193
 20
122.46148104197249
 30
0.0
 11
1013.0067723940903
 21
114.39030956453041
 31
0.0
1001
RASTER2DXF
1000
line 153
1040
8.071
1040
1.0
  0
LINE
  5
136
330
17
100
AcDbEntity
  8
PLAT-LINE
420
3159613
100
AcDbLine
 10
377.5345744673561
 20
113.8639036631672
 30
0.0
 11
377.5345744673561
 21
100.88096241343783
 31
0.0
1001
RASTER2DXF
1000
line 154
1040
12.983
1040
1.0
  0
LINE
  5
137
330
17
100
AcDbEntity
  8
PLAT-LINE
420
3159613
100
AcDbLine
 10
693.2352595555956
 20
113.8639036631672
 30
0.0
 11
693.2352595555956
 21
100.88096241343783
 31
0.0
1001
RASTER2DXF
1000
line 155
1040
12.983
1040
1.0
  0
LINE
  5
138
330
17
100
AcDbEntity
  8
PLAT-LINE
420
3159613
100
AcDbLine
 10
456.5361911820295
 20
111.58385355851425
 30
0.0
 11
456.4950043884429
 21
103.33726087329006
 31
0.0
1001
RASTER2DXF
1000
line 156
1040
8.247
1040
1.0
  0
LINE
  5
139
330
17
100
AcDbEntity
  8
PLAT-LINE
420
3159613
100
AcDbLine
 10
535.4865095925461
 20
111.58385355851425
 30
0.0
 11
535.4453227989595
 21
103.33726087329006
 31
0.0
1001
RASTER2DXF
1000
line 157
1040
8.247
1040
1.0
  0
LINE
  5
13A
330
17
100
AcDbEntity
  8
PLAT-LINE
420
3159613
100
AcDbLine
 10
614.2613828510392
 20
111.58385355851425
 30
0.0
 11
614.2201960574527
 21
103.33726087329006
 31
0.0
1001
RASTER2DXF
1000
line 158
1040
8.247
1040
1.0
  0
LINE
  5
13B
330
17
100
AcDbEntity
  8
PLAT-LINE
420
3159613
100
AcDbLine
 10
5.030862553440556
 20
105.79438202244995
 30
0.0
 11
5.13421356966353
 21
92.98593057238537
 31
0.0
1001
RASTER2DXF
1000
line 159
1040
12.809
1040
1.0
  0
LINE
  5
13C
330
17
100
AcDbEntity
  8
PLAT-LINE
420
3159613
100
AcDbLine
 10
5.13421356966353
 20
92.98593057238537
 30
0.0
 11
50.166286573097636
 21
92.98593057238537
 31
0.0
1001
RASTER2DXF
1000
line 160
1040
45.032
1040
1.0
1000
curve_id=C7
  0
LINE
  5
13D
330
17
100
AcDbEntity
  8
PLAT-LINE
420
3159613
100
AcDbLine
 10
50.166286573097636
 20
92.98593057238537
 30
0.0
 11
95.25569064310378
 21
92.98593057238537
 31
0.0
1001
RASTER2DXF
1000
line 161
1040
45.089
1040
1.0
1000
distance=167.95'
  0
LINE
  5
13E
330
17
100
AcDbEntity
  8
PLAT-LINE
420
3159613
100
AcDbLine
 10
95.25569064310378
 20
92.98593057238537
 30
0.0
 11
140.34509471310992
 21
92.98593057238537
 31
0.0
1001
RASTER2DXF
1000
line 162
1040
45.089
1040
1.0
  0
LINE
  5
13F
330
17
100
AcDbEntity
  8
PLAT-LINE
420
3159613
100
AcDbLine
 10
140.34509471310992
 20
92.98593057238537
 30
0.0
 11
185.43449878311606
 21
92.98593057238537
 31
0.0
1001
RASTER2DXF
1000
line 163
1040
45.089
1040
1.0
1000
distance=69.24
  0
LINE
  5
140
330
17
100
AcDbEntity
  8
PLAT-LINE
420
3159613
100
AcDbLine
 10
185.43449878311606
 20
92.98593057238537
 30
0.0
 11
230.52390285312214
 21
92.98593057238537
 31
0.0
1001
RASTER2DXF
1000
line 164
1040
45.089
1040
1.0
1000
distance=35.12'
  0
LINE
  5
141
330
17
100
AcDbEntity
  8
PLAT-LINE
420
3159613
100
AcDbLine
 10
230.52390285312214
 20
92.98593057238537
 30
0.0
 11
275.6133069231283
 21
92.98593057238537
 31
0.0
1001
RASTER2DXF
1000
line 165
1040
45.089
1040
1.0
1000
distance=68.
  0
LINE
  5
142
330
17
100
AcDbEntity
  8
PLAT-LINE
420
3159613
100
AcDbLine
 10
275.6133069231283
 20
92.98593057238537
 30
0.0
 11
320.6452531037184
 21
92.98593057238537
 31
0.0
1001
RASTER2DXF
1000
line 166
1040
45.032
1040
1.0
1000
bearing=N60°18'20"E
  0
LINE
  5
143
330
17
100
AcDbEntity
  8
PLAT-LINE
420
3159613
100
AcDbLine
 10
320.82205392273795
 20
105.79677440673913
 30
0.0
 11
320.6452531037184
 21
92.98593057238537
 31
0.0
1001
RASTER2DXF
1000
line 167
1040
12.812
1040
1.0
  0
LINE
  5
144
330
17
100
AcDbEntity
  8
PLAT-LINE
420
3159613
100
AcDbLine
 10
50.19984336112384
 20
103.5131326053974
 30
0.0
 11
50.166286573097636
 21
92.98593057238537
 31
0.0
1001
RASTER2DXF
1000
line 168
1040
10.527
1040
1.0
  0
LINE
  5
145
330
17
100
AcDbEntity
  8
PLAT-LINE
420
3159613
100
AcDbLine
 10
95.28924743112992
 20
103.5131326053974
 30
0.0
 11
95.25569064310378
 21
92.98593057238537
 31
0.0
1001
RASTER2DXF
1000
line 169
1040
10.527
1040
1.0
  0
LINE
  5
146
330
17
100
AcDbEntity
  8
PLAT-LINE
420
3159613
100
AcDbLine
 10
140.378651501136
 20
103.5131326053974
 30
0.0
 11
140.34509471310992
 21
92.98593057238537
 31
0.0
1001
RASTER2DXF
1000
line 170
1040
10.527
1040
1.0
  0
LINE
  5
147
330
17
100
AcDbEntity
  8
PLAT-LINE
420
3159613
100
AcDbLine
 10
185.46805557114214
 20
103.5131326053974
 30
0.0
 11
185.43449878311606
 21
92.98593057238537
 31
0.0
1001
RASTER2DXF
1000
line 171
1040
10.527
1040
1.0
  0
LINE
  5
148
330
17
100
AcDbEntity
  8
PLAT-LINE
420
3159613
100
AcDbLine
 10
230.55745964114828
 20
103.5131326053974
 30
0.0
 11
230.52390285312214
 21
92.98593057238537
 31
0.0
1001
RASTER2DXF
1000
line 172
1040
10.527
1040
1.0
  0
LINE
  5
149
330
17
100
AcDbEntity
  8
PLAT-LINE
420
3159613
100
AcDbLine
 10
275.6468637111544
 20
103.5131326053974
 30
0.0
 11
275.6133069231283
 21
92.98593057238537
 31
0.0
1001
RASTER2DXF
1000
line 173
1040
10.527
1040
1.0
  0
LINE
  5
14A
330
17
100
AcDbEntity
  8
PLAT-LINE
420
3159613
100
AcDbLine
 10
750.0043160955798
 20
102.81085908569491
 30
0.0
 11
750.0043160955798
 21
90.00336298798891
 31
0.0
1001
RASTER2DXF
1000
line 174
1040
12.807
1040
1.0
  0
LINE
  5
14B
330
17
100
AcDbEntity
  8
PLAT-LINE
420
3159613
100
AcDbLine
 10
1065.7060127594707
 20
102.81085908569491
 30
0.0
 11
1065.7060127594707
 21
90.00336298798891
 31
0.0
1001
RASTER2DXF
1000
line 175
1040
12.807
1040
1.0
  0
LINE
  5
14C
330
17
100
AcDbEntity
  8
PLAT-LINE
420
3159613
100
AcDbLine
 10
802.6900417457985
 20
100.53083703905122
 30
0.0
 11
802.6480351180695
 21
92.45966556160914
 31
0.0
1001
RASTER2DXF
1000
line 176
1040
8.071
1040
1.0
  0
LINE
  5
14D
330
17
100
AcDbEntity
  8
PLAT-LINE
420
3159613
100
AcDbLine
 10
855.3235873528096
 20
100.53083703905122
 30
0.0
 11
855.2815807250805
 21
92.45966556160914
 31
0.0
1001
RASTER2DXF
1000
line 177
1040
8.071
1040
1.0
  0
LINE
  5
14E
330
17
100
AcDbEntity
  8
PLAT-LINE
420
3159613
100
AcDbLine
 10
907.7816878077972
 20
100.53083703905122
 30
0.0
 11
907.7396811800681
 21
92.45966556160914
 31
0.0
1001
RASTER2DXF
1000
line 178
1040
8.071
1040
1.0
  0
LINE
  5
14F
330
17
100
AcDbEntity
  8
PLAT-LINE
420
3159613
100
AcDbLine
 10
960.4152334148082
 20
100.53083703905122
 30
0.0
 11
960.3732267870793
 21
92.45966556160914
 31
0.0
1001
RASTER2DXF
1000
line 179
1040
8.071
1040
1.0
  0
LINE
  5
150
330
17
100
AcDbEntity
  8
PLAT-LINE
420
3159613
100
AcDbLine
 10
1013.0487790218193
 20
100.53083703905122
 30
0.0
 11
1013.0067723940903
 21
92.45966556160914
 31
0.0
1001
RASTER2DXF
1000
line 180
1040
8.071
1040
1.0
  0
LINE
  5
151
330
17
100
AcDbEntity
  8
PLAT-LINE
420
3159613
100
AcDbLine
 10
377.5345744673561
 20
91.93325966024594
 30
0.0
 11
377.5345744673561
 21
78.95031841051656
 31
0.0
1001
RASTER2DXF
1000
line 181
1040
12.983
1040
1.0
  0
LINE
  5
152
330
17
100
AcDbEntity
  8
PLAT-LINE
420
3159613
100
AcDbLine
 10
693.2352595555956
 20
91.93325966024594
 30
0.0
 11
693.2352595555956
 21
78.95031841051656
 31
0.0
1001
RASTER2DXF
1000
line 182
1040
12.983
1040
1.0
  0
LINE
  5
153
330
17
100
AcDbEntity
  8
PLAT-LINE
420
3159613
100
AcDbLine
 10
456.5361911820295
 20
89.65320955559298
 30
0.0
 11
456.4950043884429
 21
81.4066168703688
 31
0.0
1001
RASTER2DXF
1000
line 183
1040
8.247
1040
1.0
  0
LINE
  5
154
330
17
100
AcDbEntity
  8
PLAT-LINE
420
3159613
100
AcDbLine
 10
535.4865095925461
 20
89.65320955559298
 30
0.0
 11
535.4453227989595
 21
81.4066168703688
 31
0.0
1001
RASTER2DXF
1000
line 184
1040
8.247
1040
1.0
  0
LINE
  5
155
330
17
100
AcDbEntity
  8
PLAT-LINE
420
3159613
100
AcDbLine
 10
614.2613828510392
 20
89.65320955559298
 30
0.0
 11
614.2201960574527
 21
81.4066168703688
 31
0.0
1001
RASTER2DXF
1000
line 185
1040
8.247
1040
1.0
  0
LINE
  5
156
330
17
100
AcDbEntity
  8
PLAT-LINE
420
3159613
100
AcDbLine
 10
750.0043160955798
 20
80.88021508277365
 30
0.0
 11
750.0043160955798
 21
68.07271898506758
 31
0.0
1001
RASTER2DXF
1000
line 186
1040
12.807
1040
1.0
  0
LINE
  5
157
330
17
100
AcDbEntity
  8
PLAT-LINE
420
3159613
100
AcDbLine
 10
1065.7060127594707
 20
80.88021508277365
 30
0.0
 11
1065.7060127594707
 21
68.07271898506758
 31
0.0
1001
RASTER2DXF
1000
line 187
1040
12.807
1040
1.0
  0
LINE
  5
158
330
17
100
AcDbEntity
  8
PLAT-LINE
420
3159613
100
AcDbLine
 10
802.6900417457985
 20
78.60019303612995
 30
0.0
 11
802.6480351180695
 21
70.52902155868787
 31
0.0
1001
RASTER2DXF
1000
line 188
1040
8.071
1040
1.0
  0
LINE
  5
159
330
17
100
AcDbEntity
  8
PLAT-LINE
420
3159613
100
AcDbLine
 10
855.3235873528096
 20
78.60019303612995
 30
0.0
 11
855.2815807250805
 21
70.52902155868787
 31
0.0
1001
RASTER2DXF
1000
line 189
1040
8.071
1040
1.0
  0
LINE
  5
15A
330
17
100
AcDbEntity
  8
PLAT-LINE
420
3159613
100
AcDbLine
 10
907.7816878077972
 20
78.60019303612995
 30
0.0
 11
907.7396811800681
 21
70.52902155868787
 31
0.0
1001
RASTER2DXF
1000
line 190
1040
8.071
1040
1.0
  0
LINE
  5
15B
330
17
100
AcDbEntity
  8
PLAT-LINE
420
3159613
100
AcDbLine
 10
960.4152334148082
 20
78.60019303612995
 30
0.0
 11
960.3732267870793
 21
70.52902155868787
 31
0.0
1001
RASTER2DXF
1000
line 191
1040
8.071
1040
1.0
  0
LINE
  5
15C
330
17
100
AcDbEntity
  8
PLAT-LINE
420
3159613
100
AcDbLine
 10
1013.0487790218193
 20
78.60019303612995
 30
0.0
 11
1013.0067723940903
 21
70.52902155868787
 31
0.0
1001
RASTER2DXF
1000
line 192
1040
8.071
1040
1.0
  0
LINE
  5
15D
330
17
100
AcDbEntity
  8
PLAT-LINE
420
3159613
100
AcDbLine
 10
377.5345744673561
 20
70.00261565732467
 30
0.0
 11
377.5345744673561
 21
57.01967440759529
 31
0.0
1001
RASTER2DXF
1000
line 193
1040
12.983
1040
1.0
  0
LINE
  5
15E
330
17
100
AcDbEntity
  8
PLAT-LINE
420
3159613
100
AcDbLine
 10
693.2352595555956
 20
70.00261565732467
 30
0.0
 11
693.2352595555956
 21
57.01967440759529
 31
0.0
1001
RASTER2DXF
1000
line 194
1040
12.983
1040
1.0
  0
LINE
  5
15F
330
17
100
AcDbEntity
  8
PLAT-LINE
420
3159613
100
AcDbLine
 10
456.5361911820295
 20
67.72256555267171
 30
0.0
 11
456.4950043884429
 21
59.47597286744758
 31
0.0
1001
RASTER2DXF
1000
line 195
1040
8.247
1040
1.0
  0
LINE
  5
160
330
17
100
AcDbEntity
  8
PLAT-LINE
420
3159613
100
AcDbLine
 10
535.4865095925461
 20
67.72256555267171
 30
0.0
 11
535.4453227989595
 21
59.47597286744758
 31
0.0
1001
RASTER2DXF
1000
line 196
1040
8.247
1040
1.0
  0
LINE
  5
161
330
17
100
AcDbEntity
  8
PLAT-LINE
420
3159613
100
AcDbLine
 10
614.2613828510392
 20
67.72256555267171
 30
0.0
 11
614.2201960574527
 21
59.47597286744758
 31
0.0
1001
RASTER2DXF
1000
line 197
1040
8.247
1040
1.0
  0
LINE
  5
162
330
17
100
AcDbEntity
  8
PLAT-LINE
420
5809919
100
AcDbLine
 10
650.507155148692
 20
719.6656954865032
 30
0.0
 11
643.1986408577804
 21
717.4746152556902
 31
0.0
1001
RASTER2DXF
1000
line 198
1040
7.63
1040
1.0
  0
LINE
  5
163
330
17
100
AcDbEntity
  8
PLAT-LINE-DASH
420
3383174
100
AcDbLine
 10
769.5308831464677
 20
650.2041482328352
 30
0.0
 11
769.5215456456997
 21
554.0553182383162
 31
0.0
1001
RASTER2DXF
1000
line 199
1040
96.149
1040
0.632
  0
LINE
  5
164
330
17
100
AcDbEntity
  8
PLAT-LINE-DASH
420
3383174
100
AcDbLine
 10
779.5312568117993
 20
650.2041482328352
 30
0.0
 11
779.5219193376338
 21
554.0555921658602
 31
0.0
1001
RASTER2DXF
1000
line 200
1040
96.149
1040
0.632
  0
LINE
  5
165
330
17
100
AcDbEntity
  8
PLAT-LINE-DASH
420
16273737
100
AcDbLine
 10
413.38936227041717
 20
449.8458426436219
 30
0.0
 11
413.35562752268055
 21
397.0338946839848
 31
0.0
1001
RASTER2DXF
1000
line 201
1040
52.812
1040
0.678
  0
ARC
  5
166
330
17
100
AcDbEntity
  8
PLAT-CURVE
420
5809919
100
AcDbCircle
 10
482.93406069181077
 20
720.485396883635
 30
0.0
 40
3.2216302298736386
100
AcDbArc
 50
126.43741711817968
 51
-116.01828437703246
1001
RASTER2DXF
1000
arc 0
1040
3.222
1040
6.609
  0
ARC
  5
167
330
17
100
AcDbEntity
  8
PLAT-CURVE
420
5809919
100
AcDbCircle
 10
298.32592753668473
 20
720.0454177293534
 30
0.0
 40
4.302027090268219
100
AcDbArc
 50
116.44869149422605
 51
-166.481004451795
1001
RASTER2DXF
1000
arc 1
1040
4.302
1040
5.787
  0
ARC
  5
168
330
17
100
AcDbEntity
  8
PLAT-CURVE
420
5809919
100
AcDbCircle
 10
502.825359452587
 20
719.9615475518384
 30
0.0
 40
4.435265254641791
100
AcDbArc
 50
117.22856810002583
 51
-165.69831518056705
1001
RASTER2DXF
1000
arc 2
1040
4.435
1040
5.966
  0
ARC
  5
169
330
17
100
AcDbEntity
  8
PLAT-CURVE
420
5809919
100
AcDbCircle
 10
549.164146531835
 20
720.0751616670603
 30
0.0
 40
4.254550235985204
100
AcDbArc
 50
116.02332101638505
 51
-165.97365257470474
1001
RASTER2DXF
1000
arc 3
1040
4.255
1040
5.792
  0
ARC
  5
16A
330
17
100
AcDbEntity
  8
PLAT-CURVE
420
5809919
100
AcDbCircle
 10
717.7020534426733
 20
707.7521407503531
 30
0.0
 40
7.187572562016793
100
AcDbArc
 50
139.82311320714308
 51
-140.84667565523378
1001
RASTER2DXF
1000
arc 4
1040
7.188
1040
9.952
  0
ARC
  5
16B
330
17
100
AcDbEntity
  8
PLAT-CURVE
420
5809919
100
AcDbCircle
 10
810.8948364551225
 20
707.7165204564474
 30
0.0
 40
7.266287758941783
100
AcDbArc
 50
-37.75059643325266
 51
40.10150430915188
1001
RASTER2DXF
1000
arc 5
1040
7.266
1040
9.873
  0
ARC
  5
16C
330
17
100
AcDbEntity
  8
PLAT-CURVE
420
5809919
100
AcDbCircle
 10
415.14066184871285
 20
708.002802861027
 30
0.0
 40
3.6550576260498002
100
AcDbArc
 50
-19.754924477592006
 51
75.519659388683
1001
RASTER2DXF
1000
arc 6
1040
3.655
1040
6.078
  0
ARC
  5
16D
330
17
100
AcDbEntity
  8
PLAT-CURVE
420
16765757
100
AcDbCircle
 10
515.907701571989
 20
694.783159628666
 30
0.0
 40
5.096576110252752
100
AcDbArc
 50
134.53530876852665
 51
-134.20297435823704
1001
RASTER2DXF
1000
arc 7
1040
5.097
1040
8.118
  0
ARC
  5
16E
330
17
100
AcDbEntity
  8
PLAT-CURVE
420
16765757
100
AcDbCircle
 10
544.4396170352037
 20
694.7504142999477
 30
0.0
 40
5.444765979364751
100
AcDbArc
 50
-38.48518998623966
 51
41.344500740132304
1001
RASTER2DXF
1000
arc 8
1040
5.445
1040
7.586
  0
ARC
  5
16F
330
17
100
AcDbEntity
  8
PLAT-CURVE
420
16765757
100
AcDbCircle
 10
232.95453939599446
 20
692.8251495511486
 30
0.0
 40
8.581993549513019
100
AcDbArc
 50
-111.59118715211068
 51
-71.32508756612731
1001
RASTER2DXF
1000
arc 9
1040
8.582
1040
6.031
  0
ARC
  5
170
330
17
100
AcDbEntity
  8
PLAT-CURVE
420
16765757
100
AcDbCircle
 10
205.92935518028185
 20
661.5384705540932
 30
0.0
 40
3.654590473237565
100
AcDbArc
 50
133.74092602642818
 51
-133.2343141646587
1001
RASTER2DXF
1000
arc 10
1040
3.655
1040
5.934
  0
ARC
  5
171
330
17
100
AcDbEntity
  8
PLAT-CURVE
420
5809919
100
AcDbCircle
 10
255.14624357593954
 20
628.7988659254743
 30
0.0
 40
25.542081815184755
100
AcDbArc
 50
101.57292262940491
 51
-170.61198079052912
1001
RASTER2DXF
1000
arc 11
1040
25.542
1040
39.147
  0
ARC
  5
172
330
17
100
AcDbEntity
  8
PLAT-CURVE
420
5809919
100
AcDbCircle
 10
247.0326651386158
 20
637.9304743732686
 30
0.0
 40
9.476992683214496
100
AcDbArc
 50
54.82117570801603
 51
124.35789019764239
1001
RASTER2DXF
1000
arc 12
1040
9.477
1040
11.502
  0
ARC
  5
173
330
17
100
AcDbEntity
  8
PLAT-CURVE
420
5809919
100
AcDbCircle
 10
247.98712303167116
 20
636.4093206994485
 30
0.0
 40
10.047295241323406
100
AcDbArc
 50
-31.207829542909337
 51
32.77772820587309
1001
RASTER2DXF
1000
arc 13
1040
10.047
1040
11.22
  0
ARC
  5
174
330
17
100
AcDbEntity
  8
PLAT-CURVE
420
5809919
100
AcDbCircle
 10
245.17348142017426
 20
636.2620035811348
 30
0.0
 40
9.249562590902336
100
AcDbArc
 50
150.75349632776184
 51
-145.765358287257
1001
RASTER2DXF
1000
arc 14
1040
9.25
1040
10.248
  0
ARC
  5
175
330
17
100
AcDbEntity
  8
PLAT-CURVE
420
5809919
100
AcDbCircle
 10
360.99649518688085
 20
605.0917832662581
 30
0.0
 40
10.086115535272647
100
AcDbArc
 50
57.71217344945655
 51
127.49385089001562
1001
RASTER2DXF
1000
arc 15
1040
10.086
1040
12.284
  0
ARC
  5
176
330
17
100
AcDbEntity
  8
PLAT-CURVE
420
5809919
100
AcDbCircle
 10
511.3529904708932
 20
605.0917832662798
 30
0.0
 40
10.086115535234276
100
AcDbArc
 50
57.712173449313426
 51
127.49385089001916
1001
RASTER2DXF
1000
arc 16
1040
10.086
1040
12.284
  0
ARC
  5
177
330
17
100
AcDbEntity
  8
PLAT-CURVE
420
5809919
100
AcDbCircle
 10
661.7094857549122
 20
605.0917832662375
 30
0.0
 40
10.086115535285437
100
AcDbArc
 50
57.71217344939851
 51
127.49385088982947
1001
RASTER2DXF
1000
arc 17
1040
10.086
1040
12.284
  0
ARC
  5
178
330
17
100
AcDbEntity
  8
PLAT-CURVE
420
5809919
100
AcDbCircle
 10
736.9454615122128
 20
605.0510912941097
 30
0.0
 40
10.126354710505803
100
AcDbArc
 50
49.07917478079924
 51
121.33670197865473
1001
RASTER2DXF
1000
arc 18
1040
10.126
1040
12.771
  0
ARC
  5
179
330
17
100
AcDbEntity
  8
PLAT-CURVE
420
5809919
100
AcDbCircle
 10
812.0659810389362
 20
605.0917832661663
 30
0.0
 40
10.08611553533944
100
AcDbArc
 50
57.712173449596506
 51
127.49385088956122
1001
RASTER2DXF
1000
arc 19
1040
10.086
1040
12.284
  0
ARC
  5
17A
330
17
100
AcDbEntity
  8
PLAT-CURVE
420
5809919
100
AcDbCircle
 10
436.2268403169807
 20
605.0496032865473
 30
0.0
 40
10.129637548820956
100
AcDbArc
 50
49.060507869108044
 51
124.95698658283926
1001
RASTER2DXF
1000
arc 20
1040
10.13
1040
13.418
  0
ARC
  5
17B
330
17
100
AcDbEntity
  8
PLAT-CURVE
420
5809919
100
AcDbCircle
 10
586.5833356009022
 20
605.0496032859332
 30
0.0
 40
10.1296375494096
100
AcDbArc
 50
49.060507870939
 51
124.95698658030162
1001
RASTER2DXF
1000
arc 21
1040
10.13
1040
13.418
  0
ARC
  5
17C
330
17
100
AcDbEntity
  8
PLAT-CURVE
420
5809919
100
AcDbCircle
 10
437.34442569748325
 20
604.2650003650858
 30
0.0
 40
9.88918603785242
100
AcDbArc
 50
-33.13903407125315
 51
34.53807340262418
1001
RASTER2DXF
1000
arc 22
1040
9.889
1040
11.681
  0
ARC
  5
17D
330
17
100
AcDbEntity
  8
PLAT-CURVE
420
5809919
100
AcDbCircle
 10
512.8931552529745
 20
604.2006615410766
 30
0.0
 40
9.526932965099041
100
AcDbArc
 50
-35.24014769731411
 51
36.193930578917175
1001
RASTER2DXF
1000
arc 23
1040
9.527
1040
11.878
  0
ARC
  5
17E
330
17
100
AcDbEntity
  8
PLAT-CURVE
420
5809919
100
AcDbCircle
 10
663.2496505370141
 20
604.2006615410747
 30
0.0
 40
9.526932965099041
100
AcDbArc
 50
-35.240147697345186
 51
36.1939305789675
1001
RASTER2DXF
1000
arc 24
1040
9.527
1040
11.878
  0
ARC
  5
17F
330
17
100
AcDbEntity
  8
PLAT-CURVE
420
5809919
100
AcDbCircle
 10
813.6061458210309
 20
604.2006615410776
 30
0.0
 40
9.526932965099041
100
AcDbArc
 50
-35.240147697319195
 51
36.193930578911704
1001
RASTER2DXF
1000
arc 25
1040
9.527
1040
11.878
  0
ARC
  5
180
330
17
100
AcDbEntity
  8
PLAT-CURVE
420
16765757
100
AcDbCircle
 10
187.32491424624726
 20
605.1617687496773
 30
0.0
 40
4.553399201572973
100
AcDbArc
 50
53.56145771448912
 51
130.2992008013691
1001
RASTER2DXF
1000
arc 26
1040
4.553
1040
6.098
  0
ARC
  5
181
330
17
100
AcDbEntity
  8
PLAT-CURVE
420
5809919
100
AcDbCircle
 10
362.49110467130373
 20
604.1892538267459
 30
0.0
 40
9.56635264782423
100
AcDbArc
 50
-35.023146672209585
 51
29.247250285669526
1001
RASTER2DXF
1000
arc 27
1040
9.566
1040
10.731
  0
ARC
  5
182
330
17
100
AcDbEntity
  8
PLAT-CURVE
420
5809919
100
AcDbCircle
 10
584.9633254775297
 20
604.1273166542752
 30
0.0
 40
9.481771600438748
100
AcDbArc
 50
150.0476825407493
 51
-143.11119711411374
1001
RASTER2DXF
1000
arc 28
1040
9.482
1040
11.061
  0
ARC
  5
183
330
17
100
AcDbEntity
  8
PLAT-CURVE
420
5809919
100
AcDbCircle
 10
587.7944314113911
 20
604.2479566428996
 30
0.0
 40
9.7972191742431
100
AcDbArc
 50
-33.35898327695616
 51
27.540583049361146
1001
RASTER2DXF
1000
arc 29
1040
9.797
1040
10.413
  0
ARC
  5
184
330
17
100
AcDbEntity
  8
PLAT-CURVE
420
5809919
100
AcDbCircle
 10
735.6547545290109
 20
604.0921537184765
 30
0.0
 40
9.807880018536476
100
AcDbArc
 50
150.85911734011856
 51
-140.7479888131056
1001
RASTER2DXF
1000
arc 30
1040
9.808
1040
11.707
  0
ARC
  5
185
330
17
100
AcDbEntity
  8
PLAT-CURVE
420
5809919
100
AcDbCircle
 10
738.1509266954887
 20
604.2479566428889
 30
0.0
 40
9.797219174140688
100
AcDbArc
 50
-33.35898327713084
 51
27.54058304960331
1001
RASTER2DXF
1000
arc 31
1040
9.797
1040
10.413
  0
ARC
  5
186
330
17
100
AcDbEntity
  8
PLAT-CURVE
420
5809919
100
AcDbCircle
 10
434.11441024137054
 20
604.087074794573
 30
0.0
 40
9.005481878065154
100
AcDbArc
 50
148.62378093597067
 51
-146.07163290985454
1001
RASTER2DXF
1000
arc 32
1040
9.005
1040
10.264
  0
ARC
  5
187
330
17
100
AcDbEntity
  8
PLAT-CURVE
420
5809919
100
AcDbCircle
 10
810.6772330922671
 20
604.1164848497352
 30
0.0
 40
9.66479580547373
100
AcDbArc
 50
151.71155928292194
 51
-142.6549737405424
1001
RASTER2DXF
1000
arc 33
1040
9.665
1040
11.071
  0
ARC
  5
188
330
17
100
AcDbEntity
  8
PLAT-CURVE
420
5809919
100
AcDbCircle
 10
360.8272432014925
 20
601.7429111821108
 30
0.0
 40
8.655291512616172
100
AcDbArc
 50
-126.42664567693545
 51
-69.24228035164343
1001
RASTER2DXF
1000
arc 34
1040
8.655
1040
8.638
  0
ARC
  5
189
330
17
100
AcDbEntity
  8
PLAT-CURVE
420
5809919
100
AcDbCircle
 10
511.1837384855174
 20
601.7429111821581
 30
0.0
 40
8.655291512657572
100
AcDbArc
 50
-126.42664567672729
 51
-69.2422803517353
1001
RASTER2DXF
1000
arc 35
1040
8.655
1040
8.638
  0
ARC
  5
18A
330
17
100
AcDbEntity
  8
PLAT-CURVE
420
5809919
100
AcDbCircle
 10
661.5402337688412
 20
601.7429111787764
 30
0.0
 40
8.655291509358737
100
AcDbArc
 50
-126.42664568648664
 51
-69.2422803393536
1001
RASTER2DXF
1000
arc 36
1040
8.655
1040
8.638
  0
ARC
  5
18B
330
17
100
AcDbEntity
  8
PLAT-CURVE
420
5809919
100
AcDbCircle
 10
811.8967290535502
 20
601.742911182048
 30
0.0
 40
8.65529151227337
100
AcDbArc
 50
-126.42664567704131
 51
-69.24228035132786
1001
RASTER2DXF
1000
arc 37
1040
8.655
1040
8.638
  0
ARC
  5
18C
330
17
100
AcDbEntity
  8
PLAT-CURVE
420
16765757
100
AcDbCircle
 10
187.30622898926646
 20
582.2098092222753
 30
0.0
 40
4.4233638121843954
100
AcDbArc
 50
-128.71015799831267
 51
-48.40996481928864
1001
RASTER2DXF
1000
arc 38
1040
4.423
1040
6.199
  0
ARC
  5
18D
330
17
100
AcDbEntity
  8
PLAT-CURVE
420
4176208
100
AcDbCircle
 10
468.31165690238754
 20
509.7045167695853
 30
0.0
 40
10.269520548101465
100
AcDbArc
 50
55.60091742729166
 51
127.01232952418916
1001
RASTER2DXF
1000
arc 39
1040
10.27
1040
12.8
  0
ARC
  5
18E
330
17
100
AcDbEntity
  8
PLAT-CURVE
420
4176208
100
AcDbCircle
 10
469.61203216798816
 20
509.26161661151593
 30
0.0
 40
9.638048375713101
100
AcDbArc
 50
-4.83920936013204
 51
40.52721458985843
1001
RASTER2DXF
1000
arc 40
1040
9.638
1040
7.631
  0
ARC
  5
18F
330
17
100
AcDbEntity
  8
PLAT-CURVE
420
4176208
100
AcDbCircle
 10
368.47100665123315
 20
505.4818281767296
 30
0.0
 40
9.510726499251158
100
AcDbArc
 50
53.43260245932383
 51
127.57315651084723
1001
RASTER2DXF
1000
arc 41
1040
9.511
1040
12.307
  0
ARC
  5
190
330
17
100
AcDbEntity
  8
PLAT-CURVE
420
4176208
100
AcDbCircle
 10
467.2784311890636
 20
508.90407016458033
 30
0.0
 40
10.085247886840824
100
AcDbArc
 50
155.97193591422578
 51
-141.85590619699772
1001
RASTER2DXF
1000
arc 42
1040
10.085
1040
10.944
  0
ARC
  5
191
330
17
100
AcDbEntity
  8
PLAT-CURVE
420
4176208
100
AcDbCircle
 10
568.5014542930355
 20
502.9742200571901
 30
0.0
 40
10.001574732108141
100
AcDbArc
 50
54.7133250095109
 51
129.4531502164883
1001
RASTER2DXF
1000
arc 43
1040
10.002
1040
13.047
  0
ARC
  5
192
330
17
100
AcDbEntity
  8
PLAT-CURVE
420
4176208
100
AcDbCircle
 10
368.8619177046625
 20
503.9171942558401
 30
0.0
 40
10.577086307054236
100
AcDbArc
 50
-32.505499192506335
 51
33.47792406850299
1001
RASTER2DXF
1000
arc 44
1040
10.577
1040
12.181
  0
ARC
  5
193
330
17
100
AcDbEntity
  8
PLAT-CURVE
420
4176208
100
AcDbCircle
 10
366.8950631545713
 20
503.8574057131014
 30
0.0
 40
9.56430757134663
100
AcDbArc
 50
151.98978246400094
 51
-142.74007257960224
1001
RASTER2DXF
1000
arc 45
1040
9.564
1040
10.895
  0
ARC
  5
194
330
17
100
AcDbEntity
  8
PLAT-CURVE
420
4176208
100
AcDbCircle
 10
568.8492140931772
 20
501.9278722819898
 30
0.0
 40
10.666946612264438
100
AcDbArc
 50
-33.76426445681366
 51
36.57313692231654
1001
RASTER2DXF
1000
arc 46
1040
10.667
1040
13.095
  0
ARC
  5
195
330
17
100
AcDbEntity
  8
PLAT-CURVE
420
4176208
100
AcDbCircle
 10
567.3413080475254
 20
501.9133188597649
 30
0.0
 40
9.876427519172186
100
AcDbArc
 50
151.7314833511129
 51
-157.14731330683475
1001
RASTER2DXF
1000
arc 47
1040
9.876
1040
8.812
  0
ARC
  5
196
330
17
100
AcDbEntity
  8
PLAT-CURVE
420
4176208
100
AcDbCircle
 10
775.9986360436908
 20
498.89879280329404
 30
0.0
 40
11.014646455172269
100
AcDbArc
 50
-115.51821212229459
 51
159.55027995525526
1001
RASTER2DXF
1000
arc 48
1040
11.015
1040
52.88
1000
distance=19°
  0
ARC
  5
197
330
17
100
AcDbEntity
  8
PLAT-CURVE
420
4176208
100
AcDbCircle
 10
468.1386996571819
 20
507.10903392797
 30
0.0
 40
9.222574291030938
100
AcDbArc
 50
-125.53368293267486
 51
-71.31709057232119
1001
RASTER2DXF
1000
arc 49
1040
9.223
1040
8.727
  0
ARC
  5
198
330
17
100
AcDbEntity
  8
PLAT-CURVE
420
4176208
100
AcDbCircle
 10
368.3590594280108
 20
502.7167920246663
 30
0.0
 40
9.854645343045467
100
AcDbArc
 50
-124.82485665883186
 51
-65.05620057214401
1001
RASTER2DXF
1000
arc 50
1040
9.855
1040
10.28
  0
ARC
  5
199
330
17
100
AcDbEntity
  8
PLAT-CURVE
420
4176208
100
AcDbCircle
 10
568.5525751138637
 20
501.7889048778838
 30
0.0
 40
10.901931605721193
100
AcDbArc
 50
-121.5745259344057
 51
-69.80130628114544
1001
RASTER2DXF
1000
arc 51
1040
10.902
1040
9.851
  0
ARC
  5
19A
330
17
100
AcDbEntity
  8
PLAT-CURVE
420
13805823
100
AcDbCircle
 10
655.7850482075308
 20
479.84957185838323
 30
0.0
 40
10.03477568910978
100
AcDbArc
 50
49.1365274673447
 51
123.29010101867397
1001
RASTER2DXF
1000
arc 52
1040
10.035
1040
12.987
  0
ARC
  5
19B
330
17
100
AcDbEntity
  8
PLAT-CURVE
420
4176208
100
AcDbCircle
 10
252.49845803645422
 20
478.1931985033296
 30
0.0
 40
10.075206596563461
100
AcDbArc
 50
49.695263453699496
 51
125.57374993212905
1001
RASTER2DXF
1000
arc 53
1040
10.075
1040
13.343
  0
ARC
  5
19C
330
17
100
AcDbEntity
  8
PLAT-CURVE
420
13805823
100
AcDbCircle
 10
656.1813439967617
 20
478.87792246654357
 30
0.0
 40
10.54040507346354
100
AcDbArc
 50
-36.54134146434982
 51
33.07135731635455
1001
RASTER2DXF
1000
arc 54
1040
10.54
1040
12.806
  0
ARC
  5
19D
330
17
100
AcDbEntity
  8
PLAT-CURVE
420
4176208
100
AcDbCircle
 10
253.58987854801103
 20
477.3214075525231
 30
0.0
 40
9.900339825068505
100
AcDbArc
 50
-34.751928677186086
 51
35.374358252452154
1001
RASTER2DXF
1000
arc 55
1040
9.9
1040
12.117
  0
ARC
  5
19E
330
17
100
AcDbEntity
  8
PLAT-CURVE
420
13805823
100
AcDbCircle
 10
654.7749203527803
 20
478.76518674436016
 30
0.0
 40
10.071837288892997
100
AcDbArc
 50
157.35738276103825
 51
-145.91195945951975
1001
RASTER2DXF
1000
arc 56
1040
10.072
1040
9.972
  0
ARC
  5
19F
330
17
100
AcDbEntity
  8
PLAT-CURVE
420
4176208
100
AcDbCircle
 10
252.4288311646684
 20
477.21132546477924
 30
0.0
 40
11.008736164673172
100
AcDbArc
 50
-175.5156299161081
 51
-93.44305420021469
1001
RASTER2DXF
1000
arc 57
1040
11.009
1040
15.769
  0
ARC
  5
1A0
330
17
100
AcDbEntity
  8
PLAT-CURVE
420
13805823
100
AcDbCircle
 10
655.7283160896283
 20
477.5880276600959
 30
0.0
 40
9.793019097811671
100
AcDbArc
 50
-125.51704940363734
 51
-61.67859865266572
1001
RASTER2DXF
1000
arc 58
1040
9.793
1040
10.911
  0
ARC
  5
1A1
330
17
100
AcDbEntity
  8
PLAT-CURVE
420
16777215
100
AcDbCircle
 10
323.5102754083719
 20
453.83653791836497
 30
0.0
 40
3.357591703250028
100
AcDbArc
 50
-163.05210973072383
 51
-20.553216602076326
1001
RASTER2DXF
1000
arc 59
1040
3.358
1040
8.351
  0
ARC
  5
1A2
330
17
100
AcDbEntity
  8
PLAT-CURVE
420
16765757
100
AcDbCircle
 10
205.63412703483675
 20
446.1802006284133
 30
0.0
 40
3.389075267801949
100
AcDbArc
 50
131.03659621547968
 51
-130.50178380062428
1001
RASTER2DXF
1000
arc 60
1040
3.389
1040
5.824
  0
ARC
  5
1A3
330
17
100
AcDbEntity
  8
PLAT-CURVE
420
4176208
100
AcDbCircle
 10
829.0389291552195
 20
285.2936535321019
 30
0.0
 40
165.42823403416577
100
AcDbArc
 50
105.44217418542414
 51
124.85868763191431
1001
RASTER2DXF
1000
arc 61
1040
165.428
1040
56.061
  0
ARC
  5
1A4
330
17
100
AcDbEntity
  8
PLAT-CURVE
420
4176208
100
AcDbCircle
 10
415.26624961407106
 20
68.6961273835949
 30
0.0
 40
384.7757150225458
100
AcDbArc
 50
65.098468787534
 51
77.27640997444577
1001
RASTER2DXF
1000
arc 62
1040
384.776
1040
81.782
  0
ARC
  5
1A5
330
17
100
AcDbEntity
  8
PLAT-CURVE
420
16743282
100
AcDbCircle
 10
800.4771095950043
 20
415.93755756451185
 30
0.0
 40
4.139696350136717
100
AcDbArc
 50
139.01978738864648
 51
-139.94237979963472
1001
RASTER2DXF
1000
arc 63
1040
4.14
1040
5.855
  0
ARC
  5
1A6
330
17
100
AcDbEntity
  8
PLAT-CURVE
420
16765757
100
AcDbCircle
 10
338.7540371485891
 20
412.63489580565255
 30
0.0
 40
4.560238392545291
100
AcDbArc
 50
140.97503257423804
 51
-141.21646976933738
1001
RASTER2DXF
1000
arc 64
1040
4.56
1040
6.193
  0
ARC
  5
1A7
330
17
100
AcDbEntity
  8
PLAT-CURVE
420
13805823
100
AcDbCircle
 10
667.424986211956
 20
392.3603407296402
 30
0.0
 40
25.28729408821642
100
AcDbArc
 50
-123.11984604794692
 51
-56.450937482331724
1001
RASTER2DXF
1000
arc 65
1040
25.287
1040
29.424
  0
ARC
  5
1A8
330
17
100
AcDbEntity
  8
PLAT-CURVE
420
16743282
100
AcDbCircle
 10
507.9422967314609
 20
379.92215746040733
 30
0.0
 40
4.081222958177451
100
AcDbArc
 50
132.53933973848368
 51
-132.6245234461178
1001
RASTER2DXF
1000
arc 66
1040
4.081
1040
6.755
1000
curve_data=A=37
  0
ARC
  5
1A9
330
17
100
AcDbEntity
  8
PLAT-CURVE
420
16743282
100
AcDbCircle
 10
531.3462719035731
 20
379.93966299829884
 30
0.0
 40
4.503990922888228
100
AcDbArc
 50
-38.702242729872125
 51
40.19528825107949
1001
RASTER2DXF
1000
arc 67
1040
4.504
1040
6.202
  0
ARC
  5
1AA
330
17
100
AcDbEntity
  8
PLAT-CURVE
420
16765757
100
AcDbCircle
 10
697.6568463540042
 20
347.3437235664934
 30
0.0
 40
3.605585458316212
100
AcDbArc
 50
133.51301720360843
 51
-132.38869430053123
1001
RASTER2DXF
1000
arc 68
1040
3.606
1040
5.922
  0
ARC
  5
1AB
330
17
100
AcDbEntity
  8
PLAT-CURVE
420
5809919
100
AcDbCircle
 10
175.97358399344637
 20
283.6595060705258
 30
0.0
 40
5.472696833675414
100
AcDbArc
 50
138.72145432052417
 51
-139.29231443609368
1001
RASTER2DXF
1000
arc 69
1040
5.473
1040
7.831
  0
ARC
  5
1AC
330
17
100
AcDbEntity
  8
PLAT-CURVE
420
5809919
100
AcDbCircle
 10
543.4902081395057
 20
283.6427670806351
 30
0.0
 40
5.54317597356717
100
AcDbArc
 50
139.51680999044197
 51
-140.35406572434874
1001
RASTER2DXF
1000
arc 70
1040
5.543
1040
7.752
  0
ARC
  5
1AD
330
17
100
AcDbEntity
  8
PLAT-CURVE
420
5809919
100
AcDbCircle
 10
580.3443505455003
 20
283.5962739034723
 30
0.0
 40
6.255129450715143
100
AcDbArc
 50
-33.687107907868366
 51
36.135087686057105
1001
RASTER2DXF
1000
arc 71
1040
6.255
1040
7.623
  0
ARC
  5
1AE
330
17
100
AcDbEntity
  8
PLAT-CURVE
420
5809919
100
AcDbCircle
 10
941.9261483843056
 20
283.6427670806059
 30
0.0
 40
5.543175973267218
100
AcDbArc
 50
139.51680998835351
 51
-140.3540657227394
1001
RASTER2DXF
1000
arc 72
1040
5.543
1040
7.752
  0
ARC
  5
1AF
330
17
100
AcDbEntity
  8
PLAT-CURVE
420
5809919
100
AcDbCircle
 10
213.57411659697073
 20
283.64167809630896
 30
0.0
 40
5.620962330001777
100
AcDbArc
 50
-39.762172434028074
 51
36.938507014042486
1001
RASTER2DXF
1000
arc 73
1040
5.621
1040
7.525
  0
ARC
  5
1B0
330
17
100
AcDbEntity
  8
PLAT-CURVE
420
5809919
100
AcDbCircle
 10
986.8653492579537
 20
283.67031285451094
 30
0.0
 40
5.702915817568925
100
AcDbArc
 50
-39.517349532976
 51
36.276679256380866
1001
RASTER2DXF
1000
arc 74
1040
5.703
1040
7.544
  0
ARC
  5
1B1
330
17
100
AcDbEntity
  8
PLAT-CURVE
420
5809919
100
AcDbCircle
 10
109.0568589529642
 20
284.1770127142192
 30
0.0
 40
2.505531491012818
100
AcDbArc
 50
44.546639416366226
 51
-46.04515419617538
1001
RASTER2DXF
1000
arc 75
1040
2.506
1040
11.781
  0
ARC
  5
1B2
330
17
100
AcDbEntity
  8
PLAT-CURVE
420
5809919
100
AcDbCircle
 10
845.4001619950895
 20
284.1770127142297
 30
0.0
 40
2.505531491070025
100
AcDbArc
 50
44.546639416891324
 51
-46.045154197061585
1001
RASTER2DXF
1000
arc 76
1040
2.506
1040
11.781
  0
ARC
  5
1B3
330
17
100
AcDbEntity
  8
PLAT-CURVE
420
5809919
100
AcDbCircle
 10
959.0816227893617
 20
284.1841476147708
 30
0.0
 40
2.5092114066383724
100
AcDbArc
 50
44.29917318099688
 51
-46.043105850212434
1001
RASTER2DXF
1000
arc 77
1040
2.509
1040
11.809
  0
ARC
  5
1B4
330
17
100
AcDbEntity
  8
PLAT-CURVE
420
5809919
100
AcDbCircle
 10
187.29555206280787
 20
284.20128580711724
 30
0.0
 40
2.416505562933386
100
AcDbArc
 50
30.314905803379165
 51
-115.23419020128867
1001
RASTER2DXF
1000
arc 78
1040
2.417
1040
9.045
  0
ARC
  5
1B5
330
17
100
AcDbEntity
  8
PLAT-CURVE
420
5809919
100
AcDbCircle
 10
554.7313632810759
 20
284.176982309994
 30
0.0
 40
2.4520706706317443
100
AcDbArc
 50
29.28040382888566
 51
-31.184853712833355
1001
RASTER2DXF
1000
arc 79
1040
2.452
1040
12.819
  0
ARC
  5
1B6
330
17
100
AcDbEntity
  8
PLAT-CURVE
420
5809919
100
AcDbCircle
 10
855.8981816499465
 20
284.226338809308
 30
0.0
 40
2.390145094825424
100
AcDbArc
 50
-0.12503022005849188
 51
-107.55136033300806
1001
RASTER2DXF
1000
arc 80
1040
2.39
1040
10.536
  0
ARC
  5
1B7
330
17
100
AcDbEntity
  8
PLAT-CURVE
420
5809919
100
AcDbCircle
 10
829.9753024506805
 20
284.1756748902386
 30
0.0
 40
2.444746773310416
100
AcDbArc
 50
-162.24448603292248
 51
104.48034133359621
1001
RASTER2DXF
1000
arc 81
1040
2.445
1040
11.381
  0
TEXT
  5
1B8
330
17
100
AcDbEntity
  8
PLAT-TEXT-DIST
100
AcDbText
 10
276.5044452047028
 20
655.6011913627708
 30
0.0
 40
3.540761744262897
  1
93.50'
 50
0.019750790994408778
  7
PLAT
 72
1
 11
276.5044452047028
 21
655.6011913627708
 31
0.0
100
AcDbText
 73
1
  0
TEXT
  5
1B9
330
17
100
AcDbEntity
  8
PLAT-TEXT-DIST
100
AcDbText
 10
435.1947477892095
 20
655.6558945040838
 30
0.0
 40
3.540761744262897
  1
75.09'
 50
0.019750790994503515
  7
PLAT
 72
1
 11
435.1947477892095
 21
655.6558945040838
 31
0.0
100
AcDbText
 73
1
  0
TEXT
  5
1BA
330
17
100
AcDbEntity
  8
PLAT-TEXT-DIST
100
AcDbText
 10
585.5512252064738
 20
655.7077248396337
 30
0.0
 40
3.540761744262897
  1
75.09'
 50
0.019750790994435243
  7
PLAT
 72
1
 11
585.5512252064738
 21
655.7077248396337
 31
0.0
100
AcDbText
 73
1
  0
TEXT
  5
1BB
330
17
100
AcDbEntity
  8
PLAT-TEXT-DIST
100
AcDbText
 10
660.7294639151058
 20
655.7336400074087
 30
0.0
 40
3.540761744262897
  1
715.00'
 50
0.019750790994513424
  7
PLAT
 72
1
 11
660.7294639151058
 21
655.7336400074087
 31
0.0
100
AcDbText
 73
1
  0
TEXT
  5
1BC
330
17
100
AcDbEntity
  8
PLAT-TEXT-DIST
100
AcDbText
 10
735.9077026237379
 20
655.7595551751837
 30
0.0
 40
3.540761744262897
  1
75.09'
 50
0.019750790994457233
  7
PLAT
 72
1
 11
735.9077026237379
 21
655.7595551751837
 31
0.0
100
AcDbText
 73
1
  0
TEXT
  5
1BD
330
17
100
AcDbEntity
  8
PLAT-TEXT-DIST
100
AcDbText
 10
321.7504794589631
 20
604.145380992475
 30
0.0
 40
3.540761744262897
  1
199'
 50
90.0
  7
PLAT
 72
1
 11
321.7504794589631
 21
604.145380992475
 31
0.0
100
AcDbText
 73
1
  0
TEXT
  5
1BE
330
17
100
AcDbEntity
  8
PLAT-TEXT-CURVE
100
AcDbText
 10
188.64815737672356
 20
558.1890778769206
 30
0.0
 40
3.540761744262897
  1
a=aAS
 50
90.46487616832627
  7
PLAT
 72
1
 11
188.64815737672356
 21
558.1890778769206
 31
0.0
100
AcDbText
 73
3
  0
TEXT
  5
1BF
330
17
100
AcDbEntity
  8
PLAT-TEXT-DIST
100
AcDbText
 10
467.84250127036177
 20
552.2563603103646
 30
0.0
 40
3.540761744262897
  1
17'
 50
359.9984530613743
  7
PLAT
 72
1
 11
467.84250127036177
 21
552.2563603103646
 31
0.0
100
AcDbText
 73
3
  0
TEXT
  5
1C0
330
17
100
AcDbEntity
  8
PLAT-TEXT-DIST
100
AcDbText
 10
581.2500478844448
 20
552.2532984004677
 30
0.0
 40
3.540761744262897
  1
39'
 50
359.9984530613744
  7
PLAT
 72
1
 11
581.2500478844448
 21
552.2532984004677
 31
0.0
100
AcDbText
 73
3
  0
TEXT
  5
1C1
330
17
100
AcDbEntity
  8
PLAT-TEXT-DIST
100
AcDbText
 10
411.7513601535281
 20
503.87758145838893
 30
0.0
 40
3.540761744262897
  1
100.00'
 50
89.99137533923295
  7
PLAT
 72
1
 11
411.7513601535281
 21
503.87758145838893
 31
0.0
100
AcDbText
 73
1
  0
TEXT
  5
1C2
330
17
100
AcDbEntity
  8
PLAT-TEXT-DIST
100
AcDbText
 10
776.3998083703683
 20
486.12050070252525
 30
0.0
 40
3.540761744262897
  1
19'
 50
0.6132946250688747
  7
PLAT
 72
1
 11
776.3998083703683
 21
486.12050070252525
 31
0.0
100
AcDbText
 73
3
  0
TEXT
  5
1C3
330
17
100
AcDbEntity
  8
PLAT-TEXT-DIST
100
AcDbText
 10
276.47902450262353
 20
451.91328542249005
 30
0.0
 40
3.540761744262897
  1
93.50'
 50
0.07799558801870168
  7
PLAT
 72
1
 11
276.47902450262353
 21
451.91328542249005
 31
0.0
100
AcDbText
 73
3
  0
TEXT
  5
1C4
330
17
100
AcDbEntity
  8
PLAT-TEXT-CURVE
100
AcDbText
 10
462.4738809148253
 20
373.9550002298228
 30
0.0
 40
3.540761744262897
  1
R=20%%d.27'
 50
359.8440817423217
  7
PLAT
 72
1
 11
462.4738809148253
 21
373.9550002298228
 31
0.0
100
AcDbText
 73
1
  0
TEXT
  5
1C5
330
17
100
AcDbEntity
  8
PLAT-TEXT-CURVE
100
AcDbText
 10
503.00151180173384
 20
376.7869673882791
 30
0.0
 40
3.540761744262897
  1
A=37
 50
302.7280129261348
  7
PLAT
 72
1
 11
503.00151180173384
 21
376.7869673882791
 31
0.0
100
AcDbText
 73
3
  0
TEXT
  5
1C6
330
17
100
AcDbEntity
  8
PLAT-TEXT-CURVE
100
AcDbText
 10
27.632611443680798
 20
94.75631144451683
 30
0.0
 40
3.540761744262897
  1
C7
  7
PLAT
 72
1
 11
27.632611443680798
 21
94.75631144451683
 31
0.0
100
AcDbText
 73
1
  0
TEXT
  5
1C7
330
17
100
AcDbEntity
  8
PLAT-TEXT-DIST
100
AcDbText
 10
72.80973808969861
 20
94.75631144451683
 30
0.0
 40
3.540761744262897
  1
167.95'
  7
PLAT
 72
1
 11
72.80973808969861
 21
94.75631144451683
 31
0.0
100
AcDbText
 73
1
  0
TEXT
  5
1C8
330
17
100
AcDbEntity
  8
PLAT-TEXT-DIST
100
AcDbText
 10
162.9008236536992
 20
94.75631144451683
 30
0.0
 40
3.540761744262897
  1
69.24'
  7
PLAT
 72
1
 11
162.9008236536992
 21
94.75631144451683
 31
0.0
100
AcDbText
 73
1
  0
TEXT
  5
1C9
330
17
100
AcDbEntity
  8
PLAT-TEXT-DIST
100
AcDbText
 10
207.99022772370532
 20
94.75631144451683
 30
0.0
 40
3.540761744262897
  1
35.12'
  7
PLAT
 72
1
 11
207.99022772370532
 21
94.75631144451683
 31
0.0
100
AcDbText
 73
1
  0
TEXT
  5
1CA
330
17
100
AcDbEntity
  8
PLAT-TEXT-DIST
100
AcDbText
 10
248.78122556913885
 20
94.75631144451683
 30
0.0
 40
3.540761744262897
  1
68.00'
  7
PLAT
 72
1
 11
248.78122556913885
 21
94.75631144451683
 31
0.0
100
AcDbText
 73
1
  0
TEXT
  5
1CB
330
17
100
AcDbEntity
  8
PLAT-TEXT-BRG
100
AcDbText
 10
298.34448101574094
 20
94.75631144451683
 30
0.0
 40
3.540761744262897
  1
N 60%%d18'20" E
  7
PLAT
 72
1
 11
298.34448101574094
 21
94.75631144451683
 31
0.0
100
AcDbText
 73
1
  0
TEXT
  5
1CC
330
17
100
AcDbEntity
  8
PLAT-TEXT-LOTNO
100
AcDbText
 10
339.7508599679287
 20
720.5028130531617
 30
0.0
 40
6.763271046785158
  1
6
 50
87.96830029934813
  7
PLAT
 72
1
 11
339.7508599679287
 21
720.5028130531617
 31
0.0
100
AcDbText
 73
2
  0
TEXT
  5
1CD
330
17
100
AcDbEntity
  8
PLAT-TEXT-LOWCONF
100
AcDbText
 10
448.19360258227914
 20
720.4680874237256
 30
0.0
 40
6.086943942106642
  1
10’
 50
1.3803183155563943
  7
PLAT
 72
1
 11
448.19360258227914
 21
720.4680874237256
 31
0.0
100
AcDbText
 73
2
  0
TEXT
  5
1CE
330
17
100
AcDbEntity
  8
PLAT-TEXT-LOWCONF
100
AcDbText
 10
458.68152760257044
 20
720.4329031880734
 30
0.0
 40
6.086943942106642
  1
a
 50
88.45387937721705
  7
PLAT
 72
1
 11
458.68152760257044
 21
720.4329031880734
 31
0.0
100
AcDbText
 73
2
  0
TEXT
  5
1CF
330
17
100
AcDbEntity
  8
PLAT-TEXT-LOWCONF
100
AcDbText
 10
492.737709457635
 20
720.4655167839694
 30
0.0
 40
6.086943942106642
  1
U
 50
90.0
  7
PLAT
 72
1
 11
492.737709457635
 21
720.4655167839694
 31
0.0
100
AcDbText
 73
2
  0
TEXT
  5
1D0
330
17
100
AcDbEntity
  8
PLAT-TEXT-LOWCONF
100
AcDbText
 10
524.493281973865
 20
720.4655167839694
 30
0.0
 40
6.086943942106642
  1
S
  7
PLAT
 72
1
 11
524.493281973865
 21
720.4655167839694
 31
0.0
100
AcDbText
 73
2
  0
TEXT
  5
1D1
330
17
100
AcDbEntity
  8
PLAT-TEXT-LOWCONF
100
AcDbText
 10
608.8780120382992
 20
720.4817861597184
 30
0.0
 40
6.086943942106642
  1
3D St]
 50
359.8391177847975
  7
PLAT
 72
1
 11
608.8780120382992
 21
720.4817861597184
 31
0.0
100
AcDbText
 73
2
  0
TEXT
  5
1D2
330
17
100
AcDbEntity
  8
PLAT-TEXT-LOWCONF
100
AcDbText
 10
633.2692762283544
 20
720.4655167839694
 30
0.0
 40
6.086943942106642
  1
Ga
 50
90.0
  7
PLAT
 72
1
 11
633.2692762283544
 21
720.4655167839694
 31
0.0
100
AcDbText
 73
2
  0
TEXT
  5
1D3
330
17
100
AcDbEntity
  8
PLAT-TEXT-LOWCONF
100
AcDbText
 10
712.5704849429178
 20
720.4655167839694
 30
0.0
 40
6.086943942106642
  1
S
  7
PLAT
 72
1
 11
712.5704849429178
 21
720.4655167839694
 31
0.0
100
AcDbText
 73
2
  0
TEXT
  5
1D4
330
17
100
AcDbEntity
  8
PLAT-TEXT-LOTNO
100
AcDbText
 10
284.92302711041475
 20
720.462553356391
 30
0.0
 40
6.763271046785158
  1
4
 50
91.93703087433346
  7
PLAT
 72
1
 11
284.92302711041475
 21
720.462553356391
 31
0.0
100
AcDbText
 73
2
  0
TEXT
  5
1D5
330
17
100
AcDbEntity
  8
PLAT-TEXT-LOWCONF
100
AcDbText
 10
348.4340719184131
 20
720.4655167839694
 30
0.0
 40
6.086943942106642
  1
a
 50
90.0
  7
PLAT
 72
1
 11
348.4340719184131
 21
720.4655167839694
 31
0.0
100
AcDbText
 73
2
  0
TEXT
  5
1D6
330
17
100
AcDbEntity
  8
PLAT-TEXT-LOWCONF
100
AcDbText
 10
380.89142504273656
 20
720.4655167839694
 30
0.0
 40
6.086943942106642
  1
W
  7
PLAT
 72
1
 11
380.89142504273656
 21
720.4655167839694
 31
0.0
100
AcDbText
 73
2
  0
TEXT
  5
1D7
330
17
100
AcDbEntity
  8
PLAT-TEXT-LOTNO
100
AcDbText
 10
391.4181341641388
 20
720.4655167839694
 30
0.0
 40
6.763271046785158
  1
7
  7
PLAT
 72
1
 11
391.4181341641388
 21
720.4655167839694
 31
0.0
100
AcDbText
 73
2
  0
TEXT
  5
1D8
330
17
100
AcDbEntity
  8
PLAT-TEXT-LOWCONF
100
AcDbText
 10
437.6479317222968
 20
720.4655167839694
 30
0.0
 40
6.086943942106642
  1
a
 50
90.0
  7
PLAT
 72
1
 11
437.6479317222968
 21
720.4655167839694
 31
0.0
100
AcDbText
 73
2
  0
TEXT
  5
1D9
330
17
100
AcDbEntity
  8
PLAT-TEXT-LOWCONF
100
AcDbText
 10
466.15776892609443
 20
722.834026336285
 30
0.0
 40
2.368509552315497
  1
"Fv
  7
PLAT
 72
1
 11
466.15776892609443
 21
722.834026336285
 31
0.0
100
AcDbText
 73
2
  0
TEXT
  5
1DA
330
17
100
AcDbEntity
  8
PLAT-TEXT-LOTNO
100
AcDbText
 10
474.4914136472045
 20
721.7813554241447
 30
0.0
 40
4.737019104630994
  1
1
  7
PLAT
 72
1
 11
474.4914136472045
 21
721.7813554241447
 31
0.0
100
AcDbText
 73
2
  0
TEXT
  5
1DB
330
17
100
AcDbEntity
  8
PLAT-TEXT-LOWCONF
100
AcDbText
 10
623.3566251390341
 20
722.834026336285
 30
0.0
 40
2.368509552315497
  1
"Fv
  7
PLAT
 72
1
 11
623.3566251390341
 21
722.834026336285
 31
0.0
100
AcDbText
 73
2
  0
TEXT
  5
1DC
330
17
100
AcDbEntity
  8
PLAT-TEXT-LOWCONF
100
AcDbText
 10
701.688869067602
 20
722.3983298284863
 30
0.0
 40
3.169269827446857
  1
rN
 50
359.8539898556328
  7
PLAT
 72
1
 11
701.688869067602
 21
722.3983298284863
 31
0.0
100
AcDbText
 73
2
  0
TEXT
  5
1DD
330
17
100
AcDbEntity
  8
PLAT-TEXT-LOWCONF
100
AcDbText
 10
724.0268200676036
 20
720.450977803548
 30
0.0
 40
6.086943942106642
  1
MR
 50
0.8596831000606358
  7
PLAT
 72
1
 11
724.0268200676036
 21
720.450977803548
 31
0.0
100
AcDbText
 73
2
  0
TEXT
  5
1DE
330
17
100
AcDbEntity
  8
PLAT-TEXT-LOWCONF
100
AcDbText
 10
739.6000489151636
 20
720.581279532555
 30
0.0
 40
6.086943942106642
  1
WE
 50
354.5667620595255
  7
PLAT
 72
1
 11
739.6000489151636
 21
720.581279532555
 31
0.0
100
AcDbText
 73
2
  0
TEXT
  5
1DF
330
17
100
AcDbEntity
  8
PLAT-TEXT-LOWCONF
100
AcDbText
 10
750.988956786169
 20
722.3983298284863
 30
0.0
 40
3.169269827446857
  1
rN
 50
359.8539898556328
  7
PLAT
 72
1
 11
750.988956786169
 21
722.3983298284863
 31
0.0
100
AcDbText
 73
2
  0
TEXT
  5
1E0
330
17
100
AcDbEntity
  8
PLAT-TEXT-LOWCONF
100
AcDbText
 10
787.7788627876835
 20
720.6115894527479
 30
0.0
 40
6.763271046785158
  1
3
 50
282.7760364482841
  7
PLAT
 72
1
 11
787.7788627876835
 21
720.6115894527479
 31
0.0
100
AcDbText
 73
2
  0
TEXT
  5
1E1
330
17
100
AcDbEntity
  8
PLAT-TEXT-LOWCONF
100
AcDbText
 10
281.4140238454857
 20
722.0445231521797
 30
0.0
 40
1.5790063682103312
  1
fe
 50
90.0
  7
PLAT
 72
1
 11
281.4140238454857
 21
722.0445231521797
 31
0.0
100
AcDbText
 73
2
  0
TEXT
  5
1E2
330
17
100
AcDbEntity
  8
PLAT-TEXT-LOWCONF
100
AcDbText
 10
434.05130610581773
 20
722.0445231521797
 30
0.0
 40
1.5790063682103312
  1
fe
 50
90.0
  7
PLAT
 72
1
 11
434.05130610581773
 21
722.0445231521797
 31
0.0
100
AcDbText
 73
2
  0
TEXT
  5
1E3
330
17
100
AcDbEntity
  8
PLAT-TEXT-LOWCONF
100
AcDbText
 10
645.111823989932
 20
722.0445231521797
 30
0.0
 40
1.5790063682103312
  1
fe
 50
90.0
  7
PLAT
 72
1
 11
645.111823989932
 21
722.0445231521797
 31
0.0
100
AcDbText
 73
2
  0
TEXT
  5
1E4
330
17
100
AcDbEntity
  8
PLAT-TEXT-LOWCONF
100
AcDbText
 10
694.5873568605224
 20
721.8690780001564
 30
0.0
 40
1.5790063682103312
  1
Ky
  7
PLAT
 72
1
 11
694.5873568605224
 21
721.8690780001564
 31
0.0
100
AcDbText
 73
2
  0
TEXT
  5
1E5
330
17
100
AcDbEntity
  8
PLAT-TEXT-LOWCONF
100
AcDbText
 10
538.0902812556762
 20
718.9742329917708
 30
0.0
 40
3.947515920525828
  1
‘A
  7
PLAT
 72
1
 11
538.0902812556762
 21
718.9742329917708
 31
0.0
100
AcDbText
 73
2
  0
TEXT
  5
1E6
330
17
100
AcDbEntity
  8
PLAT-TEXT-LOWCONF
100
AcDbText
 10
422.5384106044941
 20
719.769220933536
 30
0.0
 40
2.846884398665595
  1
ne
 50
345.51965938868256
  7
PLAT
 72
1
 11
422.5384106044941
 21
719.769220933536
 31
0.0
100
AcDbText
 73
2
  0
TEXT
  5
1E7
330
17
100
AcDbEntity
  8
PLAT-TEXT-LOWCONF
100
AcDbText
 10
466.5086592301412
 20
718.2724523836773
 30
0.0
 40
2.9825675843972923
  1
4
 50
90.0
  7
PLAT
 72
1
 11
466.5086592301412
 21
718.2724523836773
 31
0.0
100
AcDbText
 73
2
  0
TEXT
  5
1E8
330
17
100
AcDbEntity
  8
PLAT-TEXT-LOWCONF
100
AcDbText
 10
623.7075154430809
 20
718.2724523836773
 30
0.0
 40
2.9825675843972923
  1
4
 50
90.0
  7
PLAT
 72
1
 11
623.7075154430809
 21
718.2724523836773
 31
0.0
100
AcDbText
 73
2
  0
TEXT
  5
1E9
330
17
100
AcDbEntity
  8
PLAT-TEXT-LOWCONF
100
AcDbText
 10
645.2872691419553
 20
719.2374007198058
 30
0.0
 40
1.263205094568265
  1
ve
 50
90.0
  7
PLAT
 72
1
 11
645.2872691419553
 21
719.2374007198058
 31
0.0
100
AcDbText
 73
2
  0
TEXT
  5
1EA
330
17
100
AcDbEntity
  8
PLAT-TEXT-LOWCONF
100
AcDbText
 10
544.1431390004825
 20
718.1847298076657
 30
0.0
 40
2.807122432373922
  1
‘3
 50
90.0
  7
PLAT
 72
1
 11
544.1431390004825
 21
718.1847298076657
 31
0.0
100
AcDbText
 73
2
  0
TEXT
  5
1EB
330
17
100
AcDbEntity
  8
PLAT-TEXT-LOWCONF
100
AcDbText
 10
293.7829070631333
 20
718.0092846556423
 30
0.0
 40
2.2106089154944635
  1
J
  7
PLAT
 72
1
 11
293.7829070631333
 21
718.0092846556423
 31
0.0
100
AcDbText
 73
2
  0
TEXT
  5
1EC
330
17
100
AcDbEntity
  8
PLAT-TEXT-LOWCONF
100
AcDbText
 10
498.1765091703595
 20
717.9215620796306
 30
0.0
 40
2.0527082786734305
  1
‘a
 50
90.0
  7
PLAT
 72
1
 11
498.1765091703595
 21
717.9215620796306
 31
0.0
100
AcDbText
 73
2
  0
TEXT
  5
1ED
330
17
100
AcDbEntity
  8
PLAT-TEXT-MISC
100
AcDbText
 10
262.5434420622865
 20
708.0410252933856
 30
0.0
 40
6.086943942106642
  1
Phat
 50
355.91835128762665
  7
PLAT
 72
1
 11
262.5434420622865
 21
708.0410252933856
 31
0.0
100
AcDbText
 73
2
  0
TEXT
  5
1EE
330
17
100
AcDbEntity
  8
PLAT-TEXT-LOTNO
100
AcDbText
 10
372.2068900175797
 20
708.1843561423335
 30
0.0
 40
6.763271046785158
  1
3
  7
PLAT
 72
1
 11
372.2068900175797
 21
708.1843561423335
 31
0.0
100
AcDbText
 73
2
  0
TEXT
  5
1EF
330
17
100
AcDbEntity
  8
PLAT-TEXT-LOTNO
100
AcDbText
 10
379.23404311441135
 20
708.1994685486133
 30
0.0
 40
5.8777199468427
  1
2
 50
354.80646566651546
  7
PLAT
 72
1
 11
379.23404311441135
 21
708.1994685486133
 31
0.0
100
AcDbText
 73
2
  0
TEXT
  5
1F0
330
17
100
AcDbEntity
  8
PLAT-TEXT-LOWCONF
100
AcDbText
 10
390.1900180999752
 20
709.6756399345322
 30
0.0
 40
4.263317194167895
  1
vA
 50
90.0
  7
PLAT
 72
1
 11
390.1900180999752
 21
709.6756399345322
 31
0.0
100
AcDbText
 73
2
  0
TEXT
  5
1F1
330
17
100
AcDbEntity
  8
PLAT-TEXT-LOTNO
100
AcDbText
 10
402.208011013576
 20
708.1843561423335
 30
0.0
 40
6.763271046785158
  1
3
  7
PLAT
 72
1
 11
402.208011013576
 21
708.1843561423335
 31
0.0
100
AcDbText
 73
2
  0
TEXT
  5
1F2
330
17
100
AcDbEntity
  8
PLAT-TEXT-LOWCONF
100
AcDbText
 10
411.6670754650453
 20
707.7438194828717
 30
0.0
 40
6.086943942106642
  1
a
 50
75.51965938868256
  7
PLAT
 72
1
 11
411.6670754650453
 21
707.7438194828717
 31
0.0
100
AcDbText
 73
2
  0
TEXT
  5
1F3
330
17
100
AcDbEntity
  8
PLAT-TEXT-LOWCONF
100
AcDbText
 10
455.4643192367505
 20
707.4102433209899
 30
0.0
 40
6.086943942106642
  1
co |
 50
14.823706728745606
  7
PLAT
 72
1
 11
455.4643192367505
 21
707.4102433209899
 31
0.0
100
AcDbText
 73
2
  0
TEXT
  5
1F4
330
17
100
AcDbEntity
  8
PLAT-TEXT-LOWCONF
100
AcDbText
 10
467.99994302233983
 20
708.1843561423335
 30
0.0
 40
6.086943942106642
  1
U
 50
90.0
  7
PLAT
 72
1
 11
467.99994302233983
 21
708.1843561423335
 31
0.0
100
AcDbText
 73
2
  0
TEXT
  5
1F5
330
17
100
AcDbEntity
  8
PLAT-TEXT-LOWCONF
100
AcDbText
 10
552.0993956589272
 20
708.4416416442629
 30
0.0
 40
6.086943942106642
  1
Be,
 50
5.6401970391940495
  7
PLAT
 72
1
 11
552.0993956589272
 21
708.4416416442629
 31
0.0
100
AcDbText
 73
2
  0
TEXT
  5
1F6
330
17
100
AcDbEntity
  8
PLAT-TEXT-LOWCONF
100
AcDbText
 10
574.7583180285606
 20
708.1843561423335
 30
0.0
 40
6.086943942106642
  1
A
 50
90.0
  7
PLAT
 72
1
 11
574.7583180285606
 21
708.1843561423335
 31
0.0
100
AcDbText
 73
2
  0
TEXT
  5
1F7
330
17
100
AcDbEntity
  8
PLAT-TEXT-LOWCONF
100
AcDbText
 10
616.0011971672545
 20
707.6148019147523
 30
0.0
 40
6.086943942106642
  1
'Y-Gr;
 50
6.798576536654764
  7
PLAT
 72
1
 11
616.0011971672545
 21
707.6148019147523
 31
0.0
100
AcDbText
 73
2
  0
TEXT
  5
1F8
330
17
100
AcDbEntity
  8
PLAT-TEXT-LOWCONF
100
AcDbText
 10
640.0971363898133
 20
707.356088948383
 30
0.0
 40
6.086943942106642
  1
the
 50
16.688641807837257
  7
PLAT
 72
1
 11
640.0971363898133
 21
707.356088948383
 31
0.0
100
AcDbText
 73
2
  0
TEXT
  5
1F9
330
17
100
AcDbEntity
  8
PLAT-TEXT-LOWCONF
100
AcDbText
 10
679.6745189385359
 20
711.5178140307776
 30
0.0
 40
1.263205094568265
  1
18
 50
90.0
  7
PLAT
 72
1
 11
679.6745189385359
 21
711.5178140307776
 31
0.0
100
AcDbText
 73
2
  0
TEXT
  5
1FA
330
17
100
AcDbEntity
  8
PLAT-TEXT-LOTNO
100
AcDbText
 10
780.5554813519738
 20
708.1843561423335
 30
0.0
 40
6.763271046785158
  1
5
  7
PLAT
 72
1
 11
780.5554813519738
 21
708.1843561423335
 31
0.0
100
AcDbText
 73
2
  0
TEXT
  5
1FB
330
17
100
AcDbEntity
  8
PLAT-TEXT-LOTNO
100
AcDbText
 10
789.7663518332007
 20
708.2720787183453
 30
0.0
 40
6.763271046785158
  1
2
 50
90.0
  7
PLAT
 72
1
 11
789.7663518332007
 21
708.2720787183453
 31
0.0
100
AcDbText
 73
2
  0
TEXT
  5
1FC
330
17
100
AcDbEntity
  8
PLAT-TEXT-LOTNO
100
AcDbText
 10
808.1578760998116
 20
707.7662863957793
 30
0.0
 40
6.763271046785158
  1
3
 50
276.3972822190809
  7
PLAT
 72
1
 11
808.1578760998116
 21
707.7662863957793
 31
0.0
100
AcDbText
 73
2
  0
TEXT
  5
1FD
330
17
100
AcDbEntity
  8
PLAT-TEXT-LOWCONF
100
AcDbText
 10
281.74170017782376
 20
708.2013731145516
 30
0.0
 40
6.086943942106642
  1
Bx
 50
0.6266657501994928
  7
PLAT
 72
1
 11
281.74170017782376
 21
708.2013731145516
 31
0.0
100
AcDbText
 73
2
  0
TEXT
  5
1FE
330
17
100
AcDbEntity
  8
PLAT-TEXT-LOWCONF
100
AcDbText
 10
336.29456440326067
 20
707.1584141374465
 30
0.0
 40
6.086943942106642
  1
2d
 50
336.5147059235149
  7
PLAT
 72
1
 11
336.29456440326067
 21
707.1584141374465
 31
0.0
100
AcDbText
 73
2
  0
TEXT
  5
1FF
330
17
100
AcDbEntity
  8
PLAT-TEXT-LOWCONF
100
AcDbText
 10
495.7202770420323
 20
709.7633625105439
 30
0.0
 40
3.4738140100627284
  1
a
  7
PLAT
 72
1
 11
495.7202770420323
 21
709.7633625105439
 31
0.0
100
AcDbText
 73
2
  0
TEXT
  5
200
330
17
100
AcDbEntity
  8
PLAT-TEXT-LOTNO
100
AcDbText
 10
518.3952750005606
 20
707.7329069580239
 30
0.0
 40
6.763271046785158
  1
3
 50
73.59963979866507
  7
PLAT
 72
1
 11
518.3952750005606
 21
707.7329069580239
 31
0.0
100
AcDbText
 73
2
  0
TEXT
  5
201
330
17
100
AcDbEntity
  8
PLAT-TEXT-LOTNO
100
AcDbText
 10
539.4003223294128
 20
708.1834920392778
 30
0.0
 40
5.265732863562668
  1
1
 50
0.1114046624193179
  7
PLAT
 72
1
 11
539.4003223294128
 21
708.1834920392778
 31
0.0
100
AcDbText
 73
2
  0
TEXT
  5
202
330
17
100
AcDbEntity
  8
PLAT-TEXT-LOWCONF
100
AcDbText
 10
659.0562844700554
 20
707.9257437949306
 30
0.0
 40
6.086943942106642
  1
PY
 50
355.67282345449604
  7
PLAT
 72
1
 11
659.0562844700554
 21
707.9257437949306
 31
0.0
100
AcDbText
 73
2
  0
TEXT
  5
203
330
17
100
AcDbEntity
  8
PLAT-TEXT-LOTNO
100
AcDbText
 10
716.430278287432
 20
709.5001947825089
 30
0.0
 40
4.737019104630994
  1
1
  7
PLAT
 72
1
 11
716.430278287432
 21
709.5001947825089
 31
0.0
100
AcDbText
 73
2
  0
TEXT
  5
204
330
17
100
AcDbEntity
  8
PLAT-TEXT-LOTNO
100
AcDbText
 10
734.9669987272067
 20
707.9139782716671
 30
0.0
 40
6.763271046785158
  1
1
 50
341.6835418898414
  7
PLAT
 72
1
 11
734.9669987272067
 21
707.9139782716671
 31
0.0
100
AcDbText
 73
2
  0
TEXT
  5
205
330
17
100
AcDbEntity
  8
PLAT-TEXT-LOTNO
100
AcDbText
 10
741.2557672987388
 20
708.886136750427
 30
0.0
 40
5.965135168794585
  1
4
  7
PLAT
 72
1
 11
741.2557672987388
 21
708.886136750427
 31
0.0
100
AcDbText
 73
2
  0
TEXT
  5
206
330
17
100
AcDbEntity
  8
PLAT-TEXT-LOWCONF
100
AcDbText
 10
764.2442821741242
 20
707.9967578555735
 30
0.0
 40
6.086943942106642
  1
BS
 50
359.7359306731689
  7
PLAT
 72
1
 11
764.2442821741242
 21
707.9967578555735
 31
0.0
100
AcDbText
 73
2
  0
TEXT
  5
207
330
17
100
AcDbEntity
  8
PLAT-TEXT-LOWCONF
100
AcDbText
 10
361.15384544010743
 20
707.3071303822167
 30
0.0
 40
5.368621651915126
  1
KX
  7
PLAT
 72
1
 11
361.15384544010743
 21
707.3071303822167
 31
0.0
100
AcDbText
 73
2
  0
TEXT
  5
208
330
17
100
AcDbEntity
  8
PLAT-TEXT-LOWCONF
100
AcDbText
 10
584.2323562378225
 20
707.3071303822167
 30
0.0
 40
5.368621651915126
  1
ahr"
  7
PLAT
 72
1
 11
584.2323562378225
 21
707.3071303822167
 31
0.0
100
AcDbText
 73
2
  0
TEXT
  5
209
330
17
100
AcDbEntity
  8
PLAT-TEXT-LOWCONF
100
AcDbText
 10
597.3030200635636
 20
707.3071303822167
 30
0.0
 40
5.368621651915126
  1
IDA,
  7
PLAT
 72
1
 11
597.3030200635636
 21
707.3071303822167
 31
0.0
100
AcDbText
 73
2
  0
TEXT
  5
20A
330
17
100
AcDbEntity
  8
PLAT-TEXT-LOWCONF
100
AcDbText
 10
668.5337517850519
 20
708.7106915984036
 30
0.0
 40
2.842211462778596
  1
%S,
  7
PLAT
 72
1
 11
668.5337517850519
 21
708.7106915984036
 31
0.0
100
AcDbText
 73
2
  0
TEXT
  5
20B
330
17
100
AcDbEntity
  8
PLAT-TEXT-LOWCONF
100
AcDbText
 10
671.3408742174258
 20
707.3071303822167
 30
0.0
 40
5.368621651915126
  1
‘ee
  7
PLAT
 72
1
 11
671.3408742174258
 21
707.3071303822167
 31
0.0
100
AcDbText
 73
2
  0
TEXT
  5
20C
330
17
100
AcDbEntity
  8
PLAT-TEXT-LOWCONF
100
AcDbText
 10
682.6570865229332
 20
707.3948529582284
 30
0.0
 40
5.789690016771214
  1
3
 50
90.0
  7
PLAT
 72
1
 11
682.6570865229332
 21
707.3948529582284
 31
0.0
100
AcDbText
 73
2
  0
TEXT
  5
20D
330
17
100
AcDbEntity
  8
PLAT-TEXT-LOWCONF
100
AcDbText
 10
798.012273978299
 20
707.3071303822167
 30
0.0
 40
5.368621651915126
  1
a
 50
90.0
  7
PLAT
 72
1
 11
798.012273978299
 21
707.3071303822167
 31
0.0
100
AcDbText
 73
2
  0
TEXT
  5
20E
330
17
100
AcDbEntity
  8
PLAT-TEXT-LOWCONF
100
AcDbText
 10
501.5099670588035
 20
706.1667368940648
 30
0.0
 40
6.086943942106642
  1
A:
  7
PLAT
 72
1
 11
501.5099670588035
 21
706.1667368940648
 31
0.0
100
AcDbText
 73
2
  0
TEXT
  5
20F
330
17
100
AcDbEntity
  8
PLAT-TEXT-LOWCONF
100
AcDbText
 10
605.7143307084405
 20
708.2922103801328
 30
0.0
 40
3.001509262801313
  1
My
 50
33.59005729495652
  7
PLAT
 72
1
 11
605.7143307084405
 21
708.2922103801328
 31
0.0
100
AcDbText
 73
2
  0
TEXT
  5
210
330
17
100
AcDbEntity
  8
PLAT-TEXT-LOWCONF
100
AcDbText
 10
564.5824992112051
 20
706.3421820460882
 30
0.0
 40
4.035238496537513
  1
2
 50
90.0
  7
PLAT
 72
1
 11
564.5824992112051
 21
706.3421820460882
 31
0.0
100
AcDbText
 73
2
  0
TEXT
  5
211
330
17
100
AcDbEntity
  8
PLAT-TEXT-LOWCONF
100
AcDbText
 10
725.4657036166356
 20
706.3421820460882
 30
0.0
 40
3.3159133732416954
  1
y
  7
PLAT
 72
1
 11
725.4657036166356
 21
706.3421820460882
 31
0.0
100
AcDbText
 73
2
  0
TEXT
  5
212
330
17
100
AcDbEntity
  8
PLAT-TEXT-LOWCONF
100
AcDbText
 10
743.448831699031
 20
706.3421820460882
 30
0.0
 40
3.6843481924907726
  1
5
  7
PLAT
 72
1
 11
743.448831699031
 21
706.3421820460882
 31
0.0
100
AcDbText
 73
2
  0
TEXT
  5
213
330
17
100
AcDbEntity
  8
PLAT-TEXT-LOWCONF
100
AcDbText
 10
630.2867086439572
 20
706.079014318053
 30
0.0
 40
3.1580127364206625
  1
15
 50
90.0
  7
PLAT
 72
1
 11
630.2867086439572
 21
706.079014318053
 31
0.0
100
AcDbText
 73
2
  0
TEXT
  5
214
330
17
100
AcDbEntity
  8
PLAT-TEXT-LOWCONF
100
AcDbText
 10
420.65167061794654
 20
705.1680249255893
 30
0.0
 40
3.82747549606831
  1
3
 50
80.29220922503248
  7
PLAT
 72
1
 11
420.65167061794654
 21
705.1680249255893
 31
0.0
100
AcDbText
 73
2
  0
TEXT
  5
215
330
17
100
AcDbEntity
  8
PLAT-TEXT-LOWCONF
100
AcDbText
 10
717.3075040475488
 20
705.7281240140063
 30
0.0
 40
2.2106089154944635
  1
ats |
  7
PLAT
 72
1
 11
717.3075040475488
 21
705.7281240140063
 31
0.0
100
AcDbText
 73
2
  0
TEXT
  5
216
330
17
100
AcDbEntity
  8
PLAT-TEXT-LOWCONF
100
AcDbText
 10
505.8083732833761
 20
704.7631756778778
 30
0.0
 40
3.0001120995996295
  1
a
  7
PLAT
 72
1
 11
505.8083732833761
 21
704.7631756778778
 31
0.0
100
AcDbText
 73
2
  0
TEXT
  5
217
330
17
100
AcDbEntity
  8
PLAT-TEXT-LOWCONF
100
AcDbText
 10
586.1622357089785
 20
695.6656430156813
 30
0.0
 40
6.086943942106642
  1
87%%d
 50
10.702736363615486
  7
PLAT
 72
1
 11
586.1622357089785
 21
695.6656430156813
 31
0.0
100
AcDbText
 73
2
  0
TEXT
  5
218
330
17
100
AcDbEntity
  8
PLAT-TEXT-LOWCONF
100
AcDbText
 10
450.2799826679794
 20
696.5172535327795
 30
0.0
 40
3.0001120995996295
  1
Gag
 50
90.0
  7
PLAT
 72
1
 11
450.2799826679794
 21
696.5172535327795
 31
0.0
100
AcDbText
 73
2
  0
TEXT
  5
219
330
17
100
AcDbEntity
  8
PLAT-TEXT-MISC
100
AcDbText
 10
457.69700165254045
 20
694.9521482802731
 30
0.0
 40
6.047918267966222
  1
WYS
 50
3.7417617674152552
  7
PLAT
 72
1
 11
457.69700165254045
 21
694.9521482802731
 31
0.0
100
AcDbText
 73
2
  0
TEXT
  5
21A
330
17
100
AcDbEntity
  8
PLAT-TEXT-LOWCONF
100
AcDbText
 10
475.9855822330877
 20
695.1943416330136
 30
0.0
 40
5.9727337381851875
  1
2
 50
89.8816414656485
  7
PLAT
 72
1
 11
475.9855822330877
 21
695.1943416330136
 31
0.0
100
AcDbText
 73
2
  0
TEXT
  5
21B
330
17
100
AcDbEntity
  8
PLAT-TEXT-LOWCONF
100
AcDbText
 10
477.29853607957847
 20
697.3944792928962
 30
0.0
 40
1.421105731389298
  1
“s
 50
90.0
  7
PLAT
 72
1
 11
477.29853607957847
 21
697.3944792928962
 31
0.0
100
AcDbText
 73
2
  0
TEXT
  5
21C
330
17
100
AcDbEntity
  8
PLAT-TEXT-LOWCONF
100
AcDbText
 10
483.79000670444316
 20
695.2014148926041
 30
0.0
 40
5.368621651915126
  1
ve
  7
PLAT
 72
1
 11
483.79000670444316
 21
695.2014148926041
 31
0.0
100
AcDbText
 73
2
  0
TEXT
  5
21D
330
17
100
AcDbEntity
  8
PLAT-TEXT-LOWCONF
100
AcDbText
 10
497.38700598625434
 20
695.1136923165925
 30
0.0
 40
5.526522288736159
  1
WAKE
  7
PLAT
 72
1
 11
497.38700598625434
 21
695.1136923165925
 31
0.0
100
AcDbText
 73
2
  0
TEXT
  5
21E
330
17
100
AcDbEntity
  8
PLAT-TEXT-LOWCONF
100
AcDbText
 10
518.2703352196461
 20
695.1051515998164
 30
0.0
 40
5.634401718721794
  1
GO
 50
1.1293157421911815
  7
PLAT
 72
1
 11
518.2703352196461
 21
695.1051515998164
 31
0.0
100
AcDbText
 73
2
  0
TEXT
  5
21F
330
17
100
AcDbEntity
  8
PLAT-TEXT-MISC
100
AcDbText
 10
539.225775683054
 20
694.8877122811431
 30
0.0
 40
6.036733614953629
  1
ANN
 50
0.37984226582887004
  7
PLAT
 72
1
 11
539.225775683054
 21
694.8877122811431
 31
0.0
100
AcDbText
 73
2
  0
TEXT
  5
220
330
17
100
AcDbEntity
  8
PLAT-TEXT-LOTNO
100
AcDbText
 10
572.5652536282685
 20
695.2014148926041
 30
0.0
 40
5.965135168794585
  1
2
 50
90.0
  7
PLAT
 72
1
 11
572.5652536282685
 21
695.2014148926041
 31
0.0
100
AcDbText
 73
2
  0
TEXT
  5
221
330
17
100
AcDbEntity
  8
PLAT-TEXT-LOTNO
100
AcDbText
 10
599.4897039955717
 20
695.1166616785939
 30
0.0
 40
6.170491733722452
  1
35
 50
0.24465177212749722
  7
PLAT
 72
1
 11
599.4897039955717
 21
695.1166616785939
 31
0.0
100
AcDbText
 73
2
  0
TEXT
  5
222
330
17
100
AcDbEntity
  8
PLAT-TEXT-LOWCONF
100
AcDbText
 10
606.3384453927672
 20
697.0435889888496
 30
0.0
 40
2.0527082786734305
  1
A
  7
PLAT
 72
1
 11
606.3384453927672
 21
697.0435889888496
 31
0.0
100
AcDbText
 73
2
  0
TEXT
  5
223
330
17
100
AcDbEntity
  8
PLAT-TEXT-LOWCONF
100
AcDbText
 10
613.1808063216786
 20
695.1136923165925
 30
0.0
 40
6.140580320817954
  1
‘3
  7
PLAT
 72
1
 11
613.1808063216786
 21
695.1136923165925
 31
0.0
100
AcDbText
 73
2
  0
TEXT
  5
224
330
17
100
AcDbEntity
  8
PLAT-TEXT-LOWCONF
100
AcDbText
 10
620.8126874519264
 20
697.0423673073147
 30
0.0
 40
2.0833138448862094
  1
nu
 50
0.7980414268283766
  7
PLAT
 72
1
 11
620.8126874519264
 21
697.0423673073147
 31
0.0
100
AcDbText
 73
2
  0
TEXT
  5
225
330
17
100
AcDbEntity
  8
PLAT-TEXT-LOWCONF
100
AcDbText
 10
628.5322571237235
 20
695.2014148926041
 30
0.0
 40
5.368621651915126
  1
a
  7
PLAT
 72
1
 11
628.5322571237235
 21
695.2014148926041
 31
0.0
100
AcDbText
 73
2
  0
TEXT
  5
226
330
17
100
AcDbEntity
  8
PLAT-TEXT-LOWCONF
100
AcDbText
 10
360.0140270322241
 20
662.8302423328312
 30
0.0
 40
3.949094192261151
  1
75.C0'
 50
0.01975079099446475
  7
PLAT
 72
1
 11
360.0140270322241
 21
662.8302423328312
 31
0.0
100
AcDbText
 73
2
  0
TEXT
  5
227
330
17
100
AcDbEntity
  8
PLAT-TEXT-LOWCONF
100
AcDbText
 10
510.3705223162524
 20
662.8302423328312
 30
0.0
 40
3.949094192261152
  1
75.C0'
 50
0.01975079099446475
  7
PLAT
 72
1
 11
510.3705223162524
 21
662.8302423328312
 31
0.0
100
AcDbText
 73
2
  0
TEXT
  5
228
330
17
100
AcDbEntity
  8
PLAT-TEXT-LOWCONF
100
AcDbText
 10
811.0835128843089
 20
662.8302423328312
 30
0.0
 40
3.949094192261152
  1
75.C0'
 50
0.01975079099446475
  7
PLAT
 72
1
 11
811.0835128843089
 21
662.8302423328312
 31
0.0
100
AcDbText
 73
2
  0
TEXT
  5
229
330
17
100
AcDbEntity
  8
PLAT-TEXT-LOWCONF
100
AcDbText
 10
188.92847462755748
 20
661.6230020879907
 30
0.0
 40
5.33618737412015
  1
2
 50
80.56069643163602
  7
PLAT
 72
1
 11
188.92847462755748
 21
661.6230020879907
 31
0.0
100
AcDbText
 73
2
  0
TEXT
  5
22A
330
17
100
AcDbEntity
  8
PLAT-TEXT-LOWCONF
100
AcDbText
 10
199.74430557860688
 20
663.3581198003625
 30
0.0
 40
1.1053044577472317
  1
al
 50
90.0
  7
PLAT
 72
1
 11
199.74430557860688
 21
663.3581198003625
 31
0.0
100
AcDbText
 73
2
  0
TEXT
  5
22B
330
17
100
AcDbEntity
  8
PLAT-TEXT-LOWCONF
100
AcDbText
 10
198.4284669384316
 20
660.0246619119184
 30
0.0
 40
3.3159133732416954
  1
L
  7
PLAT
 72
1
 11
198.4284669384316
 21
660.0246619119184
 31
0.0
100
AcDbText
 73
2
  0
TEXT
  5
22C
330
17
100
AcDbEntity
  8
PLAT-TEXT-LOTNO
100
AcDbText
 10
158.8386647466417
 20
654.1552243020687
 30
0.0
 40
4.855032886736792
  1
100
 50
1.9333951565684515
  7
PLAT
 72
1
 11
158.8386647466417
 21
654.1552243020687
 31
0.0
100
AcDbText
 73
2
  0
TEXT
  5
22D
330
17
100
AcDbEntity
  8
PLAT-TEXT-LOWCONF
100
AcDbText
 10
229.1313685425214
 20
654.2349718951472
 30
0.0
 40
1.7369070050313642
  1
t 4
  7
PLAT
 72
1
 11
229.1313685425214
 21
654.2349718951472
 31
0.0
100
AcDbText
 73
2
  0
TEXT
  5
22E
330
17
100
AcDbEntity
  8
PLAT-TEXT-LOWCONF
100
AcDbText
 10
235.79828431940945
 20
648.1821141503409
 30
0.0
 40
6.086943942106642
  1
Ls
 50
90.0
  7
PLAT
 72
1
 11
235.79828431940945
 21
648.1821141503409
 31
0.0
100
AcDbText
 73
2
  0
TEXT
  5
22F
330
17
100
AcDbEntity
  8
PLAT-TEXT-LOWCONF
100
AcDbText
 10
769.5901593505131
 20
652.3927977989018
 30
0.0
 40
1.5790063682103312
  1
A
  7
PLAT
 72
1
 11
769.5901593505131
 21
652.3927977989018
 31
0.0
100
AcDbText
 73
2
  0
TEXT
  5
230
330
17
100
AcDbEntity
  8
PLAT-TEXT-LOWCONF
100
AcDbText
 10
779.5905330158452
 20
652.3927977989018
 30
0.0
 40
1.5790063682103312
  1
A
  7
PLAT
 72
1
 11
779.5905330158452
 21
652.3927977989018
 31
0.0
100
AcDbText
 73
2
  0
TEXT
  5
231
330
17
100
AcDbEntity
  8
PLAT-TEXT-LOTNO
100
AcDbText
 10
239.04401963184182
 20
643.6205401977334
 30
0.0
 40
5.263354560701104
  1
4
  7
PLAT
 72
1
 11
239.04401963184182
 21
643.6205401977334
 31
0.0
100
AcDbText
 73
2
  0
TEXT
  5
232
330
17
100
AcDbEntity
  8
PLAT-TEXT-LOWCONF
100
AcDbText
 10
254.83408331394514
 20
644.0591530777917
 30
0.0
 40
4.035238496537513
  1
4
 50
90.0
  7
PLAT
 72
1
 11
254.83408331394514
 21
644.0591530777917
 31
0.0
100
AcDbText
 73
2
  0
TEXT
  5
233
330
17
100
AcDbEntity
  8
PLAT-TEXT-LOTNO
100
AcDbText
 10
247.28994177694017
 20
638.1817404850088
 30
0.0
 40
5.965135168794585
  1
1
  7
PLAT
 72
1
 11
247.28994177694017
 21
638.1817404850088
 31
0.0
100
AcDbText
 73
2
  0
TEXT
  5
234
330
17
100
AcDbEntity
  8
PLAT-TEXT-MISC
100
AcDbText
 10
247.01601008069247
 20
615.6280245780698
 30
0.0
 40
4.7739384748096105
  1
6.216 SP
 50
359.5014958661135
  7
PLAT
 72
1
 11
247.01601008069247
 21
615.6280245780698
 31
0.0
100
AcDbText
 73
2
  0
TEXT
  5
235
330
17
100
AcDbEntity
  8
PLAT-TEXT-LOWCONF
100
AcDbText
 10
199.74430557860688
 20
616.8651545141694
 30
0.0
 40
1.1053044577472317
  1
a
  7
PLAT
 72
1
 11
199.74430557860688
 21
616.8651545141694
 31
0.0
100
AcDbText
 73
2
  0
TEXT
  5
236
330
17
100
AcDbEntity
  8
PLAT-TEXT-LOWCONF
100
AcDbText
 10
773.0113398058521
 20
609.3210129680479
 30
0.0
 40
1.4211059644102466
  1
as wa
 50
90.0000011909002
  7
PLAT
 72
1
 11
773.0113398058521
 21
609.3210129680479
 31
0.0
100
AcDbText
 73
2
  0
TEXT
  5
237
330
17
100
AcDbEntity
  8
PLAT-TEXT-LOWCONF
100
AcDbText
 10
775.5552945193077
 20
615.4615932979824
 30
0.0
 40
1.1053044577472317
  1
t
  7
PLAT
 72
1
 11
775.5552945193077
 21
615.4615932979824
 31
0.0
100
AcDbText
 73
2
  0
TEXT
  5
238
330
17
100
AcDbEntity
  8
PLAT-TEXT-LOWCONF
100
AcDbText
 10
239.57035508791193
 20
613.7071417777487
 30
0.0
 40
1.1053044577472317
  1
vt \
  7
PLAT
 72
1
 11
239.57035508791193
 21
613.7071417777487
 31
0.0
100
AcDbText
 73
2
  0
TEXT
  5
239
330
17
100
AcDbEntity
  8
PLAT-TEXT-LOTNO
100
AcDbText
 10
369.0488772811591
 20
611.6017999534682
 30
0.0
 40
4.737019104630994
  1
4
 50
90.0
  7
PLAT
 72
1
 11
369.0488772811591
 21
611.6017999534682
 31
0.0
100
AcDbText
 73
2
  0
TEXT
  5
23A
330
17
100
AcDbEntity
  8
PLAT-TEXT-LOWCONF
100
AcDbText
 10
519.2299274131639
 20
612.0404128335267
 30
0.0
 40
3.4738140100627284
  1
A
 50
90.0
  7
PLAT
 72
1
 11
519.2299274131639
 21
612.0404128335267
 31
0.0
100
AcDbText
 73
2
  0
TEXT
  5
23B
330
17
100
AcDbEntity
  8
PLAT-TEXT-LOWCONF
100
AcDbText
 10
669.5864226971921
 20
612.0404128335267
 30
0.0
 40
3.4738140100627284
  1
A
 50
90.0
  7
PLAT
 72
1
 11
669.5864226971921
 21
612.0404128335267
 31
0.0
100
AcDbText
 73
2
  0
TEXT
  5
23C
330
17
100
AcDbEntity
  8
PLAT-TEXT-LOTNO
100
AcDbText
 10
728.9746066571029
 20
611.5140773774566
 30
0.0
 40
4.9124642566543635
  1
4
  7
PLAT
 72
1
 11
728.9746066571029
 21
611.5140773774566
 31
0.0
100
AcDbText
 73
2
  0
TEXT
  5
23D
330
17
100
AcDbEntity
  8
PLAT-TEXT-LOWCONF
100
AcDbText
 10
819.9429179812203
 20
612.0404128335267
 30
0.0
 40
3.4738140100627284
  1
A
 50
90.0
  7
PLAT
 72
1
 11
819.9429179812203
 21
612.0404128335267
 31
0.0
100
AcDbText
 73
2
  0
TEXT
  5
23E
330
17
100
AcDbEntity
  8
PLAT-TEXT-LOTNO
100
AcDbText
 10
427.9107257849997
 20
611.3386322254332
 30
0.0
 40
4.561573952607623
  1
4
  7
PLAT
 72
1
 11
427.9107257849997
 21
611.3386322254332
 31
0.0
100
AcDbText
 73
2
  0
TEXT
  5
23F
330
17
100
AcDbEntity
  8
PLAT-TEXT-LOTNO
100
AcDbText
 10
578.3549436450396
 20
611.3386322254332
 30
0.0
 40
4.561573952607623
  1
4
  7
PLAT
 72
1
 11
578.3549436450396
 21
611.3386322254332
 31
0.0
100
AcDbText
 73
2
  0
TEXT
  5
240
330
17
100
AcDbEntity
  8
PLAT-TEXT-LOTNO
100
AcDbText
 10
803.8019639950703
 20
611.1631870734099
 30
0.0
 40
4.561573952607623
  1
4
  7
PLAT
 72
1
 11
803.8019639950703
 21
611.1631870734099
 31
0.0
100
AcDbText
 73
2
  0
TEXT
  5
241
330
17
100
AcDbEntity
  8
PLAT-TEXT-LOWCONF
100
AcDbText
 10
256.0605121625211
 20
609.0492852073178
 30
0.0
 40
5.370361371512836
  1
@y:
 50
0.15965384469171795
  7
PLAT
 72
1
 11
256.0605121625211
 21
609.0492852073178
 31
0.0
100
AcDbText
 73
2
  0
TEXT
  5
242
330
17
100
AcDbEntity
  8
PLAT-TEXT-LOWCONF
100
AcDbText
 10
243.0061023937185
 20
609.1645994368228
 30
0.0
 40
4.604845055146919
  1
0202.
 50
1.4023778226065815
  7
PLAT
 72
1
 11
243.0061023937185
 21
609.1645994368228
 31
0.0
100
AcDbText
 73
2
  0
TEXT
  5
243
330
17
100
AcDbEntity
  8
PLAT-TEXT-LOTNO
100
AcDbText
 10
361.06612286409575
 20
606.0752776647321
 30
0.0
 40
6.316025472841325
  1
2
  7
PLAT
 72
1
 11
361.06612286409575
 21
606.0752776647321
 31
0.0
100
AcDbText
 73
2
  0
TEXT
  5
244
330
17
100
AcDbEntity
  8
PLAT-TEXT-LOTNO
100
AcDbText
 10
436.15664793009813
 20
606.0752776647321
 30
0.0
 40
6.316025472841325
  1
3
  7
PLAT
 72
1
 11
436.15664793009813
 21
606.0752776647321
 31
0.0
100
AcDbText
 73
2
  0
TEXT
  5
245
330
17
100
AcDbEntity
  8
PLAT-TEXT-LOTNO
100
AcDbText
 10
661.7791134321521
 20
606.0752776647321
 30
0.0
 40
6.316025472841325
  1
6
  7
PLAT
 72
1
 11
661.7791134321521
 21
606.0752776647321
 31
0.0
100
AcDbText
 73
2
  0
TEXT
  5
246
330
17
100
AcDbEntity
  8
PLAT-TEXT-LOTNO
100
AcDbText
 10
511.33489557211226
 20
605.9875550887205
 30
0.0
 40
6.140580320817954
  1
4
  7
PLAT
 72
1
 11
511.33489557211226
 21
605.9875550887205
 31
0.0
100
AcDbText
 73
2
  0
TEXT
  5
247
330
17
100
AcDbEntity
  8
PLAT-TEXT-LOTNO
100
AcDbText
 10
586.6008657901381
 20
605.9875550887205
 30
0.0
 40
6.140580320817954
  1
5
  7
PLAT
 72
1
 11
586.6008657901381
 21
605.9875550887205
 31
0.0
100
AcDbText
 73
2
  0
TEXT
  5
248
330
17
100
AcDbEntity
  8
PLAT-TEXT-LOTNO
100
AcDbText
 10
736.8696384981546
 20
605.9875550887205
 30
0.0
 40
6.140580320817954
  1
7
  7
PLAT
 72
1
 11
736.8696384981546
 21
605.9875550887205
 31
0.0
100
AcDbText
 73
2
  0
TEXT
  5
249
330
17
100
AcDbEntity
  8
PLAT-TEXT-LOTNO
100
AcDbText
 10
187.02453205691256
 20
604.2331035684867
 30
0.0
 40
6.763271046785158
  1
3
  7
PLAT
 72
1
 11
187.02453205691256
 21
604.2331035684867
 31
0.0
100
AcDbText
 73
2
  0
TEXT
  5
24A
330
17
100
AcDbEntity
  8
PLAT-TEXT-LOTNO
100
AcDbText
 10
160.73486269146838
 20
603.9746180290102
 30
0.0
 40
4.913346695844742
  1
50
 50
355.5832751650962
  7
PLAT
 72
1
 11
160.73486269146838
 21
603.9746180290102
 31
0.0
100
AcDbText
 73
2
  0
TEXT
  5
24B
330
17
100
AcDbEntity
  8
PLAT-TEXT-LOWCONF
100
AcDbText
 10
812.1356087161803
 20
604.5839938725335
 30
0.0
 40
3.0001120995996295
  1
a
  7
PLAT
 72
1
 11
812.1356087161803
 21
604.5839938725335
 31
0.0
100
AcDbText
 73
2
  0
TEXT
  5
24C
330
17
100
AcDbEntity
  8
PLAT-TEXT-LOWCONF
100
AcDbText
 10
187.3754223609593
 20
599.3206393118323
 30
0.0
 40
2.0527082786734305
  1
S
  7
PLAT
 72
1
 11
187.3754223609593
 21
599.3206393118323
 31
0.0
100
AcDbText
 73
2
  0
TEXT
  5
24D
330
17
100
AcDbEntity
  8
PLAT-TEXT-LOWCONF
100
AcDbText
 10
772.9236172808936
 20
595.811736271365
 30
0.0
 40
1.5790063911842274
  1
AN
 50
90.0000011909002
  7
PLAT
 72
1
 11
772.9236172808936
 21
595.811736271365
 31
0.0
100
AcDbText
 73
2
  0
TEXT
  5
24E
330
17
100
AcDbEntity
  8
PLAT-TEXT-LOTNO
100
AcDbText
 10
187.02453205691256
 20
595.811736271365
 30
0.0
 40
4.386128800584253
  1
2
  7
PLAT
 72
1
 11
187.02453205691256
 21
595.811736271365
 31
0.0
100
AcDbText
 73
2
  0
TEXT
  5
24F
330
17
100
AcDbEntity
  8
PLAT-TEXT-LOWCONF
100
AcDbText
 10
804.5037446031638
 20
595.8994588473766
 30
0.0
 40
3.4738140100627284
  1
yA
 50
90.0
  7
PLAT
 72
1
 11
804.5037446031638
 21
595.8994588473766
 31
0.0
100
AcDbText
 73
2
  0
TEXT
  5
250
330
17
100
AcDbEntity
  8
PLAT-TEXT-LOTNO
100
AcDbText
 10
187.02453205691256
 20
584.3200788138342
 30
0.0
 40
6.763271046785158
  1
8
  7
PLAT
 72
1
 11
187.02453205691256
 21
584.3200788138342
 31
0.0
100
AcDbText
 73
2
  0
TEXT
  5
251
330
17
100
AcDbEntity
  8
PLAT-TEXT-LOWCONF
100
AcDbText
 10
436.30100245051665
 20
583.4490265138469
 30
0.0
 40
5.0528207068885935
  1
7.500 SP
 50
359.0740835849389
  7
PLAT
 72
1
 11
436.30100245051665
 21
583.4490265138469
 31
0.0
100
AcDbText
 73
2
  0
TEXT
  5
252
330
17
100
AcDbEntity
  8
PLAT-TEXT-LOWCONF
100
AcDbText
 10
501.5099670588035
 20
583.4428530537174
 30
0.0
 40
4.737019104630994
  1
is
 50
90.0
  7
PLAT
 72
1
 11
501.5099670588035
 21
583.4428530537174
 31
0.0
100
AcDbText
 73
2
  0
TEXT
  5
253
330
17
100
AcDbEntity
  8
PLAT-TEXT-LOWCONF
100
AcDbText
 10
582.4479134722844
 20
583.4454354666278
 30
0.0
 40
5.695449672307506
  1
7,519
 50
355.07865354477804
  7
PLAT
 72
1
 11
582.4479134722844
 21
583.4454354666278
 31
0.0
100
AcDbText
 73
2
  0
TEXT
  5
254
330
17
100
AcDbEntity
  8
PLAT-TEXT-LOWCONF
100
AcDbText
 10
594.8630890798385
 20
579.6955176249357
 30
0.0
 40
6.763271046785158
  1
82
 50
284.1084468389986
  7
PLAT
 72
1
 11
594.8630890798385
 21
579.6955176249357
 31
0.0
100
AcDbText
 73
2
  0
TEXT
  5
255
330
17
100
AcDbEntity
  8
PLAT-TEXT-LOWCONF
100
AcDbText
 10
737.0864991046702
 20
583.473883339856
 30
0.0
 40
5.263411426783668
  1
‘Soul
 50
1.6245773694059835
  7
PLAT
 72
1
 11
737.0864991046702
 21
583.473883339856
 31
0.0
100
AcDbText
 73
2
  0
TEXT
  5
256
330
17
100
AcDbEntity
  8
PLAT-TEXT-LOWCONF
100
AcDbText
 10
811.804011832285
 20
583.7204064169683
 30
0.0
 40
6.086943942106642
  1
age
 50
337.86944565438756
  7
PLAT
 72
1
 11
811.804011832285
 21
583.7204064169683
 31
0.0
100
AcDbText
 73
2
  0
TEXT
  5
257
330
17
100
AcDbEntity
  8
PLAT-TEXT-LOWCONF
100
AcDbText
 10
353.6097039031025
 20
581.600678957472
 30
0.0
 40
1.1053044577472317
  1
ad
  7
PLAT
 72
1
 11
353.6097039031025
 21
581.600678957472
 31
0.0
100
AcDbText
 73
2
  0
TEXT
  5
258
330
17
100
AcDbEntity
  8
PLAT-TEXT-LOWCONF
100
AcDbText
 10
428.7879515451166
 20
581.600678957472
 30
0.0
 40
1.1053044577472317
  1
st
  7
PLAT
 72
1
 11
428.7879515451166
 21
581.600678957472
 31
0.0
100
AcDbText
 73
2
  0
TEXT
  5
259
330
17
100
AcDbEntity
  8
PLAT-TEXT-LOWCONF
100
AcDbText
 10
503.9661991871307
 20
581.600678957472
 30
0.0
 40
1.1053044577472317
  1
‘eo
  7
PLAT
 72
1
 11
503.9661991871307
 21
581.600678957472
 31
0.0
100
AcDbText
 73
2
  0
TEXT
  5
25A
330
17
100
AcDbEntity
  8
PLAT-TEXT-LOWCONF
100
AcDbText
 10
654.3226944711589
 20
581.600678957472
 30
0.0
 40
1.1053044577472317
  1
ad
  7
PLAT
 72
1
 11
654.3226944711589
 21
581.600678957472
 31
0.0
100
AcDbText
 73
2
  0
TEXT
  5
25B
330
17
100
AcDbEntity
  8
PLAT-TEXT-LOWCONF
100
AcDbText
 10
804.6791897551872
 20
581.600678957472
 30
0.0
 40
1.1053044577472317
  1
aé
  7
PLAT
 72
1
 11
804.6791897551872
 21
581.600678957472
 31
0.0
100
AcDbText
 73
2
  0
TEXT
  5
25C
330
17
100
AcDbEntity
  8
PLAT-TEXT-LOWCONF
100
AcDbText
 10
355.80328000561565
 20
576.790952015598
 30
0.0
 40
5.3702385602268725
  1
(0.2272.
 50
0.11814621361332911
  7
PLAT
 72
1
 11
355.80328000561565
 21
576.790952015598
 31
0.0
100
AcDbText
 73
2
  0
TEXT
  5
25D
330
17
100
AcDbEntity
  8
PLAT-TEXT-LOWCONF
100
AcDbText
 10
370.01127338802195
 20
576.7728378487343
 30
0.0
 40
5.398142595015685
  1
ig
 50
90.33576526887867
  7
PLAT
 72
1
 11
370.01127338802195
 21
576.7728378487343
 31
0.0
100
AcDbText
 73
2
  0
TEXT
  5
25E
330
17
100
AcDbEntity
  8
PLAT-TEXT-LOWCONF
100
AcDbText
 10
430.8957641349556
 20
576.8122166821229
 30
0.0
 40
5.3717398000102285
  1
(0272,
 50
0.2888715259256287
  7
PLAT
 72
1
 11
430.8957641349556
 21
576.8122166821229
 31
0.0
100
AcDbText
 73
2
  0
TEXT
  5
25F
330
17
100
AcDbEntity
  8
PLAT-TEXT-LOWCONF
100
AcDbText
 10
445.270713654862
 20
576.7717743230731
 30
0.0
 40
5.426703406820496
  1
B
 50
90.66257577556678
  7
PLAT
 72
1
 11
445.270713654862
 21
576.7717743230731
 31
0.0
100
AcDbText
 73
2
  0
TEXT
  5
260
330
17
100
AcDbEntity
  8
PLAT-TEXT-LOWCONF
100
AcDbText
 10
506.1599515437784
 20
576.796593922459
 30
0.0
 40
5.3708403421246595
  1
(0.2272.
 50
0.1625364479724567
  7
PLAT
 72
1
 11
506.1599515437784
 21
576.796593922459
 31
0.0
100
AcDbText
 73
2
  0
TEXT
  5
261
330
17
100
AcDbEntity
  8
PLAT-TEXT-LOWCONF
100
AcDbText
 10
520.3663054073573
 20
576.7710269505769
 30
0.0
 40
5.415178546936992
  1
ig
 50
90.53046559382221
  7
PLAT
 72
1
 11
520.3663054073573
 21
576.7710269505769
 31
0.0
100
AcDbText
 73
2
  0
TEXT
  5
262
330
17
100
AcDbEntity
  8
PLAT-TEXT-LOWCONF
100
AcDbText
 10
581.2885689165108
 20
576.6999823073317
 30
0.0
 40
6.086943942106642
  1
'CEEO)
 50
355.07865354477804
  7
PLAT
 72
1
 11
581.2885689165108
 21
576.6999823073317
 31
0.0
100
AcDbText
 73
2
  0
TEXT
  5
263
330
17
100
AcDbEntity
  8
PLAT-TEXT-LOWCONF
100
AcDbText
 10
656.549996583473
 20
577.0425614551215
 30
0.0
 40
5.435475059557235
  1
(9.172
 50
356.30241175109705
  7
PLAT
 72
1
 11
656.549996583473
 21
577.0425614551215
 31
0.0
100
AcDbText
 73
2
  0
TEXT
  5
264
330
17
100
AcDbEntity
  8
PLAT-TEXT-LOWCONF
100
AcDbText
 10
670.7234505036865
 20
576.7725191308323
 30
0.0
 40
5.408762971809909
  1
ig
 50
90.44310166135392
  7
PLAT
 72
1
 11
670.7234505036865
 21
576.7725191308323
 31
0.0
100
AcDbText
 73
2
  0
TEXT
  5
265
330
17
100
AcDbEntity
  8
PLAT-TEXT-LOWCONF
100
AcDbText
 10
731.6154182222189
 20
576.980210074948
 30
0.0
 40
5.384433381936754
  1
Waa.
 50
1.6245773694059835
  7
PLAT
 72
1
 11
731.6154182222189
 21
576.980210074948
 31
0.0
100
AcDbText
 73
2
  0
TEXT
  5
266
330
17
100
AcDbEntity
  8
PLAT-TEXT-LOWCONF
100
AcDbText
 10
745.984525647967
 20
576.7721613366699
 30
0.0
 40
5.421453663525658
  1
B
 50
90.60235786166163
  7
PLAT
 72
1
 11
745.984525647967
 21
576.7721613366699
 31
0.0
100
AcDbText
 73
2
  0
TEXT
  5
267
330
17
100
AcDbEntity
  8
PLAT-TEXT-LOWCONF
100
AcDbText
 10
806.8724597078807
 20
576.781752904128
 30
0.0
 40
5.965833979999906
  1
(222.
 50
0.04576330454716526
  7
PLAT
 72
1
 11
806.8724597078807
 21
576.781752904128
 31
0.0
100
AcDbText
 73
2
  0
TEXT
  5
268
330
17
100
AcDbEntity
  8
PLAT-TEXT-LOWCONF
100
AcDbText
 10
821.0785166338715
 20
576.7710352387661
 30
0.0
 40
5.425906199378031
  1
ig
 50
90.63340045834696
  7
PLAT
 72
1
 11
821.0785166338715
 21
576.7710352387661
 31
0.0
100
AcDbText
 73
2
  0
TEXT
  5
269
330
17
100
AcDbEntity
  8
PLAT-TEXT-LOWCONF
100
AcDbText
 10
656.2369504896689
 20
575.1720802086945
 30
0.0
 40
1.2991120685816417
  1
vrs,
 50
355.5349618856918
  7
PLAT
 72
1
 11
656.2369504896689
 21
575.1720802086945
 31
0.0
100
AcDbText
 73
2
  0
TEXT
  5
26A
330
17
100
AcDbEntity
  8
PLAT-TEXT-LOWCONF
100
AcDbText
 10
625.8127307159219
 20
572.652956232322
 30
0.0
 40
1.4212136282084449
  1
a_
 50
89.99564969667529
  7
PLAT
 72
1
 11
625.8127307159219
 21
572.652956232322
 31
0.0
100
AcDbText
 73
2
  0
TEXT
  5
26B
330
17
100
AcDbEntity
  8
PLAT-TEXT-LOTNO
100
AcDbText
 10
631.7779924361558
 20
572.5652536282685
 30
0.0
 40
5.263354560701104
  1
29
  7
PLAT
 72
1
 11
631.7779924361558
 21
572.5652536282685
 31
0.0
100
AcDbText
 73
2
  0
TEXT
  5
26C
330
17
100
AcDbEntity
  8
PLAT-TEXT-MISC
100
AcDbText
 10
645.4627142939787
 20
572.4775310522567
 30
0.0
 40
4.894919741452028
  1
APEX
  7
PLAT
 72
1
 11
645.4627142939787
 21
572.4775310522567
 31
0.0
100
AcDbText
 73
2
  0
TEXT
  5
26D
330
17
100
AcDbEntity
  8
PLAT-TEXT-LOWCONF
100
AcDbText
 10
187.02453205691256
 20
572.12664074821
 30
0.0
 40
3.947515920525828
  1
iT
 50
90.0
  7
PLAT
 72
1
 11
187.02453205691256
 21
572.12664074821
 31
0.0
100
AcDbText
 73
2
  0
TEXT
  5
26E
330
17
100
AcDbEntity
  8
PLAT-TEXT-LOWCONF
100
AcDbText
 10
194.9965818545242
 20
561.3402358598755
 30
0.0
 40
4.508194456421199
  1
4'30"
 50
90.46487616832633
  7
PLAT
 72
1
 11
194.9965818545242
 21
561.3402358598755
 31
0.0
100
AcDbText
 73
2
  0
TEXT
  5
26F
330
17
100
AcDbEntity
  8
PLAT-TEXT-LOWCONF
100
AcDbText
 10
648.6207270303994
 20
567.126453915544
 30
0.0
 40
1.263205094568265
  1
v
  7
PLAT
 72
1
 11
648.6207270303994
 21
567.126453915544
 31
0.0
100
AcDbText
 73
2
  0
TEXT
  5
270
330
17
100
AcDbEntity
  8
PLAT-TEXT-LOWCONF
100
AcDbText
 10
199.74430557860688
 20
558.7928091944339
 30
0.0
 40
1.1053044577472317
  1
e
  7
PLAT
 72
1
 11
199.74430557860688
 21
558.7928091944339
 31
0.0
100
AcDbText
 73
2
  0
TEXT
  5
271
330
17
100
AcDbEntity
  8
PLAT-TEXT-LOTNO
100
AcDbText
 10
162.5499333496524
 20
553.9680675137912
 30
0.0
 40
4.561573952607623
  1
0
  7
PLAT
 72
1
 11
162.5499333496524
 21
553.9680675137912
 31
0.0
100
AcDbText
 73
2
  0
TEXT
  5
272
330
17
100
AcDbEntity
  8
PLAT-TEXT-LOWCONF
100
AcDbText
 10
744.7646703392062
 20
552.3890611455809
 30
0.0
 40
1.5790063682103312
  1
a
  7
PLAT
 72
1
 11
744.7646703392062
 21
552.3890611455809
 31
0.0
100
AcDbText
 73
2
  0
TEXT
  5
273
330
17
100
AcDbEntity
  8
PLAT-TEXT-LOWCONF
100
AcDbText
 10
195.0072864739759
 20
549.5819387132069
 30
0.0
 40
3.508903040467403
  1
2,
 50
90.0
  7
PLAT
 72
1
 11
195.0072864739759
 21
549.5819387132069
 31
0.0
100
AcDbText
 73
2
  0
TEXT
  5
274
330
17
100
AcDbEntity
  8
PLAT-TEXT-LOWCONF
100
AcDbText
 10
193.51600268177725
 20
545.6344227926811
 30
0.0
 40
2.0527082786734305
  1
19%%d
 50
90.0
  7
PLAT
 72
1
 11
193.51600268177725
 21
545.6344227926811
 31
0.0
100
AcDbText
 73
2
  0
TEXT
  5
275
330
17
100
AcDbEntity
  8
PLAT-TEXT-MISC
100
AcDbText
 10
455.01700177261046
 20
543.0027455123305
 30
0.0
 40
5.022739651365297
  1
BLOC!
 50
0.3598053729248818
  7
PLAT
 72
1
 11
455.01700177261046
 21
543.0027455123305
 31
0.0
100
AcDbText
 73
2
  0
TEXT
  5
276
330
17
100
AcDbEntity
  8
PLAT-TEXT-LOWCONF
100
AcDbText
 10
475.3686394073214
 20
543.0027455123305
 30
0.0
 40
4.894919741452028
  1
iD
  7
PLAT
 72
1
 11
475.3686394073214
 21
543.0027455123305
 31
0.0
100
AcDbText
 73
2
  0
TEXT
  5
277
330
17
100
AcDbEntity
  8
PLAT-TEXT-LOWCONF
100
AcDbText
 10
499.93089200771226
 20
543.0028118304195
 30
0.0
 40
4.895819272078342
  1
a AG a te OS
 50
359.9984530613743
  7
PLAT
 72
1
 11
499.93089200771226
 21
543.0028118304195
 31
0.0
100
AcDbText
 73
2
  0
TEXT
  5
278
330
17
100
AcDbEntity
  8
PLAT-TEXT-LOWCONF
100
AcDbText
 10
542.5641326322722
 20
543.0027455123305
 30
0.0
 40
5.728975851954149
  1
t
 50
75.57462663253875
  7
PLAT
 72
1
 11
542.5641326322722
 21
543.0027455123305
 31
0.0
100
AcDbText
 73
2
  0
TEXT
  5
279
330
17
100
AcDbEntity
  8
PLAT-TEXT-LOWCONF
100
AcDbText
 10
561.1612855842199
 20
543.090304667088
 30
0.0
 40
5.053067641306341
  1
87%%d35'
 50
359.9984530613743
  7
PLAT
 72
1
 11
561.1612855842199
 21
543.090304667088
 31
0.0
100
AcDbText
 73
2
  0
TEXT
  5
27A
330
17
100
AcDbEntity
  8
PLAT-TEXT-LOWCONF
100
AcDbText
 10
593.5309378435918
 20
543.0027455108357
 30
0.0
 40
3.3165111130371896
  1
E
 50
0.00747949842076423
  7
PLAT
 72
1
 11
593.5309378435918
 21
543.0027455108357
 31
0.0
100
AcDbText
 73
2
  0
TEXT
  5
27B
330
17
100
AcDbEntity
  8
PLAT-TEXT-LOWCONF
100
AcDbText
 10
612.9176646456187
 20
543.0027147219469
 30
0.0
 40
4.895201110034909
  1
“ST9
 50
359.99845306137433
  7
PLAT
 72
1
 11
612.9176646456187
 21
543.0027147219469
 31
0.0
100
AcDbText
 73
2
  0
TEXT
  5
27C
330
17
100
AcDbEntity
  8
PLAT-TEXT-LOWCONF
100
AcDbText
 10
624.497018627186
 20
543.0027455123305
 30
0.0
 40
4.894919741452028
  1
IG
  7
PLAT
 72
1
 11
624.497018627186
 21
543.0027455123305
 31
0.0
100
AcDbText
 73
2
  0
TEXT
  5
27D
330
17
100
AcDbEntity
  8
PLAT-TEXT-LOWCONF
100
AcDbText
 10
627.6294997722855
 20
543.4683885374528
 30
0.0
 40
2.3555650469443905
  1
SA
 50
68.247979689202
  7
PLAT
 72
1
 11
627.6294997722855
 21
543.4683885374528
 31
0.0
100
AcDbText
 73
2
  0
TEXT
  5
27E
330
17
100
AcDbEntity
  8
PLAT-TEXT-LOWCONF
100
AcDbText
 10
633.3569988043662
 20
544.7571970325642
 30
0.0
 40
1.7369070050313642
  1
v
  7
PLAT
 72
1
 11
633.3569988043662
 21
544.7571970325642
 31
0.0
100
AcDbText
 73
2
  0
TEXT
  5
27F
330
17
100
AcDbEntity
  8
PLAT-TEXT-LOWCONF
100
AcDbText
 10
522.2370034954496
 20
542.7649694791289
 30
0.0
 40
1.7319762084731645
  1
T=
 50
77.77468095639153
  7
PLAT
 72
1
 11
522.2370034954496
 21
542.7649694791289
 31
0.0
100
AcDbText
 73
2
  0
TEXT
  5
280
330
17
100
AcDbEntity
  8
PLAT-TEXT-LOWCONF
100
AcDbText
 10
196.55812874096836
 20
541.6419208936609
 30
0.0
 40
6.763271046785158
  1
8
 50
354.5158509646558
  7
PLAT
 72
1
 11
196.55812874096836
 21
541.6419208936609
 31
0.0
100
AcDbText
 73
2
  0
TEXT
  5
281
330
17
100
AcDbEntity
  8
PLAT-TEXT-MISC
100
AcDbText
 10
187.02453205691256
 20
539.3183973198397
 30
0.0
 40
6.086943942106642
  1
Sst
 50
90.0
  7
PLAT
 72
1
 11
187.02453205691256
 21
539.3183973198397
 31
0.0
100
AcDbText
 73
2
  0
TEXT
  5
282
330
17
100
AcDbEntity
  8
PLAT-TEXT-LOWCONF
100
AcDbText
 10
480.63199396802247
 20
541.5114617201319
 30
0.0
 40
2.4562321283271817
  1
7
  7
PLAT
 72
1
 11
480.63199396802247
 21
541.5114617201319
 31
0.0
100
AcDbText
 73
2
  0
TEXT
  5
283
330
17
100
AcDbEntity
  8
PLAT-TEXT-LOWCONF
100
AcDbText
 10
187.02128692482472
 20
532.3004710265976
 30
0.0
 40
4.811829102490061
  1
1:
 50
92.1214883497853
  7
PLAT
 72
1
 11
187.02128692482472
 21
532.3004710265976
 31
0.0
100
AcDbText
 73
2
  0
TEXT
  5
284
330
17
100
AcDbEntity
  8
PLAT-TEXT-LOWCONF
100
AcDbText
 10
196.41664434775646
 20
529.7865884221883
 30
0.0
 40
6.086943942106642
  1
|z
 50
359.48430134915606
  7
PLAT
 72
1
 11
196.41664434775646
 21
529.7865884221883
 31
0.0
100
AcDbText
 73
2
  0
TEXT
  5
285
330
17
100
AcDbEntity
  8
PLAT-TEXT-LOWCONF
100
AcDbText
 10
187.02453205691256
 20
527.3881269822506
 30
0.0
 40
4.263317194167895
  1
a
  7
PLAT
 72
1
 11
187.02453205691256
 21
527.3881269822506
 31
0.0
100
AcDbText
 73
2
  0
TEXT
  5
286
330
17
100
AcDbEntity
  8
PLAT-TEXT-LOWCONF
100
AcDbText
 10
187.02453205691256
 20
521.9493272695262
 30
0.0
 40
3.6317146468837618
  1
ID
 50
90.0
  7
PLAT
 72
1
 11
187.02453205691256
 21
521.9493272695262
 31
0.0
100
AcDbText
 73
2
  0
TEXT
  5
287
330
17
100
AcDbEntity
  8
PLAT-TEXT-LOTNO
100
AcDbText
 10
459.8417434532531
 20
515.7210243726965
 30
0.0
 40
4.9124642566543635
  1
4
  7
PLAT
 72
1
 11
459.8417434532531
 21
515.7210243726965
 31
0.0
100
AcDbText
 73
2
  0
TEXT
  5
288
330
17
100
AcDbEntity
  8
PLAT-TEXT-LOWCONF
100
AcDbText
 10
187.02453205691256
 20
515.1069663406147
 30
0.0
 40
4.386128800584253
  1
1
 50
90.0
  7
PLAT
 72
1
 11
187.02453205691256
 21
515.1069663406147
 31
0.0
100
AcDbText
 73
2
  0
TEXT
  5
289
330
17
100
AcDbEntity
  8
PLAT-TEXT-LOWCONF
100
AcDbText
 10
468.0194940986392
 20
510.4049104122432
 30
0.0
 40
6.086943942106642
  1
ay
 50
307.01232952418945
  7
PLAT
 72
1
 11
468.0194940986392
 21
510.4049104122432
 31
0.0
100
AcDbText
 73
2
  0
TEXT
  5
28A
330
17
100
AcDbEntity
  8
PLAT-TEXT-UNASSOC
100
AcDbText
 10
317.1171122822415
 20
503.878476611119
 30
0.0
 40
3.4738140100627284
  1
100.00'
 50
90.0
  7
PLAT
 72
1
 11
317.1171122822415
 21
503.878476611119
 31
0.0
100
AcDbText
 73
2
  0
TEXT
  5
28B
330
17
100
AcDbEntity
  8
PLAT-TEXT-LOTNO
100
AcDbText
 10
360.1011745279672
 20
511.1594504200889
 30
0.0
 40
4.9124642566543635
  1
7
  7
PLAT
 72
1
 11
360.1011745279672
 21
511.1594504200889
 31
0.0
100
AcDbText
 73
2
  0
TEXT
  5
28C
330
17
100
AcDbEntity
  8
PLAT-TEXT-LOWCONF
100
AcDbText
 10
376.24212851411727
 20
511.685785876159
 30
0.0
 40
3.508903040467403
  1
7
 50
90.0
  7
PLAT
 72
1
 11
376.24212851411727
 21
511.685785876159
 31
0.0
100
AcDbText
 73
2
  0
TEXT
  5
28D
330
17
100
AcDbEntity
  8
PLAT-TEXT-LOWCONF
100
AcDbText
 10
187.02453205691256
 20
510.4576698119954
 30
0.0
 40
3.4738140100627284
  1
w
  7
PLAT
 72
1
 11
187.02453205691256
 21
510.4576698119954
 31
0.0
100
AcDbText
 73
2
  0
TEXT
  5
28E
330
17
100
AcDbEntity
  8
PLAT-TEXT-LOWCONF
100
AcDbText
 10
576.1618792447475
 20
509.9313343559253
 30
0.0
 40
2.842211462778596
  1
v
 50
90.0
  7
PLAT
 72
1
 11
576.1618792447475
 21
509.9313343559253
 31
0.0
100
AcDbText
 73
2
  0
TEXT
  5
28F
330
17
100
AcDbEntity
  8
PLAT-TEXT-LOWCONF
100
AcDbText
 10
560.1086478346092
 20
508.87866344378506
 30
0.0
 40
4.210683648560883
  1
4
  7
PLAT
 72
1
 11
560.1086478346092
 21
508.87866344378506
 31
0.0
100
AcDbText
 73
2
  0
TEXT
  5
290
330
17
100
AcDbEntity
  8
PLAT-TEXT-LOTNO
100
AcDbText
 10
368.30195439175276
 20
505.797430727417
 30
0.0
 40
6.310784746252967
  1
32
 50
1.0969555354489557
  7
PLAT
 72
1
 11
368.30195439175276
 21
505.797430727417
 31
0.0
100
AcDbText
 73
2
  0
TEXT
  5
291
330
17
100
AcDbEntity
  8
PLAT-TEXT-LOWCONF
100
AcDbText
 10
187.02453205691256
 20
502.1240250908853
 30
0.0
 40
6.763271046785158
  1
5
  7
PLAT
 72
1
 11
187.02453205691256
 21
502.1240250908853
 31
0.0
100
AcDbText
 73
2
  0
TEXT
  5
292
330
17
100
AcDbEntity
  8
PLAT-TEXT-LOWCONF
100
AcDbText
 10
158.25276174613128
 20
503.7681827746595
 30
0.0
 40
4.622176886639732
  1
—50
 50
0.6413379335488116
  7
PLAT
 72
1
 11
158.25276174613128
 21
503.7681827746595
 31
0.0
100
AcDbText
 73
2
  0
TEXT
  5
293
330
17
100
AcDbEntity
  8
PLAT-TEXT-LOWCONF
100
AcDbText
 10
764.0220303190233
 20
502.3499169728683
 30
0.0
 40
2.5296838275753735
  1
=A
 50
311.85744056609167
  7
PLAT
 72
1
 11
764.0220303190233
 21
502.3499169728683
 31
0.0
100
AcDbText
 73
2
  0
TEXT
  5
294
330
17
100
AcDbEntity
  8
PLAT-TEXT-LOTNO
100
AcDbText
 10
775.7011641856627
 20
499.9239625161884
 30
0.0
 40
6.711476236515844
  1
28
 50
344.9050109949634
  7
PLAT
 72
1
 11
775.7011641856627
 21
499.9239625161884
 31
0.0
100
AcDbText
 73
2
  0
TEXT
  5
295
330
17
100
AcDbEntity
  8
PLAT-TEXT-LOWCONF
100
AcDbText
 10
778.80102983174
 20
502.56263797094374
 30
0.0
 40
2.52641018913653
  1
ff
  7
PLAT
 72
1
 11
778.80102983174
 21
502.56263797094374
 31
0.0
100
AcDbText
 73
2
  0
TEXT
  5
296
330
17
100
AcDbEntity
  8
PLAT-TEXT-LOWCONF
100
AcDbText
 10
480.4509081403483
 20
501.45985567465004
 30
0.0
 40
3.6060112998435705
  1
Ni
 50
355.1607906398681
  7
PLAT
 72
1
 11
480.4509081403483
 21
501.45985567465004
 31
0.0
100
AcDbText
 73
2
  0
TEXT
  5
297
330
17
100
AcDbEntity
  8
PLAT-TEXT-LOWCONF
100
AcDbText
 10
479.49160047987056
 20
497.29928341024265
 30
0.0
 40
2.52641018913653
  1
N
  7
PLAT
 72
1
 11
479.49160047987056
 21
497.29928341024265
 31
0.0
100
AcDbText
 73
2
  0
TEXT
  5
298
330
17
100
AcDbEntity
  8
PLAT-TEXT-LOTNO
100
AcDbText
 10
581.8795347019178
 20
494.57702733525286
 30
0.0
 40
4.458746891627606
  1
37
 50
79.6815360028964
  7
PLAT
 72
1
 11
581.8795347019178
 21
494.57702733525286
 31
0.0
100
AcDbText
 73
2
  0
TEXT
  5
299
330
17
100
AcDbEntity
  8
PLAT-TEXT-LOWCONF
100
AcDbText
 10
360.6275099840373
 20
495.98344477006736
 30
0.0
 40
3.0001120995996295
  1
N
  7
PLAT
 72
1
 11
360.6275099840373
 21
495.98344477006736
 31
0.0
100
AcDbText
 73
2
  0
TEXT
  5
29A
330
17
100
AcDbEntity
  8
PLAT-TEXT-LOWCONF
100
AcDbText
 10
375.62807048203547
 20
495.54483189000894
 30
0.0
 40
4.561573952607623
  1
4
  7
PLAT
 72
1
 11
375.62807048203547
 21
495.54483189000894
 31
0.0
100
AcDbText
 73
2
  0
TEXT
  5
29B
330
17
100
AcDbEntity
  8
PLAT-TEXT-LOTNO
100
AcDbText
 10
560.2840929866326
 20
494.93077385792714
 30
0.0
 40
5.4387997127244745
  1
7
 50
90.0
  7
PLAT
 72
1
 11
560.2840929866326
 21
494.93077385792714
 31
0.0
100
AcDbText
 73
2
  0
TEXT
  5
29C
330
17
100
AcDbEntity
  8
PLAT-TEXT-LOWCONF
100
AcDbText
 10
692.0434021561834
 20
491.1587030894247
 30
0.0
 40
3.1580127364206625
  1
»v
 50
90.0
  7
PLAT
 72
1
 11
692.0434021561834
 21
491.1587030894247
 31
0.0
100
AcDbText
 73
2
  0
TEXT
  5
29D
330
17
100
AcDbEntity
  8
PLAT-TEXT-LOWCONF
100
AcDbText
 10
478.17576183969527
 20
491.3341482414481
 30
0.0
 40
1.6688292140683443
  1
ao
 50
18.682909427678737
  7
PLAT
 72
1
 11
478.17576183969527
 21
491.3341482414481
 31
0.0
100
AcDbText
 73
2
  0
TEXT
  5
29E
330
17
100
AcDbEntity
  8
PLAT-TEXT-AREA
100
AcDbText
 10
468.43688748587
 20
488.21570987952373
 30
0.0
 40
4.366895578025936
  1
10,383 SF
 50
2.4141038700398667
  7
PLAT
 72
1
 11
468.43688748587
 21
488.21570987952373
 31
0.0
100
AcDbText
 73
2
  0
TEXT
  5
29F
330
17
100
AcDbEntity
  8
PLAT-TEXT-LOWCONF
100
AcDbText
 10
579.8399071615156
 20
488.2094374839337
 30
0.0
 40
3.705815821338879
  1
a
 50
326.235735543186
  7
PLAT
 72
1
 11
579.8399071615156
 21
488.2094374839337
 31
0.0
100
AcDbText
 73
2
  0
TEXT
  5
2A0
330
17
100
AcDbEntity
  8
PLAT-TEXT-LOWCONF
100
AcDbText
 10
693.9732988284405
 20
488.2638580810391
 30
0.0
 40
2.9825675843972923
  1
8
 50
90.0
  7
PLAT
 72
1
 11
693.9732988284405
 21
488.2638580810391
 31
0.0
100
AcDbText
 73
2
  0
TEXT
  5
2A1
330
17
100
AcDbEntity
  8
PLAT-TEXT-LOWCONF
100
AcDbText
 10
647.4803335422474
 20
485.8076259527119
 30
0.0
 40
5.4387997127244745
  1
‘7
  7
PLAT
 72
1
 11
647.4803335422474
 21
485.8076259527119
 31
0.0
100
AcDbText
 73
2
  0
TEXT
  5
2A2
330
17
100
AcDbEntity
  8
PLAT-TEXT-LOWCONF
100
AcDbText
 10
664.059900408456
 20
486.333961408782
 30
0.0
 40
2.684310825957563
  1
x
  7
PLAT
 72
1
 11
664.059900408456
 21
486.333961408782
 31
0.0
100
AcDbText
 73
2
  0
TEXT
  5
2A3
330
17
100
AcDbEntity
  8
PLAT-TEXT-LOWCONF
100
AcDbText
 10
578.530388797063
 20
484.7549550405717
 30
0.0
 40
1.7369070050313642
  1
Ww
  7
PLAT
 72
1
 11
578.530388797063
 21
484.7549550405717
 31
0.0
100
AcDbText
 73
2
  0
TEXT
  5
2A4
330
17
100
AcDbEntity
  8
PLAT-TEXT-LOWCONF
100
AcDbText
 10
358.60989073576854
 20
483.17594867236136
 30
0.0
 40
4.035238496537513
  1
8,
  7
PLAT
 72
1
 11
358.60989073576854
 21
483.17594867236136
 31
0.0
100
AcDbText
 73
2
  0
TEXT
  5
2A5
330
17
100
AcDbEntity
  8
PLAT-TEXT-AREA
100
AcDbText
 10
370.99726475512847
 20
483.2064333967059
 30
0.0
 40
3.831057382613155
  1
976 SF
 50
1.0363369931804982
  7
PLAT
 72
1
 11
370.99726475512847
 21
483.2064333967059
 31
0.0
100
AcDbText
 73
2
  0
TEXT
  5
2A6
330
17
100
AcDbEntity
  8
PLAT-TEXT-AREA
100
AcDbText
 10
468.16046559241283
 20
481.60001147997235
 30
0.0
 40
5.1908173487124225
  1
(0.228 Ac)
 50
2.4141038700398667
  7
PLAT
 72
1
 11
468.16046559241283
 21
481.60001147997235
 31
0.0
100
AcDbText
 73
2
  0
TEXT
  5
2A7
330
17
100
AcDbEntity
  8
PLAT-TEXT-LOTNO
100
AcDbText
 10
655.7199979230714
 20
480.7887912963759
 30
0.0
 40
6.763271046785158
  1
29
 50
5.671641848628383
  7
PLAT
 72
1
 11
655.7199979230714
 21
480.7887912963759
 31
0.0
100
AcDbText
 73
2
  0
TEXT
  5
2A8
330
17
100
AcDbEntity
  8
PLAT-TEXT-LOWCONF
100
AcDbText
 10
559.4895102925595
 20
481.0403986108582
 30
0.0
 40
4.680026044102871
  1
12.!
 50
350.45501543492287
  7
PLAT
 72
1
 11
559.4895102925595
 21
481.0403986108582
 31
0.0
100
AcDbText
 73
2
  0
TEXT
  5
2A9
330
17
100
AcDbEntity
  8
PLAT-TEXT-MISC
100
AcDbText
 10
568.6180111890492
 20
481.21585988810676
 30
0.0
 40
3.634432568492431
  1
ALS
 50
0.5189731715878452
  7
PLAT
 72
1
 11
568.6180111890492
 21
481.21585988810676
 31
0.0
100
AcDbText
 73
2
  0
TEXT
  5
2AA
330
17
100
AcDbEntity
  8
PLAT-TEXT-AREA
100
AcDbText
 10
578.5980935161211
 20
481.3274360115304
 30
0.0
 40
4.134601331007832
  1
SF
 50
13.818606974952047
  7
PLAT
 72
1
 11
578.5980935161211
 21
481.3274360115304
 31
0.0
100
AcDbText
 73
2
  0
TEXT
  5
2AB
330
17
100
AcDbEntity
  8
PLAT-TEXT-LOTNO
100
AcDbText
 10
252.44590167854642
 20
479.142455072195
 30
0.0
 40
6.222741600623412
  1
33
 50
0.6417734292003843
  7
PLAT
 72
1
 11
252.44590167854642
 21
479.142455072195
 31
0.0
100
AcDbText
 73
2
  0
TEXT
  5
2AC
330
17
100
AcDbEntity
  8
PLAT-TEXT-LOWCONF
100
AcDbText
 10
360.97840028808406
 20
481.33377457611596
 30
0.0
 40
1.263205094568265
  1
= w
 50
90.0
  7
PLAT
 72
1
 11
360.97840028808406
 21
481.33377457611596
 31
0.0
100
AcDbText
 73
2
  0
TEXT
  5
2AD
330
17
100
AcDbEntity
  8
PLAT-TEXT-LOWCONF
100
AcDbText
 10
766.1613184623279
 20
478.12448527272903
 30
0.0
 40
4.493347263580634
  1
11,
 50
351.5031811839466
  7
PLAT
 72
1
 11
766.1613184623279
 21
478.12448527272903
 31
0.0
100
AcDbText
 73
2
  0
TEXT
  5
2AE
330
17
100
AcDbEntity
  8
PLAT-TEXT-LOWCONF
100
AcDbText
 10
776.9224545235761
 20
474.8767656684282
 30
0.0
 40
3.830100994210294
  1
Sv
 50
290.0027238094618
  7
PLAT
 72
1
 11
776.9224545235761
 21
474.8767656684282
 31
0.0
100
AcDbText
 73
2
  0
TEXT
  5
2AF
330
17
100
AcDbEntity
  8
PLAT-TEXT-LOWCONF
100
AcDbText
 10
779.5028104398335
 20
478.26348441570696
 30
0.0
 40
4.035238496537513
  1
0
  7
PLAT
 72
1
 11
779.5028104398335
 21
478.26348441570696
 31
0.0
100
AcDbText
 73
2
  0
TEXT
  5
2B0
330
17
100
AcDbEntity
  8
PLAT-TEXT-AREA
100
AcDbText
 10
786.0635767874325
 20
478.34175481386256
 30
0.0
 40
4.082040719712842
  1
SF
 50
13.247656390422208
  7
PLAT
 72
1
 11
786.0635767874325
 21
478.34175481386256
 31
0.0
100
AcDbText
 73
2
  0
TEXT
  5
2B1
330
17
100
AcDbEntity
  8
PLAT-TEXT-LOWCONF
100
AcDbText
 10
241.6756969121924
 20
478.35120699171864
 30
0.0
 40
2.842211462778596
  1
w
 50
90.0
  7
PLAT
 72
1
 11
241.6756969121924
 21
478.35120699171864
 31
0.0
100
AcDbText
 73
2
  0
TEXT
  5
2B2
330
17
100
AcDbEntity
  8
PLAT-TEXT-LOWCONF
100
AcDbText
 10
700.0506360419829
 20
477.92376076463415
 30
0.0
 40
3.843334987742469
  1
3
 50
279.90830083617743
  7
PLAT
 72
1
 11
700.0506360419829
 21
477.92376076463415
 31
0.0
100
AcDbText
 73
2
  0
TEXT
  5
2B3
330
17
100
AcDbEntity
  8
PLAT-TEXT-LOWCONF
100
AcDbText
 10
368.24601467353267
 20
476.5988395122297
 30
0.0
 40
6.086943942106642
  1
(0.206 ©”
 50
351.13344673475865
  7
PLAT
 72
1
 11
368.24601467353267
 21
476.5988395122297
 31
0.0
100
AcDbText
 73
2
  0
TEXT
  5
2B4
330
17
100
AcDbEntity
  8
PLAT-TEXT-LOWCONF
100
AcDbText
 10
199.74430557860688
 20
477.38625865559015
 30
0.0
 40
1.1053044577472317
  1
a
 50
90.0
  7
PLAT
 72
1
 11
199.74430557860688
 21
477.38625865559015
 31
0.0
100
AcDbText
 73
2
  0
TEXT
  5
2B5
330
17
100
AcDbEntity
  8
PLAT-TEXT-AREA
100
AcDbText
 10
568.3539978548195
 20
474.57913995476207
 30
0.0
 40
4.408438260140877
  1
(0.285 Ac)
 50
359.62630747325903
  7
PLAT
 72
1
 11
568.3539978548195
 21
474.57913995476207
 31
0.0
100
AcDbText
 73
2
  0
TEXT
  5
2B6
330
17
100
AcDbEntity
  8
PLAT-TEXT-LOWCONF
100
AcDbText
 10
770.2851344937468
 20
473.14886721778316
 30
0.0
 40
3.004990368001131
  1
iN
 50
290.0027238094618
  7
PLAT
 72
1
 11
770.2851344937468
 21
473.14886721778316
 31
0.0
100
AcDbText
 73
2
  0
TEXT
  5
2B7
330
17
100
AcDbEntity
  8
PLAT-TEXT-LOWCONF
100
AcDbText
 10
774.3750369602434
 20
472.45120610542875
 30
0.0
 40
2.7759128896659386
  1
Ne
 50
290.0027238094618
  7
PLAT
 72
1
 11
774.3750369602434
 21
472.45120610542875
 31
0.0
100
AcDbText
 73
2
  0
TEXT
  5
2B8
330
17
100
AcDbEntity
  8
PLAT-TEXT-LOWCONF
100
AcDbText
 10
765.7397323228552
 20
471.4357106547648
 30
0.0
 40
4.799226288808384
  1
0)
 50
354.7692306761905
  7
PLAT
 72
1
 11
765.7397323228552
 21
471.4357106547648
 31
0.0
100
AcDbText
 73
2
  0
TEXT
  5
2B9
330
17
100
AcDbEntity
  8
PLAT-TEXT-AREA
100
AcDbText
 10
785.0623707074536
 20
471.6887489927708
 30
0.0
 40
4.266246126246323
  1
Ac)
 50
358.2099427997644
  7
PLAT
 72
1
 11
785.0623707074536
 21
471.6887489927708
 31
0.0
100
AcDbText
 73
2
  0
TEXT
  5
2BA
330
17
100
AcDbEntity
  8
PLAT-TEXT-LOWCONF
100
AcDbText
 10
647.7435012702825
 20
470.8947880307254
 30
0.0
 40
4.035238496537513
  1
4
 50
90.0
  7
PLAT
 72
1
 11
647.7435012702825
 21
470.8947880307254
 31
0.0
100
AcDbText
 73
2
  0
TEXT
  5
2BB
330
17
100
AcDbEntity
  8
PLAT-TEXT-LOWCONF
100
AcDbText
 10
662.919506920304
 20
470.28072999864366
 30
0.0
 40
3.859793344514143
  1
4
  7
PLAT
 72
1
 11
662.919506920304
 21
470.28072999864366
 31
0.0
100
AcDbText
 73
2
  0
TEXT
  5
2BC
330
17
100
AcDbEntity
  8
PLAT-TEXT-LOWCONF
100
AcDbText
 10
256.85170256221386
 20
465.1050980139542
 30
0.0
 40
6.086943942106642
  1
aN
 50
90.0
  7
PLAT
 72
1
 11
256.85170256221386
 21
465.1050980139542
 31
0.0
100
AcDbText
 73
2
  0
TEXT
  5
2BD
330
17
100
AcDbEntity
  8
PLAT-TEXT-LOWCONF
100
AcDbText
 10
199.74430557860688
 20
465.8068786220477
 30
0.0
 40
1.1053044577472317
  1
a
 50
90.0
  7
PLAT
 72
1
 11
199.74430557860688
 21
465.8068786220477
 31
0.0
100
AcDbText
 73
2
  0
TEXT
  5
2BE
330
17
100
AcDbEntity
  8
PLAT-TEXT-LOWCONF
100
AcDbText
 10
232.28938127894207
 20
459.66629830122974
 30
0.0
 40
6.086943942106642
  1
L
  7
PLAT
 72
1
 11
232.28938127894207
 21
459.66629830122974
 31
0.0
100
AcDbText
 73
2
  0
TEXT
  5
2BF
330
17
100
AcDbEntity
  8
PLAT-TEXT-LOWCONF
100
AcDbText
 10
660.0227966703047
 20
458.21334380679224
 30
0.0
 40
4.137613694007565
  1
DISS
 50
2.7860210469456206
  7
PLAT
 72
1
 11
660.0227966703047
 21
458.21334380679224
 31
0.0
100
AcDbText
 73
2
  0
TEXT
  5
2C0
330
17
100
AcDbEntity
  8
PLAT-TEXT-AREA
100
AcDbText
 10
249.8262880367448
 20
455.91560811331254
 30
0.0
 40
5.059512578585405
  1
9.218 SF
 50
1.5316482334820307
  7
PLAT
 72
1
 11
249.8262880367448
 21
455.91560811331254
 31
0.0
100
AcDbText
 73
2
  0
TEXT
  5
2C1
330
17
100
AcDbEntity
  8
PLAT-TEXT-LOWCONF
100
AcDbText
 10
323.5208603310945
 20
455.54333722868057
 30
0.0
 40
4.105416557346861
  1
aN,
  7
PLAT
 72
1
 11
323.5208603310945
 21
455.54333722868057
 31
0.0
100
AcDbText
 73
2
  0
TEXT
  5
2C2
330
17
100
AcDbEntity
  8
PLAT-TEXT-LOWCONF
100
AcDbText
 10
156.32451035589145
 20
453.62174324163595
 30
0.0
 40
4.720324841856581
  1
—100
 50
2.076734475344608
  7
PLAT
 72
1
 11
156.32451035589145
 21
453.62174324163595
 31
0.0
100
AcDbText
 73
2
  0
TEXT
  5
2C3
330
17
100
AcDbEntity
  8
PLAT-TEXT-AREA
100
AcDbText
 10
655.5508105353225
 20
451.508098732143
 30
0.0
 40
4.309918744882539
  1
(0512 Ac)
 50
359.47328243598236
  7
PLAT
 72
1
 11
655.5508105353225
 21
451.508098732143
 31
0.0
100
AcDbText
 73
2
  0
TEXT
  5
2C4
330
17
100
AcDbEntity
  8
PLAT-TEXT-AREA
100
AcDbText
 10
252.29240984616217
 20
449.84377637054706
 30
0.0
 40
4.856947257551705
  1
(0.212 Ac)
 50
1.5316482334820307
  7
PLAT
 72
1
 11
252.29240984616217
 21
449.84377637054706
 31
0.0
100
AcDbText
 73
2
  0
TEXT
  5
2C5
330
17
100
AcDbEntity
  8
PLAT-TEXT-LOWCONF
100
AcDbText
 10
214.70537723968573
 20
446.263991081995
 30
0.0
 40
6.086943942106642
  1
g P
 50
311.03659621547877
  7
PLAT
 72
1
 11
214.70537723968573
 21
446.263991081995
 31
0.0
100
AcDbText
 73
2
  0
TEXT
  5
2C6
330
17
100
AcDbEntity
  8
PLAT-TEXT-LOWCONF
100
AcDbText
 10
363.4187855451708
 20
444.3974509277027
 30
0.0
 40
4.500809189843778
  1
89.
 50
0.7997184865820373
  7
PLAT
 72
1
 11
363.4187855451708
 21
444.3974509277027
 31
0.0
100
AcDbText
 73
2
  0
TEXT
  5
2C7
330
17
100
AcDbEntity
  8
PLAT-TEXT-UNASSOC
100
AcDbText
 10
373.6334556171129
 20
444.42125848578155
 30
0.0
 40
4.026485795199031
  1
76'
 50
0.7997184865820373
  7
PLAT
 72
1
 11
373.6334556171129
 21
444.42125848578155
 31
0.0
100
AcDbText
 73
2
  0
TEXT
  5
2C8
330
17
100
AcDbEntity
  8
PLAT-TEXT-MISC
100
AcDbText
 10
319.3909170242968
 20
436.69316893035807
 30
0.0
 40
4.527034999843368
  1
PRA
 50
354.8543757014168
  7
PLAT
 72
1
 11
319.3909170242968
 21
436.69316893035807
 31
0.0
100
AcDbText
 73
2
  0
TEXT
  5
2C9
330
17
100
AcDbEntity
  8
PLAT-TEXT-LOWCONF
100
AcDbText
 10
332.5562856602981
 20
435.2794221699813
 30
0.0
 40
1.1053044577472317
  1
a
 50
90.0
  7
PLAT
 72
1
 11
332.5562856602981
 21
435.2794221699813
 31
0.0
100
AcDbText
 73
2
  0
TEXT
  5
2CA
330
17
100
AcDbEntity
  8
PLAT-TEXT-CURVE
100
AcDbText
 10
449.6125539508756
 20
433.56216181119726
 30
0.0
 40
3.9543396609621975
  1
C3:
 50
357.338460621834
  7
PLAT
 72
1
 11
449.6125539508756
 21
433.56216181119726
 31
0.0
100
AcDbText
 73
2
  0
TEXT
  5
2CB
330
17
100
AcDbEntity
  8
PLAT-TEXT-UNASSOC
100
AcDbText
 10
466.0716321909242
 20
433.61349514605064
 30
0.0
 40
3.848944246613704
  1
85.24'
 50
0.2595383621462588
  7
PLAT
 72
1
 11
466.0716321909242
 21
433.61349514605064
 31
0.0
100
AcDbText
 73
2
  0
TEXT
  5
2CC
330
17
100
AcDbEntity
  8
PLAT-TEXT-MISC
100
AcDbText
 10
312.20817268052497
 20
429.6127407149259
 30
0.0
 40
4.74030119926779
  1
(Lot
 50
0.41125058939474
  7
PLAT
 72
1
 11
312.20817268052497
 21
429.6127407149259
 31
0.0
100
AcDbText
 73
2
  0
TEXT
  5
2CD
330
17
100
AcDbEntity
  8
PLAT-TEXT-LOWCONF
100
AcDbText
 10
331.24954931394467
 20
429.66051806384763
 30
0.0
 40
4.742799914423864
  1
33/32)
 50
359.45692666437935
  7
PLAT
 72
1
 11
331.24954931394467
 21
429.66051806384763
 31
0.0
100
AcDbText
 73
2
  0
TEXT
  5
2CE
330
17
100
AcDbEntity
  8
PLAT-TEXT-LOWCONF
100
AcDbText
 10
199.74430557860688
 20
430.89329336939704
 30
0.0
 40
1.1053044577472317
  1
a
 50
90.0
  7
PLAT
 72
1
 11
199.74430557860688
 21
430.89329336939704
 31
0.0
100
AcDbText
 73
2
  0
TEXT
  5
2CF
330
17
100
AcDbEntity
  8
PLAT-TEXT-MISC
100
AcDbText
 10
804.1517792774619
 20
423.75414197676963
 30
0.0
 40
4.512125370304132
  1
KEEL
 50
358.1687026182697
  7
PLAT
 72
1
 11
804.1517792774619
 21
423.75414197676963
 31
0.0
100
AcDbText
 73
2
  0
TEXT
  5
2D0
330
17
100
AcDbEntity
  8
PLAT-TEXT-MISC
100
AcDbText
 10
825.3817191933854
 20
423.78740203830716
 30
0.0
 40
4.179804190053588
  1
BRIVE
 50
0.23688240236947422
  7
PLAT
 72
1
 11
825.3817191933854
 21
423.78740203830716
 31
0.0
100
AcDbText
 73
2
  0
TEXT
  5
2D1
330
17
100
AcDbEntity
  8
PLAT-TEXT-LOWCONF
100
AcDbText
 10
493.8781029457869
 20
424.1386550164973
 30
0.0
 40
2.807122432373922
  1
1
  7
PLAT
 72
1
 11
493.8781029457869
 21
424.1386550164973
 31
0.0
100
AcDbText
 73
2
  0
TEXT
  5
2D2
330
17
100
AcDbEntity
  8
PLAT-TEXT-CURVE
100
AcDbText
 10
534.8805071746475
 20
419.454443299849
 30
0.0
 40
3.9088257478150785
  1
c4:
 50
356.44684412428256
  7
PLAT
 72
1
 11
534.8805071746475
 21
419.454443299849
 31
0.0
100
AcDbText
 73
2
  0
TEXT
  5
2D3
330
17
100
AcDbEntity
  8
PLAT-TEXT-LOWCONF
100
AcDbText
 10
546.6966831521954
 20
419.4073274499286
 30
0.0
 40
4.606295279373497
  1
85.
 50
354.1388195919743
  7
PLAT
 72
1
 11
546.6966831521954
 21
419.4073274499286
 31
0.0
100
AcDbText
 73
2
  0
TEXT
  5
2D4
330
17
100
AcDbEntity
  8
PLAT-TEXT-LOWCONF
100
AcDbText
 10
555.3809619584572
 20
419.41686232913776
 30
0.0
 40
6.011346431666119
  1
28
 50
338.5778805552231
  7
PLAT
 72
1
 11
555.3809619584572
 21
419.41686232913776
 31
0.0
100
AcDbText
 73
2
  0
TEXT
  5
2D5
330
17
100
AcDbEntity
  8
PLAT-TEXT-LOWCONF
100
AcDbText
 10
819.2225884853906
 20
416.02581492951555
 30
0.0
 40
5.064562269384505
  1
(AVY
 50
358.8444521939426
  7
PLAT
 72
1
 11
819.2225884853906
 21
416.02581492951555
 31
0.0
100
AcDbText
 73
2
  0
TEXT
  5
2D6
330
17
100
AcDbEntity
  8
PLAT-TEXT-LOWCONF
100
AcDbText
 10
732.3957871215587
 20
416.5067909034807
 30
0.0
 40
3.6317146468837618
  1
Cc
  7
PLAT
 72
1
 11
732.3957871215587
 21
416.5067909034807
 31
0.0
100
AcDbText
 73
2
  0
TEXT
  5
2D7
330
17
100
AcDbEntity
  8
PLAT-TEXT-LOWCONF
100
AcDbText
 10
740.3284198357582
 20
416.7429081882911
 30
0.0
 40
6.763271046785158
  1
2,
 50
34.85868763191428
  7
PLAT
 72
1
 11
740.3284198357582
 21
416.7429081882911
 31
0.0
100
AcDbText
 73
2
  0
TEXT
  5
2D8
330
17
100
AcDbEntity
  8
PLAT-TEXT-LOWCONF
100
AcDbText
 10
756.5560413337498
 20
416.52003271426713
 30
0.0
 40
3.921047132845691
  1
SL
 50
357.5878325148278
  7
PLAT
 72
1
 11
756.5560413337498
 21
416.52003271426713
 31
0.0
100
AcDbText
 73
2
  0
TEXT
  5
2D9
330
17
100
AcDbEntity
  8
PLAT-TEXT-LOWCONF
100
AcDbText
 10
803.1365179525761
 20
416.833202915406
 30
0.0
 40
6.086943942106642
  1
Ve &
 50
319.0197873886457
  7
PLAT
 72
1
 11
803.1365179525761
 21
416.833202915406
 31
0.0
100
AcDbText
 73
2
  0
TEXT
  5
2DA
330
17
100
AcDbEntity
  8
PLAT-TEXT-LOWCONF
100
AcDbText
 10
280.71193080628507
 20
412.99736784373846
 30
0.0
 40
4.582488615313612
  1
SO\
 50
359.96602297486544
  7
PLAT
 72
1
 11
280.71193080628507
 21
412.99736784373846
 31
0.0
100
AcDbText
 73
2
  0
TEXT
  5
2DB
330
17
100
AcDbEntity
  8
PLAT-TEXT-LOWCONF
100
AcDbText
 10
307.9028412296738
 20
413.1097982431917
 30
0.0
 40
5.0831582507225805
  1
ST
 50
8.002780856934919
  7
PLAT
 72
1
 11
307.9028412296738
 21
413.1097982431917
 31
0.0
100
AcDbText
 73
2
  0
TEXT
  5
2DC
330
17
100
AcDbEntity
  8
PLAT-TEXT-MISC
100
AcDbText
 10
358.4165318807979
 20
412.5732237163004
 30
0.0
 40
5.51582364974156
  1
(AVY
 50
1.8990074741725493
  7
PLAT
 72
1
 11
358.4165318807979
 21
412.5732237163004
 31
0.0
100
AcDbText
 73
2
  0
TEXT
  5
2DD
330
17
100
AcDbEntity
  8
PLAT-TEXT-MISC
100
AcDbText
 10
293.0887493687867
 20
412.99193200728814
 30
0.0
 40
4.452435476888296
  1
UTH
 50
0.8204735282106981
  7
PLAT
 72
1
 11
293.0887493687867
 21
412.99193200728814
 31
0.0
100
AcDbText
 73
2
  0
TEXT
  5
2DE
330
17
100
AcDbEntity
  8
PLAT-TEXT-MISC
100
AcDbText
 10
319.39789925854535
 20
412.9978878630133
 30
0.0
 40
4.263317194167895
  1
WEE
  7
PLAT
 72
1
 11
319.39789925854535
 21
412.9978878630133
 31
0.0
100
AcDbText
 73
2
  0
TEXT
  5
2DF
330
17
100
AcDbEntity
  8
PLAT-TEXT-LOWCONF
100
AcDbText
 10
797.9245514022873
 20
408.6994816384407
 30
0.0
 40
4.105416557346861
  1
R:
  7
PLAT
 72
1
 11
797.9245514022873
 21
408.6994816384407
 31
0.0
100
AcDbText
 73
2
  0
TEXT
  5
2E0
330
17
100
AcDbEntity
  8
PLAT-TEXT-LOWCONF
100
AcDbText
 10
811.954054149101
 20
408.7724337550243
 30
0.0
 40
5.3369145968968255
  1
‘167,
 50
4.787096224509924
  7
PLAT
 72
1
 11
811.954054149101
 21
408.7724337550243
 31
0.0
100
AcDbText
 73
2
  0
TEXT
  5
2E1
330
17
100
AcDbEntity
  8
PLAT-TEXT-LOWCONF
100
AcDbText
 10
825.8889875174634
 20
408.84731967906845
 30
0.0
 40
4.555505386421581
  1
1SS
 50
3.636535570086153
  7
PLAT
 72
1
 11
825.8889875174634
 21
408.84731967906845
 31
0.0
100
AcDbText
 73
2
  0
TEXT
  5
2E2
330
17
100
AcDbEntity
  8
PLAT-TEXT-LOWCONF
100
AcDbText
 10
490.4569224813312
 20
409.05037194248746
 30
0.0
 40
2.807122432373922
  1
1
  7
PLAT
 72
1
 11
490.4569224813312
 21
409.05037194248746
 31
0.0
100
AcDbText
 73
2
  0
TEXT
  5
2E3
330
17
100
AcDbEntity
  8
PLAT-TEXT-LOWCONF
100
AcDbText
 10
802.6979022565698
 20
408.48082631819614
 30
0.0
 40
4.371721623891087
  1
4
 50
310.0576202003655
  7
PLAT
 72
1
 11
802.6979022565698
 21
408.48082631819614
 31
0.0
100
AcDbText
 73
2
  0
TEXT
  5
2E4
330
17
100
AcDbEntity
  8
PLAT-TEXT-LOWCONF
100
AcDbText
 10
619.7723934740533
 20
407.5573006373904
 30
0.0
 40
4.087430451801533
  1
aS ane;
 50
351.79312894505836
  7
PLAT
 72
1
 11
619.7723934740533
 21
407.5573006373904
 31
0.0
100
AcDbText
 73
2
  0
TEXT
  5
2E5
330
17
100
AcDbEntity
  8
PLAT-TEXT-LOWCONF
100
AcDbText
 10
631.8053210544672
 20
405.58190346504426
 30
0.0
 40
3.429628420923512
  1
ra
 50
7.093709023163001
  7
PLAT
 72
1
 11
631.8053210544672
 21
405.58190346504426
 31
0.0
100
AcDbText
 73
2
  0
TEXT
  5
2E6
330
17
100
AcDbEntity
  8
PLAT-TEXT-LOWCONF
100
AcDbText
 10
819.4165825251501
 20
407.0327526942187
 30
0.0
 40
1.1053044577472317
  1
a
 50
90.0
  7
PLAT
 72
1
 11
819.4165825251501
 21
407.0327526942187
 31
0.0
100
AcDbText
 73
2
  0
TEXT
  5
2E7
330
17
100
AcDbEntity
  8
PLAT-TEXT-LOWCONF
100
AcDbText
 10
489.66741929722605
 20
405.278301173985
 30
0.0
 40
2.368509552315497
  1
i
  7
PLAT
 72
1
 11
489.66741929722605
 21
405.278301173985
 31
0.0
100
AcDbText
 73
2
  0
TEXT
  5
2E8
330
17
100
AcDbEntity
  8
PLAT-TEXT-LOWCONF
100
AcDbText
 10
573.6179245404087
 20
405.01513344594997
 30
0.0
 40
2.52641018913653
  1
i
  7
PLAT
 72
1
 11
573.6179245404087
 21
405.01513344594997
 31
0.0
100
AcDbText
 73
2
  0
TEXT
  5
2E9
330
17
100
AcDbEntity
  8
PLAT-TEXT-LOWCONF
100
AcDbText
 10
613.7944426545064
 20
405.2868922891324
 30
0.0
 40
1.6905326460732504
  1
wl
 50
2.810137007690969
  7
PLAT
 72
1
 11
613.7944426545064
 21
405.2868922891324
 31
0.0
100
AcDbText
 73
2
  0
TEXT
  5
2EA
330
17
100
AcDbEntity
  8
PLAT-TEXT-LOWCONF
100
AcDbText
 10
156.32363940059554
 20
403.5715857458743
 30
0.0
 40
4.696248174459206
  1
—150
 50
0.9012260823166685
  7
PLAT
 72
1
 11
156.32363940059554
 21
403.5715857458743
 31
0.0
100
AcDbText
 73
2
  0
TEXT
  5
2EB
330
17
100
AcDbEntity
  8
PLAT-TEXT-LOWCONF
100
AcDbText
 10
488.7901935371092
 20
401.50623040548254
 30
0.0
 40
2.52641018913653
  1
i
  7
PLAT
 72
1
 11
488.7901935371092
 21
401.50623040548254
 31
0.0
100
AcDbText
 73
2
  0
TEXT
  5
2EC
330
17
100
AcDbEntity
  8
PLAT-TEXT-LOWCONF
100
AcDbText
 10
572.0389181721984
 20
401.50623040548254
 30
0.0
 40
2.52641018913653
  1
i
  7
PLAT
 72
1
 11
572.0389181721984
 21
401.50623040548254
 31
0.0
100
AcDbText
 73
2
  0
TEXT
  5
2ED
330
17
100
AcDbEntity
  8
PLAT-TEXT-LOWCONF
100
AcDbText
 10
570.459911803988
 20
398.08504994102685
 30
0.0
 40
2.368509552315497
  1
i
  7
PLAT
 72
1
 11
570.459911803988
 21
398.08504994102685
 31
0.0
100
AcDbText
 73
2
  0
TEXT
  5
2EE
330
17
100
AcDbEntity
  8
PLAT-TEXT-LOWCONF
100
AcDbText
 10
487.91296777699233
 20
397.6464370609684
 30
0.0
 40
2.807122432373922
  1
1
  7
PLAT
 72
1
 11
487.91296777699233
 21
397.6464370609684
 31
0.0
100
AcDbText
 73
2
  0
TEXT
  5
2EF
330
17
100
AcDbEntity
  8
PLAT-TEXT-LOWCONF
100
AcDbText
 10
568.7054602837543
 20
394.48842432454774
 30
0.0
 40
2.52641018913653
  1
i
  7
PLAT
 72
1
 11
568.7054602837543
 21
394.48842432454774
 31
0.0
100
AcDbText
 73
2
  0
TEXT
  5
2F0
330
17
100
AcDbEntity
  8
PLAT-TEXT-UNASSOC
100
AcDbText
 10
670.7294299540358
 20
393.36883250956663
 30
0.0
 40
3.860704380066185
  1
$1.63'
 50
0.968315363536135
  7
PLAT
 72
1
 11
670.7294299540358
 21
393.36883250956663
 31
0.0
100
AcDbText
 73
2
  0
TEXT
  5
2F1
330
17
100
AcDbEntity
  8
PLAT-TEXT-LOWCONF
100
AcDbText
 10
567.126453915544
 20
390.97952128408036
 30
0.0
 40
2.52641018913653
  1
i
  7
PLAT
 72
1
 11
567.126453915544
 21
390.97952128408036
 31
0.0
100
AcDbText
 73
2
  0
TEXT
  5
2F2
330
17
100
AcDbEntity
  8
PLAT-TEXT-LOWCONF
100
AcDbText
 10
565.3720023953102
 20
387.47061824361293
 30
0.0
 40
2.52641018913653
  1
i
  7
PLAT
 72
1
 11
565.3720023953102
 21
387.47061824361293
 31
0.0
100
AcDbText
 73
2
  0
TEXT
  5
2F3
330
17
100
AcDbEntity
  8
PLAT-TEXT-LOWCONF
100
AcDbText
 10
563.7929960270999
 20
383.96171520314556
 30
0.0
 40
2.52641018913653
  1
i
  7
PLAT
 72
1
 11
563.7929960270999
 21
383.96171520314556
 31
0.0
100
AcDbText
 73
2
  0
TEXT
  5
2F4
330
17
100
AcDbEntity
  8
PLAT-TEXT-LOWCONF
100
AcDbText
 10
447.6483053876289
 20
380.27736701065476
 30
0.0
 40
4.421217830988927
  1
Reet
  7
PLAT
 72
1
 11
447.6483053876289
 21
380.27736701065476
 31
0.0
100
AcDbText
 73
2
  0
TEXT
  5
2F5
330
17
100
AcDbEntity
  8
PLAT-TEXT-LOWCONF
100
AcDbText
 10
462.38569166139797
 20
380.27497983941777
 30
0.0
 40
4.446553897615895
  1
WAY
 50
359.84408174232163
  7
PLAT
 72
1
 11
462.38569166139797
 21
380.27497983941777
 31
0.0
100
AcDbText
 73
2
  0
TEXT
  5
2F6
330
17
100
AcDbEntity
  8
PLAT-TEXT-LOWCONF
100
AcDbText
 10
479.49160047987056
 20
380.27736701065476
 30
0.0
 40
4.421217830988927
  1
NSAY
  7
PLAT
 72
1
 11
479.49160047987056
 21
380.27736701065476
 31
0.0
100
AcDbText
 73
2
  0
TEXT
  5
2F7
330
17
100
AcDbEntity
  8
PLAT-TEXT-MISC
100
AcDbText
 10
493.96287100585954
 20
380.2180582958429
 30
0.0
 40
4.618888555807272
  1
WAKE
 50
0.5805424859818231
  7
PLAT
 72
1
 11
493.96287100585954
 21
380.2180582958429
 31
0.0
100
AcDbText
 73
2
  0
TEXT
  5
2F8
330
17
100
AcDbEntity
  8
PLAT-TEXT-LOWCONF
100
AcDbText
 10
511.1602571333117
 20
380.83433511559406
 30
0.0
 40
6.763271046785158
  1
05
 50
42.53933973848382
  7
PLAT
 72
1
 11
511.1602571333117
 21
380.83433511559406
 31
0.0
100
AcDbText
 73
2
  0
TEXT
  5
2F9
330
17
100
AcDbEntity
  8
PLAT-TEXT-LOWCONF
100
AcDbText
 10
526.8420893437877
 20
380.03207870205136
 30
0.0
 40
4.962383278293113
  1
RNS
 50
359.53705330316154
  7
PLAT
 72
1
 11
526.8420893437877
 21
380.03207870205136
 31
0.0
100
AcDbText
 73
2
  0
TEXT
  5
2FA
330
17
100
AcDbEntity
  8
PLAT-TEXT-LOWCONF
100
AcDbText
 10
562.2139896588895
 20
380.5405347386898
 30
0.0
 40
2.368509552315497
  1
i
  7
PLAT
 72
1
 11
562.2139896588895
 21
380.5405347386898
 31
0.0
100
AcDbText
 73
2
  0
TEXT
  5
2FB
330
17
100
AcDbEntity
  8
PLAT-TEXT-LOWCONF
100
AcDbText
 10
560.459538138656
 20
376.94390912221075
 30
0.0
 40
2.52641018913653
  1
i
  7
PLAT
 72
1
 11
560.459538138656
 21
376.94390912221075
 31
0.0
100
AcDbText
 73
2
  0
TEXT
  5
2FC
330
17
100
AcDbEntity
  8
PLAT-TEXT-LOWCONF
100
AcDbText
 10
510.45147507777915
 20
373.0580001296837
 30
0.0
 40
4.848398269018996
  1
10%%d
 50
317.3754765538821
  7
PLAT
 72
1
 11
510.45147507777915
 21
373.0580001296837
 31
0.0
100
AcDbText
 73
2
  0
TEXT
  5
2FD
330
17
100
AcDbEntity
  8
PLAT-TEXT-LOWCONF
100
AcDbText
 10
521.6826727883561
 20
372.29460193274383
 30
0.0
 40
4.61240986085452
  1
169.2:
 50
0.17518293990838174
  7
PLAT
 72
1
 11
521.6826727883561
 21
372.29460193274383
 31
0.0
100
AcDbText
 73
2
  0
TEXT
  5
2FE
330
17
100
AcDbEntity
  8
PLAT-TEXT-LOWCONF
100
AcDbText
 10
558.8805317704456
 20
373.4350060817433
 30
0.0
 40
2.52641018913653
  1
i
  7
PLAT
 72
1
 11
558.8805317704456
 21
373.4350060817433
 31
0.0
100
AcDbText
 73
2
  0
TEXT
  5
2FF
330
17
100
AcDbEntity
  8
PLAT-TEXT-LOWCONF
100
AcDbText
 10
531.1601977507531
 20
373.78589638579007
 30
0.0
 40
1.5790063682103312
  1
w
  7
PLAT
 72
1
 11
531.1601977507531
 21
373.78589638579007
 31
0.0
100
AcDbText
 73
2
  0
TEXT
  5
300
330
17
100
AcDbEntity
  8
PLAT-TEXT-LOWCONF
100
AcDbText
 10
648.8838947584344
 20
368.17165152104224
 30
0.0
 40
2.2106089154944635
  1
» x 4
 50
90.0
  7
PLAT
 72
1
 11
648.8838947584344
 21
368.17165152104224
 31
0.0
100
AcDbText
 73
2
  0
TEXT
  5
301
330
17
100
AcDbEntity
  8
PLAT-TEXT-LOWCONF
100
AcDbText
 10
555.5470738820015
 20
366.4172000008085
 30
0.0
 40
2.52641018913653
  1
i
  7
PLAT
 72
1
 11
555.5470738820015
 21
366.4172000008085
 31
0.0
100
AcDbText
 73
2
  0
TEXT
  5
302
330
17
100
AcDbEntity
  8
PLAT-TEXT-LOWCONF
100
AcDbText
 10
646.5153852061189
 20
365.01363878462155
 30
0.0
 40
2.4562321283271817
  1
» “ 4
 50
90.0
  7
PLAT
 72
1
 11
646.5153852061189
 21
365.01363878462155
 31
0.0
100
AcDbText
 73
2
  0
TEXT
  5
303
330
17
100
AcDbEntity
  8
PLAT-TEXT-LOWCONF
100
AcDbText
 10
644.1468756538035
 20
362.0310712002243
 30
0.0
 40
2.2106089154944635
  1
» x 4
 50
90.0
  7
PLAT
 72
1
 11
644.1468756538035
 21
362.0310712002243
 31
0.0
100
AcDbText
 73
2
  0
TEXT
  5
304
330
17
100
AcDbEntity
  8
PLAT-TEXT-LOWCONF
100
AcDbText
 10
641.7783661014879
 20
358.8730584638036
 30
0.0
 40
2.4562321283271817
  1
» ~ 4
 50
90.0
  7
PLAT
 72
1
 11
641.7783661014879
 21
358.8730584638036
 31
0.0
100
AcDbText
 73
2
  0
TEXT
  5
305
330
17
100
AcDbEntity
  8
PLAT-TEXT-LOWCONF
100
AcDbText
 10
671.9549322495076
 20
356.85543921553483
 30
0.0
 40
4.579118467809961
  1
O
  7
PLAT
 72
1
 11
671.9549322495076
 21
356.85543921553483
 31
0.0
100
AcDbText
 73
2
  0
TEXT
  5
306
330
17
100
AcDbEntity
  8
PLAT-TEXT-LOWCONF
100
AcDbText
 10
639.4098565491724
 20
355.8904908794063
 30
0.0
 40
2.4562321283271817
  1
» \ 4
 50
90.0
  7
PLAT
 72
1
 11
639.4098565491724
 21
355.8904908794063
 31
0.0
100
AcDbText
 73
2
  0
TEXT
  5
307
330
17
100
AcDbEntity
  8
PLAT-TEXT-LOWCONF
100
AcDbText
 10
156.32594842973742
 20
353.3714674764635
 30
0.0
 40
4.816358386023447
  1
—200
 50
1.64326415081581
  7
PLAT
 72
1
 11
156.32594842973742
 21
353.3714674764635
 31
0.0
100
AcDbText
 73
2
  0
TEXT
  5
308
330
17
100
AcDbEntity
  8
PLAT-TEXT-LOWCONF
100
AcDbText
 10
637.041346996857
 20
352.73247814298566
 30
0.0
 40
2.2106089154944635
  1
» x 4
 50
90.0
  7
PLAT
 72
1
 11
637.041346996857
 21
352.73247814298566
 31
0.0
100
AcDbText
 73
2
  0
TEXT
  5
309
330
17
100
AcDbEntity
  8
PLAT-TEXT-LOWCONF
100
AcDbText
 10
634.6728374445414
 20
349.74991055858834
 30
0.0
 40
2.4562321283271817
  1
» ~. 4
 50
90.0
  7
PLAT
 72
1
 11
634.6728374445414
 21
349.74991055858834
 31
0.0
100
AcDbText
 73
2
  0
TEXT
  5
30A
330
17
100
AcDbEntity
  8
PLAT-TEXT-LOWCONF
100
AcDbText
 10
706.4318848824707
 20
347.45768641261463
 30
0.0
 40
6.086943942106642
  1
& Pe
 50
313.5130172036089
  7
PLAT
 72
1
 11
706.4318848824707
 21
347.45768641261463
 31
0.0
100
AcDbText
 73
2
  0
TEXT
  5
30B
330
17
100
AcDbEntity
  8
PLAT-TEXT-LOWCONF
100
AcDbText
 10
680.7050912520165
 20
347.4125005385336
 30
0.0
 40
4.740209812405157
  1
RA.
 50
351.2958829969428
  7
PLAT
 72
1
 11
680.7050912520165
 21
347.4125005385336
 31
0.0
100
AcDbText
 73
2
  0
TEXT
  5
30C
330
17
100
AcDbEntity
  8
PLAT-TEXT-LOWCONF
100
AcDbText
 10
632.304327892226
 20
346.5918978221677
 30
0.0
 40
2.2106089154944635
  1
» ~ a
 50
90.0
  7
PLAT
 72
1
 11
632.304327892226
 21
346.5918978221677
 31
0.0
100
AcDbText
 73
2
  0
TEXT
  5
30D
330
17
100
AcDbEntity
  8
PLAT-TEXT-LOWCONF
100
AcDbText
 10
630.2867086439572
 20
344.2233882698522
 30
0.0
 40
1.2281160641635909
  1
=< 4
 50
90.0
  7
PLAT
 72
1
 11
630.2867086439572
 21
344.2233882698522
 31
0.0
100
AcDbText
 73
2
  0
TEXT
  5
30E
330
17
100
AcDbEntity
  8
PLAT-TEXT-LOTNO
100
AcDbText
 10
229.7454265746032
 20
335.8897435487421
 30
0.0
 40
4.561573952607623
  1
0
  7
PLAT
 72
1
 11
229.7454265746032
 21
335.8897435487421
 31
0.0
100
AcDbText
 73
2
  0
TEXT
  5
30F
330
17
100
AcDbEntity
  8
PLAT-TEXT-LOTNO
100
AcDbText
 10
330.1373779602502
 20
335.9025162222183
 30
0.0
 40
4.795330632970292
  1
100
 50
1.5372710990348537
  7
PLAT
 72
1
 11
330.1373779602502
 21
335.9025162222183
 31
0.0
100
AcDbText
 73
2
  0
TEXT
  5
310
330
17
100
AcDbEntity
  8
PLAT-TEXT-LOTNO
100
AcDbText
 10
430.17611129697383
 20
335.9041321881681
 30
0.0
 40
4.863075783789177
  1
200
 50
1.9472321722928996
  7
PLAT
 72
1
 11
430.17611129697383
 21
335.9041321881681
 31
0.0
100
AcDbText
 73
2
  0
TEXT
  5
311
330
17
100
AcDbEntity
  8
PLAT-TEXT-LOTNO
100
AcDbText
 10
530.5457493474255
 20
335.88970036954055
 30
0.0
 40
4.5658238926351205
  1
300
 50
359.9716715521242
  7
PLAT
 72
1
 11
530.5457493474255
 21
335.88970036954055
 31
0.0
100
AcDbText
 73
2
  0
TEXT
  5
312
330
17
100
AcDbEntity
  8
PLAT-TEXT-LOTNO
100
AcDbText
 10
630.6362626493258
 20
335.8855099808861
 30
0.0
 40
4.684553678351633
  1
400
 50
0.9169798395424209
  7
PLAT
 72
1
 11
630.6362626493258
 21
335.8855099808861
 31
0.0
100
AcDbText
 73
2
  0
TEXT
  5
313
330
17
100
AcDbEntity
  8
PLAT-TEXT-LOTNO
100
AcDbText
 10
730.9276331316225
 20
335.88933684753863
 30
0.0
 40
4.715118582129771
  1
500
 50
358.9926476172487
  7
PLAT
 72
1
 11
730.9276331316225
 21
335.88933684753863
 31
0.0
100
AcDbText
 73
2
  0
TEXT
  5
314
330
17
100
AcDbEntity
  8
PLAT-TEXT-LOTNO
100
AcDbText
 10
831.174404267824
 20
335.89078060810095
 30
0.0
 40
4.653539340263069
  1
600
 50
0.6549504412655551
  7
PLAT
 72
1
 11
831.174404267824
 21
335.89078060810095
 31
0.0
100
AcDbText
 73
2
  0
TEXT
  5
315
330
17
100
AcDbEntity
  8
PLAT-TEXT-LOWCONF
100
AcDbText
 10
118.16230988773975
 20
284.0457011258362
 30
0.0
 40
5.526522288736159
  1
Wii
  7
PLAT
 72
1
 11
118.16230988773975
 21
284.0457011258362
 31
0.0
100
AcDbText
 73
2
  0
TEXT
  5
316
330
17
100
AcDbEntity
  8
PLAT-TEXT-LOWCONF
100
AcDbText
 10
129.65396734527053
 20
284.0457011258362
 30
0.0
 40
5.526522288736159
  1
WE
  7
PLAT
 72
1
 11
129.65396734527053
 21
284.0457011258362
 31
0.0
100
AcDbText
 73
2
  0
TEXT
  5
317
330
17
100
AcDbEntity
  8
PLAT-TEXT-LOWCONF
100
AcDbText
 10
141.46711264122484
 20
284.152253544124
 30
0.0
 40
4.948656187113534
  1
Ti
 50
5.478341327421958
  7
PLAT
 72
1
 11
141.46711264122484
 21
284.152253544124
 31
0.0
100
AcDbText
 73
2
  0
TEXT
  5
318
330
17
100
AcDbEntity
  8
PLAT-TEXT-LOWCONF
100
AcDbText
 10
149.91788240396977
 20
284.0457011258362
 30
0.0
 40
5.526522288736159
  1
ABM
  7
PLAT
 72
1
 11
149.91788240396977
 21
284.0457011258362
 31
0.0
100
AcDbText
 73
2
  0
TEXT
  5
319
330
17
100
AcDbEntity
  8
PLAT-TEXT-LOWCONF
100
AcDbText
 10
161.14637213346543
 20
284.0457011258362
 30
0.0
 40
6.086943942106642
  1
LE
 50
4.586430855156323
  7
PLAT
 72
1
 11
161.14637213346543
 21
284.0457011258362
 31
0.0
100
AcDbText
 73
2
  0
TEXT
  5
31A
330
17
100
AcDbEntity
  8
PLAT-TEXT-LOWCONF
100
AcDbText
 10
178.24237188418454
 20
283.88467388701105
 30
0.0
 40
6.086943942106642
  1
BL
 50
349.4822213606012
  7
PLAT
 72
1
 11
178.24237188418454
 21
283.88467388701105
 31
0.0
100
AcDbText
 73
2
  0
TEXT
  5
31B
330
17
100
AcDbEntity
  8
PLAT-TEXT-LOWCONF
100
AcDbText
 10
191.35841817533117
 20
283.4470472702745
 30
0.0
 40
5.747076950814912
  1
1a
 50
13.557106302290492
  7
PLAT
 72
1
 11
191.35841817533117
 21
283.4470472702745
 31
0.0
100
AcDbText
 73
2
  0
TEXT
  5
31C
330
17
100
AcDbEntity
  8
PLAT-TEXT-LOWCONF
100
AcDbText
 10
198.74196306132433
 20
284.74805452321516
 30
0.0
 40
4.299783488695142
  1
Nite
 50
60.96989107219855
  7
PLAT
 72
1
 11
198.74196306132433
 21
284.74805452321516
 31
0.0
100
AcDbText
 73
2
  0
TEXT
  5
31D
330
17
100
AcDbEntity
  8
PLAT-TEXT-LOTNO
100
AcDbText
 10
211.5507654131967
 20
284.0777622763401
 30
0.0
 40
6.318316334825183
  1
16
 50
1.1572292611388093
  7
PLAT
 72
1
 11
211.5507654131967
 21
284.0777622763401
 31
0.0
100
AcDbText
 73
2
  0
TEXT
  5
31E
330
17
100
AcDbEntity
  8
PLAT-TEXT-LOWCONF
100
AcDbText
 10
486.94315834595005
 20
284.05007478480707
 30
0.0
 40
5.81868186481625
  1
= re
 50
93.02142644051582
  7
PLAT
 72
1
 11
486.94315834595005
 21
284.05007478480707
 31
0.0
100
AcDbText
 73
2
  0
TEXT
  5
31F
330
17
100
AcDbEntity
  8
PLAT-TEXT-LOWCONF
100
AcDbText
 10
496.5097802261375
 20
284.0457011258362
 30
0.0
 40
5.526522288736159
  1
VA.
  7
PLAT
 72
1
 11
496.5097802261375
 21
284.0457011258362
 31
0.0
100
AcDbText
 73
2
  0
TEXT
  5
320
330
17
100
AcDbEntity
  8
PLAT-TEXT-LOWCONF
100
AcDbText
 10
508.96638601979674
 20
284.0457011258362
 30
0.0
 40
5.526522288736159
  1
is
 50
90.0
  7
PLAT
 72
1
 11
508.96638601979674
 21
284.0457011258362
 31
0.0
100
AcDbText
 73
2
  0
TEXT
  5
321
330
17
100
AcDbEntity
  8
PLAT-TEXT-LOWCONF
100
AcDbText
 10
519.493095141199
 20
284.0457011258362
 30
0.0
 40
5.526522288736159
  1
hee
  7
PLAT
 72
1
 11
519.493095141199
 21
284.0457011258362
 31
0.0
100
AcDbText
 73
2
  0
TEXT
  5
322
330
17
100
AcDbEntity
  8
PLAT-TEXT-LOWCONF
100
AcDbText
 10
531.1601977507531
 20
284.0457011258362
 30
0.0
 40
5.526522288736159
  1
FA
 50
90.0
  7
PLAT
 72
1
 11
531.1601977507531
 21
284.0457011258362
 31
0.0
100
AcDbText
 73
2
  0
TEXT
  5
323
330
17
100
AcDbEntity
  8
PLAT-TEXT-LOWCONF
100
AcDbText
 10
545.6356303571305
 20
283.9061354596894
 30
0.0
 40
6.086943942106642
  1
BL
 50
349.9900191802488
  7
PLAT
 72
1
 11
545.6356303571305
 21
283.9061354596894
 31
0.0
100
AcDbText
 73
2
  0
TEXT
  5
324
330
17
100
AcDbEntity
  8
PLAT-TEXT-LOWCONF
100
AcDbText
 10
564.6227817753567
 20
284.099663392546
 30
0.0
 40
5.9391361301900165
  1
cK
 50
356.94891088148114
  7
PLAT
 72
1
 11
564.6227817753567
 21
284.099663392546
 31
0.0
100
AcDbText
 73
2
  0
TEXT
  5
325
330
17
100
AcDbEntity
  8
PLAT-TEXT-LOTNO
100
AcDbText
 10
578.9838805964396
 20
284.0719254018886
 30
0.0
 40
6.322263033307514
  1
16
 50
1.2617178388861703
  7
PLAT
 72
1
 11
578.9838805964396
 21
284.0719254018886
 31
0.0
100
AcDbText
 73
2
  0
TEXT
  5
326
330
17
100
AcDbEntity
  8
PLAT-TEXT-LOWCONF
100
AcDbText
 10
826.4610547734728
 20
284.3549888654323
 30
0.0
 40
6.068708295451408
  1
Le.
 50
9.85107296049506
  7
PLAT
 72
1
 11
826.4610547734728
 21
284.3549888654323
 31
0.0
100
AcDbText
 73
2
  0
TEXT
  5
327
330
17
100
AcDbEntity
  8
PLAT-TEXT-LOTNO
100
AcDbText
 10
850.4703744332867
 20
284.0457011258362
 30
0.0
 40
6.140580320817954
  1
1
  7
PLAT
 72
1
 11
850.4703744332867
 21
284.0457011258362
 31
0.0
100
AcDbText
 73
2
  0
TEXT
  5
328
330
17
100
AcDbEntity
  8
PLAT-TEXT-LOWCONF
100
AcDbText
 10
860.2420669833242
 20
283.803955214574
 30
0.0
 40
5.710942800054602
  1
a
 50
279.860876224242
  7
PLAT
 72
1
 11
860.2420669833242
 21
283.803955214574
 31
0.0
100
AcDbText
 73
2
  0
TEXT
  5
329
330
17
100
AcDbEntity
  8
PLAT-TEXT-LOWCONF
100
AcDbText
 10
874.3309151084651
 20
284.0457011258362
 30
0.0
 40
5.526522288736159
  1
WIRE
  7
PLAT
 72
1
 11
874.3309151084651
 21
284.0457011258362
 31
0.0
100
AcDbText
 73
2
  0
TEXT
  5
32A
330
17
100
AcDbEntity
  8
PLAT-TEXT-LOWCONF
100
AcDbText
 10
903.9781476720134
 20
284.04055547681867
 30
0.0
 40
5.75236595591387
  1
SURI
 50
359.51753174878303
  7
PLAT
 72
1
 11
903.9781476720134
 21
284.04055547681867
 31
0.0
100
AcDbText
 73
2
  0
TEXT
  5
32B
330
17
100
AcDbEntity
  8
PLAT-TEXT-LOWCONF
100
AcDbText
 10
926.8707164123949
 20
284.12509026696983
 30
0.0
 40
6.084388629053092
  1
RY
 50
4.3376228143073945
  7
PLAT
 72
1
 11
926.8707164123949
 21
284.12509026696983
 31
0.0
100
AcDbText
 73
2
  0
TEXT
  5
32C
330
17
100
AcDbEntity
  8
PLAT-TEXT-LOWCONF
100
AcDbText
 10
940.7456097706576
 20
284.6372923583467
 30
0.0
 40
4.645305849081241
  1
a
 50
49.51680998835337
  7
PLAT
 72
1
 11
940.7456097706576
 21
284.6372923583467
 31
0.0
100
AcDbText
 73
2
  0
TEXT
  5
32D
330
17
100
AcDbEntity
  8
PLAT-TEXT-LOWCONF
100
AcDbText
 10
949.0705498704207
 20
284.0457011258362
 30
0.0
 40
5.526522288736159
  1
A
  7
PLAT
 72
1
 11
949.0705498704207
 21
284.0457011258362
 31
0.0
100
AcDbText
 73
2
  0
TEXT
  5
32E
330
17
100
AcDbEntity
  8
PLAT-TEXT-LOWCONF
100
AcDbText
 10
978.8306373144179
 20
283.60859610421204
 30
0.0
 40
6.086943942106642
  1
LT-fg
 50
2.4149716599406474
  7
PLAT
 72
1
 11
978.8306373144179
 21
283.60859610421204
 31
0.0
100
AcDbText
 73
2
  0
TEXT
  5
32F
330
17
100
AcDbEntity
  8
PLAT-TEXT-LOWCONF
100
AcDbText
 10
557.3430177269647
 20
284.36873270214056
 30
0.0
 40
2.6067862408455036
  1
\y"
 50
342.537485137884
  7
PLAT
 72
1
 11
557.3430177269647
 21
284.36873270214056
 31
0.0
100
AcDbText
 73
2
  0
TEXT
  5
330
330
17
100
AcDbEntity
  8
PLAT-TEXT-LOWCONF
100
AcDbText
 10
554.6698481218847
 20
284.1334237018479
 30
0.0
 40
1.8948076418523974
  1
e =
 50
90.0
  7
PLAT
 72
1
 11
554.6698481218847
 21
284.1334237018479
 31
0.0
100
AcDbText
 73
2
  0
TEXT
  5
331
330
17
100
AcDbEntity
  8
PLAT-TEXT-LOWCONF
100
AcDbText
 10
201.4987570988406
 20
282.2035270295909
 30
0.0
 40
2.4562321283271817
  1
4
 50
90.0
  7
PLAT
 72
1
 11
201.4987570988406
 21
282.2035270295909
 31
0.0
100
AcDbText
 73
2
  0
TEXT
  5
332
330
17
100
AcDbEntity
  8
PLAT-TEXT-LOWCONF
100
AcDbText
 10
944.5089759178131
 20
281.85263672554413
 30
0.0
 40
1.5790063682103312
  1
7 ua
 50
90.0
  7
PLAT
 72
1
 11
944.5089759178131
 21
281.85263672554413
 31
0.0
100
AcDbText
 73
2
  0
TEXT
  5
333
330
17
100
AcDbEntity
  8
PLAT-TEXT-LOWCONF
100
AcDbText
 10
953.9830141270751
 20
281.85263672554413
 30
0.0
 40
1.5790063682103312
  1
a
 50
90.0
  7
PLAT
 72
1
 11
953.9830141270751
 21
281.85263672554413
 31
0.0
100
AcDbText
 73
2
  0
TEXT
  5
334
330
17
100
AcDbEntity
  8
PLAT-TEXT-LOWCONF
100
AcDbText
 10
962.930716880267
 20
281.85263672554413
 30
0.0
 40
1.5790063682103312
  1
a
  7
PLAT
 72
1
 11
962.930716880267
 21
281.85263672554413
 31
0.0
100
AcDbText
 73
2
  0
TEXT
  5
335
330
17
100
AcDbEntity
  8
PLAT-TEXT-LOWCONF
100
AcDbText
 10
416.8970339836514
 20
228.199529385299
 30
0.0
 40
3.7831851771552714
  1
eb
 50
348.12650503041357
  7
PLAT
 72
1
 11
416.8970339836514
 21
228.199529385299
 31
0.0
100
AcDbText
 73
2
  0
TEXT
  5
336
330
17
100
AcDbEntity
  8
PLAT-TEXT-MISC
100
AcDbText
 10
496.055731525668
 20
227.9824235125889
 30
0.0
 40
3.591012931900194
  1
Bearing
 50
358.0229725610741
  7
PLAT
 72
1
 11
496.055731525668
 21
227.9824235125889
 31
0.0
100
AcDbText
 73
2
  0
TEXT
  5
337
330
17
100
AcDbEntity
  8
PLAT-TEXT-MISC
100
AcDbText
 10
575.0059247582004
 20
228.3855359695126
 30
0.0
 40
3.415808830673435
  1
Distance
 50
358.6454947705608
  7
PLAT
 72
1
 11
575.0059247582004
 21
228.3855359695126
 31
0.0
100
AcDbText
 73
2
  0
TEXT
  5
338
330
17
100
AcDbEntity
  8
PLAT-TEXT-MISC
100
AcDbText
 10
653.8815256513351
 20
228.11129526448644
 30
0.0
 40
4.300013609085555
  1
Description
 50
359.6393174191053
  7
PLAT
 72
1
 11
653.8815256513351
 21
228.11129526448644
 31
0.0
100
AcDbText
 73
2
  0
TEXT
  5
339
330
17
100
AcDbEntity
  8
PLAT-TEXT-MISC
100
AcDbText
 10
660.731041995179
 20
217.01542723624559
 30
0.0
 40
4.258991843781772
  1
West Straight to PC
 50
0.1422640822017911
  7
PLAT
 72
1
 11
660.731041995179
 21
217.01542723624559
 31
0.0
100
AcDbText
 73
2
  0
TEXT
  5
33A
330
17
100
AcDbEntity
  8
PLAT-TEXT-LOWCONF
100
AcDbText
 10
776.4155788375676
 20
217.5705534007702
 30
0.0
 40
3.677498872227357
  1
# 07
 50
1.7808036592839471
  7
PLAT
 72
1
 11
776.4155788375676
 21
217.5705534007702
 31
0.0
100
AcDbText
 73
2
  0
TEXT
  5
33B
330
17
100
AcDbEntity
  8
PLAT-TEXT-MISC
100
AcDbText
 10
829.225787259707
 20
217.41444603657695
 30
0.0
 40
3.4256668332610904
  1
Perimeter
 50
359.18290014056225
  7
PLAT
 72
1
 11
829.225787259707
 21
217.41444603657695
 31
0.0
100
AcDbText
 73
2
  0
TEXT
  5
33C
330
17
100
AcDbEntity
  8
PLAT-TEXT-MISC
100
AcDbText
 10
874.6527692689281
 20
217.35849492241346
 30
0.0
 40
3.396736133857752
  1
Area
 50
357.8468978042472
  7
PLAT
 72
1
 11
874.6527692689281
 21
217.35849492241346
 31
0.0
100
AcDbText
 73
2
  0
TEXT
  5
33D
330
17
100
AcDbEntity
  8
PLAT-TEXT-AREA
100
AcDbText
 10
889.159860888388
 20
217.28890444939793
 30
0.0
 40
4.290678669684762
  1
(SF)
 50
1.2513169957664445
  7
PLAT
 72
1
 11
889.159860888388
 21
217.28890444939793
 31
0.0
100
AcDbText
 73
2
  0
TEXT
  5
33E
330
17
100
AcDbEntity
  8
PLAT-TEXT-AREA
100
AcDbText
 10
934.1857990877716
 20
217.40642754684933
 30
0.0
 40
3.3609455737167826
  1
Acres
 50
358.72098020907936
  7
PLAT
 72
1
 11
934.1857990877716
 21
217.40642754684933
 31
0.0
100
AcDbText
 73
2
  0
TEXT
  5
33F
330
17
100
AcDbEntity
  8
PLAT-TEXT-MISC
100
AcDbText
 10
986.9505769021179
 20
217.4986261963122
 30
0.0
 40
3.810617200719975
  1
Misclose
 50
358.40657938112355
  7
PLAT
 72
1
 11
986.9505769021179
 21
217.4986261963122
 31
0.0
100
AcDbText
 73
2
  0
TEXT
  5
340
330
17
100
AcDbEntity
  8
PLAT-TEXT-MISC
100
AcDbText
 10
1039.4136340859286
 20
217.608196588287
 30
0.0
 40
3.5777389780423823
  1
Verdict
 50
359.4097704102127
  7
PLAT
 72
1
 11
1039.4136340859286
 21
217.608196588287
 31
0.0
100
AcDbText
 73
2
  0
TEXT
  5
341
330
17
100
AcDbEntity
  8
PLAT-TEXT-LOWCONF
100
AcDbText
 10
417.03199782946484
 20
217.4642650789508
 30
0.0
 40
3.161357638122783
  1
L1
 50
0.043358639049245085
  7
PLAT
 72
1
 11
417.03199782946484
 21
217.4642650789508
 31
0.0
100
AcDbText
 73
2
  0
TEXT
  5
342
330
17
100
AcDbEntity
  8
PLAT-TEXT-MISC
100
AcDbText
 10
496.0711589556962
 20
217.46618428109937
 30
0.0
 40
3.283675412990584
  1
NO2%%d24'30"W
 50
0.250596045707141
  7
PLAT
 72
1
 11
496.0711589556962
 21
217.46618428109937
 31
0.0
100
AcDbText
 73
2
  0
TEXT
  5
343
330
17
100
AcDbEntity
  8
PLAT-TEXT-UNASSOC
100
AcDbText
 10
574.8380043138505
 20
217.46634044449075
 30
0.0
 40
3.2545480539041893
  1
75.00'
 50
359.56173792245727
  7
PLAT
 72
1
 11
574.8380043138505
 21
217.46634044449075
 31
0.0
100
AcDbText
 73
2
  0
TEXT
  5
344
330
17
100
AcDbEntity
  8
PLAT-TEXT-MISC
100
AcDbText
 10
626.7650562908447
 20
217.4638950306321
 30
0.0
 40
3.3358200633771338
  1
Lot
 50
1.6663758128291306
  7
PLAT
 72
1
 11
626.7650562908447
 21
217.4638950306321
 31
0.0
100
AcDbText
 73
2
  0
TEXT
  5
345
330
17
100
AcDbEntity
  8
PLAT-TEXT-LOWCONF
100
AcDbText
 10
633.6201665324012
 20
217.46426593296727
 30
0.0
 40
3.508903040467403
  1
1
  7
PLAT
 72
1
 11
633.6201665324012
 21
217.46426593296727
 31
0.0
100
AcDbText
 73
2
  0
TEXT
  5
346
330
17
100
AcDbEntity
  8
PLAT-TEXT-MISC
100
AcDbText
 10
660.9884418332672
 20
206.16292342266658
 30
0.0
 40
4.272591308571943
  1
Sail Ave Straight fr
 50
359.94482141291917
  7
PLAT
 72
1
 11
660.9884418332672
 21
206.16292342266658
 31
0.0
100
AcDbText
 73
2
  0
TEXT
  5
347
330
17
100
AcDbEntity
  8
PLAT-TEXT-LOWCONF
100
AcDbText
 10
776.3903656700529
 20
206.58554030596716
 30
0.0
 40
4.163037795107748
  1
Lot 1
 50
1.5303486732814804
  7
PLAT
 72
1
 11
776.3903656700529
 21
206.58554030596716
 31
0.0
100
AcDbText
 73
2
  0
TEXT
  5
348
330
17
100
AcDbEntity
  8
PLAT-TEXT-UNASSOC
100
AcDbText
 10
828.8939608727616
 20
206.6033465332119
 30
0.0
 40
3.738777717500869
  1
376.27'
 50
1.205224393696028
  7
PLAT
 72
1
 11
828.8939608727616
 21
206.6033465332119
 31
0.0
100
AcDbText
 73
2
  0
TEXT
  5
349
330
17
100
AcDbEntity
  8
PLAT-TEXT-MISC
100
AcDbText
 10
881.6188907728226
 20
206.38289036524617
 30
0.0
 40
3.9649505792108783
  1
9,215.9
 50
0.4905235970749118
  7
PLAT
 72
1
 11
881.6188907728226
 21
206.38289036524617
 31
0.0
100
AcDbText
 73
2
  0
TEXT
  5
34A
330
17
100
AcDbEntity
  8
PLAT-TEXT-MISC
100
AcDbText
 10
934.2505376956095
 20
206.58659227387247
 30
0.0
 40
3.6204501159899527
  1
0.212
 50
359.16660160816633
  7
PLAT
 72
1
 11
934.2505376956095
 21
206.58659227387247
 31
0.0
100
AcDbText
 73
2
  0
TEXT
  5
34B
330
17
100
AcDbEntity
  8
PLAT-TEXT-MISC
100
AcDbText
 10
986.7968140793683
 20
206.5946617752571
 30
0.0
 40
3.6772699330877447
  1
0.00000'
 50
0.739281656360788
  7
PLAT
 72
1
 11
986.7968140793683
 21
206.5946617752571
 31
0.0
100
AcDbText
 73
2
  0
TEXT
  5
34C
330
17
100
AcDbEntity
  8
PLAT-TEXT-MISC
100
AcDbText
 10
1039.5052982581437
 20
206.56739799500843
 30
0.0
 40
3.811238194871687
  1
PASS
 50
357.87424218421273
  7
PLAT
 72
1
 11
1039.5052982581437
 21
206.56739799500843
 31
0.0
100
AcDbText
 73
2
  0
TEXT
  5
34D
330
17
100
AcDbEntity
  8
PLAT-TEXT-LOWCONF
100
AcDbText
 10
417.06450892523526
 20
206.57737431094515
 30
0.0
 40
3.81180107339585
  1
L2
 50
9.36551893001075
  7
PLAT
 72
1
 11
417.06450892523526
 21
206.57737431094515
 31
0.0
100
AcDbText
 73
2
  0
TEXT
  5
34E
330
17
100
AcDbEntity
  8
PLAT-TEXT-UNASSOC
100
AcDbText
 10
496.06603071748594
 20
206.5866506769875
 30
0.0
 40
3.244132048997688
  1
N87%%d35'30"E
 50
0.17657880358638067
  7
PLAT
 72
1
 11
496.06603071748594
 21
206.5866506769875
 31
0.0
100
AcDbText
 73
2
  0
TEXT
  5
34F
330
17
100
AcDbEntity
  8
PLAT-TEXT-UNASSOC
100
AcDbText
 10
574.8543894582109
 20
206.59534603440122
 30
0.0
 40
3.3597825315567946
  1
68.50'
 50
1.1124839674248506
  7
PLAT
 72
1
 11
574.8543894582109
 21
206.59534603440122
 31
0.0
100
AcDbText
 73
2
  0
TEXT
  5
350
330
17
100
AcDbEntity
  8
PLAT-TEXT-LOWCONF
100
AcDbText
 10
627.643206243098
 20
206.58634746704269
 30
0.0
 40
3.323006526351813
  1
307
 50
1.54545903554515
  7
PLAT
 72
1
 11
627.643206243098
 21
206.58634746704269
 31
0.0
100
AcDbText
 73
2
  0
TEXT
  5
351
330
17
100
AcDbEntity
  8
PLAT-TEXT-LOWCONF
100
AcDbText
 10
634.497392292518
 20
206.58666650751834
 30
0.0
 40
3.508903040467403
  1
1
  7
PLAT
 72
1
 11
634.497392292518
 21
206.58666650751834
 31
0.0
100
AcDbText
 73
2
  0
TEXT
  5
352
330
17
100
AcDbEntity
  8
PLAT-TEXT-LOWCONF
100
AcDbText
 10
417.0150473372416
 20
195.56299825637515
 30
0.0
 40
3.479596808426019
  1
L3
 50
5.044266100818334
  7
PLAT
 72
1
 11
417.0150473372416
 21
195.56299825637515
 31
0.0
100
AcDbText
 73
2
  0
TEXT
  5
353
330
17
100
AcDbEntity
  8
PLAT-TEXT-UNASSOC
100
AcDbText
 10
495.98397411794787
 20
195.53206472341134
 30
0.0
 40
3.3180486068934067
  1
S02%%d24'30"E
 50
0.3397078616825411
  7
PLAT
 72
1
 11
495.98397411794787
 21
195.53206472341134
 31
0.0
100
AcDbText
 73
2
  0
TEXT
  5
354
330
17
100
AcDbEntity
  8
PLAT-TEXT-UNASSOC
100
AcDbText
 10
574.9334900347047
 20
195.54985452235155
 30
0.0
 40
3.3887138899661307
  1
100.00'
 50
0.9640252724601623
  7
PLAT
 72
1
 11
574.9334900347047
 21
195.54985452235155
 31
0.0
100
AcDbText
 73
2
  0
TEXT
  5
355
330
17
100
AcDbEntity
  8
PLAT-TEXT-LOWCONF
100
AcDbText
 10
632.2045395941518
 20
195.53328976473736
 30
0.0
 40
3.3263434351946506
  1
307
 50
1.5769354249129037
  7
PLAT
 72
1
 11
632.2045395941518
 21
195.53328976473736
 31
0.0
100
AcDbText
 73
2
  0
TEXT
  5
356
330
17
100
AcDbEntity
  8
PLAT-TEXT-LOWCONF
100
AcDbText
 10
641.4217637540087
 20
195.37287466387147
 30
0.0
 40
3.758212907534187
  1
1/2
 50
3.192109198331991
  7
PLAT
 72
1
 11
641.4217637540087
 21
195.37287466387147
 31
0.0
100
AcDbText
 73
2
  0
TEXT
  5
357
330
17
100
AcDbEntity
  8
PLAT-TEXT-MISC
100
AcDbText
 10
663.3456734558895
 20
195.08067325282687
 30
0.0
 40
4.192751238491839
  1
Dividing Line
 50
359.2718307281023
  7
PLAT
 72
1
 11
663.3456734558895
 21
195.08067325282687
 31
0.0
100
AcDbText
 73
2
  0
TEXT
  5
358
330
17
100
AcDbEntity
  8
PLAT-TEXT-LOWCONF
100
AcDbText
 10
776.4213296703493
 20
195.6208677873005
 30
0.0
 40
4.166534831005324
  1
Lot 2
 50
2.439319245389072
  7
PLAT
 72
1
 11
776.4213296703493
 21
195.6208677873005
 31
0.0
100
AcDbText
 73
2
  0
TEXT
  5
359
330
17
100
AcDbEntity
  8
PLAT-TEXT-UNASSOC
100
AcDbText
 10
828.8911857820102
 20
195.6261295370814
 30
0.0
 40
3.409429538432887
  1
350.00'
 50
0.3903460334062743
  7
PLAT
 72
1
 11
828.8911857820102
 21
195.6261295370814
 31
0.0
100
AcDbText
 73
2
  0
TEXT
  5
35A
330
17
100
AcDbEntity
  8
PLAT-TEXT-MISC
100
AcDbText
 10
881.6869041039415
 20
195.3786808684196
 30
0.0
 40
4.000439313206126
  1
7,500.0
 50
359.0532972876043
  7
PLAT
 72
1
 11
881.6869041039415
 21
195.3786808684196
 31
0.0
100
AcDbText
 73
2
  0
TEXT
  5
35B
330
17
100
AcDbEntity
  8
PLAT-TEXT-MISC
100
AcDbText
 10
934.1608420140657
 20
195.61534535186578
 30
0.0
 40
3.508812965584795
  1
0.172
 50
0.9883019601502951
  7
PLAT
 72
1
 11
934.1608420140657
 21
195.61534535186578
 31
0.0
100
AcDbText
 73
2
  0
TEXT
  5
35C
330
17
100
AcDbEntity
  8
PLAT-TEXT-MISC
100
AcDbText
 10
986.7968421232848
 20
195.6293812641571
 30
0.0
 40
3.528618713814529
  1
0.00000'
 50
0.7430840010250108
  7
PLAT
 72
1
 11
986.7968421232848
 21
195.6293812641571
 31
0.0
100
AcDbText
 73
2
  0
TEXT
  5
35D
330
17
100
AcDbEntity
  8
PLAT-TEXT-MISC
100
AcDbText
 10
1039.5025265861361
 20
195.6120533033534
 30
0.0
 40
3.678621962602316
  1
PASS
 50
357.898207179909
  7
PLAT
 72
1
 11
1039.5025265861361
 21
195.6120533033534
 31
0.0
100
AcDbText
 73
2
  0
TEXT
  5
35E
330
17
100
AcDbEntity
  8
PLAT-TEXT-LOWCONF
100
AcDbText
 10
417.05133974112215
 20
184.67044600060876
 30
0.0
 40
3.6631385634173883
  1
14
 50
7.753316142999381
  7
PLAT
 72
1
 11
417.05133974112215
 21
184.67044600060876
 31
0.0
100
AcDbText
 73
2
  0
TEXT
  5
35F
330
17
100
AcDbEntity
  8
PLAT-TEXT-UNASSOC
100
AcDbText
 10
496.06603071748594
 20
184.65600667406622
 30
0.0
 40
3.244132048997688
  1
N87%%d35'30"E
 50
0.17657880358638067
  7
PLAT
 72
1
 11
496.06603071748594
 21
184.65600667406622
 31
0.0
100
AcDbText
 73
2
  0
TEXT
  5
360
330
17
100
AcDbEntity
  8
PLAT-TEXT-UNASSOC
100
AcDbText
 10
574.8313989032979
 20
184.6599008718633
 30
0.0
 40
3.3340533851814897
  1
75.00'
 50
359.2001724284315
  7
PLAT
 72
1
 11
574.8313989032979
 21
184.6599008718633
 31
0.0
100
AcDbText
 73
2
  0
TEXT
  5
361
330
17
100
AcDbEntity
  8
PLAT-TEXT-MISC
100
AcDbText
 10
653.9677639334078
 20
184.27110053777108
 30
0.0
 40
4.147764348140887
  1
Lots 2-8 Sail Ave Frontage
 50
359.74596989075457
  7
PLAT
 72
1
 11
653.9677639334078
 21
184.27110053777108
 31
0.0
100
AcDbText
 73
2
  0
TEXT
  5
362
330
17
100
AcDbEntity
  8
PLAT-TEXT-LOWCONF
100
AcDbText
 10
776.4461823439466
 20
184.68776611337904
 30
0.0
 40
4.460891504619758
  1
Lot 3
 50
3.364245316756353
  7
PLAT
 72
1
 11
776.4461823439466
 21
184.68776611337904
 31
0.0
100
AcDbText
 73
2
  0
TEXT
  5
363
330
17
100
AcDbEntity
  8
PLAT-TEXT-UNASSOC
100
AcDbText
 10
828.8916879198688
 20
184.65984753799884
 30
0.0
 40
3.5542619816643435
  1
350.00'
 50
0.35627777806007543
  7
PLAT
 72
1
 11
828.8916879198688
 21
184.65984753799884
 31
0.0
100
AcDbText
 73
2
  0
TEXT
  5
364
330
17
100
AcDbEntity
  8
PLAT-TEXT-MISC
100
AcDbText
 10
881.6801403427352
 20
184.647156584228
 30
0.0
 40
4.011255265411454
  1
7,500.0
 50
357.91644230112263
  7
PLAT
 72
1
 11
881.6801403427352
 21
184.647156584228
 31
0.0
100
AcDbText
 73
2
  0
TEXT
  5
365
330
17
100
AcDbEntity
  8
PLAT-TEXT-MISC
100
AcDbText
 10
934.2326337477639
 20
184.6512992092183
 30
0.0
 40
3.5876258843234408
  1
0.172
 50
0.5994834472977573
  7
PLAT
 72
1
 11
934.2326337477639
 21
184.6512992092183
 31
0.0
100
AcDbText
 73
2
  0
TEXT
  5
366
330
17
100
AcDbEntity
  8
PLAT-TEXT-MISC
100
AcDbText
 10
986.7968140793683
 20
184.66401777233582
 30
0.0
 40
3.6772699330877447
  1
0.00000'
 50
0.739281656360788
  7
PLAT
 72
1
 11
986.7968140793683
 21
184.66401777233582
 31
0.0
100
AcDbText
 73
2
  0
TEXT
  5
367
330
17
100
AcDbEntity
  8
PLAT-TEXT-MISC
100
AcDbText
 10
1039.5052982581437
 20
184.63675399208716
 30
0.0
 40
3.811238194871687
  1
PASS
 50
357.87424218421273
  7
PLAT
 72
1
 11
1039.5052982581437
 21
184.63675399208716
 31
0.0
100
AcDbText
 73
2
  0
TEXT
  5
368
330
17
100
AcDbEntity
  8
PLAT-TEXT-MISC
100
AcDbText
 10
27.499063704672267
 20
181.91334720204895
 30
0.0
 40
4.358266278278274
  1
Tad
 50
347.0145366501047
  7
PLAT
 72
1
 11
27.499063704672267
 21
181.91334720204895
 31
0.0
100
AcDbText
 73
2
  0
TEXT
  5
369
330
17
100
AcDbEntity
  8
PLAT-TEXT-MISC
100
AcDbText
 10
72.97129482633659
 20
182.22099989222892
 30
0.0
 40
4.107916361500643
  1
Radius
 50
358.0942795694627
  7
PLAT
 72
1
 11
72.97129482633659
 21
182.22099989222892
 31
0.0
100
AcDbText
 73
2
  0
TEXT
  5
36A
330
17
100
AcDbEntity
  8
PLAT-TEXT-MISC
100
AcDbText
 10
117.8986643594813
 20
182.2727868399048
 30
0.0
 40
4.053971966600664
  1
Delta
 50
358.1416455926136
  7
PLAT
 72
1
 11
117.8986643594813
 21
182.2727868399048
 31
0.0
100
AcDbText
 73
2
  0
TEXT
  5
36B
330
17
100
AcDbEntity
  8
PLAT-TEXT-MISC
100
AcDbText
 10
162.88167891412888
 20
182.13843893475254
 30
0.0
 40
3.7296342860928426
  1
Arc
 50
357.5539502700294
  7
PLAT
 72
1
 11
162.88167891412888
 21
182.13843893475254
 31
0.0
100
AcDbText
 73
2
  0
TEXT
  5
36C
330
17
100
AcDbEntity
  8
PLAT-TEXT-MISC
100
AcDbText
 10
207.85615794782257
 20
181.9472819804273
 30
0.0
 40
3.876991919431236
  1
Tan
 50
352.2427587558141
  7
PLAT
 72
1
 11
207.85615794782257
 21
181.9472819804273
 31
0.0
100
AcDbText
 73
2
  0
TEXT
  5
36D
330
17
100
AcDbEntity
  8
PLAT-TEXT-MISC
100
AcDbText
 10
253.17704237917786
 20
182.3859671396596
 30
0.0
 40
4.009509414628924
  1
Chord
 50
359.11164088835426
  7
PLAT
 72
1
 11
253.17704237917786
 21
182.3859671396596
 31
0.0
100
AcDbText
 73
2
  0
TEXT
  5
36E
330
17
100
AcDbEntity
  8
PLAT-TEXT-MISC
100
AcDbText
 10
298.2398971642311
 20
181.6775129049376
 30
0.0
 40
4.090751681731696
  1
Bearing
 50
357.77796649405695
  7
PLAT
 72
1
 11
298.2398971642311
 21
181.6775129049376
 31
0.0
100
AcDbText
 73
2
  0
TEXT
  5
36F
330
17
100
AcDbEntity
  8
PLAT-TEXT-MISC
100
AcDbText
 10
653.8823729136681
 20
173.2485257603547
 30
0.0
 40
4.236628566781315
  1
Lots 2-8 Side Dividing Lin
 50
359.7238012452098
  7
PLAT
 72
1
 11
653.8823729136681
 21
173.2485257603547
 31
0.0
100
AcDbText
 73
2
  0
TEXT
  5
370
330
17
100
AcDbEntity
  8
PLAT-TEXT-LOWCONF
100
AcDbText
 10
776.4742760240835
 20
173.69877694506457
 30
0.0
 40
4.092639682117917
  1
Lot 4
 50
2.129516708084566
  7
PLAT
 72
1
 11
776.4742760240835
 21
173.69877694506457
 31
0.0
100
AcDbText
 73
2
  0
TEXT
  5
371
330
17
100
AcDbEntity
  8
PLAT-TEXT-UNASSOC
100
AcDbText
 10
828.8911857820102
 20
173.69548553416013
 30
0.0
 40
3.409429538432887
  1
350.00'
 50
0.3903460334062743
  7
PLAT
 72
1
 11
828.8911857820102
 21
173.69548553416013
 31
0.0
100
AcDbText
 73
2
  0
TEXT
  5
372
330
17
100
AcDbEntity
  8
PLAT-TEXT-MISC
100
AcDbText
 10
881.6869041039415
 20
173.44803686549832
 30
0.0
 40
4.000439313206126
  1
7,500.0
 50
359.0532972876043
  7
PLAT
 72
1
 11
881.6869041039415
 21
173.44803686549832
 31
0.0
100
AcDbText
 73
2
  0
TEXT
  5
373
330
17
100
AcDbEntity
  8
PLAT-TEXT-MISC
100
AcDbText
 10
934.1608420140657
 20
173.68470134894451
 30
0.0
 40
3.508812965584795
  1
0.172
 50
0.9883019601502951
  7
PLAT
 72
1
 11
934.1608420140657
 21
173.68470134894451
 31
0.0
100
AcDbText
 73
2
  0
TEXT
  5
374
330
17
100
AcDbEntity
  8
PLAT-TEXT-MISC
100
AcDbText
 10
986.7968421232848
 20
173.69873726123583
 30
0.0
 40
3.528618713814529
  1
0.00000'
 50
0.7430840010250108
  7
PLAT
 72
1
 11
986.7968421232848
 21
173.69873726123583
 31
0.0
100
AcDbText
 73
2
  0
TEXT
  5
375
330
17
100
AcDbEntity
  8
PLAT-TEXT-MISC
100
AcDbText
 10
1039.5025265861361
 20
173.68140930043214
 30
0.0
 40
3.678621962602316
  1
PASS
 50
357.898207179909
  7
PLAT
 72
1
 11
1039.5025265861361
 21
173.68140930043214
 31
0.0
100
AcDbText
 73
2
  0
TEXT
  5
376
330
17
100
AcDbEntity
  8
PLAT-TEXT-LOWCONF
100
AcDbText
 10
416.9727352964596
 20
173.63414157618539
 30
0.0
 40
3.4461055932821405
  1
L5
 50
4.710255192902821
  7
PLAT
 72
1
 11
416.9727352964596
 21
173.63414157618539
 31
0.0
100
AcDbText
 73
2
  0
TEXT
  5
377
330
17
100
AcDbEntity
  8
PLAT-TEXT-LOWCONF
100
AcDbText
 10
495.98397411794787
 20
173.60142072049007
 30
0.0
 40
3.3180486068934067
  1
$02%%d24'30"E
 50
0.3397078616825411
  7
PLAT
 72
1
 11
495.98397411794787
 21
173.60142072049007
 31
0.0
100
AcDbText
 73
2
  0
TEXT
  5
378
330
17
100
AcDbEntity
  8
PLAT-TEXT-UNASSOC
100
AcDbText
 10
574.9334900347047
 20
173.61921051943028
 30
0.0
 40
3.3887138899661307
  1
100.00'
 50
0.9640252724601623
  7
PLAT
 72
1
 11
574.9334900347047
 21
173.61921051943028
 31
0.0
100
AcDbText
 73
2
  0
TEXT
  5
379
330
17
100
AcDbEntity
  8
PLAT-TEXT-LOWCONF
100
AcDbText
 10
27.637399711293256
 20
170.54228891950785
 30
0.0
 40
4.044473694925732
  1
a O
 50
83.39636918805235
  7
PLAT
 72
1
 11
27.637399711293256
 21
170.54228891950785
 31
0.0
100
AcDbText
 73
2
  0
TEXT
  5
37A
330
17
100
AcDbEntity
  8
PLAT-TEXT-UNASSOC
100
AcDbText
 10
72.72169377662794
 20
170.5486222864057
 30
0.0
 40
3.873260819035841
  1
25.00'
 50
1.1567133150272753
  7
PLAT
 72
1
 11
72.72169377662794
 21
170.5486222864057
 31
0.0
100
AcDbText
 73
2
  0
TEXT
  5
37B
330
17
100
AcDbEntity
  8
PLAT-TEXT-LOWCONF
100
AcDbText
 10
117.81754650198798
 20
170.53888123943509
 30
0.0
 40
3.7425490997399034
  1
90%%d00'00"
 50
0.3095072653309785
  7
PLAT
 72
1
 11
117.81754650198798
 21
170.53888123943509
 31
0.0
100
AcDbText
 73
2
  0
TEXT
  5
37C
330
17
100
AcDbEntity
  8
PLAT-TABLE
100
AcDbText
 10
162.90237280887243
 20
170.58898956243291
 30
0.0
 40
4.1873443145512
  1
39.27'
 50
2.8225981881878965
  7
PLAT
 72
1
 11
162.90237280887243
 21
170.58898956243291
 31
0.0
100
AcDbText
 73
2
  0
TEXT
  5
37D
330
17
100
AcDbEntity
  8
PLAT-TABLE
100
AcDbText
 10
207.98989725109476
 20
170.54883706905767
 30
0.0
 40
3.8765083174326973
  1
25.00'
 50
1.1723133961185113
  7
PLAT
 72
1
 11
207.98989725109476
 21
170.54883706905767
 31
0.0
100
AcDbText
 73
2
  0
TEXT
  5
37E
330
17
100
AcDbEntity
  8
PLAT-TABLE
100
AcDbText
 10
253.08025154475206
 20
170.53796798122693
 30
0.0
 40
3.7230129149468874
  1
35.36'
 50
0.43070636828463194
  7
PLAT
 72
1
 11
253.08025154475206
 21
170.53796798122693
 31
0.0
100
AcDbText
 73
2
  0
TEXT
  5
37F
330
17
100
AcDbEntity
  8
PLAT-TEXT-UNASSOC
100
AcDbText
 10
298.3444810157409
 20
170.53268776671578
 30
0.0
 40
3.82017698977803
  1
N42%%d35'30"E
 50
0.35081767723335133
  7
PLAT
 72
1
 11
298.3444810157409
 21
170.53268776671578
 31
0.0
100
AcDbText
 73
2
  0
TEXT
  5
380
330
17
100
AcDbEntity
  8
PLAT-TEXT-MISC
100
AcDbText
 10
658.4453087853065
 20
162.29438679839888
 30
0.0
 40
4.266186200129507
  1
33 West Straight to PC
 50
359.9421218379721
  7
PLAT
 72
1
 11
658.4453087853065
 21
162.29438679839888
 31
0.0
100
AcDbText
 73
2
  0
TEXT
  5
381
330
17
100
AcDbEntity
  8
PLAT-TEXT-LOWCONF
100
AcDbText
 10
776.4272789571327
 20
162.76985311226144
 30
0.0
 40
4.591379107264923
  1
Lot 5
 50
4.178086965477689
  7
PLAT
 72
1
 11
776.4272789571327
 21
162.76985311226144
 31
0.0
100
AcDbText
 73
2
  0
TEXT
  5
382
330
17
100
AcDbEntity
  8
PLAT-TEXT-UNASSOC
100
AcDbText
 10
828.8916879198688
 20
162.72920353507757
 30
0.0
 40
3.5542619816643435
  1
350.00'
 50
0.35627777806007543
  7
PLAT
 72
1
 11
828.8916879198688
 21
162.72920353507757
 31
0.0
100
AcDbText
 73
2
  0
TEXT
  5
383
330
17
100
AcDbEntity
  8
PLAT-TEXT-MISC
100
AcDbText
 10
881.6801403427352
 20
162.71651258130672
 30
0.0
 40
4.011255265411454
  1
7,500.0
 50
357.91644230112263
  7
PLAT
 72
1
 11
881.6801403427352
 21
162.71651258130672
 31
0.0
100
AcDbText
 73
2
  0
TEXT
  5
384
330
17
100
AcDbEntity
  8
PLAT-TEXT-MISC
100
AcDbText
 10
934.2326337477639
 20
162.72065520629704
 30
0.0
 40
3.5876258843234408
  1
0.172
 50
0.5994834472977573
  7
PLAT
 72
1
 11
934.2326337477639
 21
162.72065520629704
 31
0.0
100
AcDbText
 73
2
  0
TEXT
  5
385
330
17
100
AcDbEntity
  8
PLAT-TEXT-MISC
100
AcDbText
 10
986.7968140793683
 20
162.73337376941456
 30
0.0
 40
3.6772699330877447
  1
0.00000'
 50
0.739281656360788
  7
PLAT
 72
1
 11
986.7968140793683
 21
162.73337376941456
 31
0.0
100
AcDbText
 73
2
  0
TEXT
  5
386
330
17
100
AcDbEntity
  8
PLAT-TEXT-MISC
100
AcDbText
 10
1039.5052982581437
 20
162.70610998916592
 30
0.0
 40
3.811238194871687
  1
PASS
 50
357.87424218421273
  7
PLAT
 72
1
 11
1039.5052982581437
 21
162.70610998916592
 31
0.0
100
AcDbText
 73
2
  0
TEXT
  5
387
330
17
100
AcDbEntity
  8
PLAT-TEXT-LOWCONF
100
AcDbText
 10
417.1329059011133
 20
162.73986387425674
 30
0.0
 40
3.453157071451197
  1
97
 50
4.417579353512451
  7
PLAT
 72
1
 11
417.1329059011133
 21
162.73986387425674
 31
0.0
100
AcDbText
 73
2
  0
TEXT
  5
388
330
17
100
AcDbEntity
  8
PLAT-TEXT-LOWCONF
100
AcDbText
 10
495.98391920292624
 20
162.72306967097254
 30
0.0
 40
3.2985904951026312
  1
$02%%d24'30"E
 50
0.3019251820654745
  7
PLAT
 72
1
 11
495.98391920292624
 21
162.72306967097254
 31
0.0
100
AcDbText
 73
2
  0
TEXT
  5
389
330
17
100
AcDbEntity
  8
PLAT-TEXT-UNASSOC
100
AcDbText
 10
574.8313989032979
 20
162.72925686894203
 30
0.0
 40
3.3340533851814897
  1
75.00'
 50
359.2001724284315
  7
PLAT
 72
1
 11
574.8313989032979
 21
162.72925686894203
 31
0.0
100
AcDbText
 73
2
  0
TEXT
  5
38A
330
17
100
AcDbEntity
  8
PLAT-TEXT-MISC
100
AcDbText
 10
625.1869741147708
 20
162.72505946120015
 30
0.0
 40
3.323006526351813
  1
Lot
 50
1.54545903554515
  7
PLAT
 72
1
 11
625.1869741147708
 21
162.72505946120015
 31
0.0
100
AcDbText
 73
2
  0
TEXT
  5
38B
330
17
100
AcDbEntity
  8
PLAT-TEXT-CURVE
100
AcDbText
 10
27.563050687451437
 20
158.61092517772022
 30
0.0
 40
3.727447051274324
  1
C2
 50
358.53528652391174
  7
PLAT
 72
1
 11
27.563050687451437
 21
158.61092517772022
 31
0.0
100
AcDbText
 73
2
  0
TEXT
  5
38C
330
17
100
AcDbEntity
  8
PLAT-TEXT-UNASSOC
100
AcDbText
 10
72.72117516662809
 20
158.63336286708594
 30
0.0
 40
3.9647684344911234
  1
25.00'
 50
1.5555284646774794
  7
PLAT
 72
1
 11
72.72117516662809
 21
158.63336286708594
 31
0.0
100
AcDbText
 73
2
  0
TEXT
  5
38D
330
17
100
AcDbEntity
  8
PLAT-TEXT-LOWCONF
100
AcDbText
 10
117.81799287902993
 20
158.61009153121762
 30
0.0
 40
3.750775072352265
  1
90%%d00'00"
 50
0.33248998586651624
  7
PLAT
 72
1
 11
117.81799287902993
 21
158.61009153121762
 31
0.0
100
AcDbText
 73
2
  0
TEXT
  5
38E
330
17
100
AcDbEntity
  8
PLAT-TEXT-UNASSOC
100
AcDbText
 10
157.77254066263072
 20
158.6246254399642
 30
0.0
 40
3.854911224401128
  1
39.
 50
3.19182150915384
  7
PLAT
 72
1
 11
157.77254066263072
 21
158.6246254399642
 31
0.0
100
AcDbText
 73
2
  0
TEXT
  5
38F
330
17
100
AcDbEntity
  8
PLAT-TABLE
100
AcDbText
 10
166.4343801336115
 20
158.78883200446336
 30
0.0
 40
4.713594942570064
  1
1.27,
 50
18.692080817538738
  7
PLAT
 72
1
 11
166.4343801336115
 21
158.78883200446336
 31
0.0
100
AcDbText
 73
2
  0
TEXT
  5
390
330
17
100
AcDbEntity
  8
PLAT-TABLE
100
AcDbText
 10
207.98938077628526
 20
158.633484067224
 30
0.0
 40
3.9660687939897774
  1
25.00'
 50
1.5616268387785226
  7
PLAT
 72
1
 11
207.98938077628526
 21
158.633484067224
 31
0.0
100
AcDbText
 73
2
  0
TEXT
  5
391
330
17
100
AcDbEntity
  8
PLAT-TABLE
100
AcDbText
 10
253.08057291822502
 20
158.61442294313915
 30
0.0
 40
3.7845192255394813
  1
35.36'
 50
0.7121206844398671
  7
PLAT
 72
1
 11
253.08057291822502
 21
158.61442294313915
 31
0.0
100
AcDbText
 73
2
  0
TEXT
  5
392
330
17
100
AcDbEntity
  8
PLAT-TEXT-LOWCONF
100
AcDbText
 10
298.2562760493847
 20
158.60231572744388
 30
0.0
 40
3.6403980570691585
  1
$47%%d24'30"E
 50
0.016583750307290757
  7
PLAT
 72
1
 11
298.2562760493847
 21
158.60231572744388
 31
0.0
100
AcDbText
 73
2
  0
TEXT
  5
393
330
17
100
AcDbEntity
  8
PLAT-TEXT-LOWCONF
100
AcDbText
 10
417.01450772907936
 20
151.83025694449623
 30
0.0
 40
3.9078151439417876
  1
47
 50
14.854056720066865
  7
PLAT
 72
1
 11
417.01450772907936
 21
151.83025694449623
 31
0.0
100
AcDbText
 73
2
  0
TEXT
  5
394
330
17
100
AcDbEntity
  8
PLAT-TEXT-UNASSOC
100
AcDbText
 10
496.0672566688772
 20
151.67254147131206
 30
0.0
 40
3.226822199782889
  1
N87%%d35'30"E
 50
0.14188378061152207
  7
PLAT
 72
1
 11
496.0672566688772
 21
151.67254147131206
 31
0.0
100
AcDbText
 73
2
  0
TEXT
  5
395
330
17
100
AcDbEntity
  8
PLAT-TEXT-UNASSOC
100
AcDbText
 10
574.8555378898377
 20
151.68627914123604
 30
0.0
 40
3.390270064794887
  1
68.50'
 50
1.2811516332814108
  7
PLAT
 72
1
 11
574.8555378898377
 21
151.68627914123604
 31
0.0
100
AcDbText
 73
2
  0
TEXT
  5
396
330
17
100
AcDbEntity
  8
PLAT-TEXT-LOWCONF
100
AcDbText
 10
626.2394044253573
 20
151.67200175889482
 30
0.0
 40
3.3263434351946506
  1
307
 50
1.5769354249129037
  7
PLAT
 72
1
 11
626.2394044253573
 21
151.67200175889482
 31
0.0
100
AcDbText
 73
2
  0
TEXT
  5
397
330
17
100
AcDbEntity
  8
PLAT-TEXT-MISC
100
AcDbText
 10
642.5883811954631
 20
151.75176969859103
 30
0.0
 40
3.5383225117298016
  1
33 South
 50
359.2518212098008
  7
PLAT
 72
1
 11
642.5883811954631
 21
151.75176969859103
 31
0.0
100
AcDbText
 73
2
  0
TEXT
  5
398
330
17
100
AcDbEntity
  8
PLAT-TEXT-MISC
100
AcDbText
 10
670.4613975947732
 20
151.29695029269897
 30
0.0
 40
4.293274517891291
  1
St Straight t
 50
359.3550042189031
  7
PLAT
 72
1
 11
670.4613975947732
 21
151.29695029269897
 31
0.0
100
AcDbText
 73
2
  0
TEXT
  5
399
330
17
100
AcDbEntity
  8
PLAT-TEXT-LOWCONF
100
AcDbText
 10
776.4760693127788
 20
151.77389885292396
 30
0.0
 40
3.7540755678370257
  1
9 307
 50
2.5840471807274525
  7
PLAT
 72
1
 11
776.4760693127788
 21
151.77389885292396
 31
0.0
100
AcDbText
 73
2
  0
TEXT
  5
39A
330
17
100
AcDbEntity
  8
PLAT-TEXT-UNASSOC
100
AcDbText
 10
828.8911857820102
 20
151.76484153123886
 30
0.0
 40
3.409429538432887
  1
350.00'
 50
0.3903460334062743
  7
PLAT
 72
1
 11
828.8911857820102
 21
151.76484153123886
 31
0.0
100
AcDbText
 73
2
  0
TEXT
  5
39B
330
17
100
AcDbEntity
  8
PLAT-TEXT-MISC
100
AcDbText
 10
881.6869041039415
 20
151.51739286257705
 30
0.0
 40
4.000439313206126
  1
7,500.0
 50
359.0532972876043
  7
PLAT
 72
1
 11
881.6869041039415
 21
151.51739286257705
 31
0.0
100
AcDbText
 73
2
  0
TEXT
  5
39C
330
17
100
AcDbEntity
  8
PLAT-TEXT-MISC
100
AcDbText
 10
934.1608420140657
 20
151.75405734602325
 30
0.0
 40
3.508812965584795
  1
0.172
 50
0.9883019601502951
  7
PLAT
 72
1
 11
934.1608420140657
 21
151.75405734602325
 31
0.0
100
AcDbText
 73
2
  0
TEXT
  5
39D
330
17
100
AcDbEntity
  8
PLAT-TEXT-MISC
100
AcDbText
 10
986.7968421232848
 20
151.76809325831456
 30
0.0
 40
3.528618713814529
  1
0.00000'
 50
0.7430840010250108
  7
PLAT
 72
1
 11
986.7968421232848
 21
151.76809325831456
 31
0.0
100
AcDbText
 73
2
  0
TEXT
  5
39E
330
17
100
AcDbEntity
  8
PLAT-TEXT-MISC
100
AcDbText
 10
1039.5025265861361
 20
151.75076529751087
 30
0.0
 40
3.678621962602316
  1
PASS
 50
357.898207179909
  7
PLAT
 72
1
 11
1039.5025265861361
 21
151.75076529751087
 31
0.0
100
AcDbText
 73
2
  0
TEXT
  5
39F
330
17
100
AcDbEntity
  8
PLAT-TEXT-CURVE
100
AcDbText
 10
27.640564825740455
 20
146.84903396210683
 30
0.0
 40
3.699628318732493
  1
C3
 50
358.9645702657728
  7
PLAT
 72
1
 11
27.640564825740455
 21
146.84903396210683
 31
0.0
100
AcDbText
 73
2
  0
TEXT
  5
3A0
330
17
100
AcDbEntity
  8
PLAT-TEXT-UNASSOC
100
AcDbText
 10
72.72367675114032
 20
146.88629712763085
 30
0.0
 40
4.121762410624371
  1
389.27'
 50
1.9410436339991293
  7
PLAT
 72
1
 11
72.72367675114032
 21
146.88629712763085
 31
0.0
100
AcDbText
 73
2
  0
TEXT
  5
3A1
330
17
100
AcDbEntity
  8
PLAT-TEXT-LOWCONF
100
AcDbText
 10
117.94376396035301
 20
146.89225707011641
 30
0.0
 40
4.177504145471276
  1
12%%d34'17"
 50
1.5757676870519504
  7
PLAT
 72
1
 11
117.94376396035301
 21
146.89225707011641
 31
0.0
100
AcDbText
 73
2
  0
TEXT
  5
3A2
330
17
100
AcDbEntity
  8
PLAT-TABLE
100
AcDbText
 10
162.9038520505934
 20
146.8506738406377
 30
0.0
 40
3.7401922335455176
  1
85.41'
 50
0.49886610817861765
  7
PLAT
 72
1
 11
162.9038520505934
 21
146.8506738406377
 31
0.0
100
AcDbText
 73
2
  0
TEXT
  5
3A3
330
17
100
AcDbEntity
  8
PLAT-TABLE
100
AcDbText
 10
207.91244405093005
 20
146.85183404109506
 30
0.0
 40
3.8908696766159334
  1
42.88'
 50
1.310763730535939
  7
PLAT
 72
1
 11
207.91244405093005
 21
146.85183404109506
 31
0.0
100
AcDbText
 73
2
  0
TEXT
  5
3A4
330
17
100
AcDbEntity
  8
PLAT-TABLE
100
AcDbText
 10
253.08360941575546
 20
146.85371044445483
 30
0.0
 40
3.771744540287549
  1
85.24'
 50
0.660989804650967
  7
PLAT
 72
1
 11
253.08360941575546
 21
146.85371044445483
 31
0.0
100
AcDbText
 73
2
  0
TEXT
  5
3A5
330
17
100
AcDbEntity
  8
PLAT-TEXT-LOWCONF
100
AcDbText
 10
298.256771716833
 20
146.84517908537237
 30
0.0
 40
3.795855837440145
  1
$86%%d07'22"E
 50
0.3152359998334191
  7
PLAT
 72
1
 11
298.256771716833
 21
146.84517908537237
 31
0.0
100
AcDbText
 73
2
  0
TEXT
  5
3A6
330
17
100
AcDbEntity
  8
PLAT-TEXT-LOWCONF
100
AcDbText
 10
417.0834082229741
 20
140.81308828118574
 30
0.0
 40
3.652241715944645
  1
87
 50
7.575547921352609
  7
PLAT
 72
1
 11
417.0834082229741
 21
140.81308828118574
 31
0.0
100
AcDbText
 73
2
  0
TEXT
  5
3A7
330
17
100
AcDbEntity
  8
PLAT-TEXT-LOWCONF
100
AcDbText
 10
496.0711601261221
 20
140.79632615222044
 30
0.0
 40
3.289055882370391
  1
NO2%%d24'30"W
 50
0.25989967797420377
  7
PLAT
 72
1
 11
496.0711601261221
 21
140.79632615222044
 31
0.0
100
AcDbText
 73
2
  0
TEXT
  5
3A8
330
17
100
AcDbEntity
  8
PLAT-TEXT-UNASSOC
100
AcDbText
 10
574.933624739823
 20
140.80459025217877
 30
0.0
 40
3.348444446873514
  1
100.00'
 50
0.8047634050771535
  7
PLAT
 72
1
 11
574.933624739823
 21
140.80459025217877
 31
0.0
100
AcDbText
 73
2
  0
TEXT
  5
3A9
330
17
100
AcDbEntity
  8
PLAT-TEXT-MISC
100
AcDbText
 10
625.877970333558
 20
140.7935659158345
 30
0.0
 40
3.4718747515191524
  1
Lot
 50
2.958725972754621
  7
PLAT
 72
1
 11
625.877970333558
 21
140.7935659158345
 31
0.0
100
AcDbText
 73
2
  0
TEXT
  5
3AA
330
17
100
AcDbEntity
  8
PLAT-TEXT-LOWCONF
100
AcDbText
 10
638.0932602818847
 20
140.5437853979307
 30
0.0
 40
3.6580615820418783
  1
3312
 50
359.7340596186411
  7
PLAT
 72
1
 11
638.0932602818847
 21
140.5437853979307
 31
0.0
100
AcDbText
 73
2
  0
TEXT
  5
3AB
330
17
100
AcDbEntity
  8
PLAT-TEXT-MISC
100
AcDbText
 10
666.4287228761909
 20
140.37118351263646
 30
0.0
 40
4.289495425585825
  1
Dividing Line (P
 50
0.11178666867039055
  7
PLAT
 72
1
 11
666.4287228761909
 21
140.37118351263646
 31
0.0
100
AcDbText
 73
2
  0
TEXT
  5
3AC
330
17
100
AcDbEntity
  8
PLAT-TEXT-LOWCONF
100
AcDbText
 10
776.4981686293058
 20
140.8809801089645
 30
0.0
 40
5.111391865725019
  1
Lot 7
 50
7.231420957410251
  7
PLAT
 72
1
 11
776.4981686293058
 21
140.8809801089645
 31
0.0
100
AcDbText
 73
2
  0
TEXT
  5
3AD
330
17
100
AcDbEntity
  8
PLAT-TEXT-UNASSOC
100
AcDbText
 10
828.8916879198688
 20
140.7985595321563
 30
0.0
 40
3.5542619816643435
  1
350.00'
 50
0.35627777806007543
  7
PLAT
 72
1
 11
828.8916879198688
 21
140.7985595321563
 31
0.0
100
AcDbText
 73
2
  0
TEXT
  5
3AE
330
17
100
AcDbEntity
  8
PLAT-TEXT-MISC
100
AcDbText
 10
881.6801403427352
 20
140.78586857838545
 30
0.0
 40
4.011255265411454
  1
7,500.0
 50
357.91644230112263
  7
PLAT
 72
1
 11
881.6801403427352
 21
140.78586857838545
 31
0.0
100
AcDbText
 73
2
  0
TEXT
  5
3AF
330
17
100
AcDbEntity
  8
PLAT-TEXT-MISC
100
AcDbText
 10
934.2326337477639
 20
140.79001120337577
 30
0.0
 40
3.5876258843234408
  1
0.172
 50
0.5994834472977573
  7
PLAT
 72
1
 11
934.2326337477639
 21
140.79001120337577
 31
0.0
100
AcDbText
 73
2
  0
TEXT
  5
3B0
330
17
100
AcDbEntity
  8
PLAT-TEXT-MISC
100
AcDbText
 10
986.7968140793683
 20
140.80272976649331
 30
0.0
 40
3.6772699330877447
  1
0.00000'
 50
0.739281656360788
  7
PLAT
 72
1
 11
986.7968140793683
 21
140.80272976649331
 31
0.0
100
AcDbText
 73
2
  0
TEXT
  5
3B1
330
17
100
AcDbEntity
  8
PLAT-TEXT-MISC
100
AcDbText
 10
1039.5052982581437
 20
140.77546598624465
 30
0.0
 40
3.811238194871687
  1
PASS
 50
357.87424218421273
  7
PLAT
 72
1
 11
1039.5052982581437
 21
140.77546598624465
 31
0.0
100
AcDbText
 73
2
  0
TEXT
  5
3B2
330
17
100
AcDbEntity
  8
PLAT-TEXT-CURVE
100
AcDbText
 10
27.725405031134756
 20
134.92680480270653
 30
0.0
 40
3.7429438646574975
  1
c4
 50
358.42925525117374
  7
PLAT
 72
1
 11
27.725405031134756
 21
134.92680480270653
 31
0.0
100
AcDbText
 73
2
  0
TEXT
  5
3B3
330
17
100
AcDbEntity
  8
PLAT-TEXT-LOWCONF
100
AcDbText
 10
67.6194217255757
 20
134.92608300596757
 30
0.0
 40
3.7810503483427635
  1
389,
 50
1.1839322113201547
  7
PLAT
 72
1
 11
67.6194217255757
 21
134.92608300596757
 31
0.0
100
AcDbText
 73
2
  0
TEXT
  5
3B4
330
17
100
AcDbEntity
  8
PLAT-TEXT-LOWCONF
100
AcDbText
 10
78.00878586300564
 20
135.1053451396737
 30
0.0
 40
4.722249902453084
  1
1.27,
 50
18.881463163447677
  7
PLAT
 72
1
 11
78.00878586300564
 21
135.1053451396737
 31
0.0
100
AcDbText
 73
2
  0
TEXT
  5
3B5
330
17
100
AcDbEntity
  8
PLAT-TEXT-LOWCONF
100
AcDbText
 10
117.94544115050343
 20
134.96620467983735
 30
0.0
 40
4.178884365752877
  1
12%%d34'17"
 50
1.554956648593702
  7
PLAT
 72
1
 11
117.94544115050343
 21
134.96620467983735
 31
0.0
100
AcDbText
 73
2
  0
TEXT
  5
3B6
330
17
100
AcDbEntity
  8
PLAT-TABLE
100
AcDbText
 10
162.90205979153308
 20
134.91887833680735
 30
0.0
 40
3.6763918514746754
  1
85.41'
 50
0.20274353735004524
  7
PLAT
 72
1
 11
162.90205979153308
 21
134.91887833680735
 31
0.0
100
AcDbText
 73
2
  0
TEXT
  5
3B7
330
17
100
AcDbEntity
  8
PLAT-TABLE
100
AcDbText
 10
208.00108548266985
 20
134.92874599759654
 30
0.0
 40
3.919459171121385
  1
42.88'
 50
1.4559601520008414
  7
PLAT
 72
1
 11
208.00108548266985
 21
134.92874599759654
 31
0.0
100
AcDbText
 73
2
  0
TEXT
  5
3B8
330
17
100
AcDbEntity
  8
PLAT-TABLE
100
AcDbText
 10
253.08338864776954
 20
134.92406625477722
 30
0.0
 40
3.765949462837066
  1
85.24'
 50
0.6254419924462127
  7
PLAT
 72
1
 11
253.08338864776954
 21
134.92406625477722
 31
0.0
100
AcDbText
 73
2
  0
TEXT
  5
3B9
330
17
100
AcDbEntity
  8
PLAT-TEXT-LOWCONF
100
AcDbText
 10
298.257764286357
 20
134.9180718049935
 30
0.0
 40
3.7170649059100307
  1
$73%%d33'06"E
 50
359.83610915667487
  7
PLAT
 72
1
 11
298.257764286357
 21
134.9180718049935
 31
0.0
100
AcDbText
 73
2
  0
TEXT
  5
3BA
330
17
100
AcDbEntity
  8
PLAT-TEXT-MISC
100
AcDbText
 10
645.637606389731
 20
129.8243131377788
 30
0.0
 40
3.3176329344402093
  1
South
 50
0.05203601308750194
  7
PLAT
 72
1
 11
645.637606389731
 21
129.8243131377788
 31
0.0
100
AcDbText
 73
2
  0
TEXT
  5
3BB
330
17
100
AcDbEntity
  8
PLAT-TEXT-LOWCONF
100
AcDbText
 10
776.4982125123522
 20
129.84535106232295
 30
0.0
 40
3.786130078203763
  1
8 307
 50
2.7747326749585
  7
PLAT
 72
1
 11
776.4982125123522
 21
129.84535106232295
 31
0.0
100
AcDbText
 73
2
  0
TEXT
  5
3BC
330
17
100
AcDbEntity
  8
PLAT-TEXT-UNASSOC
100
AcDbText
 10
828.8911857820102
 20
129.8341975283176
 30
0.0
 40
3.409429538432887
  1
350.00'
 50
0.3903460334062743
  7
PLAT
 72
1
 11
828.8911857820102
 21
129.8341975283176
 31
0.0
100
AcDbText
 73
2
  0
TEXT
  5
3BD
330
17
100
AcDbEntity
  8
PLAT-TEXT-MISC
100
AcDbText
 10
881.6869041039415
 20
129.58674885965578
 30
0.0
 40
4.000439313206126
  1
7,500.0
 50
359.0532972876043
  7
PLAT
 72
1
 11
881.6869041039415
 21
129.58674885965578
 31
0.0
100
AcDbText
 73
2
  0
TEXT
  5
3BE
330
17
100
AcDbEntity
  8
PLAT-TEXT-MISC
100
AcDbText
 10
934.1608420140657
 20
129.82341334310198
 30
0.0
 40
3.508812965584795
  1
0.172
 50
0.9883019601502951
  7
PLAT
 72
1
 11
934.1608420140657
 21
129.82341334310198
 31
0.0
100
AcDbText
 73
2
  0
TEXT
  5
3BF
330
17
100
AcDbEntity
  8
PLAT-TEXT-MISC
100
AcDbText
 10
986.7968421232848
 20
129.8374492553933
 30
0.0
 40
3.528618713814529
  1
0.00000'
 50
0.7430840010250108
  7
PLAT
 72
1
 11
986.7968421232848
 21
129.8374492553933
 31
0.0
100
AcDbText
 73
2
  0
TEXT
  5
3C0
330
17
100
AcDbEntity
  8
PLAT-TEXT-MISC
100
AcDbText
 10
1039.5025265861361
 20
129.8201212945896
 30
0.0
 40
3.678621962602316
  1
PASS
 50
357.898207179909
  7
PLAT
 72
1
 11
1039.5025265861361
 21
129.8201212945896
 31
0.0
100
AcDbText
 73
2
  0
TEXT
  5
3C1
330
17
100
AcDbEntity
  8
PLAT-TEXT-LOWCONF
100
AcDbText
 10
417.0592318323317
 20
129.7913989290382
 30
0.0
 40
3.527261506861451
  1
67
 50
6.105478441009382
  7
PLAT
 72
1
 11
417.0592318323317
 21
129.7913989290382
 31
0.0
100
AcDbText
 73
2
  0
TEXT
  5
3C2
330
17
100
AcDbEntity
  8
PLAT-TEXT-UNASSOC
100
AcDbText
 10
496.0672566688772
 20
129.7418974683908
 30
0.0
 40
3.226822199782889
  1
N87%%d35'30"E
 50
0.14188378061152207
  7
PLAT
 72
1
 11
496.0672566688772
 21
129.7418974683908
 31
0.0
100
AcDbText
 73
2
  0
TEXT
  5
3C3
330
17
100
AcDbEntity
  8
PLAT-TEXT-UNASSOC
100
AcDbText
 10
571.000007866746
 20
129.69652383346926
 30
0.0
 40
3.3808380362901778
  1
89.
 50
356.3881920036898
  7
PLAT
 72
1
 11
571.000007866746
 21
129.69652383346926
 31
0.0
100
AcDbText
 73
2
  0
TEXT
  5
3C4
330
17
100
AcDbEntity
  8
PLAT-TEXT-UNASSOC
100
AcDbText
 10
578.7881569566448
 20
129.7430693174627
 30
0.0
 40
3.1863577209616345
  1
.76'
 50
359.7057240941121
  7
PLAT
 72
1
 11
578.7881569566448
 21
129.7430693174627
 31
0.0
100
AcDbText
 73
2
  0
TEXT
  5
3C5
330
17
100
AcDbEntity
  8
PLAT-TEXT-LOWCONF
100
AcDbText
 10
625.3614950746577
 20
129.74131901894702
 30
0.0
 40
3.3358200633771338
  1
07
 50
1.6663758128290738
  7
PLAT
 72
1
 11
625.3614950746577
 21
129.74131901894702
 31
0.0
100
AcDbText
 73
2
  0
TEXT
  5
3C6
330
17
100
AcDbEntity
  8
PLAT-TEXT-LOWCONF
100
AcDbText
 10
633.7085692815078
 20
129.74099903302056
 30
0.0
 40
3.1887709429495277
  1
32
 50
359.552229132935
  7
PLAT
 72
1
 11
633.7085692815078
 21
129.74099903302056
 31
0.0
100
AcDbText
 73
2
  0
TEXT
  5
3C7
330
17
100
AcDbEntity
  8
PLAT-TEXT-MISC
100
AcDbText
 10
670.4593493557638
 20
129.38317267573382
 30
0.0
 40
4.1058713979211054
  1
St Frontage t
 50
358.6547643272045
  7
PLAT
 72
1
 11
670.4593493557638
 21
129.38317267573382
 31
0.0
100
AcDbText
 73
2
  0
TEXT
  5
3C8
330
17
100
AcDbEntity
  8
PLAT-TEXT-CURVE
100
AcDbText
 10
27.636467845444372
 20
123.16872036314837
 30
0.0
 40
3.694643068490912
  1
C5
 50
359.17985326257417
  7
PLAT
 72
1
 11
27.636467845444372
 21
123.16872036314837
 31
0.0
100
AcDbText
 73
2
  0
TEXT
  5
3C9
330
17
100
AcDbEntity
  8
PLAT-TEXT-UNASSOC
100
AcDbText
 10
72.72367675114032
 20
123.2012016044759
 30
0.0
 40
4.121762410624371
  1
389.27'
 50
1.9410436339991293
  7
PLAT
 72
1
 11
72.72367675114032
 21
123.2012016044759
 31
0.0
100
AcDbText
 73
2
  0
TEXT
  5
3CA
330
17
100
AcDbEntity
  8
PLAT-TEXT-LOWCONF
100
AcDbText
 10
117.94376396035301
 20
123.20716154696146
 30
0.0
 40
4.177504145471276
  1
12%%d34'17"
 50
1.5757676870519504
  7
PLAT
 72
1
 11
117.94376396035301
 21
123.20716154696146
 31
0.0
100
AcDbText
 73
2
  0
TEXT
  5
3CB
330
17
100
AcDbEntity
  8
PLAT-TABLE
100
AcDbText
 10
162.9038520505934
 20
123.16557831748275
 30
0.0
 40
3.7401922335455176
  1
85.41'
 50
0.49886610817861765
  7
PLAT
 72
1
 11
162.9038520505934
 21
123.16557831748275
 31
0.0
100
AcDbText
 73
2
  0
TEXT
  5
3CC
330
17
100
AcDbEntity
  8
PLAT-TABLE
100
AcDbText
 10
207.91244405093005
 20
123.1667385179401
 30
0.0
 40
3.8908696766159334
  1
42.88'
 50
1.310763730535939
  7
PLAT
 72
1
 11
207.91244405093005
 21
123.1667385179401
 31
0.0
100
AcDbText
 73
2
  0
TEXT
  5
3CD
330
17
100
AcDbEntity
  8
PLAT-TABLE
100
AcDbText
 10
253.08360941575546
 20
123.16861492129988
 30
0.0
 40
3.771744540287549
  1
85.24'
 50
0.660989804650967
  7
PLAT
 72
1
 11
253.08360941575546
 21
123.16861492129988
 31
0.0
100
AcDbText
 73
2
  0
TEXT
  5
3CE
330
17
100
AcDbEntity
  8
PLAT-TEXT-LOWCONF
100
AcDbText
 10
298.2567741754501
 20
123.15986962272044
 30
0.0
 40
3.8104032658522025
  1
$60%%d58'49"E
 50
0.3431846550132036
  7
PLAT
 72
1
 11
298.2567741754501
 21
123.15986962272044
 31
0.0
100
AcDbText
 73
2
  0
TEXT
  5
3CF
330
17
100
AcDbEntity
  8
PLAT-TEXT-MISC
100
AcDbText
 10
666.337088348118
 20
118.49687235901399
 30
0.0
 40
4.416320597584507
  1
Dividing Line (a
 50
359.43847270317525
  7
PLAT
 72
1
 11
666.337088348118
 21
118.49687235901399
 31
0.0
100
AcDbText
 73
2
  0
TEXT
  5
3D0
330
17
100
AcDbEntity
  8
PLAT-TEXT-LOWCONF
100
AcDbText
 10
776.4646722673696
 20
118.88886166037287
 30
0.0
 40
4.454776852494622
  1
Lot 33
 50
2.539633764690109
  7
PLAT
 72
1
 11
776.4646722673696
 21
118.88886166037287
 31
0.0
100
AcDbText
 73
2
  0
TEXT
  5
3D1
330
17
100
AcDbEntity
  8
PLAT-TEXT-UNASSOC
100
AcDbText
 10
828.8939608727616
 20
118.88077052152684
 30
0.0
 40
3.738777717500869
  1
376.27'
 50
1.205224393696028
  7
PLAT
 72
1
 11
828.8939608727616
 21
118.88077052152684
 31
0.0
100
AcDbText
 73
2
  0
TEXT
  5
3D2
330
17
100
AcDbEntity
  8
PLAT-TEXT-MISC
100
AcDbText
 10
881.6188907728226
 20
118.66031435356109
 30
0.0
 40
3.9649505792108783
  1
9,215.9
 50
0.4905235970749118
  7
PLAT
 72
1
 11
881.6188907728226
 21
118.66031435356109
 31
0.0
100
AcDbText
 73
2
  0
TEXT
  5
3D3
330
17
100
AcDbEntity
  8
PLAT-TEXT-MISC
100
AcDbText
 10
934.2505376956095
 20
118.86401626218742
 30
0.0
 40
3.6204501159899527
  1
0.212
 50
359.16660160816633
  7
PLAT
 72
1
 11
934.2505376956095
 21
118.86401626218742
 31
0.0
100
AcDbText
 73
2
  0
TEXT
  5
3D4
330
17
100
AcDbEntity
  8
PLAT-TEXT-MISC
100
AcDbText
 10
986.7968140793683
 20
118.87208576357204
 30
0.0
 40
3.6772699330877447
  1
0.00000'
 50
0.739281656360788
  7
PLAT
 72
1
 11
986.7968140793683
 21
118.87208576357204
 31
0.0
100
AcDbText
 73
2
  0
TEXT
  5
3D5
330
17
100
AcDbEntity
  8
PLAT-TEXT-MISC
100
AcDbText
 10
1039.5052982581437
 20
118.84482198332338
 30
0.0
 40
3.811238194871687
  1
PASS
 50
357.87424218421273
  7
PLAT
 72
1
 11
1039.5052982581437
 21
118.84482198332338
 31
0.0
100
AcDbText
 73
2
  0
TEXT
  5
3D6
330
17
100
AcDbEntity
  8
PLAT-TEXT-MISC
100
AcDbText
 10
417.17004703622035
 20
118.88309912541007
 30
0.0
 40
3.5552994377398224
  1
L10
 50
3.482368216308714
  7
PLAT
 72
1
 11
417.17004703622035
 21
118.88309912541007
 31
0.0
100
AcDbText
 73
2
  0
TEXT
  5
3D7
330
17
100
AcDbEntity
  8
PLAT-TEXT-LOWCONF
100
AcDbText
 10
496.0711601261221
 20
118.86568214929918
 30
0.0
 40
3.289055882370391
  1
NO2%%d24'30"W
 50
0.25989967797420377
  7
PLAT
 72
1
 11
496.0711601261221
 21
118.86568214929918
 31
0.0
100
AcDbText
 73
2
  0
TEXT
  5
3D8
330
17
100
AcDbEntity
  8
PLAT-TEXT-UNASSOC
100
AcDbText
 10
574.933624739823
 20
118.87394624925747
 30
0.0
 40
3.348444446873514
  1
100.00'
 50
0.8047634050771535
  7
PLAT
 72
1
 11
574.933624739823
 21
118.87394624925747
 31
0.0
100
AcDbText
 73
2
  0
TEXT
  5
3D9
330
17
100
AcDbEntity
  8
PLAT-TEXT-LOWCONF
100
AcDbText
 10
625.877970333558
 20
118.86292191291324
 30
0.0
 40
3.4718747515191524
  1
}07
 50
2.9587259727545643
  7
PLAT
 72
1
 11
625.877970333558
 21
118.86292191291324
 31
0.0
100
AcDbText
 73
2
  0
TEXT
  5
3DA
330
17
100
AcDbEntity
  8
PLAT-TEXT-MISC
100
AcDbText
 10
638.1813774394205
 20
118.60635593375127
 30
0.0
 40
3.643845282328271
  1
32/31
 50
359.87765010665686
  7
PLAT
 72
1
 11
638.1813774394205
 21
118.60635593375127
 31
0.0
100
AcDbText
 73
2
  0
TEXT
  5
3DB
330
17
100
AcDbEntity
  8
PLAT-TEXT-CURVE
100
AcDbText
 10
27.64790869152654
 20
111.25324618822427
 30
0.0
 40
3.8039886556465867
  1
C6
 50
357.6446621176386
  7
PLAT
 72
1
 11
27.64790869152654
 21
111.25324618822427
 31
0.0
100
AcDbText
 73
2
  0
TEXT
  5
3DC
330
17
100
AcDbEntity
  8
PLAT-TEXT-UNASSOC
100
AcDbText
 10
72.72117516662809
 20
111.263171820776
 30
0.0
 40
3.9647684344911234
  1
25.00'
 50
1.5555284646774794
  7
PLAT
 72
1
 11
72.72117516662809
 21
111.263171820776
 31
0.0
100
AcDbText
 73
2
  0
TEXT
  5
3DD
330
17
100
AcDbEntity
  8
PLAT-TEXT-LOWCONF
100
AcDbText
 10
117.81799287902993
 20
111.23990048490771
 30
0.0
 40
3.750775072352265
  1
90%%d00'00"
 50
0.33248998586651624
  7
PLAT
 72
1
 11
117.81799287902993
 21
111.23990048490771
 31
0.0
100
AcDbText
 73
2
  0
TEXT
  5
3DE
330
17
100
AcDbEntity
  8
PLAT-TEXT-UNASSOC
100
AcDbText
 10
157.77254066263072
 20
111.25443439365426
 30
0.0
 40
3.854911224401128
  1
39.
 50
3.19182150915384
  7
PLAT
 72
1
 11
157.77254066263072
 21
111.25443439365426
 31
0.0
100
AcDbText
 73
2
  0
TEXT
  5
3DF
330
17
100
AcDbEntity
  8
PLAT-TABLE
100
AcDbText
 10
166.4343801336115
 20
111.41864095815345
 30
0.0
 40
4.713594942570064
  1
1.27,
 50
18.692080817538738
  7
PLAT
 72
1
 11
166.4343801336115
 21
111.41864095815345
 31
0.0
100
AcDbText
 73
2
  0
TEXT
  5
3E0
330
17
100
AcDbEntity
  8
PLAT-TABLE
100
AcDbText
 10
207.98938077628526
 20
111.26329302091403
 30
0.0
 40
3.9660687939897774
  1
25.00'
 50
1.5616268387785226
  7
PLAT
 72
1
 11
207.98938077628526
 21
111.26329302091403
 31
0.0
100
AcDbText
 73
2
  0
TEXT
  5
3E1
330
17
100
AcDbEntity
  8
PLAT-TABLE
100
AcDbText
 10
253.08057291822502
 20
111.2442318968292
 30
0.0
 40
3.7845192255394813
  1
35.36'
 50
0.7121206844398671
  7
PLAT
 72
1
 11
253.08057291822502
 21
111.2442318968292
 31
0.0
100
AcDbText
 73
2
  0
TEXT
  5
3E2
330
17
100
AcDbEntity
  8
PLAT-TEXT-UNASSOC
100
AcDbText
 10
298.3444810157409
 20
111.23222638281666
 30
0.0
 40
3.7337629221769055
  1
N80%%d18'20"E
 50
0.18992923635403258
  7
PLAT
 72
1
 11
298.3444810157409
 21
111.23222638281666
 31
0.0
100
AcDbText
 73
2
  0
TEXT
  5
3E3
330
17
100
AcDbEntity
  8
PLAT-TEXT-MISC
100
AcDbText
 10
417.0091724632297
 20
107.8106610571628
 30
0.0
 40
3.274310209554937
  1
LAL
 50
0.9204776100617096
  7
PLAT
 72
1
 11
417.0091724632297
 21
107.8106610571628
 31
0.0
100
AcDbText
 73
2
  0
TEXT
  5
3E4
330
17
100
AcDbEntity
  8
PLAT-TEXT-LOWCONF
100
AcDbText
 10
496.07141561237023
 20
107.8115460044441
 30
0.0
 40
3.237551404175829
  1
$10%%d36'36"W
 50
0.16308376745809028
  7
PLAT
 72
1
 11
496.07141561237023
 21
107.8115460044441
 31
0.0
100
AcDbText
 73
2
  0
TEXT
  5
3E5
330
17
100
AcDbEntity
  8
PLAT-TEXT-UNASSOC
100
AcDbText
 10
574.9335556591968
 20
107.82233250816768
 30
0.0
 40
3.421656588721802
  1
112.21'
 50
1.0533527168635146
  7
PLAT
 72
1
 11
574.9335556591968
 21
107.82233250816768
 31
0.0
100
AcDbText
 73
2
  0
TEXT
  5
3E6
330
17
100
AcDbEntity
  8
PLAT-TEXT-MISC
100
AcDbText
 10
629.0465268577312
 20
107.81071375305231
 30
0.0
 40
3.3263434351946506
  1
Lot
 50
1.5769354249129037
  7
PLAT
 72
1
 11
629.0465268577312
 21
107.81071375305231
 31
0.0
100
AcDbText
 73
2
  0
TEXT
  5
3E7
330
17
100
AcDbEntity
  8
PLAT-TEXT-MISC
100
AcDbText
 10
658.5409217844671
 20
107.45685245492166
 30
0.0
 40
4.194749112179737
  1
31/30 Dividing Line
 50
359.29235411115155
  7
PLAT
 72
1
 11
658.5409217844671
 21
107.45685245492166
 31
0.0
100
AcDbText
 73
2
  0
TEXT
  5
3E8
330
17
100
AcDbEntity
  8
PLAT-TEXT-LOWCONF
100
AcDbText
 10
776.4235449639606
 20
107.89846203504493
 30
0.0
 40
4.17922807601005
  1
Lot 32
 50
1.955586653101875
  7
PLAT
 72
1
 11
776.4235449639606
 21
107.89846203504493
 31
0.0
100
AcDbText
 73
2
  0
TEXT
  5
3E9
330
17
100
AcDbEntity
  8
PLAT-TEXT-UNASSOC
100
AcDbText
 10
828.8923272017458
 20
107.89961140422105
 30
0.0
 40
3.391716249095568
  1
3719.52
 50
359.7220262257912
  7
PLAT
 72
1
 11
828.8923272017458
 21
107.89961140422105
 31
0.0
100
AcDbText
 73
2
  0
TEXT
  5
3EA
330
17
100
AcDbEntity
  8
PLAT-TEXT-MISC
100
AcDbText
 10
881.6122302319208
 20
107.65052323951488
 30
0.0
 40
3.7949788911404974
  1
8,976.0
 50
0.12182608832569031
  7
PLAT
 72
1
 11
881.6122302319208
 21
107.65052323951488
 31
0.0
100
AcDbText
 73
2
  0
TEXT
  5
3EB
330
17
100
AcDbEntity
  8
PLAT-TEXT-LOWCONF
100
AcDbText
 10
934.3312680943499
 20
107.89876397461313
 30
0.0
 40
3.3419726926170634
  1
9079
 50
0.13708936545140205
  7
PLAT
 72
1
 11
934.3312680943499
 21
107.89876397461313
 31
0.0
100
AcDbText
 73
2
  0
TEXT
  5
3EC
330
17
100
AcDbEntity
  8
PLAT-TEXT-MISC
100
AcDbText
 10
986.7968421232848
 20
107.90680525247205
 30
0.0
 40
3.528618713814529
  1
0.00000'
 50
0.7430840010250108
  7
PLAT
 72
1
 11
986.7968421232848
 21
107.90680525247205
 31
0.0
100
AcDbText
 73
2
  0
TEXT
  5
3ED
330
17
100
AcDbEntity
  8
PLAT-TEXT-MISC
100
AcDbText
 10
1039.5025265861361
 20
107.88947729166836
 30
0.0
 40
3.678621962602316
  1
PASS
 50
357.898207179909
  7
PLAT
 72
1
 11
1039.5025265861361
 21
107.88947729166836
 31
0.0
100
AcDbText
 73
2
  0
TEXT
  5
3EE
330
17
100
AcDbEntity
  8
PLAT-TEXT-LOWCONF
100
AcDbText
 10
117.81141958369301
 20
99.47740119725086
 30
0.0
 40
3.6317146468837618
  1
23%%d37'15"
  7
PLAT
 72
1
 11
117.81141958369301
 21
99.47740119725086
 31
0.0
100
AcDbText
 73
2
  0
TEXT
  5
3EF
330
17
100
AcDbEntity
  8
PLAT-TEXT-UNASSOC
100
AcDbText
 10
257.55348317030735
 20
99.47740119725086
 30
0.0
 40
3.6317146468837618
  1
75'
  7
PLAT
 72
1
 11
257.55348317030735
 21
99.47740119725086
 31
0.0
100
AcDbText
 73
2
  0
TEXT
  5
3F0
330
17
100
AcDbEntity
  8
PLAT-TEXT-MISC
100
AcDbText
 10
417.09957144312665
 20
96.93215147635846
 30
0.0
 40
3.584137948333625
  1
L12
 50
3.482908855380856
  7
PLAT
 72
1
 11
417.09957144312665
 21
96.93215147635846
 31
0.0
100
AcDbText
 73
2
  0
TEXT
  5
3F1
330
17
100
AcDbEntity
  8
PLAT-TEXT-LOWCONF
100
AcDbText
 10
496.0714558324653
 20
96.93344744164489
 30
0.0
 40
3.2488702161076306
  1
$19%%d20'32"W
 50
0.18842551490661208
  7
PLAT
 72
1
 11
496.0714558324653
 21
96.93344744164489
 31
0.0
100
AcDbText
 73
2
  0
TEXT
  5
3F2
330
17
100
AcDbEntity
  8
PLAT-TEXT-LOWCONF
100
AcDbText
 10
570.2810705756963
 20
96.96779932249501
 30
0.0
 40
3.7182219941696437
  1
147,
 50
5.645841938523404
  7
PLAT
 72
1
 11
570.2810705756963
 21
96.96779932249501
 31
0.0
100
AcDbText
 73
2
  0
TEXT
  5
3F3
330
17
100
AcDbEntity
  8
PLAT-TEXT-LOWCONF
100
AcDbText
 10
579.6432318206021
 20
97.02782955709324
 30
0.0
 40
3.9227240273121176
  1
737
 50
16.27255177041718
  7
PLAT
 72
1
 11
579.6432318206021
 21
97.02782955709324
 31
0.0
100
AcDbText
 73
2
  0
TEXT
  5
3F4
330
17
100
AcDbEntity
  8
PLAT-TEXT-LOWCONF
100
AcDbText
 10
625.877970333558
 20
96.93227790999197
 30
0.0
 40
3.4718747515191524
  1
}07
 50
2.9587259727545643
  7
PLAT
 72
1
 11
625.877970333558
 21
96.93227790999197
 31
0.0
100
AcDbText
 73
2
  0
TEXT
  5
3F5
330
17
100
AcDbEntity
  8
PLAT-TEXT-MISC
100
AcDbText
 10
658.5268958860032
 20
96.5289646131331
 30
0.0
 40
4.2125350177640435
  1
30/29 Dividing Line to
 50
359.4437307235862
  7
PLAT
 72
1
 11
658.5268958860032
 21
96.5289646131331
 31
0.0
100
AcDbText
 73
2
  0
TEXT
  5
3F6
330
17
100
AcDbEntity
  8
PLAT-TEXT-LOWCONF
100
AcDbText
 10
776.3895558000295
 20
96.93227657032924
 30
0.0
 40
4.254803027444556
  1
Lot 31
 50
1.559778386428377
  7
PLAT
 72
1
 11
776.3895558000295
 21
96.93227657032924
 31
0.0
100
AcDbText
 73
2
  0
TEXT
  5
3F7
330
17
100
AcDbEntity
  8
PLAT-TEXT-UNASSOC
100
AcDbText
 10
828.8940866955907
 20
96.93786891759493
 30
0.0
 40
3.596850022558796
  1
407.63'
 50
0.5731507458741021
  7
PLAT
 72
1
 11
828.8940866955907
 21
96.93786891759493
 31
0.0
100
AcDbText
 73
2
  0
TEXT
  5
3F8
330
17
100
AcDbEntity
  8
PLAT-TEXT-LOWCONF
100
AcDbText
 10
880.1200928076089
 20
96.67374075581915
 30
0.0
 40
3.963394415600814
  1
10,382.
 50
359.8869736184165
  7
PLAT
 72
1
 11
880.1200928076089
 21
96.67374075581915
 31
0.0
100
AcDbText
 73
2
  0
TEXT
  5
3F9
330
17
100
AcDbEntity
  8
PLAT-TEXT-LOWCONF
100
AcDbText
 10
891.1736497027085
 20
96.93344649291203
 30
0.0
 40
3.859793344514143
  1
7
  7
PLAT
 72
1
 11
891.1736497027085
 21
96.93344649291203
 31
0.0
100
AcDbText
 73
2
  0
TEXT
  5
3FA
330
17
100
AcDbEntity
  8
PLAT-TEXT-MISC
100
AcDbText
 10
934.2461354825334
 20
96.93345209436194
 30
0.0
 40
3.5544610908758627
  1
0.238
 50
0.4578484992547942
  7
PLAT
 72
1
 11
934.2461354825334
 21
96.93345209436194
 31
0.0
100
AcDbText
 73
2
  0
TEXT
  5
3FB
330
17
100
AcDbEntity
  8
PLAT-TEXT-MISC
100
AcDbText
 10
986.7968140793683
 20
96.94144176065078
 30
0.0
 40
3.6772699330877447
  1
0.00000'
 50
0.739281656360788
  7
PLAT
 72
1
 11
986.7968140793683
 21
96.94144176065078
 31
0.0
100
AcDbText
 73
2
  0
TEXT
  5
3FC
330
17
100
AcDbEntity
  8
PLAT-TEXT-MISC
100
AcDbText
 10
1039.5052982581437
 20
96.91417798040209
 30
0.0
 40
3.811238194871687
  1
PASS
 50
357.87424218421273
  7
PLAT
 72
1
 11
1039.5052982581437
 21
96.91417798040209
 31
0.0
100
AcDbText
 73
2
  0
TEXT
  5
3FD
330
17
100
AcDbEntity
  8
PLAT-TEXT-MISC
100
AcDbText
 10
653.8829991168672
 20
85.49789693340529
 30
0.0
 40
4.2847495968369005
  1
Lot 29 South Frontage from
 50
359.8378556036063
  7
PLAT
 72
1
 11
653.8829991168672
 21
85.49789693340529
 31
0.0
100
AcDbText
 73
2
  0
TEXT
  5
3FE
330
17
100
AcDbEntity
  8
PLAT-TEXT-LOWCONF
100
AcDbText
 10
776.5027490323245
 20
85.98104142169706
 30
0.0
 40
4.225098009383367
  1
Lot 30
 50
2.2187265305271353
  7
PLAT
 72
1
 11
776.5027490323245
 21
85.98104142169706
 31
0.0
100
AcDbText
 73
2
  0
TEXT
  5
3FF
330
17
100
AcDbEntity
  8
PLAT-TEXT-UNASSOC
100
AcDbText
 10
828.8937959711755
 20
85.97055143808853
 30
0.0
 40
3.4337596434082087
  1
455.00'
 50
0.5220710490205533
  7
PLAT
 72
1
 11
828.8937959711755
 21
85.97055143808853
 31
0.0
100
AcDbText
 73
2
  0
TEXT
  5
400
330
17
100
AcDbEntity
  8
PLAT-TEXT-MISC
100
AcDbText
 10
881.7769066839819
 20
85.77717115293763
 30
0.0
 40
3.8434038620253834
  1
12,419.3
 50
0.5760186285735358
  7
PLAT
 72
1
 11
881.7769066839819
 21
85.77717115293763
 31
0.0
100
AcDbText
 73
2
  0
TEXT
  5
401
330
17
100
AcDbEntity
  8
PLAT-TEXT-MISC
100
AcDbText
 10
934.2387730754941
 20
85.96900260629724
 30
0.0
 40
3.4303247359837155
  1
0.285
 50
0.6206465236489294
  7
PLAT
 72
1
 11
934.2387730754941
 21
85.96900260629724
 31
0.0
100
AcDbText
 73
2
  0
TEXT
  5
402
330
17
100
AcDbEntity
  8
PLAT-TEXT-MISC
100
AcDbText
 10
986.7968421232848
 20
85.97616124955078
 30
0.0
 40
3.528618713814529
  1
0.00000'
 50
0.7430840010250108
  7
PLAT
 72
1
 11
986.7968421232848
 21
85.97616124955078
 31
0.0
100
AcDbText
 73
2
  0
TEXT
  5
403
330
17
100
AcDbEntity
  8
PLAT-TEXT-MISC
100
AcDbText
 10
1039.5025265861361
 20
85.95883328874709
 30
0.0
 40
3.678621962602316
  1
PASS
 50
357.898207179909
  7
PLAT
 72
1
 11
1039.5025265861361
 21
85.95883328874709
 31
0.0
100
AcDbText
 73
2
  0
TEXT
  5
404
330
17
100
AcDbEntity
  8
PLAT-TEXT-MISC
100
AcDbText
 10
417.0243830675781
 20
85.89605603683259
 30
0.0
 40
3.4579839394647176
  1
L13
 50
2.619605032295908
  7
PLAT
 72
1
 11
417.0243830675781
 21
85.89605603683259
 31
0.0
100
AcDbText
 73
2
  0
TEXT
  5
405
330
17
100
AcDbEntity
  8
PLAT-TEXT-UNASSOC
100
AcDbText
 10
496.0619976921988
 20
85.88085795864902
 30
0.0
 40
3.31929877109624
  1
N42%%d48'20"E
 50
0.3326299889629354
  7
PLAT
 72
1
 11
496.0619976921988
 21
85.88085795864902
 31
0.0
100
AcDbText
 73
2
  0
TEXT
  5
406
330
17
100
AcDbEntity
  8
PLAT-TEXT-UNASSOC
100
AcDbText
 10
574.8470127117978
 20
85.89155066619668
 30
0.0
 40
3.3000828610637107
  1
51.68'
 50
0.7273327303532824
  7
PLAT
 72
1
 11
574.8470127117978
 21
85.89155066619668
 31
0.0
100
AcDbText
 73
2
  0
TEXT
  5
407
330
17
100
AcDbEntity
  8
PLAT-TEXT-MISC
100
AcDbText
 10
654.0554938028682
 20
74.62117889851964
 30
0.0
 40
4.308143173582178
  1
Lot 29/28 Dividing Line fr
 50
359.8388965124391
  7
PLAT
 72
1
 11
654.0554938028682
 21
74.62117889851964
 31
0.0
100
AcDbText
 73
2
  0
TEXT
  5
408
330
17
100
AcDbEntity
  8
PLAT-TEXT-LOWCONF
100
AcDbText
 10
776.4949243167376
 20
75.03354679668922
 30
0.0
 40
4.461374173716405
  1
Lot 29
 50
2.60222670904119
  7
PLAT
 72
1
 11
776.4949243167376
 21
75.03354679668922
 31
0.0
100
AcDbText
 73
2
  0
TEXT
  5
409
330
17
100
AcDbEntity
  8
PLAT-TEXT-UNASSOC
100
AcDbText
 10
828.9032214269231
 20
75.02336048090228
 30
0.0
 40
3.934853475186316
  1
490.47'
 50
2.1845172380761824
  7
PLAT
 72
1
 11
828.9032214269231
 21
75.02336048090228
 31
0.0
100
AcDbText
 73
2
  0
TEXT
  5
40A
330
17
100
AcDbEntity
  8
PLAT-TEXT-MISC
100
AcDbText
 10
881.7851369176022
 20
74.98000840524838
 30
0.0
 40
4.110895200602115
  1
13,578.7
 50
1.9381246487952808
  7
PLAT
 72
1
 11
881.7851369176022
 21
74.98000840524838
 31
0.0
100
AcDbText
 73
2
  0
TEXT
  5
40B
330
17
100
AcDbEntity
  8
PLAT-TEXT-MISC
100
AcDbText
 10
934.2515162790946
 20
75.00269704718602
 30
0.0
 40
3.648496612229272
  1
0.312
 50
359.0067303248892
  7
PLAT
 72
1
 11
934.2515162790946
 21
75.00269704718602
 31
0.0
100
AcDbText
 73
2
  0
TEXT
  5
40C
330
17
100
AcDbEntity
  8
PLAT-TEXT-MISC
100
AcDbText
 10
986.7968140793683
 20
75.0107977577295
 30
0.0
 40
3.6772699330877447
  1
0.00000'
 50
0.739281656360788
  7
PLAT
 72
1
 11
986.7968140793683
 21
75.0107977577295
 31
0.0
100
AcDbText
 73
2
  0
TEXT
  5
40D
330
17
100
AcDbEntity
  8
PLAT-TEXT-MISC
100
AcDbText
 10
1039.5052982581437
 20
74.98353397748087
 30
0.0
 40
3.811238194871687
  1
PASS
 50
357.87424218421273
  7
PLAT
 72
1
 11
1039.5052982581437
 21
74.98353397748087
 31
0.0
100
AcDbText
 73
2
  0
TEXT
  5
40E
330
17
100
AcDbEntity
  8
PLAT-TEXT-MISC
100
AcDbText
 10
417.13626722866724
 20
75.0147780326891
 30
0.0
 40
3.577303464690103
  1
L14
 50
3.590261938396111
  7
PLAT
 72
1
 11
417.13626722866724
 21
75.0147780326891
 31
0.0
100
AcDbText
 73
2
  0
TEXT
  5
40F
330
17
100
AcDbEntity
  8
PLAT-TEXT-LOWCONF
100
AcDbText
 10
495.9838350013295
 20
75.00089456604286
 30
0.0
 40
3.2741646605137538
  1
$35%%dO1'42"E
 50
0.2494515047128516
  7
PLAT
 72
1
 11
495.9838350013295
 21
75.00089456604286
 31
0.0
100
AcDbText
 73
2
  0
TEXT
  5
410
330
17
100
AcDbEntity
  8
PLAT-TEXT-UNASSOC
100
AcDbText
 10
571.075785490772
 20
74.96197914406577
 30
0.0
 40
3.424535846331156
  1
166.
 50
357.78296091545326
  7
PLAT
 72
1
 11
571.075785490772
 21
74.96197914406577
 31
0.0
100
AcDbText
 73
2
  0
TEXT
  5
411
330
17
100
AcDbEntity
  8
PLAT-TEXT-LOWCONF
100
AcDbText
 10
580.3618916100673
 20
75.00558584868685
 30
0.0
 40
3.2140276372761485
  1
13
 50
359.41765340917624
  7
PLAT
 72
1
 11
580.3618916100673
 21
75.00558584868685
 31
0.0
100
AcDbText
 73
2
  0
TEXT
  5
412
330
17
100
AcDbEntity
  8
PLAT-TEXT-MISC
100
AcDbText
 10
416.9969697776269
 20
63.96991403358362
 30
0.0
 40
3.478083435454425
  1
LAS
 50
2.8671350206299167
  7
PLAT
 72
1
 11
416.9969697776269
 21
63.96991403358362
 31
0.0
100
AcDbText
 73
2
  0
TEXT
  5
413
330
17
100
AcDbEntity
  8
PLAT-TEXT-LOWCONF
100
AcDbText
 10
495.9839967090331
 20
63.948135571903094
 30
0.0
 40
3.324754287894021
  1
$23%%d01'43"E
 50
0.3539470649765235
  7
PLAT
 72
1
 11
495.9839967090331
 21
63.948135571903094
 31
0.0
100
AcDbText
 73
2
  0
TEXT
  5
414
330
17
100
AcDbEntity
  8
PLAT-TEXT-UNASSOC
100
AcDbText
 10
574.9334895973668
 20
63.96524724425916
 30
0.0
 40
3.4029341555677113
  1
116.36'
 50
1.0118921970504857
  7
PLAT
 72
1
 11
574.9334895973668
 21
63.96524724425916
 31
0.0
100
AcDbText
 73
2
  0
TEXT
  5
415
330
17
100
AcDbEntity
  8
PLAT-TEXT-LOWCONF
100
AcDbText
 10
629.0465268577312
 20
63.94942574720977
 30
0.0
 40
3.3263434351946506
  1
307
 50
1.5769354249129037
  7
PLAT
 72
1
 11
629.0465268577312
 21
63.94942574720977
 31
0.0
100
AcDbText
 73
2
  0
TEXT
  5
416
330
17
100
AcDbEntity
  8
PLAT-TEXT-MISC
100
AcDbText
 10
658.5233981085325
 20
63.597628931443865
 30
0.0
 40
4.193245164656266
  1
28/27 Dividing Line
 50
359.2769041454604
  7
PLAT
 72
1
 11
658.5233981085325
 21
63.597628931443865
 31
0.0
100
AcDbText
 73
2
  0
TEXT
  5
417
330
17
100
AcDbEntity
  8
PLAT-TEXT-LOWCONF
100
AcDbText
 10
776.5041545047202
 20
64.04943521230462
 30
0.0
 40
4.182961781220124
  1
Lot 28
 50
2.0449831070798155
  7
PLAT
 72
1
 11
776.5041545047202
 21
64.04943521230462
 31
0.0
100
AcDbText
 73
2
  0
TEXT
  5
418
330
17
100
AcDbEntity
  8
PLAT-TEXT-UNASSOC
100
AcDbText
 10
828.8955235292229
 20
64.04126694837572
 30
0.0
 40
3.4984668084828594
  1
462.33'
 50
0.8092413144497641
  7
PLAT
 72
1
 11
828.8955235292229
 21
64.04126694837572
 31
0.0
100
AcDbText
 73
2
  0
TEXT
  5
419
330
17
100
AcDbEntity
  8
PLAT-TEXT-MISC
100
AcDbText
 10
881.6958567570173
 20
63.794274787692416
 30
0.0
 40
3.804691271986714
  1
11,860.1
 50
0.1610494658891639
  7
PLAT
 72
1
 11
881.6958567570173
 21
63.794274787692416
 31
0.0
100
AcDbText
 73
2
  0
TEXT
  5
41A
330
17
100
AcDbEntity
  8
PLAT-TEXT-MISC
100
AcDbText
 10
934.1613340865566
 20
64.03058222326172
 30
0.0
 40
3.537944993522325
  1
0.272
 50
1.1379952162611744
  7
PLAT
 72
1
 11
934.1613340865566
 21
64.03058222326172
 31
0.0
100
AcDbText
 73
2
  0
TEXT
  5
41B
330
17
100
AcDbEntity
  8
PLAT-TEXT-MISC
100
AcDbText
 10
986.7968421232848
 20
64.04551724662952
 30
0.0
 40
3.528618713814529
  1
0.00000'
 50
0.7430840010250108
  7
PLAT
 72
1
 11
986.7968421232848
 21
64.04551724662952
 31
0.0
100
AcDbText
 73
2
  0
TEXT
  5
41C
330
17
100
AcDbEntity
  8
PLAT-TEXT-MISC
100
AcDbText
 10
1039.5025265861361
 20
64.02818928582582
 30
0.0
 40
3.678621962602316
  1
PASS
 50
357.898207179909
  7
PLAT
 72
1
 11
1039.5025265861361
 21
64.02818928582582
 31
0.0
100
AcDbText
 73
2
  0
TEXT
  5
41D
330
17
100
AcDbEntity
  8
PLAT-TEXT-LOWCONF
100
AcDbText
 10
417.1707549369246
 20
53.0809106737172
 30
0.0
 40
3.4192533562712106
  1
917
 50
2.2241352785715662
  7
PLAT
 72
1
 11
417.1707549369246
 21
53.0809106737172
 31
0.0
100
AcDbText
 73
2
  0
TEXT
  5
41E
330
17
100
AcDbEntity
  8
PLAT-TEXT-UNASSOC
100
AcDbText
 10
496.06603071748594
 20
53.07214265653863
 30
0.0
 40
3.244132048997688
  1
N87%%d35'30"E
 50
0.17657880358638067
  7
PLAT
 72
1
 11
496.06603071748594
 21
53.07214265653863
 31
0.0
100
AcDbText
 73
2
  0
TEXT
  5
41F
330
17
100
AcDbEntity
  8
PLAT-TEXT-UNASSOC
100
AcDbText
 10
574.9335479459987
 20
53.0844467388643
 30
0.0
 40
3.395366780780316
  1
110.00'
 50
1.003460268693516
  7
PLAT
 72
1
 11
574.9335479459987
 21
53.0844467388643
 31
0.0
100
AcDbText
 73
2
  0
TEXT
  5
420
330
17
100
AcDbEntity
  8
PLAT-TEXT-LOWCONF
100
AcDbText
 10
626.2288606376047
 20
53.07098990414943
 30
0.0
 40
3.4718747515191524
  1
}07
 50
2.9587259727545643
  7
PLAT
 72
1
 11
626.2288606376047
 21
53.07098990414943
 31
0.0
100
AcDbText
 73
2
  0
TEXT
  5
421
330
17
100
AcDbEntity
  8
PLAT-TEXT-LOWCONF
100
AcDbText
 10
635.2816207490041
 20
52.70044540843884
 30
0.0
 40
4.237522788284032
  1
Te
 50
341.86812524129573
  7
PLAT
 72
1
 11
635.2816207490041
 21
52.70044540843884
 31
0.0
100
AcDbText
 73
2
  0
TEXT
  5
422
330
17
100
AcDbEntity
  8
PLAT-TEXT-LOWCONF
100
AcDbText
 10
644.0518800192895
 20
53.060733704403276
 30
0.0
 40
3.261481073502871
  1
30,
 50
358.48277672341595
  7
PLAT
 72
1
 11
644.0518800192895
 21
53.060733704403276
 31
0.0
100
AcDbText
 73
2
  0
TEXT
  5
423
330
17
100
AcDbEntity
  8
PLAT-TEXT-MISC
100
AcDbText
 10
667.1437436364713
 20
53.13139162520463
 30
0.0
 40
3.52281623388882
  1
28 Centerline
 50
359.4991903783956
  7
PLAT
 72
1
 11
667.1437436364713
 21
53.13139162520463
 31
0.0
100
AcDbText
 73
2
  0
CIRCLE
  5
424
330
17
100
AcDbEntity
  8
PLAT-QA
100
AcDbCircle
 10
276.4892434055758
 20
444.4064550538986
 30
0.0
 40
13.987634590967364
  0
TEXT
  5
425
330
17
100
AcDbEntity
  8
PLAT-QA
100
AcDbText
 10
276.4892434055758
 20
434.09081365268514
 30
0.0
 40
2.4785332209840276
  1
MEAS 183.85
 72
1
 11
276.4892434055758
 21
434.09081365268514
 31
0.0
100
AcDbText
 73
3
  0
CIRCLE
  5
426
330
17
100
AcDbEntity
  8
PLAT-QA
100
AcDbCircle
 10
72.80973808969861
 20
99.47740119725086
 30
0.0
 40
14.16156518243589
  0
TEXT
  5
427
330
17
100
AcDbEntity
  8
PLAT-QA
100
AcDbText
 10
72.80973808969861
 20
89.77694390989271
 30
0.0
 40
2.4785332209840276
  1
MEAS 45.09
 72
1
 11
72.80973808969861
 21
89.77694390989271
 31
0.0
100
AcDbText
 73
3
  0
CIRCLE
  5
428
330
17
100
AcDbEntity
  8
PLAT-QA
100
AcDbCircle
 10
162.90082365369915
 20
99.47740119725086
 30
0.0
 40
12.494836238213871
  0
TEXT
  5
429
330
17
100
AcDbEntity
  8
PLAT-QA
100
AcDbText
 10
162.90082365369915
 20
89.77694390989271
 30
0.0
 40
2.4785332209840276
  1
MEAS 45.09
 72
1
 11
162.90082365369915
 21
89.77694390989271
 31
0.0
100
AcDbText
 73
3
  0
CIRCLE
  5
42A
330
17
100
AcDbEntity
  8
PLAT-QA
100
AcDbCircle
 10
207.9902277237053
 20
99.47740119725086
 30
0.0
 40
12.494836238213871
  0
TEXT
  5
42B
330
17
100
AcDbEntity
  8
PLAT-QA
100
AcDbText
 10
207.9902277237053
 20
89.77694390989271
 30
0.0
 40
2.4785332209840276
  1
MEAS 45.09
 72
1
 11
207.9902277237053
 21
89.77694390989271
 31
0.0
100
AcDbText
 73
3
  0
CIRCLE
  5
42C
330
17
100
AcDbEntity
  8
PLAT-QA
100
AcDbCircle
 10
248.78122556913888
 20
99.47740119725086
 30
0.0
 40
8.196430013641304
  0
TEXT
  5
42D
330
17
100
AcDbEntity
  8
PLAT-QA
100
AcDbText
 10
248.78122556913888
 20
89.77694390989271
 30
0.0
 40
2.4785332209840276
  1
MEAS 45.09
 72
1
 11
248.78122556913888
 21
89.77694390989271
 31
0.0
100
AcDbText
 73
3
  0
TEXT
  5
42E
330
17
100
AcDbEntity
  8
PLAT-TABLE-CURVE
100
AcDbText
 10
1124.6472857578083
 20
730.7290581773366
 30
0.0
 40
3.540761744262897
  1
CURVE
 11
1124.6472857578083
 21
730.7290581773366
 31
0.0
100
AcDbText
 73
1
  0
TEXT
  5
42F
330
17
100
AcDbEntity
  8
PLAT-TABLE-CURVE
100
AcDbText
 10
1156.5141414561745
 20
730.7290581773366
 30
0.0
 40
3.540761744262897
  1
RADIUS
 11
1156.5141414561745
 21
730.7290581773366
 31
0.0
100
AcDbText
 73
1
  0
TEXT
  5
430
330
17
100
AcDbEntity
  8
PLAT-TABLE-CURVE
100
AcDbText
 10
1188.3809971545404
 20
730.7290581773366
 30
0.0
 40
3.540761744262897
  1
LENGTH
 11
1188.3809971545404
 21
730.7290581773366
 31
0.0
100
AcDbText
 73
1
  0
TEXT
  5
431
330
17
100
AcDbEntity
  8
PLAT-TABLE-CURVE
100
AcDbText
 10
1220.2478528529066
 20
730.7290581773366
 30
0.0
 40
3.540761744262897
  1
CHORD
 11
1220.2478528529066
 21
730.7290581773366
 31
0.0
100
AcDbText
 73
1
  0
TEXT
  5
432
330
17
100
AcDbEntity
  8
PLAT-TABLE-CURVE
100
AcDbText
 10
1252.1147085512725
 20
730.7290581773366
 30
0.0
 40
3.540761744262897
  1
TANGENT
 11
1252.1147085512725
 21
730.7290581773366
 31
0.0
100
AcDbText
 73
1
  0
TEXT
  5
433
330
17
100
AcDbEntity
  8
PLAT-TABLE-CURVE
100
AcDbText
 10
1283.9815642496387
 20
730.7290581773366
 30
0.0
 40
3.540761744262897
  1
DELTA
 11
1283.9815642496387
 21
730.7290581773366
 31
0.0
100
AcDbText
 73
1
  0
TEXT
  5
434
330
17
100
AcDbEntity
  8
PLAT-TABLE-CURVE
100
AcDbText
 10
1124.6472857578083
 20
725.063839386516
 30
0.0
 40
3.540761744262897
  1
C2
 11
1124.6472857578083
 21
725.063839386516
 31
0.0
100
AcDbText
 73
1
  0
TEXT
  5
435
330
17
100
AcDbEntity
  8
PLAT-TABLE-CURVE
100
AcDbText
 10
1156.5141414561745
 20
725.063839386516
 30
0.0
 40
3.540761744262897
  1
25.00
 11
1156.5141414561745
 21
725.063839386516
 31
0.0
100
AcDbText
 73
1
  0
TEXT
  5
436
330
17
100
AcDbEntity
  8
PLAT-TABLE-CURVE
100
AcDbText
 10
1188.3809971545404
 20
725.063839386516
 30
0.0
 40
3.540761744262897
  1
39.00
 11
1188.3809971545404
 21
725.063839386516
 31
0.0
100
AcDbText
 73
1
  0
TEXT
  5
437
330
17
100
AcDbEntity
  8
PLAT-TABLE-CURVE
100
AcDbText
 10
1220.2478528529066
 20
725.063839386516
 30
0.0
 40
3.540761744262897
  1
35.36
 11
1220.2478528529066
 21
725.063839386516
 31
0.0
100
AcDbText
 73
1
  0
TEXT
  5
438
330
17
100
AcDbEntity
  8
PLAT-TABLE-CURVE
100
AcDbText
 10
1252.1147085512725
 20
725.063839386516
 30
0.0
 40
3.540761744262897
  1
25.00
 11
1252.1147085512725
 21
725.063839386516
 31
0.0
100
AcDbText
 73
1
  0
TEXT
  5
439
330
17
100
AcDbEntity
  8
PLAT-TABLE-CURVE
100
AcDbText
 10
1283.9815642496387
 20
725.063839386516
 30
0.0
 40
3.540761744262897
  1
90%%d00'00"
 11
1283.9815642496387
 21
725.063839386516
 31
0.0
100
AcDbText
 73
1
  0
TEXT
  5
43A
330
17
100
AcDbEntity
  8
PLAT-TABLE-CURVE
100
AcDbText
 10
1124.6472857578083
 20
719.3986205956953
 30
0.0
 40
3.540761744262897
  1
C3
 11
1124.6472857578083
 21
719.3986205956953
 31
0.0
100
AcDbText
 73
1
  0
TEXT
  5
43B
330
17
100
AcDbEntity
  8
PLAT-TABLE-CURVE
100
AcDbText
 10
1156.5141414561745
 20
719.3986205956953
 30
0.0
 40
3.540761744262897
  1
389.27
 11
1156.5141414561745
 21
719.3986205956953
 31
0.0
100
AcDbText
 73
1
  0
TEXT
  5
43C
330
17
100
AcDbEntity
  8
PLAT-TABLE-CURVE
100
AcDbText
 10
1188.3809971545404
 20
719.3986205956953
 30
0.0
 40
3.540761744262897
  1
85.41
 11
1188.3809971545404
 21
719.3986205956953
 31
0.0
100
AcDbText
 73
1
  0
TEXT
  5
43D
330
17
100
AcDbEntity
  8
PLAT-TABLE-CURVE
100
AcDbText
 10
1220.2478528529066
 20
719.3986205956953
 30
0.0
 40
3.540761744262897
  1

 11
1220.2478528529066
 21
719.3986205956953
 31
0.0
100
AcDbText
 73
1
  0
TEXT
  5
43E
330
17
100
AcDbEntity
  8
PLAT-TABLE-CURVE
100
AcDbText
 10
1252.1147085512725
 20
719.3986205956953
 30
0.0
 40
3.540761744262897
  1

 11
1252.1147085512725
 21
719.3986205956953
 31
0.0
100
AcDbText
 73
1
  0
TEXT
  5
43F
330
17
100
AcDbEntity
  8
PLAT-TABLE-CURVE
100
AcDbText
 10
1283.9815642496387
 20
719.3986205956953
 30
0.0
 40
3.540761744262897
  1
12%%d34'17"
 11
1283.9815642496387
 21
719.3986205956953
 31
0.0
100
AcDbText
 73
1
  0
TEXT
  5
440
330
17
100
AcDbEntity
  8
PLAT-TABLE-CURVE
100
AcDbText
 10
1124.6472857578083
 20
713.7334018048747
 30
0.0
 40
3.540761744262897
  1
C4
 11
1124.6472857578083
 21
713.7334018048747
 31
0.0
100
AcDbText
 73
1
  0
TEXT
  5
441
330
17
100
AcDbEntity
  8
PLAT-TABLE-CURVE
100
AcDbText
 10
1156.5141414561745
 20
713.7334018048747
 30
0.0
 40
3.540761744262897
  1
389.00
 11
1156.5141414561745
 21
713.7334018048747
 31
0.0
100
AcDbText
 73
1
  0
TEXT
  5
442
330
17
100
AcDbEntity
  8
PLAT-TABLE-CURVE
100
AcDbText
 10
1188.3809971545404
 20
713.7334018048747
 30
0.0
 40
3.540761744262897
  1
85.41
 11
1188.3809971545404
 21
713.7334018048747
 31
0.0
100
AcDbText
 73
1
  0
TEXT
  5
443
330
17
100
AcDbEntity
  8
PLAT-TABLE-CURVE
100
AcDbText
 10
1220.2478528529066
 20
713.7334018048747
 30
0.0
 40
3.540761744262897
  1

 11
1220.2478528529066
 21
713.7334018048747
 31
0.0
100
AcDbText
 73
1
  0
TEXT
  5
444
330
17
100
AcDbEntity
  8
PLAT-TABLE-CURVE
100
AcDbText
 10
1252.1147085512725
 20
713.7334018048747
 30
0.0
 40
3.540761744262897
  1

 11
1252.1147085512725
 21
713.7334018048747
 31
0.0
100
AcDbText
 73
1
  0
TEXT
  5
445
330
17
100
AcDbEntity
  8
PLAT-TABLE-CURVE
100
AcDbText
 10
1283.9815642496387
 20
713.7334018048747
 30
0.0
 40
3.540761744262897
  1
12%%d34'17"
 11
1283.9815642496387
 21
713.7334018048747
 31
0.0
100
AcDbText
 73
1
  0
TEXT
  5
446
330
17
100
AcDbEntity
  8
PLAT-TABLE-CURVE
100
AcDbText
 10
1124.6472857578083
 20
708.0681830140541
 30
0.0
 40
3.540761744262897
  1
C5
 11
1124.6472857578083
 21
708.0681830140541
 31
0.0
100
AcDbText
 73
1
  0
TEXT
  5
447
330
17
100
AcDbEntity
  8
PLAT-TABLE-CURVE
100
AcDbText
 10
1156.5141414561745
 20
708.0681830140541
 30
0.0
 40
3.540761744262897
  1
389.27
 11
1156.5141414561745
 21
708.0681830140541
 31
0.0
100
AcDbText
 73
1
  0
TEXT
  5
448
330
17
100
AcDbEntity
  8
PLAT-TABLE-CURVE
100
AcDbText
 10
1188.3809971545404
 20
708.0681830140541
 30
0.0
 40
3.540761744262897
  1
85.41
 11
1188.3809971545404
 21
708.0681830140541
 31
0.0
100
AcDbText
 73
1
  0
TEXT
  5
449
330
17
100
AcDbEntity
  8
PLAT-TABLE-CURVE
100
AcDbText
 10
1220.2478528529066
 20
708.0681830140541
 30
0.0
 40
3.540761744262897
  1

 11
1220.2478528529066
 21
708.0681830140541
 31
0.0
100
AcDbText
 73
1
  0
TEXT
  5
44A
330
17
100
AcDbEntity
  8
PLAT-TABLE-CURVE
100
AcDbText
 10
1252.1147085512725
 20
708.0681830140541
 30
0.0
 40
3.540761744262897
  1

 11
1252.1147085512725
 21
708.0681830140541
 31
0.0
100
AcDbText
 73
1
  0
TEXT
  5
44B
330
17
100
AcDbEntity
  8
PLAT-TABLE-CURVE
100
AcDbText
 10
1283.9815642496387
 20
708.0681830140541
 30
0.0
 40
3.540761744262897
  1
12%%d34'17"
 11
1283.9815642496387
 21
708.0681830140541
 31
0.0
100
AcDbText
 73
1
  0
TEXT
  5
44C
330
17
100
AcDbEntity
  8
PLAT-TABLE-CURVE
100
AcDbText
 10
1124.6472857578083
 20
702.4029642232334
 30
0.0
 40
3.540761744262897
  1
C6
 11
1124.6472857578083
 21
702.4029642232334
 31
0.0
100
AcDbText
 73
1
  0
TEXT
  5
44D
330
17
100
AcDbEntity
  8
PLAT-TABLE-CURVE
100
AcDbText
 10
1156.5141414561745
 20
702.4029642232334
 30
0.0
 40
3.540761744262897
  1
25.00
 11
1156.5141414561745
 21
702.4029642232334
 31
0.0
100
AcDbText
 73
1
  0
TEXT
  5
44E
330
17
100
AcDbEntity
  8
PLAT-TABLE-CURVE
100
AcDbText
 10
1188.3809971545404
 20
702.4029642232334
 30
0.0
 40
3.540761744262897
  1
39.00
 11
1188.3809971545404
 21
702.4029642232334
 31
0.0
100
AcDbText
 73
1
  0
TEXT
  5
44F
330
17
100
AcDbEntity
  8
PLAT-TABLE-CURVE
100
AcDbText
 10
1220.2478528529066
 20
702.4029642232334
 30
0.0
 40
3.540761744262897
  1
35.36
 11
1220.2478528529066
 21
702.4029642232334
 31
0.0
100
AcDbText
 73
1
  0
TEXT
  5
450
330
17
100
AcDbEntity
  8
PLAT-TABLE-CURVE
100
AcDbText
 10
1252.1147085512725
 20
702.4029642232334
 30
0.0
 40
3.540761744262897
  1
25.00
 11
1252.1147085512725
 21
702.4029642232334
 31
0.0
100
AcDbText
 73
1
  0
TEXT
  5
451
330
17
100
AcDbEntity
  8
PLAT-TABLE-CURVE
100
AcDbText
 10
1283.9815642496387
 20
702.4029642232334
 30
0.0
 40
3.540761744262897
  1
90%%d00'00"
 11
1283.9815642496387
 21
702.4029642232334
 31
0.0
100
AcDbText
 73
1
  0
TEXT
  5
452
330
17
100
AcDbEntity
  8
PLAT-TABLE-CURVE
100
AcDbText
 10
1124.6472857578083
 20
696.7377454324128
 30
0.0
 40
3.540761744262897
  1
C7
 11
1124.6472857578083
 21
696.7377454324128
 31
0.0
100
AcDbText
 73
1
  0
TEXT
  5
453
330
17
100
AcDbEntity
  8
PLAT-TABLE-CURVE
100
AcDbText
 10
1156.5141414561745
 20
696.7377454324128
 30
0.0
 40
3.540761744262897
  1
167.95
 11
1156.5141414561745
 21
696.7377454324128
 31
0.0
100
AcDbText
 73
1
  0
TEXT
  5
454
330
17
100
AcDbEntity
  8
PLAT-TABLE-CURVE
100
AcDbText
 10
1188.3809971545404
 20
696.7377454324128
 30
0.0
 40
3.540761744262897
  1
69.24
 11
1188.3809971545404
 21
696.7377454324128
 31
0.0
100
AcDbText
 73
1
  0
TEXT
  5
455
330
17
100
AcDbEntity
  8
PLAT-TABLE-CURVE
100
AcDbText
 10
1220.2478528529066
 20
696.7377454324128
 30
0.0
 40
3.540761744262897
  1

 11
1220.2478528529066
 21
696.7377454324128
 31
0.0
100
AcDbText
 73
1
  0
TEXT
  5
456
330
17
100
AcDbEntity
  8
PLAT-TABLE-CURVE
100
AcDbText
 10
1252.1147085512725
 20
696.7377454324128
 30
0.0
 40
3.540761744262897
  1

 11
1252.1147085512725
 21
696.7377454324128
 31
0.0
100
AcDbText
 73
1
  0
TEXT
  5
457
330
17
100
AcDbEntity
  8
PLAT-TABLE-CURVE
100
AcDbText
 10
1283.9815642496387
 20
696.7377454324128
 30
0.0
 40
3.540761744262897
  1
23%%d37'15"
 11
1283.9815642496387
 21
696.7377454324128
 31
0.0
100
AcDbText
 73
1
  0
ENDSEC
  0
SECTION
  2
OBJECTS
  0
DICTIONARY
  5
A
330
0
100
AcDbDictionary
281
1
  3
ACAD_COLOR
350
B
  3
ACAD_GROUP
350
C
  3
ACAD_LAYOUT
350
D
  3
ACAD_MATERIAL
350
E
  3
ACAD_MLEADERSTYLE
350
F
  3
ACAD_MLINESTYLE
350
10
  3
ACAD_PLOTSETTINGS
350
11
  3
ACAD_PLOTSTYLENAME
350
12
  3
ACAD_SCALELIST
350
14
  3
ACAD_TABLESTYLE
350
15
  3
ACAD_VISUALSTYLE
350
16
  3
EZDXF_META
350
2D
  0
DICTIONARY
  5
B
330
A
100
AcDbDictionary
281
1
  0
DICTIONARY
  5
C
330
A
100
AcDbDictionary
281
1
  0
DICTIONARY
  5
D
330
A
100
AcDbDictionary
281
1
  3
Model
350
1A
  3
Layout1
350
1E
  0
DICTIONARY
  5
E
330
A
100
AcDbDictionary
281
1
  3
ByBlock
350
1F
  3
ByLayer
350
20
  3
Global
350
21
  0
DICTIONARY
  5
F
330
A
100
AcDbDictionary
281
1
  3
Standard
350
2C
  0
DICTIONARY
  5
10
330
A
100
AcDbDictionary
281
1
  3
Standard
350
22
  0
DICTIONARY
  5
11
330
A
100
AcDbDictionary
281
1
  0
ACDBDICTIONARYWDFLT
  5
12
330
A
100
AcDbDictionary
281
1
  3
Normal
350
13
100
AcDbDictionaryWithDefault
340
13
  0
ACDBPLACEHOLDER
  5
13
330
12
  0
DICTIONARY
  5
14
330
A
100
AcDbDictionary
281
1
  0
DICTIONARY
  5
15
330
A
100
AcDbDictionary
281
1
  0
DICTIONARY
  5
16
330
A
100
AcDbDictionary
281
1
  3
2dWireframe
350
5A
  3
Basic
350
5B
  3
Brighten
350
5C
  3
ColorChange
350
5D
  3
Conceptual
350
5E
  3
Dim
350
5F
  3
EdgeColorOff
350
60
  3
Facepattern
350
61
  3
Flat
350
62
  3
FlatWithEdges
350
63
  3
Gouraud
350
64
  3
GouraudWithEdges
350
65
  3
Hidden
350
66
  3
JitterOff
350
67
  3
Linepattern
350
68
  3
Modeling
350
69
  3
OverhangOff
350
6A
  3
Realistic
350
6B
  3
Shaded
350
6C
  3
Shaded with edges
350
6D
  3
Shades of Gray
350
6E
  3
Sketchy
350
6F
  3
Thicken
350
70
  3
Wireframe
350
71
  3
X-Ray
350
72
  0
LAYOUT
  5
1A
330
D
100
AcDbPlotSettings
  1

  4
A3
  6

 40
7.5
 41
20.0
 42
7.5
 43
20.0
 44
420.0
 45
297.0
 46
0.0
 47
0.0
 48
0.0
 49
0.0
140
0.0
141
0.0
142
1.0
143
1.0
 70
1024
 72
1
 73
0
 74
5
  7

 75
16
 76
0
 77
2
 78
300
147
1.0
148
0.0
149
0.0
100
AcDbLayout
  1
Model
 70
1
 71
0
 10
0.0
 20
0.0
 11
420.0
 21
297.0
 12
0.0
 22
0.0
 32
0.0
 14
1e+20
 24
1e+20
 34
1e+20
 15
-1e+20
 25
-1e+20
 35
-1e+20
146
0.0
 13
0.0
 23
0.0
 33
0.0
 16
1.0
 26
0.0
 36
0.0
 17
0.0
 27
1.0
 37
0.0
 76
1
330
17
  0
LAYOUT
  5
1E
330
D
100
AcDbPlotSettings
  1

  4
A3
  6

 40
7.5
 41
20.0
 42
7.5
 43
20.0
 44
420.0
 45
297.0
 46
0.0
 47
0.0
 48
0.0
 49
0.0
140
0.0
141
0.0
142
1.0
143
1.0
 70
0
 72
1
 73
0
 74
5
  7

 75
16
 76
0
 77
2
 78
300
147
1.0
148
0.0
149
0.0
100
AcDbLayout
  1
Layout1
 70
1
 71
1
 10
0.0
 20
0.0
 11
420.0
 21
297.0
 12
0.0
 22
0.0
 32
0.0
 14
1e+20
 24
1e+20
 34
1e+20
 15
-1e+20
 25
-1e+20
 35
-1e+20
146
0.0
 13
0.0
 23
0.0
 33
0.0
 16
1.0
 26
0.0
 36
0.0
 17
0.0
 27
1.0
 37
0.0
 76
1
330
1B
  0
MATERIAL
  5
1F
102
{ACAD_REACTORS
330
E
102
}
330
E
100
AcDbMaterial
  1
ByBlock
  2

 70
0
 40
1.0
 71
1
 41
1.0
 91
-1023410177
 42
1.0
 72
1
  3

 73
1
 74
1
 75
1
 44
0.5
 73
0
 45
1.0
 46
1.0
 77
1
  4

 78
1
 79
1
170
1
 48
1.0
171
1
  6

172
1
173
1
174
1
140
1.0
141
1.0
175
1
  7

176
1
177
1
178
1
143
1.0
179
1
  8

270
1
271
1
272
1
145
1.0
146
1.0
273
1
  9

274
1
275
1
276
1
 42
1.0
 72
1
  3

 73
1
 74
1
 75
1
 94
63
  0
MATERIAL
  5
20
102
{ACAD_REACTORS
330
E
102
}
330
E
100
AcDbMaterial
  1
ByLayer
  2

 70
0
 40
1.0
 71
1
 41
1.0
 91
-1023410177
 42
1.0
 72
1
  3

 73
1
 74
1
 75
1
 44
0.5
 73
0
 45
1.0
 46
1.0
 77
1
  4

 78
1
 79
1
170
1
 48
1.0
171
1
  6

172
1
173
1
174
1
140
1.0
141
1.0
175
1
  7

176
1
177
1
178
1
143
1.0
179
1
  8

270
1
271
1
272
1
145
1.0
146
1.0
273
1
  9

274
1
275
1
276
1
 42
1.0
 72
1
  3

 73
1
 74
1
 75
1
 94
63
  0
MATERIAL
  5
21
102
{ACAD_REACTORS
330
E
102
}
330
E
100
AcDbMaterial
  1
Global
  2

 70
0
 40
1.0
 71
1
 41
1.0
 91
-1023410177
 42
1.0
 72
1
  3

 73
1
 74
1
 75
1
 44
0.5
 73
0
 45
1.0
 46
1.0
 77
1
  4

 78
1
 79
1
170
1
 48
1.0
171
1
  6

172
1
173
1
174
1
140
1.0
141
1.0
175
1
  7

176
1
177
1
178
1
143
1.0
179
1
  8

270
1
271
1
272
1
145
1.0
146
1.0
273
1
  9

274
1
275
1
276
1
 42
1.0
 72
1
  3

 73
1
 74
1
 75
1
 94
63
  0
MLINESTYLE
  5
22
102
{ACAD_REACTORS
330
10
102
}
330
10
100
AcDbMlineStyle
  2
Standard
 70
0
  3

 62
256
 51
90.0
 52
90.0
 71
2
 49
0.5
 62
256
  6
BYLAYER
 49
-0.5
 62
256
  6
BYLAYER
  0
MLEADERSTYLE
  5
2C
102
{ACAD_REACTORS
330
F
102
}
330
F
100
AcDbMLeaderStyle
179
2
170
2
171
1
172
0
 90
2
 40
0.0
 41
0.0
173
1
 91
-1056964608
 92
-2
290
1
 42
2.0
291
1
 43
8.0
  3
Standard
 44
4.0
300

342
29
174
1
175
1
176
0
178
1
 93
-1056964608
 45
4.0
292
0
297
0
 46
4.0
 94
-1056964608
 47
1.0
 49
1.0
140
1.0
294
1
141
0.0
177
0
142
1.0
295
0
296
0
143
3.75
271
0
272
9
273
9
  0
DICTIONARY
  5
2D
330
A
100
AcDbDictionary
280
1
281
1
  3
CREATED_BY_EZDXF
350
2E
  3
WRITTEN_BY_EZDXF
350
45A
  0
DICTIONARYVAR
  5
2E
330
2D
100
DictionaryVariables
280
0
  1
1.4.4 @ 2026-09-24T07:01:32.923184+00:00
  0
VISUALSTYLE
  5
5A
102
{ACAD_REACTORS
330
16
102
}
330
16
100
AcDbVisualStyle
  2
2dWireframe
 70
4
 90
0
 40
0.6
 62
7
290
0
291
0
  0
VISUALSTYLE
  5
5B
102
{ACAD_REACTORS
330
16
102
}
330
16
100
AcDbVisualStyle
  2
Basic
 70
7
 90
1
 40
0.6
 62
7
290
0
291
1
  0
VISUALSTYLE
  5
5C
102
{ACAD_REACTORS
330
16
102
}
330
16
100
AcDbVisualStyle
  2
Brighten
 70
12
 90
2
 40
0.6
 62
7
290
0
291
1
  0
VISUALSTYLE
  5
5D
102
{ACAD_REACTORS
330
16
102
}
330
16
100
AcDbVisualStyle
  2
ColorChange
 70
16
 90
2
 40
0.6
 62
8
290
0
291
1
  0
VISUALSTYLE
  5
5E
102
{ACAD_REACTORS
330
16
102
}
330
16
100
AcDbVisualStyle
  2
Conceptual
 70
9
 90
3
 40
0.6
 62
7
290
0
291
0
  0
VISUALSTYLE
  5
5F
102
{ACAD_REACTORS
330
16
102
}
330
16
100
AcDbVisualStyle
  2
Dim
 70
11
 90
2
 40
0.6
 62
7
290
0
291
1
  0
VISUALSTYLE
  5
60
102
{ACAD_REACTORS
330
16
102
}
330
16
100
AcDbVisualStyle
  2
EdgeColorOff
 70
22
 90
2
 40
0.6
 62
7
290
0
291
1
  0
VISUALSTYLE
  5
61
102
{ACAD_REACTORS
330
16
102
}
330
16
100
AcDbVisualStyle
  2
Facepattern
 70
15
 90
2
 40
0.6
 62
7
290
0
291
1
  0
VISUALSTYLE
  5
62
102
{ACAD_REACTORS
330
16
102
}
330
16
100
AcDbVisualStyle
  2
Flat
 70
0
 90
2
 40
0.6
 62
7
290
0
291
1
  0
VISUALSTYLE
  5
63
102
{ACAD_REACTORS
330
16
102
}
330
16
100
AcDbVisualStyle
  2
FlatWithEdges
 70
1
 90
2
 40
0.6
 62
7
290
0
291
1
  0
VISUALSTYLE
  5
64
102
{ACAD_REACTORS
330
16
102
}
330
16
100
AcDbVisualStyle
  2
Gouraud
 70
2
 90
2
 40
0.6
 62
7
290
0
291
1
  0
VISUALSTYLE
  5
65
102
{ACAD_REACTORS
330
16
102
}
330
16
100
AcDbVisualStyle
  2
GouraudWithEdges
 70
3
 90
2
 40
0.6
 62
7
290
0
291
1
  0
VISUALSTYLE
  5
66
102
{ACAD_REACTORS
330
16
102
}
330
16
100
AcDbVisualStyle
  2
Hidden
 70
6
 90
1
 40
0.6
 62
7
290
0
291
0
  0
VISUALSTYLE
  5
67
102
{ACAD_REACTORS
330
16
102
}
330
16
100
AcDbVisualStyle
  2
JitterOff
 70
20
 90
2
 40
0.6
 62
7
290
0
291
1
  0
VISUALSTYLE
  5
68
102
{ACAD_REACTORS
330
16
102
}
330
16
100
AcDbVisualStyle
  2
Linepattern
 70
14
 90
2
 40
0.6
 62
7
290
0
291
1
  0
VISUALSTYLE
  5
69
102
{ACAD_REACTORS
330
16
102
}
330
16
100
AcDbVisualStyle
  2
Modeling
 70
10
 90
2
 40
0.6
 62
7
290
0
291
0
  0
VISUALSTYLE
  5
6A
102
{ACAD_REACTORS
330
16
102
}
330
16
100
AcDbVisualStyle
  2
OverhangOff
 70
21
 90
2
 40
0.6
 62
7
290
0
291
1
  0
VISUALSTYLE
  5
6B
102
{ACAD_REACTORS
330
16
102
}
330
16
100
AcDbVisualStyle
  2
Realistic
 70
8
 90
2
 40
0.6
 62
7
290
0
291
0
  0
VISUALSTYLE
  5
6C
102
{ACAD_REACTORS
330
16
102
}
330
16
100
AcDbVisualStyle
  2
Shaded
 70
27
 90
2
 40
0.6
 62
7
290
0
291
0
  0
VISUALSTYLE
  5
6D
102
{ACAD_REACTORS
330
16
102
}
330
16
100
AcDbVisualStyle
  2
Shaded with edges
 70
26
 90
2
 40
0.6
 62
7
290
0
291
0
  0
VISUALSTYLE
  5
6E
102
{ACAD_REACTORS
330
16
102
}
330
16
100
AcDbVisualStyle
  2
Shades of Gray
 70
23
 90
2
 40
0.6
 62
7
290
0
291
0
  0
VISUALSTYLE
  5
6F
102
{ACAD_REACTORS
330
16
102
}
330
16
100
AcDbVisualStyle
  2
Sketchy
 70
24
 90
1
 40
0.6
 62
7
290
0
291
0
  0
VISUALSTYLE
  5
70
102
{ACAD_REACTORS
330
16
102
}
330
16
100
AcDbVisualStyle
  2
Thicken
 70
13
 90
2
 40
0.6
 62
7
290
0
291
1
  0
VISUALSTYLE
  5
71
102
{ACAD_REACTORS
330
16
102
}
330
16
100
AcDbVisualStyle
  2
Wireframe
 70
5
 90
0
 40
0.6
 62
7
290
0
291
0
  0
VISUALSTYLE
  5
72
102
{ACAD_REACTORS
330
16
102
}
330
16
100
AcDbVisualStyle
  2
X-Ray
 70
25
 90
2
 40
0.5
 62
7
290
0
291
0
  0
DICTIONARYVAR
  5
45A
330
2D
100
DictionaryVariables
280
0
  1
1.4.4 @ 2026-09-24T07:01:32.965285+00:00
  0
ENDSEC
  0
EOF
