  0
SECTION
  2
HEADER
  9
$ACADVER
  1
AC1024
  9
$ACADMAINTVER
 70
6
  9
$DWGCODEPAGE
  3
ANSI_1252
  9
$LASTSAVEDBY
  1
ezdxf
  9
$INSBASE
 10
0.0
 20
0.0
 30
0.0
  9
$EXTMIN
 10
1e+20
 20
1e+20
 30
1e+20
  9
$EXTMAX
 10
-1e+20
 20
-1e+20
 30
-1e+20
  9
$LIMMIN
 10
0.0
 20
0.0
  9
$LIMMAX
 10
420.0
 20
297.0
  9
$ORTHOMODE
 70
0
  9
$REGENMODE
 70
1
  9
$FILLMODE
 70
1
  9
$QTEXTMODE
 70
0
  9
$MIRRTEXT
 70
1
  9
$LTSCALE
 40
1.0
  9
$ATTMODE
 70
1
  9
$TEXTSIZE
 40
2.5
  9
$TRACEWID
 40
1.0
  9
$TEXTSTYLE
  7
OpenSans
  9
$CLAYER
  8
0
  9
$CELTYPE
  6
ByLayer
  9
$CECOLOR
 62
256
  9
$CELTSCALE
 40
1.0
  9
$DISPSILH
 70
0
  9
$DIMSCALE
 40
1.0
  9
$DIMASZ
 40
0.175
  9
$DIMEXO
 40
0.125
  9
$DIMDLI
 40
3.75
  9
$DIMRND
 40
0.0
  9
$DIMDLE
 40
0.0
  9
$DIMEXE
 40
0.375
  9
$DIMTP
 40
0.0
  9
$DIMTM
 40
0.0
  9
$DIMTXT
 40
0.25
  9
$DIMCEN
 40
2.5
  9
$DIMTSZ
 40
0.0
  9
$DIMTOL
 70
0
  9
$DIMLIM
 70
0
  9
$DIMTIH
 70
0
  9
$DIMTOH
 70
0
  9
$DIMSE1
 70
0
  9
$DIMSE2
 70
0
  9
$DIMTAD
 70
1
  9
$DIMZIN
 70
12
  9
$DIMBLK
  1
ARCHTICK
  9
$DIMASO
 70
1
  9
$DIMSHO
 70
1
  9
$DIMPOST
  1

  9
$DIMAPOST
  1

  9
$DIMALT
 70
0
  9
$DIMALTD
 70
3
  9
$DIMALTF
 40
0.03937007874
  9
$DIMLFAC
 40
100.0
  9
$DIMTOFL
 70
1
  9
$DIMTVP
 40
0.0
  9
$DIMTIX
 70
0
  9
$DIMSOXD
 70
0
  9
$DIMSAH
 70
0
  9
$DIMBLK1
  1

  9
$DIMBLK2
  1

  9
$DIMSTYLE
  2
EZDXF
  9
$DIMCLRD
 70
0
  9
$DIMCLRE
 70
0
  9
$DIMCLRT
 70
0
  9
$DIMTFAC
 40
0.5
  9
$DIMGAP
 40
0.1
  9
$DIMJUST
 70
0
  9
$DIMSD1
 70
0
  9
$DIMSD2
 70
0
  9
$DIMTOLJ
 70
0
  9
$DIMTZIN
 70
8
  9
$DIMALTZ
 70
0
  9
$DIMALTTZ
 70
0
  9
$DIMUPT
 70
1
  9
$DIMDEC
 70
2
  9
$DIMTDEC
 70
2
  9
$DIMALTU
 70
2
  9
$DIMALTTD
 70
3
  9
$DIMTXSTY
  7
OpenSansCondensed-Light
  9
$DIMAUNIT
 70
0
  9
$DIMADEC
 70
2
  9
$DIMALTRND
 40
0.0
  9
$DIMAZIN
 70
3
  9
$DIMDSEP
 70
46
  9
$DIMATFIT
 70
3
  9
$DIMFRAC
 70
0
  9
$DIMLDRBLK
  1

  9
$DIMLUNIT
 70
2
  9
$DIMLWD
 70
-2
  9
$DIMLWE
 70
-2
  9
$DIMTMOVE
 70
2
  9
$DIMFXL
 40
1.0
  9
$DIMFXLON
 70
0
  9
$DIMJOGANG
 40
0.785398163397
  9
$DIMTFILL
 70
0
  9
$DIMTFILLCLR
 70
0
  9
$DIMARCSYM
 70
0
  9
$DIMLTYPE
  6

  9
$DIMLTEX1
  6

  9
$DIMLTEX2
  6

  9
$DIMTXTDIRECTION
 70
0
  9
$LUNITS
 70
2
  9
$LUPREC
 70
4
  9
$SKETCHINC
 40
1.0
  9
$FILLETRAD
 40
10.0
  9
$AUNITS
 70
0
  9
$AUPREC
 70
2
  9
$MENU
  1
.
  9
$ELEVATION
 40
0.0
  9
$PELEVATION
 40
0.0
  9
$THICKNESS
 40
0.0
  9
$LIMCHECK
 70
0
  9
$CHAMFERA
 40
0.0
  9
$CHAMFERB
 40
0.0
  9
$CHAMFERC
 40
0.0
  9
$CHAMFERD
 40
0.0
  9
$SKPOLY
 70
0
  9
$TDCREATE
 40
2461308.1269791666
  9
$TDUCREATE
 40
2458532.153996898
  9
$TDUPDATE
 40
2461308.1269791666
  9
$TDUUPDATE
 40
2458532.1544311
  9
$TDINDWG
 40
0.0
  9
$TDUSRTIMER
 40
0.0
  9
$USRTIMER
 70
1
  9
$ANGBASE
 50
0.0
  9
$ANGDIR
 70
0
  9
$PDMODE
 70
0
  9
$PDSIZE
 40
0.0
  9
$PLINEWID
 40
0.0
  9
$SPLFRAME
 70
0
  9
$SPLINETYPE
 70
6
  9
$SPLINESEGS
 70
8
  9
$HANDSEED
  5
77A
  9
$SURFTAB1
 70
6
  9
$SURFTAB2
 70
6
  9
$SURFTYPE
 70
6
  9
$SURFU
 70
6
  9
$SURFV
 70
6
  9
$UCSBASE
  2

  9
$UCSNAME
  2

  9
$UCSORG
 10
0.0
 20
0.0
 30
0.0
  9
$UCSXDIR
 10
1.0
 20
0.0
 30
0.0
  9
$UCSYDIR
 10
0.0
 20
1.0
 30
0.0
  9
$UCSORTHOREF
  2

  9
$UCSORTHOVIEW
 70
0
  9
$UCSORGTOP
 10
0.0
 20
0.0
 30
0.0
  9
$UCSORGBOTTOM
 10
0.0
 20
0.0
 30
0.0
  9
$UCSORGLEFT
 10
0.0
 20
0.0
 30
0.0
  9
$UCSORGRIGHT
 10
0.0
 20
0.0
 30
0.0
  9
$UCSORGFRONT
 10
0.0
 20
0.0
 30
0.0
  9
$UCSORGBACK
 10
0.0
 20
0.0
 30
0.0
  9
$PUCSBASE
  2

  9
$PUCSNAME
  2

  9
$PUCSORG
 10
0.0
 20
0.0
 30
0.0
  9
$PUCSXDIR
 10
1.0
 20
0.0
 30
0.0
  9
$PUCSYDIR
 10
0.0
 20
1.0
 30
0.0
  9
$PUCSORTHOREF
  2

  9
$PUCSORTHOVIEW
 70
0
  9
$PUCSORGTOP
 10
0.0
 20
0.0
 30
0.0
  9
$PUCSORGBOTTOM
 10
0.0
 20
0.0
 30
0.0
  9
$PUCSORGLEFT
 10
0.0
 20
0.0
 30
0.0
  9
$PUCSORGRIGHT
 10
0.0
 20
0.0
 30
0.0
  9
$PUCSORGFRONT
 10
0.0
 20
0.0
 30
0.0
  9
$PUCSORGBACK
 10
0.0
 20
0.0
 30
0.0
  9
$USERI1
 70
0
  9
$USERI2
 70
0
  9
$USERI3
 70
0
  9
$USERI4
 70
0
  9
$USERI5
 70
0
  9
$USERR1
 40
0.0
  9
$USERR2
 40
0.0
  9
$USERR3
 40
0.0
  9
$USERR4
 40
0.0
  9
$USERR5
 40
0.0
  9
$WORLDVIEW
 70
1
  9
$SHADEDGE
 70
3
  9
$SHADEDIF
 70
70
  9
$TILEMODE
 70
1
  9
$MAXACTVP
 70
64
  9
$PINSBASE
 10
0.0
 20
0.0
 30
0.0
  9
$PLIMCHECK
 70
0
  9
$PEXTMIN
 10
1e+20
 20
1e+20
 30
1e+20
  9
$PEXTMAX
 10
-1e+20
 20
-1e+20
 30
-1e+20
  9
$PLIMMIN
 10
0.0
 20
0.0
  9
$PLIMMAX
 10
420.0
 20
297.0
  9
$UNITMODE
 70
0
  9
$VISRETAIN
 70
1
  9
$PLINEGEN
 70
0
  9
$PSLTSCALE
 70
1
  9
$TREEDEPTH
 70
3020
  9
$CMLSTYLE
  2
Standard
  9
$CMLJUST
 70
0
  9
$CMLSCALE
 40
20.0
  9
$PROXYGRAPHICS
 70
1
  9
$MEASUREMENT
 70
0
  9
$CELWEIGHT
370
-1
  9
$ENDCAPS
280
0
  9
$JOINSTYLE
280
0
  9
$LWDISPLAY
290
0
  9
$INSUNITS
 70
2
  9
$HYPERLINKBASE
  1

  9
$STYLESHEET
  1

  9
$XEDIT
290
1
  9
$CEPSNTYPE
380
0
  9
$PSTYLEMODE
290
1
  9
$FINGERPRINTGUID
  2
{F5BCB3B2-662A-4EA8-952E-A0337D25F941}
  9
$VERSIONGUID
  2
{D380BDD6-7342-45FB-A10B-3F650AF11532}
  9
$EXTNAMES
290
1
  9
$PSVPSCALE
 40
0.0
  9
$OLESTARTUP
290
0
  9
$SORTENTS
280
127
  9
$INDEXCTL
280
0
  9
$HIDETEXT
280
1
  9
$XCLIPFRAME
280
1
  9
$HALOGAP
280
0
  9
$OBSCOLOR
 70
257
  9
$OBSLTYPE
280
0
  9
$INTERSECTIONDISPLAY
280
0
  9
$INTERSECTIONCOLOR
 70
257
  9
$DIMASSOC
280
2
  9
$PROJECTNAME
  1

  9
$CAMERADISPLAY
290
0
  9
$LENSLENGTH
 40
50.0
  9
$CAMERAHEIGHT
 40
0.0
  9
$STEPSPERSEC
 40
24.0
  9
$STEPSIZE
 40
100.0
  9
$3DDWFPREC
 40
2.0
  9
$PSOLWIDTH
 40
0.005
  9
$PSOLHEIGHT
 40
0.08
  9
$LOFTANG1
 40
1.570796326795
  9
$LOFTANG2
 40
1.570796326795
  9
$LOFTMAG1
 40
0.0
  9
$LOFTMAG2
 40
0.0
  9
$LOFTPARAM
 70
7
  9
$LOFTNORMALS
280
1
  9
$LATITUDE
 40
37.795
  9
$LONGITUDE
 40
-122.394
  9
$NORTHDIRECTION
 40
0.0
  9
$TIMEZONE
 70
-8000
  9
$LIGHTGLYPHDISPLAY
280
1
  9
$TILEMODELIGHTSYNCH
280
1
  9
$CMATERIAL
347
20
  9
$SOLIDHIST
280
0
  9
$SHOWHIST
280
1
  9
$DWFFRAME
280
2
  9
$DGNFRAME
280
2
  9
$REALWORLDSCALE
290
1
  9
$INTERFERECOLOR
 62
256
  9
$CSHADOW
280
0
  9
$SHADOWPLANELOCATION
 40
0.0
  0
ENDSEC
  0
SECTION
  2
CLASSES
  0
CLASS
  1
ACDBDICTIONARYWDFLT
  2
AcDbDictionaryWithDefault
  3
ObjectDBX Classes
 90
0
 91
0
280
0
281
0
  0
CLASS
  1
SUN
  2
AcDbSun
  3
SCENEOE
 90
1153
 91
0
280
0
281
0
  0
CLASS
  1
VISUALSTYLE
  2
AcDbVisualStyle
  3
ObjectDBX Classes
 90
4095
 91
0
280
0
281
0
  0
CLASS
  1
MATERIAL
  2
AcDbMaterial
  3
ObjectDBX Classes
 90
1153
 91
0
280
0
281
0
  0
CLASS
  1
SCALE
  2
AcDbScale
  3
ObjectDBX Classes
 90
1153
 91
0
280
0
281
0
  0
CLASS
  1
TABLESTYLE
  2
AcDbTableStyle
  3
ObjectDBX Classes
 90
4095
 91
0
280
0
281
0
  0
CLASS
  1
MLEADERSTYLE
  2
AcDbMLeaderStyle
  3
ACDB_MLEADERSTYLE_CLASS
 90
4095
 91
0
280
0
281
0
  0
CLASS
  1
DICTIONARYVAR
  2
AcDbDictionaryVar
  3
ObjectDBX Classes
 90
0
 91
0
280
0
281
0
  0
CLASS
  1
CELLSTYLEMAP
  2
AcDbCellStyleMap
  3
ObjectDBX Classes
 90
1152
 91
0
280
0
281
0
  0
CLASS
  1
MENTALRAYRENDERSETTINGS
  2
AcDbMentalRayRenderSettings
  3
SCENEOE
 90
1024
 91
0
280
0
281
0
  0
CLASS
  1
ACDBDETAILVIEWSTYLE
  2
AcDbDetailViewStyle
  3
ObjectDBX Classes
 90
1025
 91
0
280
0
281
0
  0
CLASS
  1
ACDBSECTIONVIEWSTYLE
  2
AcDbSectionViewStyle
  3
ObjectDBX Classes
 90
1025
 91
0
280
0
281
0
  0
CLASS
  1
RASTERVARIABLES
  2
AcDbRasterVariables
  3
ISM
 90
0
 91
0
280
0
281
0
  0
CLASS
  1
LAYOUT
  2
AcDbLayout
  3
ObjectDBX Classes
 90
0
 91
0
280
0
281
0
  0
CLASS
  1
ACDBPLACEHOLDER
  2
AcDbPlaceHolder
  3
ObjectDBX Classes
 90
0
 91
0
280
0
281
0
  0
ENDSEC
  0
SECTION
  2
TABLES
  0
TABLE
  2
VPORT
  5
8
330
0
100
AcDbSymbolTable
 70
1
  0
VPORT
  5
23
330
8
100
AcDbSymbolTableRecord
100
AcDbViewportTableRecord
  2
*Active
 70
0
 10
0.0
 20
0.0
 11
1.0
 21
1.0
 12
0.0
 22
0.0
 13
0.0
 23
0.0
 14
0.5
 24
0.5
 15
0.5
 25
0.5
 16
0.0
 26
0.0
 36
1.0
 17
0.0
 27
0.0
 37
0.0
 40
1000.0
 41
1.34
 42
50.0
 43
0.0
 44
0.0
 50
0.0
 51
0.0
 71
0
 72
1000
 73
1
 74
3
 75
0
 76
0
 77
0
 78
0
281
0
 65
0
146
0.0
  0
ENDTAB
  0
TABLE
  2
LTYPE
  5
2
330
0
100
AcDbSymbolTable
 70
21
  0
LTYPE
  5
24
330
2
100
AcDbSymbolTableRecord
100
AcDbLinetypeTableRecord
  2
ByBlock
 70
0
  3

 72
65
 73
0
 40
0.0
  0
LTYPE
  5
25
330
2
100
AcDbSymbolTableRecord
100
AcDbLinetypeTableRecord
  2
ByLayer
 70
0
  3

 72
65
 73
0
 40
0.0
  0
LTYPE
  5
26
330
2
100
AcDbSymbolTableRecord
100
AcDbLinetypeTableRecord
  2
Continuous
 70
0
  3

 72
65
 73
0
 40
0.0
  0
LTYPE
  5
2F
330
2
100
AcDbSymbolTableRecord
100
AcDbLinetypeTableRecord
  2
CENTER
 70
0
  3
Center ____ _ ____ _ ____ _ ____ _ ____ _ ____
 72
65
 73
4
 40
5.08
 49
3.175
 74
0
 49
-0.635
 74
0
 49
0.635
 74
0
 49
-0.635
 74
0
  0
LTYPE
  5
30
330
2
100
AcDbSymbolTableRecord
100
AcDbLinetypeTableRecord
  2
CENTERX2
 70
0
  3
Center (2x) ________  __  ________  __  ________
 72
65
 73
4
 40
8.89
 49
6.35
 74
0
 49
-0.635
 74
0
 49
1.27
 74
0
 49
-0.635
 74
0
  0
LTYPE
  5
31
330
2
100
AcDbSymbolTableRecord
100
AcDbLinetypeTableRecord
  2
CENTER2
 70
0
  3
Center (.5x) ____ _ ____ _ ____ _ ____ _ ____
 72
65
 73
4
 40
2.54
 49
1.587
 74
0
 49
-0.318
 74
0
 49
0.318
 74
0
 49
-0.318
 74
0
  0
LTYPE
  5
32
330
2
100
AcDbSymbolTableRecord
100
AcDbLinetypeTableRecord
  2
DASHED
 70
0
  3
Dashed __ __ __ __ __ __ __ __ __ __ __ __ __ _
 72
65
 73
2
 40
1.524
 49
1.27
 74
0
 49
-0.254
 74
0
  0
LTYPE
  5
33
330
2
100
AcDbSymbolTableRecord
100
AcDbLinetypeTableRecord
  2
DASHEDX2
 70
0
  3
Dashed (2x) ____  ____  ____  ____  ____  ____
 72
65
 73
2
 40
3.048
 49
2.54
 74
0
 49
-0.508
 74
0
  0
LTYPE
  5
34
330
2
100
AcDbSymbolTableRecord
100
AcDbLinetypeTableRecord
  2
DASHED2
 70
0
  3
Dashed (.5x) _ _ _ _ _ _ _ _ _ _ _ _ _ _
 72
65
 73
2
 40
0.762
 49
0.635
 74
0
 49
-0.127
 74
0
  0
LTYPE
  5
35
330
2
100
AcDbSymbolTableRecord
100
AcDbLinetypeTableRecord
  2
PHANTOM
 70
0
  3
Phantom ______  __  __  ______  __  __  ______
 72
65
 73
6
 40
6.35
 49
3.175
 74
0
 49
-0.635
 74
0
 49
0.635
 74
0
 49
-0.635
 74
0
 49
0.635
 74
0
 49
-0.635
 74
0
  0
LTYPE
  5
36
330
2
100
AcDbSymbolTableRecord
100
AcDbLinetypeTableRecord
  2
PHANTOMX2
 70
0
  3
Phantom (2x)____________    ____    ____    ____________
 72
65
 73
6
 40
10.795
 49
6.35
 74
0
 49
-0.635
 74
0
 49
1.27
 74
0
 49
-0.635
 74
0
 49
1.27
 74
0
 49
-0.635
 74
0
  0
LTYPE
  5
37
330
2
100
AcDbSymbolTableRecord
100
AcDbLinetypeTableRecord
  2
PHANTOM2
 70
0
  3
Phantom (.5x) ___ _ _ ___ _ _ ___ _ _ ___ _ _ ___
 72
65
 73
6
 40
3.175
 49
1.587
 74
0
 49
-0.318
 74
0
 49
0.318
 74
0
 49
-0.318
 74
0
 49
0.318
 74
0
 49
-0.318
 74
0
  0
LTYPE
  5
38
330
2
100
AcDbSymbolTableRecord
100
AcDbLinetypeTableRecord
  2
DASHDOT
 70
0
  3
Dash dot __ . __ . __ . __ . __ . __ . __ . __
 72
65
 73
4
 40
3.556
 49
2.54
 74
0
 49
-0.508
 74
0
 49
0.0
 74
0
 49
-0.508
 74
0
  0
LTYPE
  5
39
330
2
100
AcDbSymbolTableRecord
100
AcDbLinetypeTableRecord
  2
DASHDOTX2
 70
0
  3
Dash dot (2x) ____  .  ____  .  ____  .  ____
 72
65
 73
4
 40
6.096
 49
5.08
 74
0
 49
-0.508
 74
0
 49
0.0
 74
0
 49
-0.508
 74
0
  0
LTYPE
  5
3A
330
2
100
AcDbSymbolTableRecord
100
AcDbLinetypeTableRecord
  2
DASHDOT2
 70
0
  3
Dash dot (.5x) _ . _ . _ . _ . _ . _ . _ . _
 72
65
 73
4
 40
1.778
 49
1.27
 74
0
 49
-0.254
 74
0
 49
0.0
 74
0
 49
-0.254
 74
0
  0
LTYPE
  5
3B
330
2
100
AcDbSymbolTableRecord
100
AcDbLinetypeTableRecord
  2
DOT
 70
0
  3
Dot .  .  .  .  .  .  .  .  .  .  .  .  .  .  .  .
 72
65
 73
2
 40
0.508
 49
0.0
 74
0
 49
-0.508
 74
0
  0
LTYPE
  5
3C
330
2
100
AcDbSymbolTableRecord
100
AcDbLinetypeTableRecord
  2
DOTX2
 70
0
  3
Dot (2x) .    .    .    .    .    .    .    . 
 72
65
 73
2
 40
1.016
 49
0.0
 74
0
 49
-1.016
 74
0
  0
LTYPE
  5
3D
330
2
100
AcDbSymbolTableRecord
100
AcDbLinetypeTableRecord
  2
DOT2
 70
0
  3
Dot (.5) . . . . . . . . . . . . . . . . . . . 
 72
65
 73
2
 40
0.254
 49
0.0
 74
0
 49
-0.254
 74
0
  0
LTYPE
  5
3E
330
2
100
AcDbSymbolTableRecord
100
AcDbLinetypeTableRecord
  2
DIVIDE
 70
0
  3
Divide __ . . __ . . __ . . __ . . __ . . __
 72
65
 73
6
 40
4.064
 49
2.54
 74
0
 49
-0.508
 74
0
 49
0.0
 74
0
 49
-0.508
 74
0
 49
0.0
 74
0
 49
-0.508
 74
0
  0
LTYPE
  5
3F
330
2
100
AcDbSymbolTableRecord
100
AcDbLinetypeTableRecord
  2
DIVIDEX2
 70
0
  3
Divide (2x) ____  . .  ____  . .  ____  . .  ____
 72
65
 73
6
 40
6.604
 49
5.08
 74
0
 49
-0.508
 74
0
 49
0.0
 74
0
 49
-0.508
 74
0
 49
0.0
 74
0
 49
-0.508
 74
0
  0
LTYPE
  5
40
330
2
100
AcDbSymbolTableRecord
100
AcDbLinetypeTableRecord
  2
DIVIDE2
 70
0
  3
Divide(.5x) _ . _ . _ . _ . _ . _ . _ . _
 72
65
 73
6
 40
2.032
 49
1.27
 74
0
 49
-0.254
 74
0
 49
0.0
 74
0
 49
-0.254
 74
0
 49
0.0
 74
0
 49
-0.254
 74
0
  0
ENDTAB
  0
TABLE
  2
LAYER
  5
1
330
0
100
AcDbSymbolTable
 70
18
  0
LAYER
  5
27
330
1
100
AcDbSymbolTableRecord
100
AcDbLayerTableRecord
  2
0
 70
0
 62
7
  6
Continuous
370
-3
390
13
347
21
  0
LAYER
  5
28
330
1
100
AcDbSymbolTableRecord
100
AcDbLayerTableRecord
  2
Defpoints
 70
0
 62
7
  6
Continuous
290
0
370
-3
390
13
347
21
  0
LAYER
  5
8B
330
1
100
AcDbSymbolTableRecord
100
AcDbLayerTableRecord
  2
PLAT-LINE
 70
0
 62
7
  6
CONTINUOUS
370
-3
390
13
347
21
  0
LAYER
  5
8C
330
1
100
AcDbSymbolTableRecord
100
AcDbLayerTableRecord
  2
PLAT-LINE-DASH
 70
0
 62
8
  6
DASHED
370
-3
390
13
347
21
  0
LAYER
  5
8D
330
1
100
AcDbSymbolTableRecord
100
AcDbLayerTableRecord
  2
PLAT-CURVE
 70
0
 62
4
  6
CONTINUOUS
370
-3
390
13
347
21
  0
LAYER
  5
8E
330
1
100
AcDbSymbolTableRecord
100
AcDbLayerTableRecord
  2
PLAT-TEXT-BRG
 70
0
 62
3
  6
CONTINUOUS
370
-3
390
13
347
21
  0
LAYER
  5
8F
330
1
100
AcDbSymbolTableRecord
100
AcDbLayerTableRecord
  2
PLAT-TEXT-DIST
 70
0
 62
2
  6
CONTINUOUS
370
-3
390
13
347
21
  0
LAYER
  5
90
330
1
100
AcDbSymbolTableRecord
100
AcDbLayerTableRecord
  2
PLAT-TEXT-CURVE
 70
0
 62
6
  6
CONTINUOUS
370
-3
390
13
347
21
  0
LAYER
  5
91
330
1
100
AcDbSymbolTableRecord
100
AcDbLayerTableRecord
  2
PLAT-TEXT-LOTNO
 70
0
 62
5
  6
CONTINUOUS
370
-3
390
13
347
21
  0
LAYER
  5
92
330
1
100
AcDbSymbolTableRecord
100
AcDbLayerTableRecord
  2
PLAT-TEXT-AREA
 70
0
 62
5
  6
CONTINUOUS
370
-3
390
13
347
21
  0
LAYER
  5
93
330
1
100
AcDbSymbolTableRecord
100
AcDbLayerTableRecord
  2
PLAT-TEXT-MISC
 70
0
 62
9
  6
CONTINUOUS
370
-3
390
13
347
21
  0
LAYER
  5
94
330
1
100
AcDbSymbolTableRecord
100
AcDbLayerTableRecord
  2
PLAT-TEXT-UNASSOC
 70
0
 62
30
  6
CONTINUOUS
370
-3
390
13
347
21
  0
LAYER
  5
95
330
1
100
AcDbSymbolTableRecord
100
AcDbLayerTableRecord
  2
PLAT-TABLE-CURVE
 70
0
 62
6
  6
CONTINUOUS
370
-3
390
13
347
21
  0
LAYER
  5
96
330
1
100
AcDbSymbolTableRecord
100
AcDbLayerTableRecord
  2
PLAT-TABLE
 70
0
 62
6
  6
CONTINUOUS
370
-3
390
13
347
21
  0
LAYER
  5
97
330
1
100
AcDbSymbolTableRecord
100
AcDbLayerTableRecord
  2
PLAT-NOTES
 70
0
 62
7
  6
CONTINUOUS
370
-3
390
13
347
21
  0
LAYER
  5
98
330
1
100
AcDbSymbolTableRecord
100
AcDbLayerTableRecord
  2
PLAT-QA
 70
0
 62
1
  6
CONTINUOUS
370
-3
390
13
347
21
  0
LAYER
  5
99
330
1
100
AcDbSymbolTableRecord
100
AcDbLayerTableRecord
  2
PLAT-MON
 70
0
 62
1
  6
CONTINUOUS
370
-3
390
13
347
21
  0
LAYER
  5
9A
330
1
100
AcDbSymbolTableRecord
100
AcDbLayerTableRecord
  2
PLAT-TEXT-LOWCONF
 70
1
 62
8
  6
CONTINUOUS
370
-3
390
13
347
21
  0
ENDTAB
  0
TABLE
  2
STYLE
  5
5
330
0
100
AcDbSymbolTable
 70
27
  0
STYLE
  5
29
330
5
100
AcDbSymbolTableRecord
100
AcDbTextStyleTableRecord
  2
Standard
 70
0
 40
0.0
 41
1.0
 50
0.0
 71
0
 42
2.5
  3
txt
  4

  0
STYLE
  5
41
330
5
100
AcDbSymbolTableRecord
100
AcDbTextStyleTableRecord
  2
OpenSans-Light
 70
0
 40
0.0
 41
1.0
 50
0.0
 71
0
 42
2.5
  3
OpenSans-Light.ttf
  4

  0
STYLE
  5
42
330
5
100
AcDbSymbolTableRecord
100
AcDbTextStyleTableRecord
  2
OpenSans-Light-Italic
 70
0
 40
0.0
 41
1.0
 50
0.0
 71
0
 42
2.5
  3
OpenSans-LightItalic.ttf
  4

  0
STYLE
  5
43
330
5
100
AcDbSymbolTableRecord
100
AcDbTextStyleTableRecord
  2
OpenSans
 70
0
 40
0.0
 41
1.0
 50
0.0
 71
0
 42
2.5
  3
OpenSans-Regular.ttf
  4

  0
STYLE
  5
44
330
5
100
AcDbSymbolTableRecord
100
AcDbTextStyleTableRecord
  2
OpenSans-Italic
 70
0
 40
0.0
 41
1.0
 50
0.0
 71
0
 42
2.5
  3
OpenSans-Italic.ttf
  4

  0
STYLE
  5
45
330
5
100
AcDbSymbolTableRecord
100
AcDbTextStyleTableRecord
  2
OpenSans-SemiBold
 70
0
 40
0.0
 41
1.0
 50
0.0
 71
0
 42
2.5
  3
OpenSans-SemiBold.ttf
  4

  0
STYLE
  5
46
330
5
100
AcDbSymbolTableRecord
100
AcDbTextStyleTableRecord
  2
OpenSans-SemiBoldItalic
 70
0
 40
0.0
 41
1.0
 50
0.0
 71
0
 42
2.5
  3
OpenSans-SemiBoldItalic.ttf
  4

  0
STYLE
  5
47
330
5
100
AcDbSymbolTableRecord
100
AcDbTextStyleTableRecord
  2
OpenSans-Bold
 70
0
 40
0.0
 41
1.0
 50
0.0
 71
0
 42
2.5
  3
OpenSans-Bold.ttf
  4

  0
STYLE
  5
48
330
5
100
AcDbSymbolTableRecord
100
AcDbTextStyleTableRecord
  2
OpenSans-BoldItalic
 70
0
 40
0.0
 41
1.0
 50
0.0
 71
0
 42
2.5
  3
OpenSans-BoldItalic.ttf
  4

  0
STYLE
  5
49
330
5
100
AcDbSymbolTableRecord
100
AcDbTextStyleTableRecord
  2
OpenSans-ExtraBold
 70
0
 40
0.0
 41
1.0
 50
0.0
 71
0
 42
2.5
  3
OpenSans-ExtraBold.ttf
  4

  0
STYLE
  5
4A
330
5
100
AcDbSymbolTableRecord
100
AcDbTextStyleTableRecord
  2
OpenSans-ExtraBoldItalic
 70
0
 40
0.0
 41
1.0
 50
0.0
 71
0
 42
2.5
  3
OpenSans-ExtraBoldItalic.ttf
  4

  0
STYLE
  5
4B
330
5
100
AcDbSymbolTableRecord
100
AcDbTextStyleTableRecord
  2
OpenSansCondensed-Bold
 70
0
 40
0.0
 41
1.0
 50
0.0
 71
0
 42
2.5
  3
OpenSansCondensed-Bold.ttf
  4

  0
STYLE
  5
4C
330
5
100
AcDbSymbolTableRecord
100
AcDbTextStyleTableRecord
  2
OpenSansCondensed-Light
 70
0
 40
0.0
 41
1.0
 50
0.0
 71
0
 42
2.5
  3
OpenSansCondensed-Light.ttf
  4

  0
STYLE
  5
4D
330
5
100
AcDbSymbolTableRecord
100
AcDbTextStyleTableRecord
  2
OpenSansCondensed-Italic
 70
0
 40
0.0
 41
1.0
 50
0.0
 71
0
 42
2.5
  3
OpenSansCondensed-LightItalic.ttf
  4

  0
STYLE
  5
4E
330
5
100
AcDbSymbolTableRecord
100
AcDbTextStyleTableRecord
  2
LiberationSans
 70
0
 40
0.0
 41
1.0
 50
0.0
 71
0
 42
2.5
  3
LiberationSans-Regular.ttf
  4

  0
STYLE
  5
4F
330
5
100
AcDbSymbolTableRecord
100
AcDbTextStyleTableRecord
  2
LiberationSans-Bold
 70
0
 40
0.0
 41
1.0
 50
0.0
 71
0
 42
2.5
  3
LiberationSans-Bold.ttf
  4

  0
STYLE
  5
50
330
5
100
AcDbSymbolTableRecord
100
AcDbTextStyleTableRecord
  2
LiberationSans-BoldItalic
 70
0
 40
0.0
 41
1.0
 50
0.0
 71
0
 42
2.5
  3
LiberationSans-BoldItalic.ttf
  4

  0
STYLE
  5
51
330
5
100
AcDbSymbolTableRecord
100
AcDbTextStyleTableRecord
  2
LiberationSans-Italic
 70
0
 40
0.0
 41
1.0
 50
0.0
 71
0
 42
2.5
  3
LiberationSans-Italic.ttf
  4

  0
STYLE
  5
52
330
5
100
AcDbSymbolTableRecord
100
AcDbTextStyleTableRecord
  2
LiberationSerif
 70
0
 40
0.0
 41
1.0
 50
0.0
 71
0
 42
2.5
  3
LiberationSerif-Regular.ttf
  4

  0
STYLE
  5
53
330
5
100
AcDbSymbolTableRecord
100
AcDbTextStyleTableRecord
  2
LiberationSerif-Bold
 70
0
 40
0.0
 41
1.0
 50
0.0
 71
0
 42
2.5
  3
LiberationSerif-Bold.ttf
  4

  0
STYLE
  5
54
330
5
100
AcDbSymbolTableRecord
100
AcDbTextStyleTableRecord
  2
LiberationSerif-BoldItalic
 70
0
 40
0.0
 41
1.0
 50
0.0
 71
0
 42
2.5
  3
LiberationSerif-BoldItalic.ttf
  4

  0
STYLE
  5
55
330
5
100
AcDbSymbolTableRecord
100
AcDbTextStyleTableRecord
  2
LiberationSerif-Italic
 70
0
 40
0.0
 41
1.0
 50
0.0
 71
0
 42
2.5
  3
LiberationSerif-Italic.ttf
  4

  0
STYLE
  5
56
330
5
100
AcDbSymbolTableRecord
100
AcDbTextStyleTableRecord
  2
LiberationMono
 70
0
 40
0.0
 41
1.0
 50
0.0
 71
0
 42
2.5
  3
LiberationMono-Regular.ttf
  4

  0
STYLE
  5
57
330
5
100
AcDbSymbolTableRecord
100
AcDbTextStyleTableRecord
  2
LiberationMono-Bold
 70
0
 40
0.0
 41
1.0
 50
0.0
 71
0
 42
2.5
  3
LiberationMono-Bold.ttf
  4

  0
STYLE
  5
58
330
5
100
AcDbSymbolTableRecord
100
AcDbTextStyleTableRecord
  2
LiberationMono-BoldItalic
 70
0
 40
0.0
 41
1.0
 50
0.0
 71
0
 42
2.5
  3
LiberationMono-BoldItalic.ttf
  4

  0
STYLE
  5
59
330
5
100
AcDbSymbolTableRecord
100
AcDbTextStyleTableRecord
  2
LiberationMono-Italic
 70
0
 40
0.0
 41
1.0
 50
0.0
 71
0
 42
2.5
  3
LiberationMono-Italic.ttf
  4

  0
STYLE
  5
9B
330
5
100
AcDbSymbolTableRecord
100
AcDbTextStyleTableRecord
  2
PLAT
 70
0
 40
0.0
 41
1.0
 50
0.0
 71
0
 42
2.5
  3
arial.ttf
  4

  0
ENDTAB
  0
TABLE
  2
VIEW
  5
7
330
0
100
AcDbSymbolTable
 70
0
  0
ENDTAB
  0
TABLE
  2
UCS
  5
6
330
0
100
AcDbSymbolTable
 70
0
  0
ENDTAB
  0
TABLE
  2
APPID
  5
3
330
0
100
AcDbSymbolTable
 70
4
  0
APPID
  5
2A
330
3
100
AcDbSymbolTableRecord
100
AcDbRegAppTableRecord
  2
ACAD
 70
0
  0
APPID
  5
8A
330
3
100
AcDbSymbolTableRecord
100
AcDbRegAppTableRecord
  2
RASTER2DXF
 70
0
  0
APPID
  5
777
330
3
100
AcDbSymbolTableRecord
100
AcDbRegAppTableRecord
  2
HATCHBACKGROUNDCOLOR
 70
0
  0
APPID
  5
778
330
3
100
AcDbSymbolTableRecord
100
AcDbRegAppTableRecord
  2
EZDXF
 70
0
  0
ENDTAB
  0
TABLE
  2
DIMSTYLE
  5
4
330
0
100
AcDbSymbolTable
 70
12
100
AcDbDimStyleTable
  0
DIMSTYLE
105
2B
330
4
100
AcDbSymbolTableRecord
100
AcDbDimStyleTableRecord
  2
Standard
 70
0
 40
1.0
 41
2.5
 42
0.625
 43
3.75
 44
1.25
 45
0.0
 46
0.0
 47
0.0
 48
0.0
 49
2.5
140
2.5
141
2.5
142
0.0
143
0.03937007874
144
1.0
145
0.0
146
1.0
147
0.625
148
0.0
 69
0
 70
0
 71
0
 72
0
 73
0
 74
0
 75
0
 76
0
 77
1
 78
8
 79
3
170
0
171
3
172
1
173
0
174
0
175
0
176
0
177
0
178
0
179
2
271
2
272
2
273
2
274
3
275
0
276
0
277
2
278
44
279
0
280
0
281
0
282
0
283
0
284
8
285
0
286
0
288
0
289
3
290
0
371
-2
372
-2
  0
DIMSTYLE
105
73
330
4
100
AcDbSymbolTableRecord
100
AcDbDimStyleTableRecord
  2
EZDXF
 70
0
 40
1.0
 41
0.175
 42
0.125
 43
3.75
 44
0.375
 45
0.0
 46
0.0
 47
0.0
 48
0.0
 49
2.5
140
0.25
141
2.5
142
0.0
143
0.03937007874
144
100.0
145
0.0
146
0.5
147
0.1
148
0.0
 69
0
 70
0
 71
0
 72
0
 73
0
 74
0
 75
0
 76
0
 77
1
 78
12
 79
3
170
0
171
3
172
1
173
0
174
0
175
0
176
0
177
0
178
0
179
2
271
2
272
2
273
2
274
3
275
0
276
0
277
2
278
46
279
2
280
0
281
0
282
0
283
0
284
8
285
0
286
0
288
1
289
3
290
0
340
4C
342
74
371
-2
372
-2
  0
DIMSTYLE
105
7C
330
4
100
AcDbSymbolTableRecord
100
AcDbDimStyleTableRecord
  2
EZ_M_100_H25_CM
 70
0
 40
1.0
 41
0.25
 42
0.125
 43
3.75
 44
0.375
 45
0.0
 46
0.0
 47
0.0
 48
0.0
 49
2.5
140
0.25
141
2.5
142
0.125
143
0.03937007874
144
100.0
145
0.0
146
0.5
147
0.1
148
0.0
 69
0
 70
0
 71
0
 72
0
 73
0
 74
0
 75
0
 76
0
 77
1
 78
12
 79
3
170
0
171
3
172
1
173
0
174
0
175
0
176
0
177
0
178
0
179
2
271
2
272
2
273
2
274
3
275
0
276
0
277
2
278
46
279
2
280
0
281
0
282
0
283
0
284
8
285
0
286
0
288
1
289
3
290
0
340
4C
371
-2
372
-2
  0
DIMSTYLE
105
7D
330
4
100
AcDbSymbolTableRecord
100
AcDbDimStyleTableRecord
  2
EZ_M_50_H25_CM
 70
0
 40
1.0
 41
0.125
 42
0.0625
 43
3.75
 44
0.1875
 45
0.0
 46
0.0
 47
0.0
 48
0.0
 49
2.5
140
0.125
141
2.5
142
0.0625
143
0.03937007874
144
100.0
145
0.0
146
0.5
147
0.05
148
0.0
 69
0
 70
0
 71
0
 72
0
 73
0
 74
0
 75
0
 76
0
 77
1
 78
12
 79
3
170
0
171
3
172
1
173
0
174
0
175
0
176
0
177
0
178
0
179
2
271
2
272
2
273
2
274
3
275
0
276
0
277
2
278
46
279
2
280
0
281
0
282
0
283
0
284
8
285
0
286
0
288
1
289
3
290
0
340
4C
371
-2
372
-2
  0
DIMSTYLE
105
7E
330
4
100
AcDbSymbolTableRecord
100
AcDbDimStyleTableRecord
  2
EZ_M_25_H25_CM
 70
0
 40
1.0
 41
0.0625
 42
0.03125
 43
3.75
 44
0.09375
 45
0.0
 46
0.0
 47
0.0
 48
0.0
 49
2.5
140
0.0625
141
2.5
142
0.03125
143
0.03937007874
144
100.0
145
0.0
146
0.5
147
0.025
148
0.0
 69
0
 70
0
 71
0
 72
0
 73
0
 74
0
 75
0
 76
0
 77
1
 78
12
 79
3
170
0
171
3
172
1
173
0
174
0
175
0
176
0
177
0
178
0
179
2
271
2
272
2
273
2
274
3
275
0
276
0
277
2
278
46
279
2
280
0
281
0
282
0
283
0
284
8
285
0
286
0
288
1
289
3
290
0
340
4C
371
-2
372
-2
  0
DIMSTYLE
105
7F
330
4
100
AcDbSymbolTableRecord
100
AcDbDimStyleTableRecord
  2
EZ_M_20_H25_CM
 70
0
 40
1.0
 41
0.05
 42
0.025
 43
3.75
 44
0.07500000000000001
 45
0.0
 46
0.0
 47
0.0
 48
0.0
 49
2.5
140
0.05
141
2.5
142
0.025
143
0.03937007874
144
100.0
145
0.0
146
0.5
147
0.020000000000000004
148
0.0
 69
0
 70
0
 71
0
 72
0
 73
0
 74
0
 75
0
 76
0
 77
1
 78
12
 79
3
170
0
171
3
172
1
173
0
174
0
175
0
176
0
177
0
178
0
179
2
271
2
272
2
273
2
274
3
275
0
276
0
277
2
278
46
279
2
280
0
281
0
282
0
283
0
284
8
285
0
286
0
288
1
289
3
290
0
340
4C
371
-2
372
-2
  0
DIMSTYLE
105
80
330
4
100
AcDbSymbolTableRecord
100
AcDbDimStyleTableRecord
  2
EZ_M_10_H25_CM
 70
0
 40
1.0
 41
0.025
 42
0.0125
 43
3.75
 44
0.037500000000000006
 45
0.0
 46
0.0
 47
0.0
 48
0.0
 49
2.5
140
0.025
141
2.5
142
0.0125
143
0.03937007874
144
100.0
145
0.0
146
0.5
147
0.010000000000000002
148
0.0
 69
0
 70
0
 71
0
 72
0
 73
0
 74
0
 75
0
 76
0
 77
1
 78
12
 79
3
170
0
171
3
172
1
173
0
174
0
175
0
176
0
177
0
178
0
179
2
271
2
272
2
273
2
274
3
275
0
276
0
277
2
278
46
279
2
280
0
281
0
282
0
283
0
284
8
285
0
286
0
288
1
289
3
290
0
340
4C
371
-2
372
-2
  0
DIMSTYLE
105
81
330
4
100
AcDbSymbolTableRecord
100
AcDbDimStyleTableRecord
  2
EZ_M_5_H25_CM
 70
0
 40
1.0
 41
0.0125
 42
0.00625
 43
3.75
 44
0.018750000000000003
 45
0.0
 46
0.0
 47
0.0
 48
0.0
 49
2.5
140
0.0125
141
2.5
142
0.00625
143
0.03937007874
144
100.0
145
0.0
146
0.5
147
0.005000000000000001
148
0.0
 69
0
 70
0
 71
0
 72
0
 73
0
 74
0
 75
0
 76
0
 77
1
 78
12
 79
3
170
0
171
3
172
1
173
0
174
0
175
0
176
0
177
0
178
0
179
2
271
2
272
2
273
2
274
3
275
0
276
0
277
2
278
46
279
2
280
0
281
0
282
0
283
0
284
8
285
0
286
0
288
1
289
3
290
0
340
4C
371
-2
372
-2
  0
DIMSTYLE
105
82
330
4
100
AcDbSymbolTableRecord
100
AcDbDimStyleTableRecord
  2
EZ_M_1_H25_CM
 70
0
 40
1.0
 41
0.0025
 42
0.00125
 43
3.75
 44
0.00375
 45
0.0
 46
0.0
 47
0.0
 48
0.0
 49
2.5
140
0.0025
141
2.5
142
0.00125
143
0.03937007874
144
100.0
145
0.0
146
0.5
147
0.001
148
0.0
 69
0
 70
0
 71
0
 72
0
 73
0
 74
0
 75
0
 76
0
 77
1
 78
12
 79
3
170
0
171
3
172
1
173
0
174
0
175
0
176
0
177
0
178
0
179
2
271
2
272
2
273
2
274
3
275
0
276
0
277
2
278
46
279
2
280
0
281
0
282
0
283
0
284
8
285
0
286
0
288
1
289
3
290
0
340
4C
371
-2
372
-2
  0
DIMSTYLE
105
83
330
4
100
AcDbSymbolTableRecord
100
AcDbDimStyleTableRecord
  2
EZ_RADIUS
 70
0
 40
1.0
 41
0.25
 42
0.125
 43
3.75
 44
0.375
 45
0.0
 46
0.0
 47
0.0
 48
0.0
 49
2.5
140
0.25
141
0.0
142
0.0
143
0.03937007874
144
100.0
145
0.0
146
0.5
147
0.1
148
0.0
 69
0
 70
0
 71
0
 72
0
 73
0
 74
0
 75
0
 76
0
 77
1
 78
12
 79
3
170
0
171
3
172
0
173
0
174
0
175
0
176
0
177
0
178
0
179
2
271
2
272
2
273
2
274
3
275
0
276
0
277
2
278
46
279
1
280
0
281
0
282
0
283
0
284
8
285
0
286
0
288
1
289
3
290
0
340
4C
342
84
371
-2
372
-2
  0
DIMSTYLE
105
88
330
4
100
AcDbSymbolTableRecord
100
AcDbDimStyleTableRecord
  2
EZ_RADIUS_INSIDE
 70
0
 40
1.0
 41
0.25
 42
0.125
 43
3.75
 44
0.375
 45
0.0
 46
0.0
 47
0.0
 48
0.0
 49
2.5
140
0.25
141
0.0
142
0.0
143
0.03937007874
144
100.0
145
0.0
146
0.5
147
0.1
148
0.0
 69
0
 70
0
 71
0
 72
0
 73
0
 74
0
 75
0
 76
0
 77
0
 78
12
 79
3
170
0
171
3
172
0
173
0
174
1
175
0
176
0
177
0
178
0
179
2
271
2
272
2
273
2
274
3
275
0
276
0
277
2
278
46
279
0
280
0
281
0
282
0
283
0
284
8
285
0
286
0
288
1
289
0
290
0
340
4C
342
84
371
-2
372
-2
  0
DIMSTYLE
105
89
330
4
100
AcDbSymbolTableRecord
100
AcDbDimStyleTableRecord
  2
EZ_CURVED
 70
0
 40
1.0
 41
0.25
 42
0.125
 43
3.75
 44
0.375
 45
0.0
 46
0.0
 47
0.0
 48
0.0
 49
2.5
140
0.25
141
2.5
142
0.0
143
0.03937007874
144
100.0
145
0.0
146
0.5
147
0.1
148
0.0
 69
0
 70
0
 71
0
 72
0
 73
0
 74
0
 75
0
 76
0
 77
1
 78
12
 79
2
 90
2
170
0
171
3
172
1
173
0
174
0
175
0
176
0
177
0
178
0
179
2
271
2
272
2
273
2
274
3
275
0
276
0
277
2
278
46
279
2
280
0
281
0
282
0
283
0
284
8
285
0
286
0
288
1
289
3
290
0
340
4C
371
-2
372
-2
  0
ENDTAB
  0
TABLE
  2
BLOCK_RECORD
  5
9
330
0
100
AcDbSymbolTable
 70
5
  0
BLOCK_RECORD
  5
17
330
9
100
AcDbSymbolTableRecord
100
AcDbBlockTableRecord
  2
*Model_Space
340
1A
 70
0
280
1
281
0
  0
BLOCK_RECORD
  5
1B
330
9
100
AcDbSymbolTableRecord
100
AcDbBlockTableRecord
  2
*Paper_Space
340
1E
 70
0
280
1
281
0
  0
BLOCK_RECORD
  5
74
330
9
100
AcDbSymbolTableRecord
100
AcDbBlockTableRecord
  2
_ARCHTICK
340
0
 70
0
280
1
281
0
  0
BLOCK_RECORD
  5
78
330
9
100
AcDbSymbolTableRecord
100
AcDbBlockTableRecord
  2
_CLOSEDFILLED
340
0
 70
0
280
1
281
0
  0
BLOCK_RECORD
  5
84
330
9
100
AcDbSymbolTableRecord
100
AcDbBlockTableRecord
  2
_CLOSEDBLANK
340
0
 70
0
280
1
281
0
  0
ENDTAB
  0
ENDSEC
  0
SECTION
  2
BLOCKS
  0
BLOCK
  5
18
330
17
100
AcDbEntity
  8
0
100
AcDbBlockBegin
  2
*Model_Space
 70
0
 10
0.0
 20
0.0
 30
0.0
  3
*Model_Space
  1

  0
ENDBLK
  5
19
330
17
100
AcDbEntity
  8
0
100
AcDbBlockEnd
  0
BLOCK
  5
1C
330
1B
100
AcDbEntity
  8
0
100
AcDbBlockBegin
  2
*Paper_Space
 70
0
 10
0.0
 20
0.0
 30
0.0
  3
*Paper_Space
  1

  0
ENDBLK
  5
1D
330
1B
100
AcDbEntity
  8
0
100
AcDbBlockEnd
  0
BLOCK
  5
75
330
74
100
AcDbEntity
  8
0
100
AcDbBlockBegin
  2
_ARCHTICK
 70
0
 10
0.0
 20
0.0
 30
0.0
  3
_ARCHTICK
  1

  0
LWPOLYLINE
  5
77
330
74
100
AcDbEntity
  8
0
  6
BYBLOCK
 62
0
100
AcDbPolyline
 90
2
 70
0
 43
0.15
 10
-0.5
 20
-0.5
 10
0.5
 20
0.5
  0
ENDBLK
  5
76
330
74
100
AcDbEntity
  8
0
100
AcDbBlockEnd
  0
BLOCK
  5
79
330
78
100
AcDbEntity
  8
0
100
AcDbBlockBegin
  2
_CLOSEDFILLED
 70
0
 10
0.0
 20
0.0
 30
0.0
  3
_CLOSEDFILLED
  1

  0
SOLID
  5
7B
330
78
100
AcDbEntity
  8
0
  6
BYBLOCK
 62
0
100
AcDbTrace
 10
-1.0
 20
0.16439898372402537
 30
0.0
 11
0.0
 21
0.0
 31
0.0
 12
-1.0
 22
-0.16439898372402537
 32
0.0
 13
-1.0
 23
-0.16439898372402537
 33
0.0
  0
ENDBLK
  5
7A
330
78
100
AcDbEntity
  8
0
100
AcDbBlockEnd
  0
BLOCK
  5
85
330
84
100
AcDbEntity
  8
0
100
AcDbBlockBegin
  2
_CLOSEDBLANK
 70
0
 10
0.0
 20
0.0
 30
0.0
  3
_CLOSEDBLANK
  1

  0
LWPOLYLINE
  5
87
330
84
100
AcDbEntity
  8
0
  6
BYBLOCK
 62
0
100
AcDbPolyline
 90
3
 70
1
 10
-1.0
 20
0.16439898372402537
 10
0.0
 20
0.0
 10
-1.0
 20
-0.16439898372402537
  0
ENDBLK
  5
86
330
84
100
AcDbEntity
  8
0
100
AcDbBlockEnd
  0
ENDSEC
  0
SECTION
  2
ENTITIES
  0
LINE
  5
9C
330
17
100
AcDbEntity
  8
PLAT-LINE
100
AcDbLine
 10
2190.7608113782785
 20
1815.6482545406384
 30
0.0
 11
904.7137778236602
 21
1792.5267858879647
 31
0.0
1001
RASTER2DXF
1000
line 0
1040
1286.255
1040
0.999
  0
LINE
  5
9D
330
17
100
AcDbEntity
  8
PLAT-LINE
100
AcDbLine
 10
904.7137778236602
 20
1792.5267858879647
 30
0.0
 11
174.47547072353996
 21
1779.398042003747
 31
0.0
1001
RASTER2DXF
1000
line 1
1040
730.356
1040
0.999
  0
LINE
  5
9E
330
17
100
AcDbEntity
  8
PLAT-LINE
100
AcDbLine
 10
2587.9310837807006
 20
1820.0705608765934
 30
0.0
 11
2627.0792414542907
 21
1820.455673398692
 31
0.0
1001
RASTER2DXF
1000
line 2
1040
39.15
1040
0.855
  0
LINE
  5
9F
330
17
100
AcDbEntity
  8
PLAT-LINE
100
AcDbLine
 10
2816.392440169142
 20
16.45015196989766
 30
0.0
 11
2783.437710841382
 21
1821.7473049719308
 31
0.0
1001
RASTER2DXF
1000
line 3
1040
1805.598
1040
1.0
  0
LINE
  5
A0
330
17
100
AcDbEntity
  8
PLAT-LINE
100
AcDbLine
 10
1082.6665271517952
 20
1798.0169569831337
 30
0.0
 11
904.6887626314244
 21
1793.9181643618945
 31
0.0
1001
RASTER2DXF
1000
line 4
1040
178.025
1040
0.925
  0
LINE
  5
A1
330
17
100
AcDbEntity
  8
PLAT-LINE
100
AcDbLine
 10
387.4354319196061
 20
1785.2501120006316
 30
0.0
 11
425.25394940653405
 21
1785.9009116874104
 31
0.0
1001
RASTER2DXF
1000
line 5
1040
37.824
1040
0.911
  0
LINE
  5
A2
330
17
100
AcDbEntity
  8
PLAT-LINE
100
AcDbLine
 10
363.35944167757407
 20
1784.8122343406874
 30
0.0
 11
338.26544353377903
 21
1784.448844460852
 31
0.0
1001
RASTER2DXF
1000
line 6
1040
25.097
1040
1.0
  0
LINE
  5
A3
330
17
100
AcDbEntity
  8
PLAT-LINE
100
AcDbLine
 10
174.43250699210648
 20
1781.6041438608054
 30
0.0
 11
294.77111275482207
 21
1783.6605970282967
 31
0.0
1001
RASTER2DXF
1000
line 7
1040
120.356
1040
0.976
  0
LINE
  5
A4
330
17
100
AcDbEntity
  8
PLAT-LINE
100
AcDbLine
 10
209.42259694766403
 20
-15.067138030872684
 30
0.0
 11
174.43250699210648
 21
1781.6041438608054
 31
0.0
1001
RASTER2DXF
1000
line 8
1040
1797.012
1040
1.0
  0
LINE
  5
A5
330
17
100
AcDbEntity
  8
PLAT-LINE
100
AcDbLine
 10
2732.8439219366846
 20
1772.2911955096433
 30
0.0
 11
482.76455050943366
 21
1734.3294590521584
 31
0.0
1001
RASTER2DXF
1000
line 9
1040
2250.4
1040
0.986
  0
LINE
  5
A6
330
17
100
AcDbEntity
  8
PLAT-LINE
100
AcDbLine
 10
476.8292156947525
 20
1721.913853470158
 30
0.0
 11
510.5177624370974
 21
18.12160112435788
 31
0.0
1001
RASTER2DXF
1000
line 10
1040
1704.125
1040
0.996
  0
LINE
  5
A7
330
17
100
AcDbEntity
  8
PLAT-LINE
100
AcDbLine
 10
2181.1878339171835
 20
1754.9007326374845
 30
0.0
 11
2181.449847683746
 21
1713.08160627909
 31
0.0
1001
RASTER2DXF
1000
line 11
1040
41.82
1040
1.0
  0
LINE
  5
A8
330
17
100
AcDbEntity
  8
PLAT-LINE
100
AcDbLine
 10
2732.8439219366846
 20
1772.2911955096433
 30
0.0
 11
2764.8684462124647
 21
63.34281135440324
 31
0.0
1001
RASTER2DXF
1000
line 12
1040
1709.248
1040
0.883
  0
LINE
  5
A9
330
17
100
AcDbEntity
  8
PLAT-LINE
100
AcDbLine
 10
2724.622700364396
 20
1723.7124913044058
 30
0.0
 11
2191.339902146896
 21
1713.2170102580121
 31
0.0
1001
RASTER2DXF
1000
line 13
1040
533.386
1040
0.99
  0
LINE
  5
AA
330
17
100
AcDbEntity
  8
PLAT-LINE
100
AcDbLine
 10
384.7529912244281
 20
1623.8084608153172
 30
0.0
 11
363.9478603415196
 21
1607.9713033040312
 31
0.0
1001
RASTER2DXF
1000
line 14
1040
26.147
1040
0.989
  0
LINE
  5
AB
330
17
100
AcDbEntity
  8
PLAT-LINE
100
AcDbLine
 10
262.87223624822445
 20
1609.9509777099524
 30
0.0
 11
242.15434772545905
 21
1580.0132717032893
 31
0.0
1001
RASTER2DXF
1000
line 15
1040
36.407
1040
1.0
  0
LINE
  5
AC
330
17
100
AcDbEntity
  8
PLAT-LINE
100
AcDbLine
 10
267.314666636413
 20
1606.9043330974243
 30
0.0
 11
254.61013826935846
 21
1588.8295387869366
 31
0.0
1001
RASTER2DXF
1000
line 16
1040
22.093
1040
1.0
  0
LINE
  5
AD
330
17
100
AcDbEntity
  8
PLAT-LINE
100
AcDbLine
 10
348.31826927625434
 20
1564.7964583356884
 30
0.0
 11
311.558658339917
 21
1557.3179702972184
 31
0.0
1001
RASTER2DXF
1000
line 17
1040
37.513
1040
0.982
  0
LINE
  5
AE
330
17
100
AcDbEntity
  8
PLAT-LINE
100
AcDbLine
 10
974.9764894914709
 20
1539.2533893954587
 30
0.0
 11
957.7177769920086
 21
1519.4304458871911
 31
0.0
1001
RASTER2DXF
1000
line 18
1040
26.283
1040
0.956
  0
LINE
  5
AF
330
17
100
AcDbEntity
  8
PLAT-LINE
100
AcDbLine
 10
735.1358098669691
 20
1362.622487176819
 30
0.0
 11
736.4871710858116
 21
1281.0094939486708
 31
0.0
1001
RASTER2DXF
1000
line 19
1040
81.624
1040
1.0
  0
LINE
  5
B0
330
17
100
AcDbEntity
  8
PLAT-LINE
100
AcDbLine
 10
706.8526154731478
 20
1263.3938786019794
 30
0.0
 11
635.5740192760366
 21
1261.0006462629567
 31
0.0
1001
RASTER2DXF
1000
line 20
1040
71.319
1040
1.0
  0
LINE
  5
B1
330
17
100
AcDbEntity
  8
PLAT-LINE
100
AcDbLine
 10
635.5740192760366
 20
1261.0006462629567
 30
0.0
 11
584.6732079297442
 21
1259.291613337286
 31
0.0
1001
RASTER2DXF
1000
line 21
1040
50.929
1040
1.0
  0
LINE
  5
B2
330
17
100
AcDbEntity
  8
PLAT-LINE
100
AcDbLine
 10
794.7253161708055
 20
1363.3457234969735
 30
0.0
 11
797.397671412293
 21
1279.8097044192984
 31
0.0
1001
RASTER2DXF
1000
line 22
1040
83.579
1040
1.0
  0
LINE
  5
B3
330
17
100
AcDbEntity
  8
PLAT-LINE
100
AcDbLine
 10
1323.836831815257
 20
1363.7435407231794
 30
0.0
 11
1419.193061279279
 21
1364.9422879119581
 31
0.0
1001
RASTER2DXF
1000
line 23
1040
95.364
1040
1.0
1000
distance=200°
  0
LINE
  5
B4
330
17
100
AcDbEntity
  8
PLAT-LINE
100
AcDbLine
 10
1171.261083451082
 20
1362.1887205181388
 30
0.0
 11
1217.4349022085528
 21
1362.7288003513154
 31
0.0
1001
RASTER2DXF
1000
line 24
1040
46.177
1040
0.978
  0
LINE
  5
B5
330
17
100
AcDbEntity
  8
PLAT-LINE
100
AcDbLine
 10
1130.109767344668
 20
1359.390484033935
 30
0.0
 11
1154.5163123912027
 21
1360.5675988413395
 31
0.0
1001
RASTER2DXF
1000
line 25
1040
24.435
1040
1.0
1000
distance=100° =
  0
LINE
  5
B6
330
17
100
AcDbEntity
  8
PLAT-LINE
100
AcDbLine
 10
1171.308570879981
 20
1358.314626092829
 30
0.0
 11
1215.1391302562245
 21
1358.8765296269141
 31
0.0
1001
RASTER2DXF
1000
line 26
1040
43.834
1040
1.0
  0
LINE
  5
B7
330
17
100
AcDbEntity
  8
PLAT-LINE
100
AcDbLine
 10
1321.5350696950172
 20
1360.3890157261258
 30
0.0
 11
1416.5543557464525
 21
1361.6855808899716
 31
0.0
1001
RASTER2DXF
1000
line 27
1040
95.028
1040
1.0
  0
LINE
  5
B8
330
17
100
AcDbEntity
  8
PLAT-LINE
100
AcDbLine
 10
1119.5371889383255
 20
1350.224143810381
 30
0.0
 11
1169.057891177961
 21
1350.4677514896357
 31
0.0
1001
RASTER2DXF
1000
line 28
1040
49.521
1040
1.0
  0
LINE
  5
B9
330
17
100
AcDbEntity
  8
PLAT-LINE
100
AcDbLine
 10
1120.8239044582288
 20
1354.3427544070246
 30
0.0
 11
1165.3287833176068
 21
1354.729195158099
 31
0.0
1001
RASTER2DXF
1000
line 29
1040
44.507
1040
1.0
  0
LINE
  5
BA
330
17
100
AcDbEntity
  8
PLAT-LINE
100
AcDbLine
 10
1316.90169901971
 20
1356.1049883666822
 30
0.0
 11
1220.874576787417
 21
1355.0659672848863
 31
0.0
1001
RASTER2DXF
1000
line 30
1040
96.033
1040
1.0
  0
LINE
  5
BB
330
17
100
AcDbEntity
  8
PLAT-LINE
100
AcDbLine
 10
1218.5760085801217
 20
1351.2279001333297
 30
0.0
 11
1323.9771053612678
 21
1352.23035190288
 31
0.0
1001
RASTER2DXF
1000
line 31
1040
105.406
1040
1.0
  0
LINE
  5
BC
330
17
100
AcDbEntity
  8
PLAT-LINE
100
AcDbLine
 10
633.356897715148
 20
1343.32681351646
 30
0.0
 11
635.5851802159748
 21
1260.6682355236949
 31
0.0
1001
RASTER2DXF
1000
line 32
1040
82.689
1040
1.0
  0
LINE
  5
BD
330
17
100
AcDbEntity
  8
PLAT-LINE
100
AcDbLine
 10
593.3821806664591
 20
810.7689356425694
 30
0.0
 11
585.8459289169734
 21
1198.8950575915774
 31
0.0
1001
RASTER2DXF
1000
line 33
1040
388.199
1040
0.981
  0
LINE
  5
BE
330
17
100
AcDbEntity
  8
PLAT-LINE
100
AcDbLine
 10
585.8459289169734
 20
1198.8950575915774
 30
0.0
 11
584.6732079297441
 21
1259.291613337286
 31
0.0
1001
RASTER2DXF
1000
line 34
1040
60.408
1040
0.981
1000
distance=109 ~
  0
LINE
  5
BF
330
17
100
AcDbEntity
  8
PLAT-LINE
100
AcDbLine
 10
584.6732079297441
 20
1259.291613337286
 30
0.0
 11
583.2417223578489
 21
1333.014859602728
 31
0.0
1001
RASTER2DXF
1000
line 35
1040
73.737
1040
0.981
  0
LINE
  5
C0
330
17
100
AcDbEntity
  8
PLAT-LINE-DASH
100
AcDbLine
 10
1018.5165555092401
 20
1323.5279171080797
 30
0.0
 11
972.2090604851453
 21
1230.2356091562533
 31
0.0
1001
RASTER2DXF
1000
line 36
1040
104.153
1040
0.764
  0
LINE
  5
C1
330
17
100
AcDbEntity
  8
PLAT-LINE
100
AcDbLine
 10
2214.8788966521606
 20
1288.5682151166875
 30
0.0
 11
1844.5016557854265
 21
1283.1245025458775
 31
0.0
1001
RASTER2DXF
1000
line 37
1040
370.417
1040
1.0
  0
LINE
  5
C2
330
17
100
AcDbEntity
  8
PLAT-LINE-DASH
100
AcDbLine
 10
1097.6790041420868
 20
1267.6958721715653
 30
0.0
 11
1040.9287613215351
 21
1187.0940628122496
 31
0.0
1001
RASTER2DXF
1000
line 38
1040
98.576
1040
0.769
  0
LINE
  5
C3
330
17
100
AcDbEntity
  8
PLAT-LINE
100
AcDbLine
 10
972.6016764854978
 20
1231.0353671194703
 30
0.0
 11
1022.0664162680482
 21
1201.8762430707916
 31
0.0
1001
RASTER2DXF
1000
line 39
1040
57.42
1040
1.0
  0
LINE
  5
C4
330
17
100
AcDbEntity
  8
PLAT-LINE
100
AcDbLine
 10
703.5888344928652
 20
1201.460841512218
 30
0.0
 11
585.8459289169734
 21
1198.8950575915774
 31
0.0
1001
RASTER2DXF
1000
line 40
1040
117.771
1040
1.0
1000
distance=50°
  0
LINE
  5
C5
330
17
100
AcDbEntity
  8
PLAT-LINE
100
AcDbLine
 10
756.3080369488608
 20
338.89706007108714
 30
0.0
 11
754.9678343222197
 21
398.27443161370223
 31
0.0
1001
RASTER2DXF
1000
line 41
1040
59.392
1040
0.971
1000
distance=,00/ -
  0
LINE
  5
C6
330
17
100
AcDbEntity
  8
PLAT-LINE
100
AcDbLine
 10
754.9678343222197
 20
398.27443161370223
 30
0.0
 11
753.2285050177301
 21
475.33501953873593
 31
0.0
1001
RASTER2DXF
1000
line 42
1040
77.08
1040
0.971
1000
distance=76.92"
  0
LINE
  5
C7
330
17
100
AcDbEntity
  8
PLAT-LINE
100
AcDbLine
 10
753.2285050177301
 20
475.33501953873593
 30
0.0
 11
751.4426689331502
 21
554.4560797429231
 31
0.0
1001
RASTER2DXF
1000
line 43
1040
79.141
1040
0.971
1000
distance=77.25
  0
LINE
  5
C8
330
17
100
AcDbEntity
  8
PLAT-LINE
100
AcDbLine
 10
751.4426689331502
 20
554.4560797429231
 30
0.0
 11
749.7064709646398
 21
631.3779345419632
 31
0.0
1001
RASTER2DXF
1000
line 44
1040
76.941
1040
0.971
1000
distance=7725!
  0
LINE
  5
C9
330
17
100
AcDbEntity
  8
PLAT-LINE
100
AcDbLine
 10
749.7064709646398
 20
631.3779345419632
 30
0.0
 11
747.9573686394087
 21
708.8715139207715
 31
0.0
1001
RASTER2DXF
1000
line 45
1040
77.513
1040
0.971
1000
distance=77.25'
  0
LINE
  5
CA
330
17
100
AcDbEntity
  8
PLAT-LINE
100
AcDbLine
 10
747.9573686394087
 20
708.8715139207715
 30
0.0
 11
746.211519723639
 21
786.2209517358049
 31
0.0
1001
RASTER2DXF
1000
line 46
1040
77.369
1040
0.971
1000
distance=77.25!
  0
LINE
  5
CB
330
17
100
AcDbEntity
  8
PLAT-LINE
100
AcDbLine
 10
746.211519723639
 20
786.2209517358049
 30
0.0
 11
744.4657342711191
 21
863.5675778260386
 31
0.0
1001
RASTER2DXF
1000
line 47
1040
77.366
1040
0.971
1000
distance=77.28’
  0
LINE
  5
CC
330
17
100
AcDbEntity
  8
PLAT-LINE
100
AcDbLine
 10
744.4657342711191
 20
863.5675778260386
 30
0.0
 11
742.6706932672864
 21
943.0964598771975
 31
0.0
1001
RASTER2DXF
1000
line 48
1040
79.549
1040
0.971
1000
distance=77.25'
  0
LINE
  5
CD
330
17
100
AcDbEntity
  8
PLAT-LINE
100
AcDbLine
 10
742.6706932672864
 20
943.0964598771975
 30
0.0
 11
740.9876248420884
 21
1017.6644223838022
 31
0.0
1001
RASTER2DXF
1000
line 49
1040
74.587
1040
0.971
1000
distance=+ 77.25"
  0
LINE
  5
CE
330
17
100
AcDbEntity
  8
PLAT-LINE
100
AcDbLine
 10
740.9876248420884
 20
1017.6644223838022
 30
0.0
 11
739.1142087027914
 21
1100.6656969267087
 31
0.0
1001
RASTER2DXF
1000
line 50
1040
83.022
1040
0.971
1000
distance=77.25"
  0
LINE
  5
CF
330
17
100
AcDbEntity
  8
PLAT-LINE
100
AcDbLine
 10
739.1142087027914
 20
1100.6656969267087
 30
0.0
 11
737.9710197473248
 21
1151.3144227259347
 31
0.0
1001
RASTER2DXF
1000
line 51
1040
50.662
1040
0.971
1000
distance=700°
  0
LINE
  5
D0
330
17
100
AcDbEntity
  8
PLAT-LINE
100
AcDbLine
 10
830.2705623521383
 20
1204.7626213478434
 30
0.0
 11
884.5212071196402
 21
1199.150298008023
 31
0.0
1001
RASTER2DXF
1000
line 52
1040
54.54
1040
1.0
1000
distance=72.39"
1000
bearing=N 84°01'40" W
  0
LINE
  5
D1
330
17
100
AcDbEntity
  8
PLAT-LINE
100
AcDbLine
 10
807.2821390125373
 20
1197.768170072531
 30
0.0
 11
817.4259187643453
 21
1170.0001312705858
 31
0.0
1001
RASTER2DXF
1000
line 53
1040
29.563
1040
1.0
  0
LINE
  5
D2
330
17
100
AcDbEntity
  8
PLAT-LINE
100
AcDbLine
 10
802.4544240651525
 20
972.8891848125095
 30
0.0
 11
801.0695912561767
 21
1058.4042368300184
 31
0.0
1001
RASTER2DXF
1000
line 54
1040
85.526
1040
1.0
1000
distance=103°
  0
LINE
  5
D3
330
17
100
AcDbEntity
  8
PLAT-LINE
100
AcDbLine
 10
801.0695912561767
 20
1058.4042368300184
 30
0.0
 11
799.3128932707662
 21
1166.8824001344624
 31
0.0
1001
RASTER2DXF
1000
line 55
1040
108.492
1040
1.0
1000
distance=140°
  0
LINE
  5
D4
330
17
100
AcDbEntity
  8
PLAT-LINE
100
AcDbLine
 10
636.045537650632
 20
1191.430592036451
 30
0.0
 11
637.9191702932878
 21
1099.3767005867226
 31
0.0
1001
RASTER2DXF
1000
line 56
1040
92.073
1040
1.0
1000
distance=‘—-7007-- =
  0
LINE
  5
D5
330
17
100
AcDbEntity
  8
PLAT-LINE
100
AcDbLine
 10
637.9191702932878
 20
1099.3767005867226
 30
0.0
 11
639.5236765152474
 21
1020.5453233871124
 31
0.0
1001
RASTER2DXF
1000
line 57
1040
78.848
1040
1.0
  0
LINE
  5
D6
330
17
100
AcDbEntity
  8
PLAT-LINE
100
AcDbLine
 10
639.5236765152474
 20
1020.5453233871124
 30
0.0
 11
639.6075815467491
 21
1016.4229653078875
 31
0.0
1001
RASTER2DXF
1000
line 58
1040
4.123
1040
1.0
  0
LINE
  5
D7
330
17
100
AcDbEntity
  8
PLAT-LINE
100
AcDbLine
 10
639.6075815467491
 20
1016.4229653078875
 30
0.0
 11
641.1265517061117
 21
941.794080764574
 31
0.0
1001
RASTER2DXF
1000
line 59
1040
74.644
1040
1.0
  0
LINE
  5
D8
330
17
100
AcDbEntity
  8
PLAT-LINE
100
AcDbLine
 10
641.1265517061117
 20
941.794080764574
 30
0.0
 11
642.7535835251133
 21
861.8559930936962
 31
0.0
1001
RASTER2DXF
1000
line 60
1040
79.955
1040
1.0
1000
distance="77.25 —
  0
LINE
  5
D9
330
17
100
AcDbEntity
  8
PLAT-LINE
100
AcDbLine
 10
642.7535835251133
 20
861.8559930936962
 30
0.0
 11
644.3245258617821
 21
784.6736511333587
 31
0.0
1001
RASTER2DXF
1000
line 61
1040
77.198
1040
1.0
  0
LINE
  5
DA
330
17
100
AcDbEntity
  8
PLAT-LINE
100
AcDbLine
 10
644.3245258617821
 20
784.6736511333587
 30
0.0
 11
645.9064737216432
 21
706.950594192818
 31
0.0
1001
RASTER2DXF
1000
line 62
1040
77.739
1040
1.0
  0
LINE
  5
DB
330
17
100
AcDbEntity
  8
PLAT-LINE
100
AcDbLine
 10
645.9064737216432
 20
706.950594192818
 30
0.0
 11
649.0469322471794
 21
552.6559786793256
 31
0.0
1001
RASTER2DXF
1000
line 63
1040
154.327
1040
1.0
1000
distance=72 25--
  0
LINE
  5
DC
330
17
100
AcDbEntity
  8
PLAT-LINE
100
AcDbLine
 10
649.0469322471794
 20
552.6559786793256
 30
0.0
 11
650.6547171845003
 21
473.66351413468976
 31
0.0
1001
RASTER2DXF
1000
line 64
1040
79.009
1040
1.0
1000
distance="— 77.25%!
1000
curve_id=C4
  0
LINE
  5
DD
330
17
100
AcDbEntity
  8
PLAT-LINE
100
AcDbLine
 10
650.6547171845003
 20
473.66351413468976
 30
0.0
 11
652.2236521604574
 21
396.57979629140544
 31
0.0
1001
RASTER2DXF
1000
line 65
1040
77.1
1040
1.0
1000
distance=176.92" —
  0
LINE
  5
DE
330
17
100
AcDbEntity
  8
PLAT-LINE
100
AcDbLine
 10
652.2236521604574
 20
396.57979629140544
 30
0.0
 11
654.2703499813264
 21
296.0229983666917
 31
0.0
1001
RASTER2DXF
1000
line 66
1040
100.578
1040
1.0
1000
distance=--~99.42'-
  0
LINE
  5
DF
330
17
100
AcDbEntity
  8
PLAT-LINE
100
AcDbLine
 10
899.327124533253
 20
1194.6750417869757
 30
0.0
 11
888.1107426901253
 21
1070.211897631213
 31
0.0
1001
RASTER2DXF
1000
line 67
1040
124.968
1040
1.0
1000
distance=115.54
  0
LINE
  5
E0
330
17
100
AcDbEntity
  8
PLAT-LINE
100
AcDbLine
 10
1040.9287613215351
 20
1187.0940628122496
 30
0.0
 11
1106.9371244119957
 21
1140.9862361781773
 31
0.0
1001
RASTER2DXF
1000
line 68
1040
80.517
1040
0.994
  0
LINE
  5
E1
330
17
100
AcDbEntity
  8
PLAT-LINE
100
AcDbLine
 10
1106.9371244119957
 20
1140.9862361781773
 30
0.0
 11
1172.8851501691418
 21
1094.9205560718142
 31
0.0
1001
RASTER2DXF
1000
line 69
1040
80.444
1040
0.994
  0
LINE
  5
E2
330
17
100
AcDbEntity
  8
PLAT-LINE-DASH
100
AcDbLine
 10
1172.8851501691418
 20
1094.9205560718142
 30
0.0
 11
1387.3093378797394
 21
943.8736599365526
 31
0.0
1001
RASTER2DXF
1000
line 70
1040
262.284
1040
0.688
  0
LINE
  5
E3
330
17
100
AcDbEntity
  8
PLAT-LINE
100
AcDbLine
 10
2182.7363340145653
 20
1179.2111161082541
 30
0.0
 11
1830.4203183681225
 21
1174.4939826557443
 31
0.0
1001
RASTER2DXF
1000
line 71
1040
352.348
1040
0.986
  0
LINE
  5
E4
330
17
100
AcDbEntity
  8
PLAT-LINE
100
AcDbLine
 10
993.4418769713502
 20
1148.6232272699415
 30
0.0
 11
1063.3019504327033
 21
1099.1321111236384
 31
0.0
1001
RASTER2DXF
1000
line 72
1040
85.614
1040
0.994
1000
distance=62.57,
  0
LINE
  5
E5
330
17
100
AcDbEntity
  8
PLAT-LINE
100
AcDbLine
 10
1063.3019504327033
 20
1099.1321111236384
 30
0.0
 11
1124.5254526145304
 21
1055.7594190087286
 31
0.0
1001
RASTER2DXF
1000
line 73
1040
75.03
1040
0.994
1000
distance=75°
  0
LINE
  5
E6
330
17
100
AcDbEntity
  8
PLAT-LINE-DASH
100
AcDbLine
 10
1124.5254526145304
 20
1055.7594190087286
 30
0.0
 11
1384.1814022723893
 21
872.1314151637908
 31
0.0
1001
RASTER2DXF
1000
line 74
1040
318.026
1040
0.706
1000
distance=75°
  0
LINE
  5
E7
330
17
100
AcDbEntity
  8
PLAT-LINE
100
AcDbLine
 10
993.5952903160073
 20
1148.2910675391308
 30
0.0
 11
943.906627547513
 21
1045.9867235047047
 31
0.0
1001
RASTER2DXF
1000
line 75
1040
113.733
1040
0.938
  0
LINE
  5
E8
330
17
100
AcDbEntity
  8
PLAT-LINE
100
AcDbLine
 10
1304.6499216141028
 20
1140.9125795611117
 30
0.0
 11
1249.7828254570588
 21
1060.3762136931166
 31
0.0
1001
RASTER2DXF
1000
line 76
1040
97.45
1040
1.0
  0
LINE
  5
E9
330
17
100
AcDbEntity
  8
PLAT-LINE
100
AcDbLine
 10
2157.0280643372425
 20
1118.9876940730426
 30
0.0
 11
2334.3586808813593
 21
1121.2118647281732
 31
0.0
1001
RASTER2DXF
1000
line 77
1040
177.345
1040
1.0
1000
distance="1960,
  0
LINE
  5
EA
330
17
100
AcDbEntity
  8
PLAT-LINE
100
AcDbLine
 10
2357.926363782917
 20
1121.7316735226336
 30
0.0
 11
2523.066848627249
 21
1123.40859112806
 31
0.0
1001
RASTER2DXF
1000
line 78
1040
165.149
1040
1.0
  0
LINE
  5
EB
330
17
100
AcDbEntity
  8
PLAT-LINE
100
AcDbLine
 10
2357.926363782917
 20
1121.7316735226336
 30
0.0
 11
2335.5138406666583
 21
1111.4306258758586
 31
0.0
1001
RASTER2DXF
1000
line 79
1040
24.666
1040
1.0
  0
LINE
  5
EC
330
17
100
AcDbEntity
  8
PLAT-LINE
100
AcDbLine
 10
740.0948403956373
 20
1100.6878306981503
 30
0.0
 11
637.9191702932878
 21
1099.3767005867226
 31
0.0
1001
RASTER2DXF
1000
line 80
1040
102.184
1040
0.975
  0
LINE
  5
ED
330
17
100
AcDbEntity
  8
PLAT-LINE
100
AcDbLine
 10
1063.2348547050328
 20
1099.0374009447419
 30
0.0
 11
1005.1828804425301
 21
1016.6378291553473
 31
0.0
1001
RASTER2DXF
1000
line 81
1040
100.795
1040
1.0
1000
distance=100’
  0
LINE
  5
EE
330
17
100
AcDbEntity
  8
PLAT-LINE
100
AcDbLine
 10
2223.6658171966815
 20
1105.1318806583156
 30
0.0
 11
2194.6216355029937
 21
1082.232946230356
 31
0.0
1001
RASTER2DXF
1000
line 82
1040
36.985
1040
1.0
  0
LINE
  5
EF
330
17
100
AcDbEntity
  8
PLAT-LINE
100
AcDbLine
 10
888.1107426901253
 20
1070.211897631213
 30
0.0
 11
800.5878104089113
 21
1058.396434859391
 31
0.0
1001
RASTER2DXF
1000
line 83
1040
88.317
1040
0.992
  0
LINE
  5
F0
330
17
100
AcDbEntity
  8
PLAT-LINE
100
AcDbLine
 10
2799.5126646102417
 20
1089.4210577467547
 30
0.0
 11
2803.5982230170193
 21
984.3974504906676
 31
0.0
1001
RASTER2DXF
1000
line 84
1040
105.103
1040
0.903
  0
LINE
  5
F1
330
17
100
AcDbEntity
  8
PLAT-LINE
100
AcDbLine
 10
909.0550473950145
 20
1062.4638910188207
 30
0.0
 11
943.906627547513
 21
1045.9867235047047
 31
0.0
1001
RASTER2DXF
1000
line 85
1040
38.55
1040
0.963
1000
distance=10%
  0
LINE
  5
F2
330
17
100
AcDbEntity
  8
PLAT-LINE
100
AcDbLine
 10
943.906627547513
 20
1045.9867235047047
 30
0.0
 11
990.8834192133826
 21
1023.7769854622027
 31
0.0
1001
RASTER2DXF
1000
line 86
1040
51.962
1040
0.963
  0
LINE
  5
F3
330
17
100
AcDbEntity
  8
PLAT-LINE
100
AcDbLine
 10
990.8834192133826
 20
1023.7769854622027
 30
0.0
 11
1005.3829879269742
 21
1016.9218637853409
 31
0.0
1001
RASTER2DXF
1000
line 87
1040
16.038
1040
0.963
  0
LINE
  5
F4
330
17
100
AcDbEntity
  8
PLAT-LINE
100
AcDbLine
 10
1817.466782314357
 20
1069.4340682381762
 30
0.0
 11
1829.8195782329444
 21
1087.8744356231139
 31
0.0
1001
RASTER2DXF
1000
line 88
1040
22.195
1040
0.974
  0
LINE
  5
F5
330
17
100
AcDbEntity
  8
PLAT-LINE
100
AcDbLine
 10
909.0550473950145
 20
1062.4638910188207
 30
0.0
 11
885.3716138453588
 21
951.5957228057416
 31
0.0
1001
RASTER2DXF
1000
line 89
1040
113.37
1040
0.978
1000
distance=(20.15%,
  0
LINE
  5
F6
330
17
100
AcDbEntity
  8
PLAT-LINE
100
AcDbLine
 10
2487.5545664933516
 20
1071.3304689628596
 30
0.0
 11
2190.458360596536
 21
1066.3753141215518
 31
0.0
1001
RASTER2DXF
1000
line 90
1040
297.138
1040
1.0
  0
LINE
  5
F7
330
17
100
AcDbEntity
  8
PLAT-LINE
100
AcDbLine
 10
1124.4920625089017
 20
1055.7122866057089
 30
0.0
 11
1007.8566373021308
 21
890.0101971687124
 31
0.0
1001
RASTER2DXF
1000
line 91
1040
202.635
1040
0.882
1000
bearing=N 35°18'20" E
1000
distance=100°
  0
LINE
  5
F8
330
17
100
AcDbEntity
  8
PLAT-LINE
100
AcDbLine
 10
1536.369728749284
 20
1055.6072088260364
 30
0.0
 11
1841.5155528185546
 21
1059.5198639940122
 31
0.0
1001
RASTER2DXF
1000
line 92
1040
305.171
1040
0.956
  0
LINE
  5
F9
330
17
100
AcDbEntity
  8
PLAT-LINE
100
AcDbLine
 10
1593.3217793408573
 20
1038.411547150728
 30
0.0
 11
1568.082558532268
 21
1034.7113096893434
 31
0.0
1001
RASTER2DXF
1000
line 93
1040
25.509
1040
1.0
  0
LINE
  5
FA
330
17
100
AcDbEntity
  8
PLAT-LINE
100
AcDbLine
 10
2372.148485529541
 20
1044.0188006217447
 30
0.0
 11
2341.159028984563
 21
1014.9892262481844
 31
0.0
1001
RASTER2DXF
1000
line 94
1040
42.462
1040
0.971
  0
LINE
  5
FB
330
17
100
AcDbEntity
  8
PLAT-LINE
100
AcDbLine
 10
639.5236765152474
 20
1020.5453233871124
 30
0.0
 11
733.9877101093747
 21
1022.0014208894352
 31
0.0
1001
RASTER2DXF
1000
line 95
1040
94.475
1040
1.0
  0
LINE
  5
FC
330
17
100
AcDbEntity
  8
PLAT-LINE
100
AcDbLine
 10
639.6075815467491
 20
1016.4229653078875
 30
0.0
 11
741.8614082395
 21
1017.6841444896129
 31
0.0
1001
RASTER2DXF
1000
line 96
1040
102.262
1040
0.934
  0
LINE
  5
FD
330
17
100
AcDbEntity
  8
PLAT-LINE
100
AcDbLine
 10
1604.0043609723564
 20
1028.157344250392
 30
0.0
 11
1580.8837674821336
 21
1001.7513598435099
 31
0.0
1001
RASTER2DXF
1000
line 97
1040
35.098
1040
1.0
  0
LINE
  5
FE
330
17
100
AcDbEntity
  8
PLAT-LINE
100
AcDbLine
 10
1737.7050732715043
 20
1026.8860460634685
 30
0.0
 11
1720.4457375586296
 21
1012.2293498546552
 31
0.0
1001
RASTER2DXF
1000
line 98
1040
22.643
1040
1.0
  0
LINE
  5
FF
330
17
100
AcDbEntity
  8
PLAT-LINE
100
AcDbLine
 10
1587.2029111272436
 20
1024.0063438010272
 30
0.0
 11
1559.8039681715552
 21
1001.4426965146293
 31
0.0
1001
RASTER2DXF
1000
line 99
1040
35.494
1040
1.0
  0
LINE
  5
100
330
17
100
AcDbEntity
  8
PLAT-LINE-DASH
100
AcDbLine
 10
1005.1828804425301
 20
1016.6378291553473
 30
0.0
 11
1235.985031021813
 21
856.0820646287395
 31
0.0
1001
RASTER2DXF
1000
line 100
1040
281.154
1040
0.702
1000
distance=~- 75
  0
LINE
  5
101
330
17
100
AcDbEntity
  8
PLAT-LINE
100
AcDbLine
 10
1794.9228863315584
 20
1036.8764728895246
 30
0.0
 11
1775.1712589472331
 21
1014.9573054006823
 31
0.0
1001
RASTER2DXF
1000
line 101
1040
29.506
1040
1.0
  0
LINE
  5
102
330
17
100
AcDbEntity
  8
PLAT-LINE
100
AcDbLine
 10
1720.4457375586296
 20
1012.2293498546552
 30
0.0
 11
1694.6621353968847
 21
1003.4173723741669
 31
0.0
1001
RASTER2DXF
1000
line 102
1040
27.248
1040
1.0
  0
LINE
  5
103
330
17
100
AcDbEntity
  8
PLAT-LINE
100
AcDbLine
 10
2488.5453036211607
 20
1017.2613207233933
 30
0.0
 11
2341.159028984563
 21
1014.9892262481844
 31
0.0
1001
RASTER2DXF
1000
line 103
1040
147.404
1040
0.967
  0
LINE
  5
104
330
17
100
AcDbEntity
  8
PLAT-LINE
100
AcDbLine
 10
2341.159028984563
 20
1014.9892262481844
 30
0.0
 11
2191.442670081962
 21
1012.6812113889329
 31
0.0
1001
RASTER2DXF
1000
line 104
1040
149.734
1040
0.967
  0
LINE
  5
105
330
17
100
AcDbEntity
  8
PLAT-LINE
100
AcDbLine
 10
1832.4667617992309
 20
1005.4351920931214
 30
0.0
 11
1694.6561567564386
 21
1003.9858517086483
 31
0.0
1001
RASTER2DXF
1000
line 105
1040
137.818
1040
0.976
  0
LINE
  5
106
330
17
100
AcDbEntity
  8
PLAT-LINE
100
AcDbLine
 10
1694.6561567564386
 20
1003.9858517086483
 30
0.0
 11
1580.8728525781523
 21
1002.7892040502683
 31
0.0
1001
RASTER2DXF
1000
line 106
1040
113.79
1040
0.976
  0
LINE
  5
107
330
17
100
AcDbEntity
  8
PLAT-LINE
100
AcDbLine
 10
1580.8728525781523
 20
1002.7892040502683
 30
0.0
 11
1559.792138722511
 21
1002.5675002857793
 31
0.0
1001
RASTER2DXF
1000
line 107
1040
21.082
1040
0.976
  0
LINE
  5
108
330
17
100
AcDbEntity
  8
PLAT-LINE
100
AcDbLine
 10
1559.792138722511
 20
1002.5675002857793
 30
0.0
 11
1546.7645557469532
 21
1002.4304904953303
 31
0.0
1001
RASTER2DXF
1000
line 108
1040
13.028
1040
0.976
  0
LINE
  5
109
330
17
100
AcDbEntity
  8
PLAT-LINE
100
AcDbLine
 10
990.8834192133826
 20
1023.7769854622027
 30
0.0
 11
951.4506125916845
 21
928.199800350279
 31
0.0
1001
RASTER2DXF
1000
line 109
1040
103.392
1040
0.91
1000
distance=2 8
  0
LINE
  5
10A
330
17
100
AcDbEntity
  8
PLAT-LINE
100
AcDbLine
 10
2803.0417900399707
 20
982.3890497103425
 30
0.0
 11
2803.124749891029
 21
861.9142317143413
 31
0.0
1001
RASTER2DXF
1000
line 110
1040
120.475
1040
0.95
  0
LINE
  5
10B
330
17
100
AcDbEntity
  8
PLAT-LINE
100
AcDbLine
 10
832.2466756618213
 20
957.8080496930912
 30
0.0
 11
885.7376968311254
 21
952.4635329292632
 31
0.0
1001
RASTER2DXF
1000
line 111
1040
53.757
1040
1.0
1000
distance=67.91"
  0
LINE
  5
10C
330
17
100
AcDbEntity
  8
PLAT-LINE
100
AcDbLine
 10
743.4484846485306
 20
943.1140153537208
 30
0.0
 11
641.1265517061117
 21
941.794080764574
 31
0.0
1001
RASTER2DXF
1000
line 112
1040
102.33
1040
1.0
  0
LINE
  5
10D
330
17
100
AcDbEntity
  8
PLAT-LINE
100
AcDbLine
 10
951.738689137063
 20
928.565212894676
 30
0.0
 11
984.9101922395108
 21
907.9035314235675
 31
0.0
1001
RASTER2DXF
1000
line 113
1040
39.08
1040
1.0
1000
distance=55.76",
  0
LINE
  5
10E
330
17
100
AcDbEntity
  8
PLAT-LINE-DASH
100
AcDbLine
 10
1007.8566373021308
 20
890.0101971687124
 30
0.0
 11
1131.6075512789619
 21
802.526198184844
 31
0.0
1001
RASTER2DXF
1000
line 114
1040
151.551
1040
0.66
1000
distance=15°
  0
LINE
  5
10F
330
17
100
AcDbEntity
  8
PLAT-LINE
100
AcDbLine
 10
2061.733383598043
 20
891.2325989097043
 30
0.0
 11
1712.4361086843846
 21
886.1488175727081
 31
0.0
1001
RASTER2DXF
1000
line 115
1040
349.334
1040
1.0
  0
LINE
  5
110
330
17
100
AcDbEntity
  8
PLAT-LINE
100
AcDbLine
 10
805.0354280673429
 20
871.8826863840079
 30
0.0
 11
806.6642299308877
 21
801.397074088571
 31
0.0
1001
RASTER2DXF
1000
line 116
1040
70.504
1040
0.989
1000
distance=“06
  0
LINE
  5
111
330
17
100
AcDbEntity
  8
PLAT-LINE
100
AcDbLine
 10
806.6642299308877
 20
801.397074088571
 30
0.0
 11
808.3831055159625
 21
727.0135650901303
 31
0.0
1001
RASTER2DXF
1000
line 117
1040
74.403
1040
0.989
1000
bearing=S 01°40'00" E
1000
distance=15°
  0
LINE
  5
112
330
17
100
AcDbEntity
  8
PLAT-LINE
100
AcDbLine
 10
808.3831055159625
 20
727.0135650901303
 30
0.0
 11
810.1327836379024
 21
651.2970912174543
 31
0.0
1001
RASTER2DXF
1000
line 118
1040
75.737
1040
0.989
  0
LINE
  5
113
330
17
100
AcDbEntity
  8
PLAT-LINE
100
AcDbLine
 10
810.1327836379024
 20
651.2970912174543
 30
0.0
 11
811.836676260005
 21
577.5619626897953
 31
0.0
1001
RASTER2DXF
1000
line 119
1040
73.755
1040
0.989
1000
distance=90"
  0
LINE
  5
114
330
17
100
AcDbEntity
  8
PLAT-LINE
100
AcDbLine
 10
926.4199522481622
 20
871.7220169222901
 30
0.0
 11
955.9106631729887
 21
852.826053325394
 31
0.0
1001
RASTER2DXF
1000
line 120
1040
35.025
1040
1.0
  0
LINE
  5
115
330
17
100
AcDbEntity
  8
PLAT-LINE
100
AcDbLine
 10
926.269364330661
 20
872.3494426059218
 30
0.0
 11
908.082486810389
 21
803.2397325469938
 31
0.0
1001
RASTER2DXF
1000
line 121
1040
71.463
1040
0.995
  0
LINE
  5
116
330
17
100
AcDbEntity
  8
PLAT-LINE
100
AcDbLine
 10
745.1411473993572
 20
863.5828225299557
 30
0.0
 11
642.7535835251133
 21
861.8559930936963
 31
0.0
1001
RASTER2DXF
1000
line 122
1040
102.402
1040
1.0
  0
LINE
  5
117
330
17
100
AcDbEntity
  8
PLAT-LINE
100
AcDbLine
 10
1904.5343046007206
 20
880.7565015180365
 30
0.0
 11
1889.6083301422648
 21
862.9750449473727
 31
0.0
1001
RASTER2DXF
1000
line 123
1040
23.216
1040
0.98
  0
LINE
  5
118
330
17
100
AcDbEntity
  8
PLAT-LINE
100
AcDbLine
 10
983.7980285066158
 20
832.5417707099517
 30
0.0
 11
1014.2678350861217
 21
811.3247141788885
 31
0.0
1001
RASTER2DXF
1000
line 124
1040
37.129
1040
0.849
  0
LINE
  5
119
330
17
100
AcDbEntity
  8
PLAT-LINE-DASH
100
AcDbLine
 10
1014.2678350861217
 20
811.3247141788885
 30
0.0
 11
1137.9510751407627
 21
725.0029592442758
 31
0.0
1001
RASTER2DXF
1000
line 125
1040
150.828
1040
0.771
1000
distance=15°
  0
LINE
  5
11A
330
17
100
AcDbEntity
  8
PLAT-LINE
100
AcDbLine
 10
593.4846900057202
 20
810.7507177141111
 30
0.0
 11
595.4811764644144
 21
759.9412163535892
 31
0.0
1001
RASTER2DXF
1000
line 126
1040
50.849
1040
0.993
  0
LINE
  5
11B
330
17
100
AcDbEntity
  8
PLAT-LINE
100
AcDbLine
 10
1014.2678350861217
 20
811.3247141788885
 30
0.0
 11
947.0858986470021
 21
713.4758270755207
 31
0.0
1001
RASTER2DXF
1000
line 127
1040
118.692
1040
1.0
1000
distance="122.48
  0
LINE
  5
11C
330
17
100
AcDbEntity
  8
PLAT-LINE
100
AcDbLine
 10
908.195151269566
 20
803.2417815108471
 30
0.0
 11
909.9468182192894
 21
729.0337997698813
 31
0.0
1001
RASTER2DXF
1000
line 128
1040
74.229
1040
1.0
1000
bearing=N 01°40'00" W
1000
distance=75°
  0
LINE
  5
11D
330
17
100
AcDbEntity
  8
PLAT-LINE
100
AcDbLine
 10
806.3031535033217
 20
801.3887302303146
 30
0.0
 11
908.195151269566
 21
803.2417815108471
 31
0.0
1001
RASTER2DXF
1000
line 129
1040
101.909
1040
1.0
1000
bearing=N 88°58'20" E
1000
distance=100°
  0
LINE
  5
11E
330
17
100
AcDbEntity
  8
PLAT-LINE
100
AcDbLine
 10
746.7873638368127
 20
786.2339490742347
 30
0.0
 11
644.3245258617821
 21
784.6736511333588
 31
0.0
1001
RASTER2DXF
1000
line 130
1040
102.475
1040
0.997
  0
LINE
  5
11F
330
17
100
AcDbEntity
  8
PLAT-LINE
100
AcDbLine
 10
1581.8840542455373
 20
778.1469370680901
 30
0.0
 11
1630.0719704477528
 21
778.7982083374987
 31
0.0
1001
RASTER2DXF
1000
line 131
1040
48.192
1040
0.972
  0
LINE
  5
120
330
17
100
AcDbEntity
  8
PLAT-LINE
100
AcDbLine
 10
1801.7091948389796
 20
781.3320834630883
 30
0.0
 11
1723.7553174121608
 21
780.2290330648643
 31
0.0
1001
RASTER2DXF
1000
line 132
1040
77.962
1040
0.97
  0
LINE
  5
121
330
17
100
AcDbEntity
  8
PLAT-LINE
100
AcDbLine
 10
2334.1573318606484
 20
787.5271973029041
 30
0.0
 11
2310.387553606898
 21
763.1179176368071
 31
0.0
1001
RASTER2DXF
1000
line 133
1040
34.071
1040
1.0
  0
LINE
  5
122
330
17
100
AcDbEntity
  8
PLAT-LINE
100
AcDbLine
 10
2166.638499552033
 20
779.9745677608101
 30
0.0
 11
2108.800121814353
 21
769.8778162094533
 31
0.0
1001
RASTER2DXF
1000
line 134
1040
58.713
1040
0.937
  0
LINE
  5
123
330
17
100
AcDbEntity
  8
PLAT-LINE
100
AcDbLine
 10
2108.800121814353
 20
769.8778162094533
 30
0.0
 11
2077.6585003909945
 21
764.4414739966041
 31
0.0
1001
RASTER2DXF
1000
line 135
1040
31.613
1040
0.937
  0
LINE
  5
124
330
17
100
AcDbEntity
  8
PLAT-LINE
100
AcDbLine
 10
2469.2938016779785
 20
784.5650659743561
 30
0.0
 11
2451.4731629346406
 21
768.8862537327559
 31
0.0
1001
RASTER2DXF
1000
line 136
1040
23.736
1040
1.0
  0
LINE
  5
125
330
17
100
AcDbEntity
  8
PLAT-LINE
100
AcDbLine
 10
595.3328887067781
 20
759.9289067724112
 30
0.0
 11
604.4224973651566
 21
295.25326240573406
 31
0.0
1001
RASTER2DXF
1000
line 137
1040
464.765
1040
0.964
1000
distance=50'
  0
LINE
  5
126
330
17
100
AcDbEntity
  8
PLAT-LINE
100
AcDbLine
 10
604.4224973651566
 20
295.25326240573406
 30
0.0
 11
605.018395264907
 21
264.78998824837333
 31
0.0
1001
RASTER2DXF
1000
line 138
1040
30.469
1040
0.964
  0
LINE
  5
127
330
17
100
AcDbEntity
  8
PLAT-LINE
100
AcDbLine
 10
2108.800121814353
 20
769.8778162094533
 30
0.0
 11
2086.490128425463
 21
751.7052044698185
 31
0.0
1001
RASTER2DXF
1000
line 139
1040
28.775
1040
1.0
  0
LINE
  5
128
330
17
100
AcDbEntity
  8
PLAT-LINE
100
AcDbLine
 10
1065.2028582540895
 20
755.0107830225285
 30
0.0
 11
1043.5016978634005
 21
723.9097567304814
 31
0.0
1001
RASTER2DXF
1000
line 140
1040
37.924
1040
0.926
1000
distance=120.0"
  0
LINE
  5
129
330
17
100
AcDbEntity
  8
PLAT-LINE
100
AcDbLine
 10
2517.6872869057643
 20
759.4248680564219
 30
0.0
 11
2494.7088399158074
 21
740.2976745590342
 31
0.0
1001
RASTER2DXF
1000
line 141
1040
29.897
1040
1.0
  0
LINE
  5
12A
330
17
100
AcDbEntity
  8
PLAT-LINE
100
AcDbLine
 10
2458.217492708109
 20
757.8443871770043
 30
0.0
 11
2195.244153382238
 21
753.6401046871556
 31
0.0
1001
RASTER2DXF
1000
line 142
1040
263.007
1040
0.947
1000
distance=772,
  0
LINE
  5
12B
330
17
100
AcDbEntity
  8
PLAT-LINE
100
AcDbLine
 10
2086.490128425463
 20
751.7052044698185
 30
0.0
 11
2177.843903064946
 21
753.402322580821
 31
0.0
1001
RASTER2DXF
1000
line 143
1040
91.37
1040
0.88
  0
LINE
  5
12C
330
17
100
AcDbEntity
  8
PLAT-LINE
100
AcDbLine
 10
2806.9713825870163
 20
659.1616611692046
 30
0.0
 11
2805.050627858308
 21
752.5077418872748
 31
0.0
1001
RASTER2DXF
1000
line 144
1040
93.366
1040
0.896
  0
LINE
  5
12D
330
17
100
AcDbEntity
  8
PLAT-LINE
100
AcDbLine
 10
909.9468182192894
 20
729.0337997698813
 30
0.0
 11
807.8728510483016
 21
727.0017739826866
 31
0.0
1001
RASTER2DXF
1000
line 145
1040
102.094
1040
1.0
  0
LINE
  5
12E
330
17
100
AcDbEntity
  8
PLAT-LINE
100
AcDbLine
 10
927.6568639300915
 20
727.8622490435664
 30
0.0
 11
947.309241654452
 21
713.7876818620947
 31
0.0
1001
RASTER2DXF
1000
line 146
1040
24.172
1040
0.863
  0
LINE
  5
12F
330
17
100
AcDbEntity
  8
PLAT-LINE
100
AcDbLine
 10
947.309241654452
 20
713.7876818620947
 30
0.0
 11
1003.6693904419873
 21
673.4238789882763
 31
0.0
1001
RASTER2DXF
1000
line 147
1040
69.323
1040
0.863
  0
LINE
  5
130
330
17
100
AcDbEntity
  8
PLAT-LINE
100
AcDbLine
 10
645.9064737216432
 20
706.9505941928182
 30
0.0
 11
748.4336401179588
 21
708.8822638120172
 31
0.0
1001
RASTER2DXF
1000
line 148
1040
102.545
1040
1.0
  0
LINE
  5
131
330
17
100
AcDbEntity
  8
PLAT-LINE
100
AcDbLine
 10
947.0858986470021
 20
713.4758270755207
 30
0.0
 11
927.2996213516783
 21
653.3666136490087
 31
0.0
1001
RASTER2DXF
1000
line 149
1040
63.282
1040
1.0
  0
LINE
  5
132
330
17
100
AcDbEntity
  8
PLAT-LINE
100
AcDbLine
 10
2343.8916621481185
 20
720.4737198988064
 30
0.0
 11
2446.6103749098856
 21
720.9091411850136
 31
0.0
1001
RASTER2DXF
1000
line 150
1040
102.72
1040
1.0
  0
LINE
  5
133
330
17
100
AcDbEntity
  8
PLAT-LINE
100
AcDbLine
 10
1039.6166648164076
 20
662.3875967199506
 30
0.0
 11
1080.1402157909913
 21
653.5008192007745
 31
0.0
1001
RASTER2DXF
1000
line 151
1040
41.487
1040
0.91
  0
LINE
  5
134
330
17
100
AcDbEntity
  8
PLAT-LINE
100
AcDbLine
 10
1439.9040126433151
 20
664.0577111534257
 30
0.0
 11
1440.6294814715454
 21
641.634572035469
 31
0.0
1001
RASTER2DXF
1000
line 152
1040
22.435
1040
1.0
  0
LINE
  5
135
330
17
100
AcDbEntity
  8
PLAT-LINE
100
AcDbLine
 10
927.9308350472094
 20
653.3777821150538
 30
0.0
 11
809.4706778348136
 21
651.2817910855435
 31
0.0
1001
RASTER2DXF
1000
line 153
1040
118.479
1040
0.983
1000
bearing=N 88°58'20" E
1000
distance=120.52"
  0
LINE
  5
136
330
17
100
AcDbEntity
  8
PLAT-LINE
100
AcDbLine
 10
929.7320432402181
 20
561.7994835256695
 30
0.0
 11
927.9308350472094
 21
653.3777821150538
 31
0.0
1001
RASTER2DXF
1000
line 154
1040
91.596
1040
1.0
1000
bearing=N 00°41'40" W
  0
LINE
  5
137
330
17
100
AcDbEntity
  8
PLAT-LINE
100
AcDbLine
 10
652.550768319205
 20
646.8462410885386
 30
0.0
 11
655.735684784721
 21
625.7580027065578
 31
0.0
1001
RASTER2DXF
1000
line 155
1040
21.327
1040
0.8
  0
LINE
  5
138
330
17
100
AcDbEntity
  8
PLAT-LINE
100
AcDbLine
 10
1400.3692048689286
 20
655.5584081634183
 30
0.0
 11
1401.0732779652744
 21
632.4724456362444
 31
0.0
1001
RASTER2DXF
1000
line 156
1040
23.097
1040
1.0
  0
LINE
  5
139
330
17
100
AcDbEntity
  8
PLAT-LINE
100
AcDbLine
 10
2077.944517501658
 20
650.0853840503502
 30
0.0
 11
2061.4551017688627
 21
626.5257352530923
 31
0.0
1001
RASTER2DXF
1000
line 157
1040
28.757
1040
0.979
  0
LINE
  5
13A
330
17
100
AcDbEntity
  8
PLAT-LINE
100
AcDbLine
 10
750.0829842538208
 20
631.3864327978815
 30
0.0
 11
652.7346073946986
 21
629.3962316023324
 31
0.0
1001
RASTER2DXF
1000
line 158
1040
97.369
1040
1.0
  0
LINE
  5
13B
330
17
100
AcDbEntity
  8
PLAT-LINE
100
AcDbLine
 10
844.7062589401439
 20
561.6298432561019
 30
0.0
 11
929.7259801790431
 21
562.4376255103807
 31
0.0
1001
RASTER2DXF
1000
line 159
1040
85.024
1040
0.991
1000
distance=120°
1000
bearing=N 89°18'20" E
  0
LINE
  5
13C
330
17
100
AcDbEntity
  8
PLAT-LINE
100
AcDbLine
 10
929.7259801790431
 20
562.4376255103807
 30
0.0
 11
1019.5634883903258
 21
563.2911821187088
 31
0.0
1001
RASTER2DXF
1000
line 160
1040
89.842
1040
0.991
1000
distance=94.20°
  0
LINE
  5
13D
330
17
100
AcDbEntity
  8
PLAT-LINE
100
AcDbLine
 10
1019.5634883903258
 20
563.2911821187088
 30
0.0
 11
1033.0109935484927
 21
563.4189484283696
 31
0.0
1001
RASTER2DXF
1000
line 161
1040
13.448
1040
0.991
  0
LINE
  5
13E
330
17
100
AcDbEntity
  8
PLAT-LINE
100
AcDbLine
 10
1015.110544694016
 20
623.1206430962213
 30
0.0
 11
1014.951303792502
 21
597.6942523750928
 31
0.0
1001
RASTER2DXF
1000
line 162
1040
25.427
1040
1.0
1000
distance=102.2
1000
bearing=N 00°22'00" E
  0
LINE
  5
13F
330
17
100
AcDbEntity
  8
PLAT-LINE
100
AcDbLine
 10
510.5177624370974
 20
18.12160112435788
 30
0.0
 11
1009.6915085658351
 21
28.171596211193787
 31
0.0
1001
RASTER2DXF
1000
line 163
1040
499.275
1040
1.0
  0
LINE
  5
140
330
17
100
AcDbEntity
  8
PLAT-LINE
100
AcDbLine
 10
2131.511651206507
 20
627.6413649915391
 30
0.0
 11
2061.4551017688627
 21
626.5257352530923
 31
0.0
1001
RASTER2DXF
1000
line 164
1040
70.065
1040
0.989
  0
LINE
  5
141
330
17
100
AcDbEntity
  8
PLAT-LINE
100
AcDbLine
 10
2061.4551017688627
 20
626.5257352530923
 30
0.0
 11
2005.0434112489731
 21
625.6273958395011
 31
0.0
1001
RASTER2DXF
1000
line 165
1040
56.419
1040
0.989
  0
LINE
  5
142
330
17
100
AcDbEntity
  8
PLAT-LINE
100
AcDbLine
 10
1906.0154334565646
 20
623.4422239912631
 30
0.0
 11
1943.8139904038346
 21
624.1531729768533
 31
0.0
1001
RASTER2DXF
1000
line 166
1040
37.805
1040
1.0
  0
LINE
  5
143
330
17
100
AcDbEntity
  8
PLAT-LINE
100
AcDbLine
 10
1421.7094328073047
 20
615.986440650749
 30
0.0
 11
1422.9175125999075
 21
552.0816088910879
 31
0.0
1001
RASTER2DXF
1000
line 167
1040
63.916
1040
1.0
  0
LINE
  5
144
330
17
100
AcDbEntity
  8
PLAT-LINE
100
AcDbLine
 10
1019.56427778894
 20
563.2080972901252
 30
0.0
 11
1018.4941019141393
 21
599.7355325782678
 31
0.0
1001
RASTER2DXF
1000
line 168
1040
36.543
1040
1.0
  0
LINE
  5
145
330
17
100
AcDbEntity
  8
PLAT-LINE
100
AcDbLine
 10
1994.3947947778465
 20
589.6204268246931
 30
0.0
 11
1963.24020223152
 21
581.8050443360003
 31
0.0
1001
RASTER2DXF
1000
line 169
1040
32.12
1040
0.995
  0
LINE
  5
146
330
17
100
AcDbEntity
  8
PLAT-LINE
100
AcDbLine
 10
1963.24020223152
 20
581.8050443360003
 30
0.0
 11
1928.5060750800403
 21
573.0917065288681
 31
0.0
1001
RASTER2DXF
1000
line 170
1040
35.81
1040
0.995
  0
LINE
  5
147
330
17
100
AcDbEntity
  8
PLAT-LINE
100
AcDbLine
 10
1672.4670412072
 20
578.9118521384526
 30
0.0
 11
1663.5671292441532
 21
558.6242661393851
 31
0.0
1001
RASTER2DXF
1000
line 171
1040
22.154
1040
1.0
  0
LINE
  5
148
330
17
100
AcDbEntity
  8
PLAT-LINE
100
AcDbLine
 10
1963.24020223152
 20
581.8050443360003
 30
0.0
 11
1936.5472910556914
 21
553.9075875690232
 31
0.0
1001
RASTER2DXF
1000
line 172
1040
38.611
1040
0.953
  0
LINE
  5
149
330
17
100
AcDbEntity
  8
PLAT-LINE
100
AcDbLine
 10
1622.8178474372257
 20
589.3375924026665
 30
0.0
 11
1602.5212890793448
 21
572.0238976500611
 31
0.0
1001
RASTER2DXF
1000
line 173
1040
26.678
1040
1.0
  0
LINE
  5
14A
330
17
100
AcDbEntity
  8
PLAT-LINE
100
AcDbLine
 10
1062.1056400168957
 20
564.7736647481016
 30
0.0
 11
1037.7381127321792
 21
562.8896418879916
 31
0.0
1001
RASTER2DXF
1000
line 174
1040
24.44
1040
1.0
  0
LINE
  5
14B
330
17
100
AcDbEntity
  8
PLAT-LINE
100
AcDbLine
 10
1689.9578945761796
 20
570.9935389295815
 30
0.0
 11
1683.4597600318511
 21
549.8502141208246
 31
0.0
1001
RASTER2DXF
1000
line 175
1040
22.119
1040
0.973
  0
LINE
  5
14C
330
17
100
AcDbEntity
  8
PLAT-LINE
100
AcDbLine
 10
2088.5285860715367
 20
577.7175652102877
 30
0.0
 11
2062.5675902119506
 21
556.2245431947067
 31
0.0
1001
RASTER2DXF
1000
line 176
1040
33.703
1040
1.0
  0
LINE
  5
14D
330
17
100
AcDbEntity
  8
PLAT-LINE
100
AcDbLine
 10
1744.5605802600833
 20
586.4832544337883
 30
0.0
 11
1726.9359188842618
 21
550.5839053479006
 31
0.0
1001
RASTER2DXF
1000
line 177
1040
39.992
1040
0.921
  0
LINE
  5
14E
330
17
100
AcDbEntity
  8
PLAT-LINE
100
AcDbLine
 10
751.7201600192124
 20
554.4623429754097
 30
0.0
 11
649.0469322471794
 21
552.6559786793257
 31
0.0
1001
RASTER2DXF
1000
line 178
1040
102.689
1040
1.0
  0
LINE
  5
14F
330
17
100
AcDbEntity
  8
PLAT-LINE
100
AcDbLine
 10
2558.2657308601456
 20
564.5990781327548
 30
0.0
 11
2062.5675902119506
 21
556.2245431947067
 31
0.0
1001
RASTER2DXF
1000
line 179
1040
495.769
1040
0.825
  0
LINE
  5
150
330
17
100
AcDbEntity
  8
PLAT-LINE
100
AcDbLine
 10
2062.5675902119506
 20
556.2245431947067
 30
0.0
 11
1964.741076443541
 21
554.7355267608328
 31
0.0
1001
RASTER2DXF
1000
line 180
1040
97.838
1040
0.825
  0
LINE
  5
151
330
17
100
AcDbEntity
  8
PLAT-LINE
100
AcDbLine
 10
1904.8497966374546
 20
553.6429357914558
 30
0.0
 11
1936.5472910556914
 21
553.9075875690232
 31
0.0
1001
RASTER2DXF
1000
line 181
1040
31.699
1040
1.0
  0
LINE
  5
152
330
17
100
AcDbEntity
  8
PLAT-LINE
100
AcDbLine
 10
1581.0386742954197
 20
548.5555581894519
 30
0.0
 11
1683.455401446755
 21
550.1331686475655
 31
0.0
1001
RASTER2DXF
1000
line 182
1040
102.429
1040
0.972
  0
LINE
  5
153
330
17
100
AcDbEntity
  8
PLAT-LINE
100
AcDbLine
 10
1683.455401446755
 20
550.1331686475655
 30
0.0
 11
1726.9325457816024
 21
550.8028834441554
 31
0.0
1001
RASTER2DXF
1000
line 183
1040
43.482
1040
0.972
  0
LINE
  5
154
330
17
100
AcDbEntity
  8
PLAT-LINE
100
AcDbLine
 10
1726.9325457816024
 20
550.8028834441554
 30
0.0
 11
1875.7458231825485
 21
553.095178748486
 31
0.0
1001
RASTER2DXF
1000
line 184
1040
148.831
1040
0.972
  0
LINE
  5
155
330
17
100
AcDbEntity
  8
PLAT-LINE
100
AcDbLine
 10
1051.783382811187
 20
504.9240957010545
 30
0.0
 11
1053.3516062529802
 21
416.1080707527042
 31
0.0
1001
RASTER2DXF
1000
line 185
1040
88.83
1040
0.918
1000
bearing=S 01°06'00" E
1000
distance=400°
  0
LINE
  5
156
330
17
100
AcDbEntity
  8
PLAT-LINE
100
AcDbLine
 10
1051.783382811187
 20
504.9240957010545
 30
0.0
 11
977.4866250743521
 21
503.3161798504398
 31
0.0
1001
RASTER2DXF
1000
line 186
1040
74.314
1040
0.995
1000
distance=75'
  0
LINE
  5
157
330
17
100
AcDbEntity
  8
PLAT-LINE
100
AcDbLine
 10
977.4866250743521
 20
503.3161798504398
 30
0.0
 11
902.8126375324441
 21
501.7001000664131
 31
0.0
1001
RASTER2DXF
1000
line 187
1040
74.691
1040
0.995
1000
distance=75!
  0
LINE
  5
158
330
17
100
AcDbEntity
  8
PLAT-LINE
100
AcDbLine
 10
902.8126375324441
 20
501.7001000664131
 30
0.0
 11
830.6318660545076
 21
500.137977975163
 31
0.0
1001
RASTER2DXF
1000
line 188
1040
72.198
1040
0.995
1000
distance=93.83'
  0
LINE
  5
159
330
17
100
AcDbEntity
  8
PLAT-LINE
100
AcDbLine
 10
977.4821952739537
 20
503.52086705897705
 30
0.0
 11
981.1126891047464
 21
301.25053549199106
 31
0.0
1001
RASTER2DXF
1000
line 189
1040
202.303
1040
0.988
1000
distance=200/
  0
LINE
  5
15A
330
17
100
AcDbEntity
  8
PLAT-LINE
100
AcDbLine
 10
816.0815952824638
 20
298.42875090987104
 30
0.0
 11
814.1984950398007
 21
394.4460255439214
 31
0.0
1001
RASTER2DXF
1000
line 190
1040
96.036
1040
0.944
1000
bearing=N 01°00'00" W
  0
LINE
  5
15B
330
17
100
AcDbEntity
  8
PLAT-LINE
100
AcDbLine
 10
814.1984950398007
 20
394.4460255439214
 30
0.0
 11
814.1014200410066
 21
399.39577628376475
 31
0.0
1001
RASTER2DXF
1000
line 191
1040
4.951
1040
0.944
  0
LINE
  5
15C
330
17
100
AcDbEntity
  8
PLAT-LINE
100
AcDbLine
 10
814.1014200410066
 20
399.39577628376475
 30
0.0
 11
812.821346133257
 21
464.66538071992966
 31
0.0
1001
RASTER2DXF
1000
line 192
1040
65.282
1040
0.944
1000
distance=100°
  0
LINE
  5
15D
330
17
100
AcDbEntity
  8
PLAT-LINE
100
AcDbLine
 10
902.8037554400503
 20
502.1105137497774
 30
0.0
 11
904.5676099960142
 21
405.2310721514026
 31
0.0
1001
RASTER2DXF
1000
line 193
1040
96.895
1040
1.0
1000
distance=100°
  0
LINE
  5
15E
330
17
100
AcDbEntity
  8
PLAT-LINE
100
AcDbLine
 10
904.5676099960142
 20
405.2310721514026
 30
0.0
 11
906.4838336330956
 21
299.98278208669626
 31
0.0
1001
RASTER2DXF
1000
line 194
1040
105.266
1040
1.0
1000
distance=100°
  0
LINE
  5
15F
330
17
100
AcDbEntity
  8
PLAT-LINE
100
AcDbLine
 10
753.4041428435577
 20
475.3389838481924
 30
0.0
 11
650.6547171845003
 21
473.6635141346899
 31
0.0
1001
RASTER2DXF
1000
line 195
1040
102.763
1040
1.0
  0
LINE
  5
160
330
17
100
AcDbEntity
  8
PLAT-LINE
100
AcDbLine
 10
1056.8909080084986
 20
442.91282687346666
 30
0.0
 11
1056.3391684882392
 21
465.6666756034956
 31
0.0
1001
RASTER2DXF
1000
line 196
1040
22.761
1040
1.0
1000
distance==200.0°
  0
LINE
  5
161
330
17
100
AcDbEntity
  8
PLAT-LINE
100
AcDbLine
 10
1369.5129856581898
 20
464.7274793003061
 30
0.0
 11
1480.2741582469878
 21
464.5822678872852
 31
0.0
1001
RASTER2DXF
1000
line 197
1040
110.761
1040
1.0
  0
LINE
  5
162
330
17
100
AcDbEntity
  8
PLAT-LINE
100
AcDbLine
 10
2384.9240347640834
 20
453.13738008884343
 30
0.0
 11
2635.529450810761
 21
456.9897189819009
 31
0.0
1001
RASTER2DXF
1000
line 198
1040
250.635
1040
1.0
1000
distance=‘92.
  0
LINE
  5
163
330
17
100
AcDbEntity
  8
PLAT-LINE
100
AcDbLine
 10
1425.592777278263
 20
441.3533996479084
 30
0.0
 11
1427.3959426942806
 21
367.0891471615761
 31
0.0
1001
RASTER2DXF
1000
line 199
1040
74.286
1040
1.0
  0
LINE
  5
164
330
17
100
AcDbEntity
  8
PLAT-LINE
100
AcDbLine
 10
2116.8099838258067
 20
431.37299889063
 30
0.0
 11
2139.243258918842
 21
430.9729648054042
 31
0.0
1001
RASTER2DXF
1000
line 200
1040
22.437
1040
0.999
  0
LINE
  5
165
330
17
100
AcDbEntity
  8
PLAT-LINE
100
AcDbLine
 10
2198.4598283226765
 20
432.19459099684974
 30
0.0
 11
2311.2216741048737
 21
432.5629514185901
 31
0.0
1001
RASTER2DXF
1000
line 201
1040
112.762
1040
0.944
  0
LINE
  5
166
330
17
100
AcDbEntity
  8
PLAT-LINE
100
AcDbLine
 10
904.5676099960142
 20
405.2310721514026
 30
0.0
 11
930.8410831332917
 21
405.5564204454263
 31
0.0
1001
RASTER2DXF
1000
line 202
1040
26.275
1040
0.859
  0
LINE
  5
167
330
17
100
AcDbEntity
  8
PLAT-LINE
100
AcDbLine
 10
1046.3110651701768
 20
404.1777285259916
 30
0.0
 11
813.536930926555
 21
399.3847054676804
 31
0.0
1001
RASTER2DXF
1000
line 203
1040
232.823
1040
1.0
1000
distance=-—93.25'
  0
LINE
  5
168
330
17
100
AcDbEntity
  8
PLAT-LINE
100
AcDbLine
 10
755.044271352514
 20
398.27615686872974
 30
0.0
 11
652.2236521604574
 21
396.5797962914057
 31
0.0
1001
RASTER2DXF
1000
line 204
1040
102.835
1040
1.0
1000
distance=100°
  0
LINE
  5
169
330
17
100
AcDbEntity
  8
PLAT-LINE-DASH
100
AcDbLine
 10
1052.4528235180962
 20
399.18445647409897
 30
0.0
 11
813.6616791226285
 21
394.43549745730644
 31
0.0
1001
RASTER2DXF
1000
line 205
1040
238.838
1040
0.711
  0
LINE
  5
16A
330
17
100
AcDbEntity
  8
PLAT-LINE
100
AcDbLine
 10
851.882107624145
 20
299.686209208101
 30
0.0
 11
906.47655047572
 21
300.48226781969606
 31
0.0
1001
RASTER2DXF
1000
line 206
1040
54.6
1040
0.955
1000
distance=92.67’
  0
LINE
  5
16B
330
17
100
AcDbEntity
  8
PLAT-LINE
100
AcDbLine
 10
906.47655047572
 20
300.48226781969606
 30
0.0
 11
981.1080237099172
 21
301.57049262538953
 31
0.0
1001
RASTER2DXF
1000
line 207
1040
74.639
1040
0.955
1000
distance=75°
1000
bearing=N 89°18'20" E
  0
LINE
  5
16C
330
17
100
AcDbEntity
  8
PLAT-LINE
100
AcDbLine
 10
981.1080237099172
 20
301.57049262538953
 30
0.0
 11
1114.1167604256498
 21
303.5099345310023
 31
0.0
1001
RASTER2DXF
1000
line 208
1040
133.023
1040
0.955
1000
distance=75°
  0
LINE
  5
16D
330
17
100
AcDbEntity
  8
PLAT-LINE
100
AcDbLine
 10
1052.4528235180962
 20
399.18445647409897
 30
0.0
 11
1053.743737926745
 21
374.27086503052817
 31
0.0
1001
RASTER2DXF
1000
line 209
1040
24.947
1040
1.0
  0
LINE
  5
16E
330
17
100
AcDbEntity
  8
PLAT-LINE
100
AcDbLine
 10
2367.0060006233525
 20
387.6410621263951
 30
0.0
 11
2345.277408517593
 21
384.7989980971163
 31
0.0
1001
RASTER2DXF
1000
line 210
1040
21.914
1040
1.0
  0
LINE
  5
16F
330
17
100
AcDbEntity
  8
PLAT-LINE
100
AcDbLine
 10
1773.5653604596375
 20
373.49634673243384
 30
0.0
 11
1794.1414158671707
 21
396.22479345412984
 31
0.0
1001
RASTER2DXF
1000
line 211
1040
30.659
1040
1.0
  0
LINE
  5
170
330
17
100
AcDbEntity
  8
PLAT-LINE
100
AcDbLine
 10
2142.3509215045333
 20
378.0264339028265
 30
0.0
 11
2226.9107770443757
 21
376.1847399097318
 31
0.0
1001
RASTER2DXF
1000
line 212
1040
84.58
1040
0.98
  0
LINE
  5
171
330
17
100
AcDbEntity
  8
PLAT-LINE
100
AcDbLine
 10
2492.5540517705385
 20
380.8894240721129
 30
0.0
 11
1769.883166359649
 21
368.05649944183324
 31
0.0
1001
RASTER2DXF
1000
line 213
1040
722.785
1040
0.944
  0
LINE
  5
172
330
17
100
AcDbEntity
  8
PLAT-LINE
100
AcDbLine
 10
1678.2186251767932
 20
366.90013462899014
 30
0.0
 11
1703.314278354714
 21
367.15546976992096
 31
0.0
1001
RASTER2DXF
1000
line 214
1040
25.097
1040
1.0
  0
LINE
  5
173
330
17
100
AcDbEntity
  8
PLAT-LINE
100
AcDbLine
 10
1738.4520429969175
 20
367.89604697130096
 30
0.0
 11
1707.67325587437
 21
367.0251392651329
 31
0.0
1001
RASTER2DXF
1000
line 215
1040
30.791
1040
1.0
  0
LINE
  5
174
330
17
100
AcDbEntity
  8
PLAT-LINE
100
AcDbLine
 10
1056.373048090079
 20
353.03442482247965
 30
0.0
 11
1059.616081142211
 21
329.1796489170298
 31
0.0
1001
RASTER2DXF
1000
line 216
1040
24.074
1040
0.936
1000
distance=007
  0
LINE
  5
175
330
17
100
AcDbEntity
  8
PLAT-LINE
100
AcDbLine
 10
1052.7901730987821
 20
342.7502653037342
 30
0.0
 11
1055.7393370510713
 21
317.45478911572
 31
0.0
1001
RASTER2DXF
1000
line 217
1040
25.467
1040
1.0
  0
LINE
  5
176
330
17
100
AcDbEntity
  8
PLAT-LINE
100
AcDbLine
 10
756.853040701783
 20
338.89453220516975
 30
0.0
 11
755.4890276584932
 21
313.0250362648436
 31
0.0
1001
RASTER2DXF
1000
line 218
1040
25.905
1040
1.0
  0
LINE
  5
177
330
17
100
AcDbEntity
  8
PLAT-LINE
100
AcDbLine
 10
722.5828835172076
 20
297.7776187229151
 30
0.0
 11
654.2640461711485
 21
296.3180679017536
 31
0.0
1001
RASTER2DXF
1000
line 219
1040
68.334
1040
1.0
1000
distance=100'
  0
LINE
  5
178
330
17
100
AcDbEntity
  8
PLAT-LINE
100
AcDbLine
 10
654.2640461711485
 20
296.3180679017536
 30
0.0
 11
604.4224973651566
 21
295.25326240573406
 31
0.0
1001
RASTER2DXF
1000
line 220
1040
49.853
1040
1.0
1000
distance=50°
  0
LINE
  5
179
330
17
100
AcDbEntity
  8
PLAT-LINE
100
AcDbLine
 10
1430.3748994798502
 20
227.58013606970292
 30
0.0
 11
1429.364743827257
 21
283.7868748540328
 31
0.0
1001
RASTER2DXF
1000
line 221
1040
56.216
1040
1.0
  0
LINE
  5
17A
330
17
100
AcDbEntity
  8
PLAT-LINE
100
AcDbLine
 10
1051.2379243552925
 20
199.55526627408244
 30
0.0
 11
1051.5335210741825
 21
241.64091961631038
 31
0.0
1001
RASTER2DXF
1000
line 222
1040
42.087
1040
0.984
1000
bearing=N 00°04'00" E
1000
distance=100°
  0
LINE
  5
17B
330
17
100
AcDbEntity
  8
PLAT-LINE
100
AcDbLine
 10
1163.0262008464497
 20
243.80557264215645
 30
0.0
 11
1128.26387403109
 21
243.13065500559037
 31
0.0
1001
RASTER2DXF
1000
line 223
1040
34.769
1040
0.943
  0
LINE
  5
17C
330
17
100
AcDbEntity
  8
PLAT-LINE
100
AcDbLine
 10
1128.26387403109
 20
243.13065500559037
 30
0.0
 11
1051.5335210741825
 21
241.64091961631038
 31
0.0
1001
RASTER2DXF
1000
line 224
1040
76.745
1040
0.943
1000
distance=02
  0
LINE
  5
17D
330
17
100
AcDbEntity
  8
PLAT-LINE
100
AcDbLine
 10
1051.5335210741825
 20
241.64091961631038
 30
0.0
 11
975.0052660329566
 21
240.15510799911647
 31
0.0
1001
RASTER2DXF
1000
line 225
1040
76.543
1040
0.943
1000
distance=75°
  0
LINE
  5
17E
330
17
100
AcDbEntity
  8
PLAT-LINE
100
AcDbLine
 10
975.0052660329566
 20
240.15510799911647
 30
0.0
 11
900.5961598407785
 21
238.7104400873003
 31
0.0
1001
RASTER2DXF
1000
line 226
1040
74.423
1040
0.943
1000
distance=75°
  0
LINE
  5
17F
330
17
100
AcDbEntity
  8
PLAT-LINE
100
AcDbLine
 10
900.5961598407785
 20
238.7104400873003
 30
0.0
 11
824.4085907881097
 21
237.23124295777927
 31
0.0
1001
RASTER2DXF
1000
line 227
1040
76.202
1040
0.943
1000
distance=75°
  0
LINE
  5
180
330
17
100
AcDbEntity
  8
PLAT-LINE
100
AcDbLine
 10
824.4085907881097
 20
237.23124295777927
 30
0.0
 11
749.6403507744691
 21
235.77960238986668
 31
0.0
1001
RASTER2DXF
1000
line 228
1040
74.782
1040
0.943
1000
distance=75°
  0
LINE
  5
181
330
17
100
AcDbEntity
  8
PLAT-LINE
100
AcDbLine
 10
749.6403507744691
 20
235.77960238986668
 30
0.0
 11
655.3317099824984
 21
233.9485809715029
 31
0.0
1001
RASTER2DXF
1000
line 229
1040
94.326
1040
0.943
1000
distance=74.01
  0
LINE
  5
182
330
17
100
AcDbEntity
  8
PLAT-LINE
100
AcDbLine
 10
655.3317099824984
 20
233.9485809715029
 30
0.0
 11
614.6881427768087
 21
233.15947785807282
 31
0.0
1001
RASTER2DXF
1000
line 230
1040
40.651
1040
0.943
  0
LINE
  5
183
330
17
100
AcDbEntity
  8
PLAT-LINE
100
AcDbLine
 10
975.0052660329566
 20
240.15510799911647
 30
0.0
 11
976.5982136588774
 21
139.3539655166478
 31
0.0
1001
RASTER2DXF
1000
line 231
1040
100.814
1040
0.993
  0
LINE
  5
184
330
17
100
AcDbEntity
  8
PLAT-LINE
100
AcDbLine
 10
825.6443386438899
 20
140.56643749814452
 30
0.0
 11
824.4085907881096
 21
237.23124295777927
 31
0.0
1001
RASTER2DXF
1000
line 232
1040
96.673
1040
1.0
  0
LINE
  5
185
330
17
100
AcDbEntity
  8
PLAT-LINE
100
AcDbLine
 10
902.4283728794571
 20
140.88375985470225
 30
0.0
 11
900.5961598407785
 21
238.7104400873003
 31
0.0
1001
RASTER2DXF
1000
line 233
1040
97.844
1040
0.997
  0
LINE
  5
186
330
17
100
AcDbEntity
  8
PLAT-LINE
100
AcDbLine
 10
749.6403507744691
 20
235.77960238986668
 30
0.0
 11
751.4020946059154
 21
141.40265456167174
 31
0.0
1001
RASTER2DXF
1000
line 234
1040
94.393
1040
1.0
  0
LINE
  5
187
330
17
100
AcDbEntity
  8
PLAT-LINE
100
AcDbLine
 10
655.3317099824983
 20
233.9485809715029
 30
0.0
 11
657.4236221702321
 21
192.45909247642578
 31
0.0
1001
RASTER2DXF
1000
line 235
1040
41.542
1040
1.0
  0
LINE
  5
188
330
17
100
AcDbEntity
  8
PLAT-LINE
100
AcDbLine
 10
1763.8539880753108
 20
233.2736349889792
 30
0.0
 11
1754.5942266165744
 21
209.51831007491705
 31
0.0
1001
RASTER2DXF
1000
line 236
1040
25.496
1040
1.0
  0
LINE
  5
189
330
17
100
AcDbEntity
  8
PLAT-LINE
100
AcDbLine
 10
1895.6079946553461
 20
232.60923731217622
 30
0.0
 11
1884.5955292056474
 21
212.01000703191346
 31
0.0
1001
RASTER2DXF
1000
line 237
1040
23.358
1040
1.0
  0
LINE
  5
18A
330
17
100
AcDbEntity
  8
PLAT-LINE
100
AcDbLine
 10
652.8144335601083
 20
209.47582788384625
 30
0.0
 11
652.8683090930454
 21
174.345065761515
 31
0.0
1001
RASTER2DXF
1000
line 238
1040
35.131
1040
1.0
  0
LINE
  5
18B
330
17
100
AcDbEntity
  8
PLAT-LINE
100
AcDbLine
 10
1983.5883028538624
 20
213.9696155392636
 30
0.0
 11
1884.5955292056474
 21
212.01000703191346
 31
0.0
1001
RASTER2DXF
1000
line 239
1040
99.012
1040
0.977
  0
LINE
  5
18C
330
17
100
AcDbEntity
  8
PLAT-LINE
100
AcDbLine
 10
1852.4330844667943
 20
211.80291619176546
 30
0.0
 11
1884.5955292056474
 21
212.01000703191346
 31
0.0
1001
RASTER2DXF
1000
line 240
1040
32.163
1040
1.0
  0
LINE
  5
18D
330
17
100
AcDbEntity
  8
PLAT-LINE
100
AcDbLine
 10
1741.7061226764463
 20
209.26196964738597
 30
0.0
 11
1754.5942266165744
 21
209.51831007491705
 31
0.0
1001
RASTER2DXF
1000
line 241
1040
12.891
1040
1.0
  0
LINE
  5
18E
330
17
100
AcDbEntity
  8
PLAT-LINE
100
AcDbLine
 10
1754.5942266165744
 20
209.51831007491705
 30
0.0
 11
1787.861746847742
 21
210.1799908309515
 31
0.0
1001
RASTER2DXF
1000
line 242
1040
33.274
1040
1.0
  0
LINE
  5
18F
330
17
100
AcDbEntity
  8
PLAT-LINE
100
AcDbLine
 10
1317.4705820042186
 20
146.17511088529284
 30
0.0
 11
1129.5923525562653
 21
142.2389747445411
 31
0.0
1001
RASTER2DXF
1000
line 243
1040
187.919
1040
0.81
  0
LINE
  5
190
330
17
100
AcDbEntity
  8
PLAT-LINE
100
AcDbLine
 10
1129.5923525562653
 20
142.2389747445411
 30
0.0
 11
976.593885971679
 21
139.5562016043225
 31
0.0
1001
RASTER2DXF
1000
line 244
1040
153.022
1040
0.81
  0
LINE
  5
191
330
17
100
AcDbEntity
  8
PLAT-LINE
100
AcDbLine
 10
825.6221921127224
 20
142.29882175186128
 30
0.0
 11
850.3633994411124
 21
142.59789863801927
 31
0.0
1001
RASTER2DXF
1000
line 245
1040
24.743
1040
0.907
  0
LINE
  5
192
330
17
100
AcDbEntity
  8
PLAT-LINE
100
AcDbLine
 10
677.0863140684386
 20
137.60362797037635
 30
0.0
 11
713.2229445509341
 21
137.60558092768179
 31
0.0
1001
RASTER2DXF
1000
line 246
1040
36.137
1040
1.0
  0
LINE
  5
193
330
17
100
AcDbEntity
  8
PLAT-LINE
100
AcDbLine
 10
825.6443386438899
 20
140.56643749814452
 30
0.0
 11
852.1185247493125
 21
138.37051809415084
 31
0.0
1001
RASTER2DXF
1000
line 247
1040
26.565
1040
1.0
  0
LINE
  5
194
330
17
100
AcDbEntity
  8
PLAT-LINE
100
AcDbLine
 10
958.4695533665048
 20
139.16835568079648
 30
0.0
 11
976.593885971679
 21
139.5562016043225
 31
0.0
1001
RASTER2DXF
1000
line 248
1040
18.128
1040
1.0
  0
LINE
  5
195
330
17
100
AcDbEntity
  8
PLAT-LINE
100
AcDbLine
 10
734.875531955118
 20
135.63147099874084
 30
0.0
 11
657.057635669769
 21
132.17771950253177
 31
0.0
1001
RASTER2DXF
1000
line 249
1040
77.895
1040
1.0
1000
bearing=N 87°43'08" E
  0
LINE
  5
196
330
17
100
AcDbEntity
  8
PLAT-LINE
100
AcDbLine
 10
2145.1655090858176
 20
131.27261696912797
 30
0.0
 11
2163.4389841821994
 21
148.9507524268421
 31
0.0
1001
RASTER2DXF
1000
line 250
1040
25.425
1040
1.0
  0
LINE
  5
197
330
17
100
AcDbEntity
  8
PLAT-LINE
100
AcDbLine
 10
2503.0872344820496
 20
118.65667347127862
 30
0.0
 11
2053.0879464673444
 21
111.46278485576352
 31
0.0
1001
RASTER2DXF
1000
line 251
1040
450.057
1040
0.988
  0
LINE
  5
198
330
17
100
AcDbEntity
  8
PLAT-LINE
100
AcDbLine
 10
934.6159322069985
 20
99.4501901937673
 30
0.0
 11
934.8155256269223
 21
75.01838222534991
 31
0.0
1001
RASTER2DXF
1000
line 252
1040
24.433
1040
0.959
  0
LINE
  5
199
330
17
100
AcDbEntity
  8
PLAT-LINE
100
AcDbLine
 10
2755.4257755836234
 20
61.61341990028359
 30
0.0
 11
1026.7659976254236
 21
28.09183192176681
 31
0.0
1001
RASTER2DXF
1000
line 253
1040
1728.985
1040
0.998
  0
LINE
  5
19A
330
17
100
AcDbEntity
  8
PLAT-LINE
100
AcDbLine
 10
378.5799742227291
 20
1660.0126959617921
 30
0.0
 11
406.0367605857675
 21
1661.4671184916099
 31
0.0
1001
RASTER2DXF
1000
line 254
1040
27.495
1040
0.892
  0
LINE
  5
19B
330
17
100
AcDbEntity
  8
PLAT-LINE
100
AcDbLine
 10
1480.0183029978045
 20
1594.7749070340694
 30
0.0
 11
1460.5702768176227
 21
1571.1458421088082
 31
0.0
1001
RASTER2DXF
1000
line 255
1040
30.603
1040
0.866
  0
LINE
  5
19C
330
17
100
AcDbEntity
  8
PLAT-LINE
100
AcDbLine
 10
609.3084197482259
 20
1556.2797106571659
 30
0.0
 11
590.7114277013359
 21
1533.1336870671385
 31
0.0
1001
RASTER2DXF
1000
line 256
1040
29.692
1040
0.824
1000
distance=27
  0
LINE
  5
19D
330
17
100
AcDbEntity
  8
PLAT-LINE
100
AcDbLine
 10
804.0516461661767
 20
1477.896454614159
 30
0.0
 11
778.0923143198437
 21
1446.812632576718
 31
0.0
1001
RASTER2DXF
1000
line 257
1040
40.498
1040
0.888
  0
LINE
  5
19E
330
17
100
AcDbEntity
  8
PLAT-LINE
100
AcDbLine
 10
973.7979323881973
 20
1476.2218330667254
 30
0.0
 11
950.6846849504476
 21
1449.2679962880288
 31
0.0
1001
RASTER2DXF
1000
line 258
1040
35.507
1040
0.852
  0
LINE
  5
19F
330
17
100
AcDbEntity
  8
PLAT-LINE-DASH
100
AcDbLine
 10
904.902007745729
 20
1357.6980180342491
 30
0.0
 11
894.7741222647171
 21
1256.0290542790785
 31
0.0
1001
RASTER2DXF
1000
line 259
1040
102.172
1040
0.758
  0
LINE
  5
1A0
330
17
100
AcDbEntity
  8
PLAT-LINE-DASH
100
AcDbLine
 10
1165.4375502949283
 20
1222.1286397047286
 30
0.0
 11
1106.9371244119957
 21
1140.9862361781773
 31
0.0
1001
RASTER2DXF
1000
line 260
1040
100.032
1040
0.736
  0
LINE
  5
1A1
330
17
100
AcDbEntity
  8
PLAT-LINE
100
AcDbLine
 10
1616.5880674663333
 20
1187.026867036162
 30
0.0
 11
1597.2780160183302
 21
1160.4350302677676
 31
0.0
1001
RASTER2DXF
1000
line 261
1040
32.863
1040
0.89
  0
LINE
  5
1A2
330
17
100
AcDbEntity
  8
PLAT-LINE-DASH
100
AcDbLine
 10
1220.108780212018
 20
1161.4188794676586
 30
0.0
 11
1172.8851501691418
 21
1094.9205560718142
 31
0.0
1001
RASTER2DXF
1000
line 262
1040
81.56
1040
0.731
  0
LINE
  5
1A3
330
17
100
AcDbEntity
  8
PLAT-LINE
100
AcDbLine
 10
651.6313279031352
 20
1024.977250179861
 30
0.0
 11
721.561275764725
 21
1025.8059146193782
 31
0.0
1001
RASTER2DXF
1000
line 263
1040
69.935
1040
0.88
  0
LINE
  5
1A4
330
17
100
AcDbEntity
  8
PLAT-LINE-DASH
100
AcDbLine
 10
1221.2983552098158
 20
932.1391094124035
 30
0.0
 11
1131.6075512789619
 21
802.526198184844
 31
0.0
1001
RASTER2DXF
1000
line 264
1040
157.62
1040
0.727
  0
LINE
  5
1A5
330
17
100
AcDbEntity
  8
PLAT-LINE-DASH
100
AcDbLine
 10
1294.4763282831764
 20
903.3301190295504
 30
0.0
 11
1194.7613665862914
 21
759.3718935858152
 31
0.0
1001
RASTER2DXF
1000
line 265
1040
175.12
1040
0.681
  0
LINE
  5
1A6
330
17
100
AcDbEntity
  8
PLAT-LINE
100
AcDbLine
 10
1648.7142907073405
 20
901.0477737089553
 30
0.0
 11
1629.675650839115
 21
876.6699555102568
 31
0.0
1001
RASTER2DXF
1000
line 266
1040
30.931
1040
0.848
  0
LINE
  5
1A7
330
17
100
AcDbEntity
  8
PLAT-LINE
100
AcDbLine
 10
955.6106244761517
 20
852.363154453246
 30
0.0
 11
978.9325171023102
 21
835.2780116797855
 31
0.0
1001
RASTER2DXF
1000
line 267
1040
28.91
1040
0.859
  0
LINE
  5
1A8
330
17
100
AcDbEntity
  8
PLAT-LINE-DASH
100
AcDbLine
 10
1367.471241431347
 20
874.0767584977382
 30
0.0
 11
1273.9265136680185
 21
740.3651275000009
 31
0.0
1001
RASTER2DXF
1000
line 268
1040
163.185
1040
0.617
  0
LINE
  5
1A9
330
17
100
AcDbEntity
  8
PLAT-LINE-DASH
100
AcDbLine
 10
1131.6075512789619
 20
802.526198184844
 30
0.0
 11
1194.7613665862914
 21
759.3718935858152
 31
0.0
1001
RASTER2DXF
1000
line 269
1040
76.49
1040
0.66
  0
LINE
  5
1AA
330
17
100
AcDbEntity
  8
PLAT-LINE-DASH
100
AcDbLine
 10
1194.7613665862914
 20
759.3718935858152
 30
0.0
 11
1352.269926698062
 21
651.7430457174758
 31
0.0
1001
RASTER2DXF
1000
line 270
1040
190.769
1040
0.66
1000
distance=77.68
  0
LINE
  5
1AB
330
17
100
AcDbEntity
  8
PLAT-LINE-DASH
100
AcDbLine
 10
1137.9510751407627
 20
725.0029592442758
 30
0.0
 11
1185.1672779717048
 21
692.2689715489255
 31
0.0
1001
RASTER2DXF
1000
line 271
1040
57.453
1040
0.771
  0
LINE
  5
1AC
330
17
100
AcDbEntity
  8
PLAT-LINE
100
AcDbLine
 10
850.3813494380568
 20
722.8964363843718
 30
0.0
 11
819.5927245600735
 21
722.4255240520461
 31
0.0
1001
RASTER2DXF
1000
line 272
1040
30.792
1040
0.881
  0
LINE
  5
1AD
330
17
100
AcDbEntity
  8
PLAT-LINE
100
AcDbLine
 10
1137.9510751407627
 20
725.0029592442758
 30
0.0
 11
1126.5820985787848
 21
704.1639178119865
 31
0.0
1001
RASTER2DXF
1000
line 273
1040
23.739
1040
0.822
  0
LINE
  5
1AE
330
17
100
AcDbEntity
  8
PLAT-LINE
100
AcDbLine
 10
1292.9589552265638
 20
619.5095919678363
 30
0.0
 11
1316.2379084228476
 21
603.2506585843379
 31
0.0
1001
RASTER2DXF
1000
line 274
1040
28.395
1040
0.863
  0
LINE
  5
1AF
330
17
100
AcDbEntity
  8
PLAT-LINE
100
AcDbLine
 10
712.9395490735055
 20
548.5684901529296
 30
0.0
 11
675.4645132500947
 21
547.9683305854202
 31
0.0
1001
RASTER2DXF
1000
line 275
1040
37.48
1040
0.812
  0
LINE
  5
1B0
330
17
100
AcDbEntity
  8
PLAT-LINE
100
AcDbLine
 10
1174.0669463453464
 20
518.7112205352315
 30
0.0
 11
1233.376371705368
 21
437.74600818300286
 31
0.0
1001
RASTER2DXF
1000
line 276
1040
100.364
1040
0.801
  0
LINE
  5
1B1
330
17
100
AcDbEntity
  8
PLAT-LINE-DASH
100
AcDbLine
 10
1116.7329866007465
 20
494.7017658461364
 30
0.0
 11
1140.9397228437456
 21
424.693027787527
 31
0.0
1001
RASTER2DXF
1000
line 277
1040
74.076
1040
0.754
  0
LINE
  5
1B2
330
17
100
AcDbEntity
  8
PLAT-LINE-DASH
100
AcDbLine
 10
1307.022966503661
 20
451.13095219600376
 30
0.0
 11
1244.4905496232916
 21
423.1722500762185
 31
0.0
1001
RASTER2DXF
1000
line 278
1040
68.498
1040
0.696
  0
LINE
  5
1B3
330
17
100
AcDbEntity
  8
PLAT-LINE-DASH
100
AcDbLine
 10
1172.445819861658
 20
406.20836420725493
 30
0.0
 11
1130.9766815232672
 21
405.5206390005901
 31
0.0
1001
RASTER2DXF
1000
line 279
1040
41.475
1040
0.753
  0
LINE
  5
1B4
330
17
100
AcDbEntity
  8
PLAT-LINE-DASH
100
AcDbLine
 10
1130.9766815232672
 20
405.5206390005901
 30
0.0
 11
1072.407549520428
 21
404.54932707985193
 31
0.0
1001
RASTER2DXF
1000
line 280
1040
58.577
1040
0.753
  0
LINE
  5
1B5
330
17
100
AcDbEntity
  8
PLAT-LINE
100
AcDbLine
 10
1131.3131724959658
 20
377.8971396494793
 30
0.0
 11
1130.9766815232672
 21
405.5206390005901
 31
0.0
1001
RASTER2DXF
1000
line 281
1040
27.626
1040
0.824
  0
LINE
  5
1B6
330
17
100
AcDbEntity
  8
PLAT-LINE-DASH
100
AcDbLine
 10
1284.7406233064312
 20
306.9809058563452
 30
0.0
 11
1166.309884228347
 21
304.4863843611423
 31
0.0
1001
RASTER2DXF
1000
line 282
1040
118.457
1040
0.664
  0
LINE
  5
1B7
330
17
100
AcDbEntity
  8
PLAT-LINE
100
AcDbLine
 10
1302.5334905047775
 20
246.88201459523066
 30
0.0
 11
1273.095814378812
 21
245.99929431130124
 31
0.0
1001
RASTER2DXF
1000
line 283
1040
29.451
1040
0.898
  0
LINE
  5
1B8
330
17
100
AcDbEntity
  8
PLAT-LINE-DASH
100
AcDbLine
 10
1267.4137294695643
 20
245.63632967233343
 30
0.0
 11
1203.1641992574614
 21
244.4708329327974
 31
0.0
1001
RASTER2DXF
1000
line 284
1040
64.26
1040
0.734
  0
LINE
  5
1B9
330
17
100
AcDbEntity
  8
PLAT-LINE-DASH
100
AcDbLine
 10
1203.1641992574614
 20
244.4708329327974
 30
0.0
 11
1193.1382419883284
 21
244.28896046665886
 31
0.0
1001
RASTER2DXF
1000
line 285
1040
10.028
1040
0.734
  0
LINE
  5
1BA
330
17
100
AcDbEntity
  8
PLAT-LINE-DASH
100
AcDbLine
 10
1203.1641992574614
 20
244.4708329327974
 30
0.0
 11
1204.069635173031
 21
173.3144133114463
 31
0.0
1001
RASTER2DXF
1000
line 286
1040
71.162
1040
0.745
  0
LINE
  5
1BB
330
17
100
AcDbEntity
  8
PLAT-LINE-DASH
100
AcDbLine
 10
1128.26387403109
 20
243.13065500559037
 30
0.0
 11
1129.5923525562653
 21
142.2389747445411
 31
0.0
1001
RASTER2DXF
1000
line 287
1040
100.9
1040
0.694
  0
LINE
  5
1BC
330
17
100
AcDbEntity
  8
PLAT-LINE
100
AcDbLine
 10
753.8095160857071
 20
223.42052328142756
 30
0.0
 11
753.9429011088001
 21
201.0039280532194
 31
0.0
1001
RASTER2DXF
1000
line 288
1040
22.417
1040
0.806
  0
LINE
  5
1BD
330
17
100
AcDbEntity
  8
PLAT-LINE-DASH
100
AcDbLine
 10
745.7781737593592
 20
209.26922269611998
 30
0.0
 11
747.1468135021022
 21
139.01278329977822
 31
0.0
1001
RASTER2DXF
1000
line 289
1040
70.27
1040
0.762
  0
LINE
  5
1BE
330
17
100
AcDbEntity
  8
PLAT-LINE
100
AcDbLine
 10
1009.2578730471471
 20
145.93643685729091
 30
0.0
 11
987.1946480675701
 21
145.5633966492469
 31
0.0
1001
RASTER2DXF
1000
line 290
1040
22.066
1040
0.864
  0
ARC
  5
1BF
330
17
100
AcDbEntity
  8
PLAT-CURVE
100
AcDbCircle
 10
2226.7449928830897
 20
1736.722666984262
 30
0.0
 40
12.327085646583853
100
AcDbArc
 50
71.69648739094676
 51
173.3674264634347
1001
RASTER2DXF
1000
arc 0
1040
12.327
1040
21.874
  0
ARC
  5
1C0
330
17
100
AcDbEntity
  8
PLAT-CURVE
100
AcDbCircle
 10
1316.3257900791577
 20
1710.3901828022103
 30
0.0
 40
22.513403976710023
100
AcDbArc
 50
13.32193073927869
 51
74.16565134687345
1001
RASTER2DXF
1000
arc 1
1040
22.513
1040
23.908
  0
ARC
  5
1C1
330
17
100
AcDbEntity
  8
PLAT-CURVE
100
AcDbCircle
 10
2574.3589463253657
 20
1743.6230608630385
 30
0.0
 40
11.974878611453638
100
AcDbArc
 50
-159.55372002653536
 51
-13.369127251246057
1001
RASTER2DXF
1000
arc 2
1040
11.975
1040
30.553
  0
ARC
  5
1C2
330
17
100
AcDbEntity
  8
PLAT-CURVE
100
AcDbCircle
 10
1210.6609146163148
 20
1712.130355362867
 30
0.0
 40
18.894789772543152
100
AcDbArc
 50
18.69890971901675
 51
103.6624555673983
1001
RASTER2DXF
1000
arc 3
1040
18.895
1040
28.019
  0
ARC
  5
1C3
330
17
100
AcDbEntity
  8
PLAT-CURVE
100
AcDbCircle
 10
2393.1244401473505
 20
1746.5732163823386
 30
0.0
 40
9.565730298201458
100
AcDbArc
 50
-19.92357139509562
 51
-170.91079690321337
1001
RASTER2DXF
1000
arc 4
1040
9.566
1040
34.895
  0
ARC
  5
1C4
330
17
100
AcDbEntity
  8
PLAT-CURVE
100
AcDbCircle
 10
2392.4238022572354
 20
1743.6435431985753
 30
0.0
 40
9.488915793031374
100
AcDbArc
 50
172.01901968307175
 51
-6.392171115532932
1001
RASTER2DXF
1000
arc 5
1040
9.489
1040
30.073
  0
ARC
  5
1C5
330
17
100
AcDbEntity
  8
PLAT-CURVE
100
AcDbCircle
 10
876.391507735372
 20
1709.7373288479118
 30
0.0
 40
14.664167084659933
100
AcDbArc
 50
-21.019247457482404
 51
87.28559502351614
1001
RASTER2DXF
1000
arc 6
1040
14.664
1040
27.719
  0
ARC
  5
1C6
330
17
100
AcDbEntity
  8
PLAT-CURVE
100
AcDbCircle
 10
2467.267857964637
 20
1742.87675539557
 30
0.0
 40
9.971349256834884
100
AcDbArc
 50
45.54160556221434
 51
178.32471869674148
1001
RASTER2DXF
1000
arc 7
1040
9.971
1040
23.109
  0
ARC
  5
1C7
330
17
100
AcDbEntity
  8
PLAT-CURVE
100
AcDbCircle
 10
2463.1132306277577
 20
1753.4949231397777
 30
0.0
 40
11.835850821164936
100
AcDbArc
 50
-118.41257565062423
 51
-21.193463525015535
1001
RASTER2DXF
1000
arc 8
1040
11.836
1040
20.083
  0
ARC
  5
1C8
330
17
100
AcDbEntity
  8
PLAT-CURVE
100
AcDbCircle
 10
984.0021615347506
 20
1719.2005802703973
 30
0.0
 40
7.333888244637145
100
AcDbArc
 50
4.318329643734713
 51
-175.63050406754576
1001
RASTER2DXF
1000
arc 9
1040
7.334
1040
23.047
  0
ARC
  5
1C9
330
17
100
AcDbEntity
  8
PLAT-CURVE
100
AcDbCircle
 10
1926.756715105294
 20
1723.0555884330931
 30
0.0
 40
19.90925894791536
100
AcDbArc
 50
66.94754432209571
 51
169.53325905996311
1001
RASTER2DXF
1000
arc 10
1040
19.909
1040
35.647
  0
ARC
  5
1CA
330
17
100
AcDbEntity
  8
PLAT-CURVE
100
AcDbCircle
 10
1038.5745997935303
 20
1708.0975939272937
 30
0.0
 40
10.806577045146948
100
AcDbArc
 50
48.99615346786862
 51
178.0164615115217
1001
RASTER2DXF
1000
arc 11
1040
10.807
1040
24.335
  0
ARC
  5
1CB
330
17
100
AcDbEntity
  8
PLAT-CURVE
100
AcDbCircle
 10
1038.3900524574333
 20
1709.688306554668
 30
0.0
 40
18.131360913363906
100
AcDbArc
 50
27.820847252126338
 51
164.49555028813637
1001
RASTER2DXF
1000
arc 12
1040
18.131
1040
43.251
  0
ARC
  5
1CC
330
17
100
AcDbEntity
  8
PLAT-CURVE
100
AcDbCircle
 10
1266.4489220090295
 20
1712.2899351161202
 30
0.0
 40
19.057646790515975
100
AcDbArc
 50
16.25699580010408
 51
-179.5906065189453
1001
RASTER2DXF
1000
arc 13
1040
19.058
1040
54.6
  0
ARC
  5
1CD
330
17
100
AcDbEntity
  8
PLAT-CURVE
100
AcDbCircle
 10
1210.9523571964214
 20
1711.6371631721513
 30
0.0
 40
10.497062249874794
100
AcDbArc
 50
19.67291725629854
 51
175.12759289444492
1001
RASTER2DXF
1000
arc 14
1040
10.497
1040
28.481
  0
ARC
  5
1CE
330
17
100
AcDbEntity
  8
PLAT-CURVE
100
AcDbCircle
 10
1926.2080566930779
 20
1722.7889874470316
 30
0.0
 40
11.106628320834622
100
AcDbArc
 50
-4.774665077257266
 51
177.74965956253874
1001
RASTER2DXF
1000
arc 15
1040
11.107
1040
35.382
  0
ARC
  5
1CF
330
17
100
AcDbEntity
  8
PLAT-CURVE
100
AcDbCircle
 10
2687.8457560685924
 20
1722.2904216050977
 30
0.0
 40
47.418704367182826
100
AcDbArc
 50
-16.33389642386483
 51
12.465824759733367
1001
RASTER2DXF
1000
arc 16
1040
47.419
1040
23.835
  0
ARC
  5
1D0
330
17
100
AcDbEntity
  8
PLAT-CURVE
100
AcDbCircle
 10
1266.5368459485312
 20
1712.1012148035309
 30
0.0
 40
11.302606627801902
100
AcDbArc
 50
49.822420171963394
 51
-166.34034542495138
1001
RASTER2DXF
1000
arc 17
1040
11.303
1040
28.374
  0
ARC
  5
1D1
330
17
100
AcDbEntity
  8
PLAT-CURVE
100
AcDbCircle
 10
1925.9473881511078
 20
1710.95760149123
 30
0.0
 40
10.78938970827528
100
AcDbArc
 50
-172.52964726543027
 51
-4.311054358796657
1001
RASTER2DXF
1000
arc 18
1040
10.789
1040
31.677
  0
ARC
  5
1D2
330
17
100
AcDbEntity
  8
PLAT-CURVE
100
AcDbCircle
 10
1210.8359076185393
 20
1698.8999934109452
 30
0.0
 40
11.184061883949399
100
AcDbArc
 50
170.61396695760794
 51
-39.42053289309783
1001
RASTER2DXF
1000
arc 19
1040
11.184
1040
29.273
  0
ARC
  5
1D3
330
17
100
AcDbEntity
  8
PLAT-CURVE
100
AcDbCircle
 10
877.1990554038557
 20
1688.855805292359
 30
0.0
 40
15.099072245501436
100
AcDbArc
 50
-72.81470621118565
 51
29.818352757552848
1001
RASTER2DXF
1000
arc 20
1040
15.099
1040
27.047
  0
ARC
  5
1D4
330
17
100
AcDbEntity
  8
PLAT-CURVE
100
AcDbCircle
 10
1266.4184396515411
 20
1698.9921360460892
 30
0.0
 40
10.56756175235203
100
AcDbArc
 50
-177.5975887349678
 51
-1.020099235070169
1001
RASTER2DXF
1000
arc 21
1040
10.568
1040
32.568
  0
ARC
  5
1D5
330
17
100
AcDbEntity
  8
PLAT-CURVE
100
AcDbCircle
 10
1924.5277963969775
 20
1712.0879622435873
 30
0.0
 40
21.019243488193833
100
AcDbArc
 50
-81.54519780750255
 51
-14.212304277727986
1001
RASTER2DXF
1000
arc 22
1040
21.019
1040
24.701
  0
ARC
  5
1D6
330
17
100
AcDbEntity
  8
PLAT-CURVE
100
AcDbCircle
 10
1491.4662203736743
 20
1701.6462708631664
 30
0.0
 40
10.307933224530036
100
AcDbArc
 50
-172.17165276459266
 51
-4.441356097444401
1001
RASTER2DXF
1000
arc 23
1040
10.308
1040
30.176
  0
ARC
  5
1D7
330
17
100
AcDbEntity
  8
PLAT-CURVE
100
AcDbCircle
 10
1038.1821482681526
 20
1694.521678941292
 30
0.0
 40
10.140858364954584
100
AcDbArc
 50
-179.56180910227386
 51
-31.00413801501854
1001
RASTER2DXF
1000
arc 24
1040
10.141
1040
26.293
  0
ARC
  5
1D8
330
17
100
AcDbEntity
  8
PLAT-CURVE
100
AcDbCircle
 10
1266.276076658544
 20
1698.783405340761
 30
0.0
 40
18.436035497203093
100
AcDbArc
 50
-162.48758601566564
 51
-5.676915991733774
1001
RASTER2DXF
1000
arc 25
1040
18.436
1040
50.457
  0
ARC
  5
1D9
330
17
100
AcDbEntity
  8
PLAT-CURVE
100
AcDbCircle
 10
1208.5178737795325
 20
1700.5448105819728
 30
0.0
 40
21.85625379168442
100
AcDbArc
 50
-91.60663801670495
 51
-12.159397994576484
1001
RASTER2DXF
1000
arc 26
1040
21.856
1040
30.306
  0
ARC
  5
1DA
330
17
100
AcDbEntity
  8
PLAT-CURVE
100
AcDbCircle
 10
1491.6020900818216
 20
1701.7761714864464
 30
0.0
 40
18.848848643771696
100
AcDbArc
 50
-168.94522838786645
 51
-8.684551620519994
1001
RASTER2DXF
1000
arc 27
1040
18.849
1040
52.722
  0
ARC
  5
1DB
330
17
100
AcDbEntity
  8
PLAT-CURVE
100
AcDbCircle
 10
1315.031638819667
 20
1703.4012920988325
 30
0.0
 40
23.67670286353682
100
AcDbArc
 50
-75.1156787400067
 51
-17.77579751087628
1001
RASTER2DXF
1000
arc 28
1040
23.677
1040
23.695
  0
ARC
  5
1DC
330
17
100
AcDbEntity
  8
PLAT-CURVE
100
AcDbCircle
 10
1041.501027010446
 20
1697.966491003021
 30
0.0
 40
22.859781398993643
100
AcDbArc
 50
-164.1076034103817
 51
-98.93048048959625
1001
RASTER2DXF
1000
arc 29
1040
22.86
1040
26.004
  0
ARC
  5
1DD
330
17
100
AcDbEntity
  8
PLAT-CURVE
100
AcDbCircle
 10
1039.8196909770002
 20
1690.4354460456238
 30
0.0
 40
14.52619034996217
100
AcDbArc
 50
-86.77037944212744
 51
-0.10861835501998272
1001
RASTER2DXF
1000
arc 30
1040
14.526
1040
21.971
  0
ARC
  5
1DE
330
17
100
AcDbEntity
  8
PLAT-CURVE
100
AcDbCircle
 10
2116.6074097477303
 20
1675.0283563916967
 30
0.0
 40
14.237744796000408
100
AcDbArc
 50
111.93328880945589
 51
-134.94817062749482
1001
RASTER2DXF
1000
arc 31
1040
14.238
1040
28.109
  0
ARC
  5
1DF
330
17
100
AcDbEntity
  8
PLAT-CURVE
100
AcDbCircle
 10
279.48295076798104
 20
1617.3205311027946
 30
0.0
 40
23.733816755005996
100
AcDbArc
 50
91.70664391353175
 51
-171.45157224198908
1001
RASTER2DXF
1000
arc 32
1040
23.734
1040
40.115
  0
ARC
  5
1E0
330
17
100
AcDbEntity
  8
PLAT-CURVE
100
AcDbCircle
 10
601.356903148971
 20
1617.366616111372
 30
0.0
 40
19.090420466013313
100
AcDbArc
 50
95.96709277732846
 51
169.28595247174704
1001
RASTER2DXF
1000
arc 33
1040
19.09
1040
24.429
  0
ARC
  5
1E1
330
17
100
AcDbEntity
  8
PLAT-CURVE
100
AcDbCircle
 10
356.8603372048658
 20
1610.1241303555223
 30
0.0
 40
18.822669140842926
100
AcDbArc
 50
34.30923524140118
 51
130.48760425335797
1001
RASTER2DXF
1000
arc 34
1040
18.823
1040
31.596
  0
ARC
  5
1E2
330
17
100
AcDbEntity
  8
PLAT-CURVE
100
AcDbCircle
 10
427.3196419514279
 20
1586.5405346553605
 30
0.0
 40
33.39497421406786
100
AcDbArc
 50
79.1139807331273
 51
124.91523415140323
1001
RASTER2DXF
1000
arc 35
1040
33.395
1040
26.695
  0
ARC
  5
1E3
330
17
100
AcDbEntity
  8
PLAT-CURVE
100
AcDbCircle
 10
2397.6176982119423
 20
1642.681014731913
 30
0.0
 40
13.633419153585686
100
AcDbArc
 50
-110.26742397869357
 51
-27.506184927867615
1001
RASTER2DXF
1000
arc 36
1040
13.633
1040
19.693
  0
ARC
  5
1E4
330
17
100
AcDbEntity
  8
PLAT-CURVE
100
AcDbCircle
 10
310.44456957702664
 20
1575.7712966461063
 30
0.0
 40
39.21038462058691
100
AcDbArc
 50
144.61712642672973
 51
-178.6871501868164
1001
RASTER2DXF
1000
arc 37
1040
39.21
1040
25.113
  0
ARC
  5
1E5
330
17
100
AcDbEntity
  8
PLAT-CURVE
100
AcDbCircle
 10
2265.8069992814317
 20
1620.5068579178296
 30
0.0
 40
13.330770009728804
100
AcDbArc
 50
-121.28150053634113
 51
-20.57503050421298
1001
RASTER2DXF
1000
arc 38
1040
13.331
1040
23.431
  0
ARC
  5
1E6
330
17
100
AcDbEntity
  8
PLAT-CURVE
100
AcDbCircle
 10
352.63693689272736
 20
1680.9026697381323
 30
0.0
 40
116.18650186751698
100
AcDbArc
 50
-92.13018239902517
 51
-70.11534374085633
1001
RASTER2DXF
1000
arc 39
1040
116.187
1040
44.643
  0
ARC
  5
1E7
330
17
100
AcDbEntity
  8
PLAT-CURVE
100
AcDbCircle
 10
2536.8777130492463
 20
1582.8040138417555
 30
0.0
 40
14.29498988537995
100
AcDbArc
 50
90.51397086550611
 51
169.16687114977043
1001
RASTER2DXF
1000
arc 40
1040
14.295
1040
19.623
  0
ARC
  5
1E8
330
17
100
AcDbEntity
  8
PLAT-CURVE
100
AcDbCircle
 10
269.16251391000355
 20
1540.2598562577336
 30
0.0
 40
27.997812143083166
100
AcDbArc
 50
126.15025500796641
 51
179.0464381961801
1001
RASTER2DXF
1000
arc 41
1040
27.998
1040
25.848
  0
ARC
  5
1E9
330
17
100
AcDbEntity
  8
PLAT-CURVE
100
AcDbCircle
 10
216.1291801143043
 20
1566.0325710288985
 30
0.0
 40
36.73549665169116
100
AcDbArc
 50
-44.5748608750139
 51
-4.860722853314245
1001
RASTER2DXF
1000
arc 42
1040
36.735
1040
25.463
  0
ARC
  5
1EA
330
17
100
AcDbEntity
  8
PLAT-CURVE
100
AcDbCircle
 10
1664.4661380414336
 20
1500.603527934269
 30
0.0
 40
12.20114011692932
100
AcDbArc
 50
-112.8842963036094
 51
-19.77362646740823
1001
RASTER2DXF
1000
arc 43
1040
12.201
1040
19.828
  0
ARC
  5
1EB
330
17
100
AcDbEntity
  8
PLAT-CURVE
100
AcDbCircle
 10
2435.421003761205
 20
1478.639752416696
 30
0.0
 40
11.927965774570936
100
AcDbArc
 50
-111.13033279262586
 51
-17.58944759947066
1001
RASTER2DXF
1000
arc 44
1040
11.928
1040
19.474
  0
ARC
  5
1EC
330
17
100
AcDbEntity
  8
PLAT-CURVE
100
AcDbCircle
 10
2321.5556887997645
 20
1477.9650506868556
 30
0.0
 40
13.845049880356083
100
AcDbArc
 50
-109.34954281189475
 51
-19.34132689578169
1001
RASTER2DXF
1000
arc 45
1040
13.845
1040
21.75
  0
ARC
  5
1ED
330
17
100
AcDbEntity
  8
PLAT-CURVE
100
AcDbCircle
 10
1368.2874927658756
 20
1459.1458325890426
 30
0.0
 40
12.517866409263599
100
AcDbArc
 50
-112.99207576463644
 51
-14.281989550604857
1001
RASTER2DXF
1000
arc 46
1040
12.518
1040
21.566
  0
ARC
  5
1EE
330
17
100
AcDbEntity
  8
PLAT-CURVE
100
AcDbCircle
 10
692.3184428879831
 20
1429.4628770028867
 30
0.0
 40
12.490167860977069
100
AcDbArc
 50
-120.05554284470544
 51
-15.313585910075254
1001
RASTER2DXF
1000
arc 47
1040
12.49
1040
22.833
  0
ARC
  5
1EF
330
17
100
AcDbEntity
  8
PLAT-CURVE
100
AcDbCircle
 10
712.6515268466
 20
1287.3731847629297
 30
0.0
 40
24.670518784122617
100
AcDbArc
 50
-103.59482323517959
 51
-14.948290017385236
1001
RASTER2DXF
1000
arc 48
1040
24.671
1040
38.17
  0
ARC
  5
1F0
330
17
100
AcDbEntity
  8
PLAT-CURVE
100
AcDbCircle
 10
821.8809304382576
 20
1288.1831496806205
 30
0.0
 40
25.8755590872319
100
AcDbArc
 50
-161.11895444758875
 51
-89.50565135709601
1001
RASTER2DXF
1000
arc 49
1040
25.876
1040
32.342
  0
ARC
  5
1F1
330
17
100
AcDbEntity
  8
PLAT-CURVE
100
AcDbCircle
 10
1248.7625722729595
 20
1391.3561726375187
 30
0.0
 40
30.106996613424695
100
AcDbArc
 50
-106.69723921534475
 51
-68.08386769613104
1001
RASTER2DXF
1000
arc 50
1040
30.107
1040
20.29
  0
ARC
  5
1F2
330
17
100
AcDbEntity
  8
PLAT-CURVE
100
AcDbCircle
 10
1196.7182207848764
 20
1327.357611865511
 30
0.0
 40
10.365249470928322
100
AcDbArc
 50
78.26933265153855
 51
-173.50784782586882
1001
RASTER2DXF
1000
arc 51
1040
10.365
1040
19.578
  0
ARC
  5
1F3
330
17
100
AcDbEntity
  8
PLAT-CURVE
100
AcDbCircle
 10
1723.0283892536927
 20
1300.1464964263744
 30
0.0
 40
16.702603301304475
100
AcDbArc
 50
97.30960801581037
 51
171.4482039957399
1001
RASTER2DXF
1000
arc 52
1040
16.703
1040
21.613
  0
ARC
  5
1F4
330
17
100
AcDbEntity
  8
PLAT-CURVE
100
AcDbCircle
 10
1708.7764265044236
 20
1315.524600648798
 30
0.0
 40
14.516341508286553
100
AcDbArc
 50
-101.39496314373902
 51
-12.660181025562652
1001
RASTER2DXF
1000
arc 53
1040
14.516
1040
22.482
  0
ARC
  5
1F5
330
17
100
AcDbEntity
  8
PLAT-CURVE
100
AcDbCircle
 10
1558.9920766187765
 20
1309.1936580403801
 30
0.0
 40
10.635397696324473
100
AcDbArc
 50
-109.9316041508838
 51
-2.1661883865039524
1001
RASTER2DXF
1000
arc 54
1040
10.635
1040
20.004
  0
ARC
  5
1F6
330
17
100
AcDbEntity
  8
PLAT-CURVE
100
AcDbCircle
 10
833.0358864810629
 20
967.8203591803821
 30
0.0
 40
294.67107201521344
100
AcDbArc
 50
77.97302859723798
 51
91.99446484986734
1001
RASTER2DXF
1000
arc 55
1040
294.671
1040
72.112
  0
ARC
  5
1F7
330
17
100
AcDbEntity
  8
PLAT-CURVE
100
AcDbCircle
 10
834.8628082389109
 20
947.0371923314461
 30
0.0
 40
314.74646351970887
100
AcDbArc
 50
64.1274304363377
 51
79.02691472303674
1001
RASTER2DXF
1000
arc 56
1040
314.746
1040
81.848
  0
ARC
  5
1F8
330
17
100
AcDbEntity
  8
PLAT-CURVE
100
AcDbCircle
 10
2580.9266364880878
 20
1264.238822720179
 30
0.0
 40
10.207999917723807
100
AcDbArc
 50
-128.4817200913606
 51
-15.28372136217509
1001
RASTER2DXF
1000
arc 57
1040
10.208
1040
20.168
  0
ARC
  5
1F9
330
17
100
AcDbEntity
  8
PLAT-CURVE
100
AcDbCircle
 10
2472.6429772511865
 20
1263.5355496385757
 30
0.0
 40
11.548537473443094
100
AcDbArc
 50
-114.82970291135067
 51
-18.674906191029553
1001
RASTER2DXF
1000
arc 58
1040
11.549
1040
19.381
  0
ARC
  5
1FA
330
17
100
AcDbEntity
  8
PLAT-CURVE
100
AcDbCircle
 10
711.1440784529448
 20
1173.6198819386227
 30
0.0
 40
28.847889719611665
100
AcDbArc
 50
40.046414902993874
 51
105.18279355946264
1001
RASTER2DXF
1000
arc 59
1040
28.848
1040
32.796
  0
ARC
  5
1FB
330
17
100
AcDbEntity
  8
PLAT-CURVE
100
AcDbCircle
 10
660.3209635818642
 20
1163.9638117250452
 30
0.0
 40
78.67361860592159
100
AcDbArc
 50
-9.252353580815393
 51
21.06748570487651
1001
RASTER2DXF
1000
arc 60
1040
78.674
1040
41.633
  0
ARC
  5
1FC
330
17
100
AcDbEntity
  8
PLAT-CURVE
100
AcDbCircle
 10
2155.883138506411
 20
1224.3982694294996
 30
0.0
 40
12.58602182024364
100
AcDbArc
 50
-112.48373295172415
 51
-22.181735294974835
1001
RASTER2DXF
1000
arc 61
1040
12.586
1040
19.836
  0
ARC
  5
1FD
330
17
100
AcDbEntity
  8
PLAT-CURVE
100
AcDbCircle
 10
828.1907548673512
 20
1175.9022515475433
 30
0.0
 40
30.25373712296677
100
AcDbArc
 50
133.71792297149796
 51
-162.65407416977916
1001
RASTER2DXF
1000
arc 62
1040
30.254
1040
33.597
  0
ARC
  5
1FE
330
17
100
AcDbEntity
  8
PLAT-CURVE
100
AcDbCircle
 10
831.3751046175553
 20
936.6077803756722
 30
0.0
 40
266.86361389847326
100
AcDbArc
 50
52.60533458670331
 51
75.24821854811331
1001
RASTER2DXF
1000
arc 63
1040
266.864
1040
105.463
1000
distance=127.01
1000
CURVE_DATA R=327.01 D=36.3300 consistent=False
  0
ARC
  5
1FF
330
17
100
AcDbEntity
  8
PLAT-CURVE
100
AcDbCircle
 10
1028.6600678098043
 20
1151.024073978651
 30
0.0
 40
17.055681448130326
100
AcDbArc
 50
49.76597032352615
 51
133.45073404766828
1001
RASTER2DXF
1000
arc 64
1040
17.056
1040
24.911
  0
ARC
  5
200
330
17
100
AcDbEntity
  8
PLAT-CURVE
100
AcDbCircle
 10
1909.3313273482922
 20
1163.9427596259861
 30
0.0
 40
11.53730406720746
100
AcDbArc
 50
-119.84173319666938
 51
-19.29760499110712
1001
RASTER2DXF
1000
arc 65
1040
11.537
1040
20.246
  0
ARC
  5
201
330
17
100
AcDbEntity
  8
PLAT-CURVE
100
AcDbCircle
 10
2111.9521905633233
 20
1150.2540297288551
 30
0.0
 40
12.581195216410158
100
AcDbArc
 50
-116.70623453469936
 51
-19.366636442899207
1001
RASTER2DXF
1000
arc 66
1040
12.581
1040
21.374
  0
ARC
  5
202
330
17
100
AcDbEntity
  8
PLAT-CURVE
100
AcDbCircle
 10
2235.9400552015964
 20
1081.6118397558844
 30
0.0
 40
26.530157230090676
100
AcDbArc
 50
71.64882252397243
 51
117.55838781998979
1001
RASTER2DXF
1000
arc 67
1040
26.53
1040
21.258
  0
ARC
  5
203
330
17
100
AcDbEntity
  8
PLAT-CURVE
100
AcDbCircle
 10
2321.1910878822973
 20
1068.231810256178
 30
0.0
 40
38.80073369086692
100
AcDbArc
 50
98.41567959881931
 51
154.50062641158956
1001
RASTER2DXF
1000
arc 68
1040
38.801
1040
37.981
  0
ARC
  5
204
330
17
100
AcDbEntity
  8
PLAT-CURVE
100
AcDbCircle
 10
1748.1581338013114
 20
1066.3628887710643
 30
0.0
 40
36.36376870503535
100
AcDbArc
 50
111.14411712980055
 51
156.29621636197385
1001
RASTER2DXF
1000
arc 69
1040
36.364
1040
28.657
  0
ARC
  5
205
330
17
100
AcDbEntity
  8
PLAT-CURVE
100
AcDbCircle
 10
1707.5271396946455
 20
1102.275582595506
 30
0.0
 40
29.073811510137453
100
AcDbArc
 50
-51.67771090682678
 51
-5.337468817899925
1001
RASTER2DXF
1000
arc 70
1040
29.074
1040
23.515
  0
ARC
  5
206
330
17
100
AcDbEntity
  8
PLAT-CURVE
100
AcDbCircle
 10
2210.340030635848
 20
1086.4836257616355
 30
0.0
 40
16.22034284905135
100
AcDbArc
 50
87.38383774041802
 51
173.89871661018827
1001
RASTER2DXF
1000
arc 71
1040
16.22
1040
24.492
  0
ARC
  5
207
330
17
100
AcDbEntity
  8
PLAT-CURVE
100
AcDbCircle
 10
1795.3644479727645
 20
1068.6063913685005
 30
0.0
 40
35.28398746759617
100
AcDbArc
 50
109.00673833404056
 51
151.56918152037565
1001
RASTER2DXF
1000
arc 72
1040
35.284
1040
26.211
  0
ARC
  5
208
330
17
100
AcDbEntity
  8
PLAT-CURVE
100
AcDbCircle
 10
1744.52978705712
 20
1121.3646906806566
 30
0.0
 40
44.868700465387725
100
AcDbArc
 50
-58.108955031590426
 51
-26.942199788039105
1001
RASTER2DXF
1000
arc 73
1040
44.869
1040
24.407
  0
ARC
  5
209
330
17
100
AcDbEntity
  8
PLAT-CURVE
100
AcDbCircle
 10
2206.238408128369
 20
1092.0090142106621
 30
0.0
 40
15.182915114866251
100
AcDbArc
 50
-139.917789733982
 51
-52.153659211376464
1001
RASTER2DXF
1000
arc 74
1040
15.183
1040
23.257
  0
ARC
  5
20A
330
17
100
AcDbEntity
  8
PLAT-CURVE
100
AcDbCircle
 10
1574.7048042751617
 20
1055.494031836118
 30
0.0
 40
29.676837710572276
100
AcDbArc
 50
102.97657831624755
 51
171.9580298803518
1001
RASTER2DXF
1000
arc 75
1040
29.677
1040
35.73
  0
ARC
  5
20B
330
17
100
AcDbEntity
  8
PLAT-CURVE
100
AcDbCircle
 10
2281.0519888057584
 20
1118.6882749674148
 30
0.0
 40
51.34557096284338
100
AcDbArc
 50
-101.76171349008311
 51
-73.49954548788077
1001
RASTER2DXF
1000
arc 76
1040
51.346
1040
25.327
  0
ARC
  5
20C
330
17
100
AcDbEntity
  8
PLAT-CURVE
100
AcDbCircle
 10
1676.6123074060567
 20
980.7368462471123
 30
0.0
 40
61.97138030350949
100
AcDbArc
 50
118.57864626762515
 51
156.77737125554606
1001
RASTER2DXF
1000
arc 77
1040
61.971
1040
41.316
  0
ARC
  5
20D
330
17
100
AcDbEntity
  8
PLAT-CURVE
100
AcDbCircle
 10
2288.4292073836996
 20
998.7121485690842
 30
0.0
 40
47.66272721156141
100
AcDbArc
 50
115.08688194869475
 51
147.7721293448244
1001
RASTER2DXF
1000
arc 78
1040
47.663
1040
27.19
  0
ARC
  5
20E
330
17
100
AcDbEntity
  8
PLAT-CURVE
100
AcDbCircle
 10
2229.582189580974
 20
1067.1851042434305
 30
0.0
 40
47.453253468162735
100
AcDbArc
 50
-66.16241420745921
 51
-33.59713202640954
1001
RASTER2DXF
1000
arc 79
1040
47.453
1040
26.971
  0
ARC
  5
20F
330
17
100
AcDbEntity
  8
PLAT-CURVE
100
AcDbCircle
 10
1563.899641094053
 20
997.4669384469934
 30
0.0
 40
37.47852701925335
100
AcDbArc
 50
83.59196044177911
 51
131.30198589026077
1001
RASTER2DXF
1000
arc 80
1040
37.479
1040
31.208
  0
ARC
  5
210
330
17
100
AcDbEntity
  8
PLAT-CURVE
100
AcDbCircle
 10
1602.728564693617
 20
966.4221168386534
 30
0.0
 40
69.29884807496072
100
AcDbArc
 50
121.72023205037699
 51
148.94355790174166
1001
RASTER2DXF
1000
arc 81
1040
69.299
1040
32.926
  0
ARC
  5
211
330
17
100
AcDbEntity
  8
PLAT-CURVE
100
AcDbCircle
 10
1507.504490057987
 20
1059.299906479679
 30
0.0
 40
69.10487126319552
100
AcDbArc
 50
-55.3805608140916
 51
-30.265202491975028
1001
RASTER2DXF
1000
arc 82
1040
69.105
1040
30.292
  0
ARC
  5
212
330
17
100
AcDbEntity
  8
PLAT-CURVE
100
AcDbCircle
 10
1721.486884082427
 20
988.5300118391995
 30
0.0
 40
48.08876689326391
100
AcDbArc
 50
106.53555283905087
 51
161.12020258709416
1001
RASTER2DXF
1000
arc 83
1040
48.089
1040
45.813
  0
ARC
  5
213
330
17
100
AcDbEntity
  8
PLAT-CURVE
100
AcDbCircle
 10
2474.9954419870846
 20
1043.8345536035492
 30
0.0
 40
22.130041452599126
100
AcDbArc
 50
-117.23132084783943
 51
-70.0134044687657
1001
RASTER2DXF
1000
arc 84
1040
22.13
1040
18.238
  0
ARC
  5
214
330
17
100
AcDbEntity
  8
PLAT-CURVE
100
AcDbCircle
 10
1791.6179951191532
 20
1019.9405428924883
 30
0.0
 40
17.700421852264576
100
AcDbArc
 50
115.73095636096903
 51
-165.91396310252563
1001
RASTER2DXF
1000
arc 85
1040
17.7
1040
24.206
  0
ARC
  5
215
330
17
100
AcDbEntity
  8
PLAT-CURVE
100
AcDbCircle
 10
1786.4372178600472
 20
1021.897666328533
 30
0.0
 40
13.232174425771813
100
AcDbArc
 50
-148.36497587090932
 51
-66.96632120841397
1001
RASTER2DXF
1000
arc 86
1040
13.232
1040
18.799
  0
ARC
  5
216
330
17
100
AcDbEntity
  8
PLAT-CURVE
100
AcDbCircle
 10
831.2375629300307
 20
979.3309682810903
 30
0.0
 40
19.835572325152267
100
AcDbArc
 50
121.4322555851146
 51
-151.00701537689875
1001
RASTER2DXF
1000
arc 87
1040
19.836
1040
30.313
1000
distance=23,
  0
ARC
  5
217
330
17
100
AcDbEntity
  8
PLAT-CURVE
100
AcDbCircle
 10
2355.460564580185
 20
1006.9862887831963
 30
0.0
 40
11.370735409493733
100
AcDbArc
 50
-120.43308924038756
 51
-16.133960385405043
1001
RASTER2DXF
1000
arc 88
1040
11.371
1040
20.699
  0
ARC
  5
218
330
17
100
AcDbEntity
  8
PLAT-CURVE
100
AcDbCircle
 10
1148.2746479177172
 20
1061.0010161447615
 30
0.0
 40
100.34548258149088
100
AcDbArc
 50
-126.50605650628441
 51
-103.57365004129113
1001
RASTER2DXF
1000
arc 89
1040
100.345
1040
40.163
  0
ARC
  5
219
330
17
100
AcDbEntity
  8
PLAT-CURVE
100
AcDbCircle
 10
1542.9451918508341
 20
966.1983408042275
 30
0.0
 40
8.482089969751954
100
AcDbArc
 50
-128.44332784959963
 51
4.968144369878061
1001
RASTER2DXF
1000
arc 90
1040
8.482
1040
19.75
  0
ARC
  5
21A
330
17
100
AcDbEntity
  8
PLAT-CURVE
100
AcDbCircle
 10
831.3609498983332
 20
694.0349346750631
 30
0.0
 40
263.16289898558034
100
AcDbArc
 50
62.849327137497866
 51
78.15664908339316
1001
RASTER2DXF
1000
arc 91
1040
263.163
1040
70.307
1000
distance=66.18"
  0
ARC
  5
21B
330
17
100
AcDbEntity
  8
PLAT-CURVE
100
AcDbCircle
 10
1555.3445629931937
 20
939.6644597562506
 30
0.0
 40
14.659423401701211
100
AcDbArc
 50
84.9287990462242
 51
174.39720133061692
1001
RASTER2DXF
1000
arc 92
1040
14.659
1040
22.891
  0
ARC
  5
21C
330
17
100
AcDbEntity
  8
PLAT-CURVE
100
AcDbCircle
 10
1692.8425580161254
 20
956.7417946306032
 30
0.0
 40
13.537108702968744
100
AcDbArc
 50
-96.35445295627832
 51
-10.176332180631285
1001
RASTER2DXF
1000
arc 93
1040
13.537
1040
20.361
  0
ARC
  5
21D
330
17
100
AcDbEntity
  8
PLAT-CURVE
100
AcDbCircle
 10
1005.9463215460444
 20
917.8849531679531
 30
0.0
 40
13.784265079984488
100
AcDbArc
 50
-57.49864513599909
 51
30.166139900331224
1001
RASTER2DXF
1000
arc 94
1040
13.784
1040
21.09
  0
ARC
  5
21E
330
17
100
AcDbEntity
  8
PLAT-CURVE
100
AcDbCircle
 10
1945.190681733458
 20
931.7208021657393
 30
0.0
 40
12.002133435652798
100
AcDbArc
 50
-113.50050160432845
 51
-11.293497925814261
1001
RASTER2DXF
1000
arc 95
1040
12.002
1040
21.41
  0
ARC
  5
21F
330
17
100
AcDbEntity
  8
PLAT-CURVE
100
AcDbCircle
 10
1677.2173192530497
 20
928.3763325659082
 30
0.0
 40
12.080741610664841
100
AcDbArc
 50
-113.85127822017664
 51
-15.81398254538647
1001
RASTER2DXF
1000
arc 96
1040
12.081
1040
20.671
  0
ARC
  5
220
330
17
100
AcDbEntity
  8
PLAT-CURVE
100
AcDbCircle
 10
832.7864839848936
 20
699.5765907229716
 30
0.0
 40
195.9624304308191
100
AcDbArc
 50
61.457313451095644
 51
90.65292391053387
1001
RASTER2DXF
1000
arc 97
1040
195.962
1040
99.855
1000
curve_data=A= 269, %
1000
distance=26.60
1000
CURVE_DATA R=269.96 D=36.3300 consistent=True
  0
ARC
  5
221
330
17
100
AcDbEntity
  8
PLAT-CURVE
100
AcDbCircle
 10
826.7278270753407
 20
871.4617293922622
 30
0.0
 40
21.696483113884707
100
AcDbArc
 50
121.8559157854
 51
178.88827270546108
1001
RASTER2DXF
1000
arc 98
1040
21.696
1040
21.597
  0
ARC
  5
222
330
17
100
AcDbEntity
  8
PLAT-CURVE
100
AcDbCircle
 10
750.4438524682713
 20
860.3749144257322
 30
0.0
 40
31.7054157397058
100
AcDbArc
 50
26.7756503459897
 51
63.07161732048614
1001
RASTER2DXF
1000
arc 99
1040
31.705
1040
20.085
  0
ARC
  5
223
330
17
100
AcDbEntity
  8
PLAT-CURVE
100
AcDbCircle
 10
1662.63720275884
 20
891.266752758082
 30
0.0
 40
12.138828475832538
100
AcDbArc
 50
-120.86679584696336
 51
-18.824895592392163
1001
RASTER2DXF
1000
arc 100
1040
12.139
1040
21.619
  0
ARC
  5
224
330
17
100
AcDbEntity
  8
PLAT-CURVE
100
AcDbCircle
 10
2457.0039302827468
 20
888.1023633768764
 30
0.0
 40
14.51839694923515
100
AcDbArc
 50
-107.51742203455824
 51
-17.902986630622348
1001
RASTER2DXF
1000
arc 101
1040
14.518
1040
22.708
  0
ARC
  5
225
330
17
100
AcDbEntity
  8
PLAT-CURVE
100
AcDbCircle
 10
2506.8545783608756
 20
869.5626186080456
 30
0.0
 40
12.286048979437743
100
AcDbArc
 50
-119.52352694223941
 51
-21.279415841796787
1001
RASTER2DXF
1000
arc 102
1040
12.286
1040
21.067
  0
ARC
  5
226
330
17
100
AcDbEntity
  8
PLAT-CURVE
100
AcDbCircle
 10
2071.3082492444983
 20
863.3958008071334
 30
0.0
 40
12.968765749550164
100
AcDbArc
 50
-130.0689034773943
 51
-17.37021821938452
1001
RASTER2DXF
1000
arc 103
1040
12.969
1040
25.509
  0
ARC
  5
227
330
17
100
AcDbEntity
  8
PLAT-CURVE
100
AcDbCircle
 10
2228.953532708279
 20
847.1207717880535
 30
0.0
 40
11.294055334727984
100
AcDbArc
 50
-117.21440354208625
 51
-11.85027444779267
1001
RASTER2DXF
1000
arc 104
1040
11.294
1040
20.769
  0
ARC
  5
228
330
17
100
AcDbEntity
  8
PLAT-CURVE
100
AcDbCircle
 10
1750.7334922202433
 20
803.0799094179364
 30
0.0
 40
11.160431193092794
100
AcDbArc
 50
-115.6332171345548
 51
-11.42902249133873
1001
RASTER2DXF
1000
arc 105
1040
11.16
1040
20.298
  0
ARC
  5
229
330
17
100
AcDbEntity
  8
PLAT-CURVE
100
AcDbCircle
 10
679.035431915816
 20
765.3928693114385
 30
0.0
 40
17.778960369370463
100
AcDbArc
 50
141.6229418355086
 51
86.00547996117584
1001
RASTER2DXF
1000
arc 106
1040
17.779
1040
94.45
  0
ARC
  5
22A
330
17
100
AcDbEntity
  8
PLAT-CURVE
100
AcDbCircle
 10
1646.7295474887032
 20
785.0453578619922
 30
0.0
 40
11.962432944003423
100
AcDbArc
 50
-115.08162650691409
 51
-17.34262121976573
1001
RASTER2DXF
1000
arc 107
1040
11.962
1040
20.406
  0
ARC
  5
22B
330
17
100
AcDbEntity
  8
PLAT-CURVE
100
AcDbCircle
 10
2251.8325491816995
 20
776.1137136029029
 30
0.0
 40
19.011315911676096
100
AcDbArc
 50
-81.17141783586658
 51
-21.00692166731816
1001
RASTER2DXF
1000
arc 108
1040
19.011
1040
19.963
  0
ARC
  5
22C
330
17
100
AcDbEntity
  8
PLAT-CURVE
100
AcDbCircle
 10
2481.148634353028
 20
747.567634085006
 30
0.0
 40
17.020165056533923
100
AcDbArc
 50
61.40187657507208
 51
120.82385824702818
1001
RASTER2DXF
1000
arc 109
1040
17.02
1040
17.652
  0
ARC
  5
22D
330
17
100
AcDbEntity
  8
PLAT-CURVE
100
AcDbCircle
 10
2355.5586134585024
 20
814.312714128854
 30
0.0
 40
59.22716364883989
100
AcDbArc
 50
-100.7058651776767
 51
-76.29409785878556
1001
RASTER2DXF
1000
arc 110
1040
59.227
1040
25.235
  0
ARC
  5
22E
330
17
100
AcDbEntity
  8
PLAT-CURVE
100
AcDbCircle
 10
1559.9037832340541
 20
637.809736214575
 30
0.0
 40
15.439341955952056
100
AcDbArc
 50
93.53164124951321
 51
172.34658804440537
1001
RASTER2DXF
1000
arc 111
1040
15.439
1040
21.238
  0
ARC
  5
22F
330
17
100
AcDbEntity
  8
PLAT-CURVE
100
AcDbCircle
 10
1137.9467367890777
 20
623.1555063234127
 30
0.0
 40
17.707807561139575
100
AcDbArc
 50
123.65770261506998
 51
98.04226019237505
1001
RASTER2DXF
1000
arc 112
1040
17.708
1040
103.345
  0
ARC
  5
230
330
17
100
AcDbEntity
  8
PLAT-CURVE
100
AcDbCircle
 10
591.2253204105306
 20
569.1826277206904
 30
0.0
 40
85.80419667173805
100
AcDbArc
 50
-7.912684947826514
 51
41.250654566737005
1001
RASTER2DXF
1000
arc 113
1040
85.804
1040
73.625
  0
ARC
  5
231
330
17
100
AcDbEntity
  8
PLAT-CURVE
100
AcDbCircle
 10
836.4421815973864
 20
586.4529169068537
 30
0.0
 40
26.16256791291197
100
AcDbArc
 50
-160.13318307200302
 51
-71.5864101069883
1001
RASTER2DXF
1000
arc 114
1040
26.163
1040
40.432
  0
ARC
  5
232
330
17
100
AcDbEntity
  8
PLAT-CURVE
100
AcDbCircle
 10
1579.3667128171185
 20
614.0897885863062
 30
0.0
 40
13.092921895982217
100
AcDbArc
 50
-99.40730652322179
 51
-13.724022145790721
1001
RASTER2DXF
1000
arc 115
1040
13.093
1040
19.58
  0
ARC
  5
233
330
17
100
AcDbEntity
  8
PLAT-CURVE
100
AcDbCircle
 10
2278.4962473995206
 20
591.4653146784437
 30
0.0
 40
18.02671743825327
100
AcDbArc
 50
-103.86990142744855
 51
-10.571712948220174
1001
RASTER2DXF
1000
arc 116
1040
18.027
1040
29.354
  0
ARC
  5
234
330
17
100
AcDbEntity
  8
PLAT-CURVE
100
AcDbCircle
 10
2092.5678485091194
 20
593.3493282306256
 30
0.0
 40
23.961477727871856
100
AcDbArc
 50
-70.69323589683812
 51
-13.31364568494189
1001
RASTER2DXF
1000
arc 117
1040
23.961
1040
23.997
  0
ARC
  5
235
330
17
100
AcDbEntity
  8
PLAT-CURVE
100
AcDbCircle
 10
1619.290436749161
 20
572.9192102629822
 30
0.0
 40
16.793031240576344
100
AcDbArc
 50
77.87459730041171
 51
-176.9438533042097
1001
RASTER2DXF
1000
arc 118
1040
16.793
1040
30.828
  0
ARC
  5
236
330
17
100
AcDbEntity
  8
PLAT-CURVE
100
AcDbCircle
 10
1725.5290670024333
 20
584.7763472550034
 30
0.0
 40
19.107904882354244
100
AcDbArc
 50
-58.92770471578394
 51
5.125057750353725
1001
RASTER2DXF
1000
arc 119
1040
19.108
1040
21.361
  0
ARC
  5
237
330
17
100
AcDbEntity
  8
PLAT-CURVE
100
AcDbCircle
 10
1600.1563258124743
 20
541.1990722991183
 30
0.0
 40
20.484200843142787
100
AcDbArc
 50
101.10876877665041
 51
158.95323949824467
1001
RASTER2DXF
1000
arc 120
1040
20.484
1040
20.68
  0
ARC
  5
238
330
17
100
AcDbEntity
  8
PLAT-CURVE
100
AcDbCircle
 10
1145.5786788595642
 20
567.9233201789307
 30
0.0
 40
14.67155753198912
100
AcDbArc
 50
-78.03636816405067
 51
14.123218567051667
1001
RASTER2DXF
1000
arc 121
1040
14.672
1040
23.599
  0
ARC
  5
239
330
17
100
AcDbEntity
  8
PLAT-CURVE
100
AcDbCircle
 10
786.02887763674
 20
496.3974943973318
 30
0.0
 40
14.459134469403915
100
AcDbArc
 50
155.15221107965044
 51
-133.26148028758863
1001
RASTER2DXF
1000
arc 122
1040
14.459
1040
18.065
  0
ARC
  5
23A
330
17
100
AcDbEntity
  8
PLAT-CURVE
100
AcDbCircle
 10
839.2308570176541
 20
473.6129287651962
 30
0.0
 40
27.884061418226704
100
AcDbArc
 50
107.96185373014482
 51
-161.28360855140565
1001
RASTER2DXF
1000
arc 123
1040
27.884
1040
44.167
  0
ARC
  5
23B
330
17
100
AcDbEntity
  8
PLAT-CURVE
100
AcDbCircle
 10
1563.1902735027993
 20
474.48097286085
 30
0.0
 40
15.834109778807596
100
AcDbArc
 50
99.5219173737997
 51
176.9186194106347
1001
RASTER2DXF
1000
arc 124
1040
15.834
1040
21.389
  0
ARC
  5
23C
330
17
100
AcDbEntity
  8
PLAT-CURVE
100
AcDbCircle
 10
787.4123657568389
 20
470.06531707111134
 30
0.0
 40
12.223146578640597
100
AcDbArc
 50
161.90387367468443
 51
-93.88724596399344
1001
RASTER2DXF
1000
arc 125
1040
12.223
1040
22.231
  0
ARC
  5
23D
330
17
100
AcDbEntity
  8
PLAT-CURVE
100
AcDbCircle
 10
1834.9635151249008
 20
426.51882372331784
 30
0.0
 40
11.813941934612016
100
AcDbArc
 50
79.34540507445615
 51
175.8121340309315
1001
RASTER2DXF
1000
arc 126
1040
11.814
1040
19.891
  0
ARC
  5
23E
330
17
100
AcDbEntity
  8
PLAT-CURVE
100
AcDbCircle
 10
1826.3921672343213
 20
438.25707093517065
 30
0.0
 40
11.504497034798062
100
AcDbArc
 50
-104.59193323201767
 51
-5.201655183617848
1001
RASTER2DXF
1000
arc 127
1040
11.504
1040
19.957
  0
ARC
  5
23F
330
17
100
AcDbEntity
  8
PLAT-CURVE
100
AcDbCircle
 10
842.6603167799112
 20
326.42580730786653
 30
0.0
 40
28.285111506087087
100
AcDbArc
 50
-158.66743119538134
 51
-70.97201979731054
1001
RASTER2DXF
1000
arc 128
1040
28.285
1040
43.292
  0
ARC
  5
240
330
17
100
AcDbEntity
  8
PLAT-CURVE
100
AcDbCircle
 10
997.9384108819419
 20
409.7560417115026
 30
0.0
 40
42.153850768919284
100
AcDbArc
 50
-67.36044748230964
 51
-22.986419644707404
1001
RASTER2DXF
1000
arc 129
1040
42.154
1040
32.647
  0
ARC
  5
241
330
17
100
AcDbEntity
  8
PLAT-CURVE
100
AcDbCircle
 10
2223.8638141374163
 20
382.9324159838926
 30
0.0
 40
17.28922550792078
100
AcDbArc
 50
84.3108890918248
 51
157.86580109592933
1001
RASTER2DXF
1000
arc 130
1040
17.289
1040
22.195
  0
ARC
  5
242
330
17
100
AcDbEntity
  8
PLAT-CURVE
100
AcDbCircle
 10
2263.9347329438733
 20
381.1033825319704
 30
0.0
 40
21.695944689943637
100
AcDbArc
 50
92.36109569977266
 51
155.38972657503123
1001
RASTER2DXF
1000
arc 131
1040
21.696
1040
23.867
  0
ARC
  5
243
330
17
100
AcDbEntity
  8
PLAT-CURVE
100
AcDbCircle
 10
1803.5047898128157
 20
387.0046153362558
 30
0.0
 40
15.228227256924667
100
AcDbArc
 50
-89.46489592419677
 51
-9.332524233210062
1001
RASTER2DXF
1000
arc 132
1040
15.228
1040
21.298
  0
ARC
  5
244
330
17
100
AcDbEntity
  8
PLAT-CURVE
100
AcDbCircle
 10
2154.1273199169723
 20
377.4955933225216
 30
0.0
 40
11.788356598363793
100
AcDbArc
 50
83.26115286990728
 51
177.41904538322734
1001
RASTER2DXF
1000
arc 133
1040
11.788
1040
19.373
  0
ARC
  5
245
330
17
100
AcDbEntity
  8
PLAT-CURVE
100
AcDbCircle
 10
1756.3674333946024
 20
409.74359598488195
 30
0.0
 40
40.12021652114265
100
AcDbArc
 50
-64.61745742689347
 51
-19.69160847079304
1001
RASTER2DXF
1000
arc 134
1040
40.12
1040
31.458
  0
ARC
  5
246
330
17
100
AcDbEntity
  8
PLAT-CURVE
100
AcDbCircle
 10
730.5916863807962
 20
323.625288301081
 30
0.0
 40
27.059987914444335
100
AcDbArc
 50
-107.2153976929465
 51
-23.062286848090185
1001
RASTER2DXF
1000
arc 135
1040
27.06
1040
39.744
  0
ARC
  5
247
330
17
100
AcDbEntity
  8
PLAT-CURVE
100
AcDbCircle
 10
1732.0594314341283
 20
298.3637233522593
 30
0.0
 40
18.53003945859155
100
AcDbArc
 50
94.28601973339259
 51
173.76105841193092
1001
RASTER2DXF
1000
arc 136
1040
18.53
1040
25.703
  0
ARC
  5
248
330
17
100
AcDbEntity
  8
PLAT-CURVE
100
AcDbCircle
 10
1553.7309422187657
 20
306.1509917466999
 30
0.0
 40
9.245238800221022
100
AcDbArc
 50
-129.1286963454405
 51
2.08107422728579
1001
RASTER2DXF
1000
arc 137
1040
9.245
1040
21.172
  0
ARC
  5
249
330
17
100
AcDbEntity
  8
PLAT-CURVE
100
AcDbCircle
 10
2128.751253137578
 20
257.67768272594833
 30
0.0
 40
11.613418405775677
100
AcDbArc
 50
-111.56020280244539
 51
-13.842647237756811
1001
RASTER2DXF
1000
arc 138
1040
11.613
1040
19.807
  0
ARC
  5
24A
330
17
100
AcDbEntity
  8
PLAT-CURVE
100
AcDbCircle
 10
1805.1259973213794
 20
215.43065879537062
 30
0.0
 40
12.17289228147234
100
AcDbArc
 50
-113.14200496302749
 51
-13.877076313844537
1001
RASTER2DXF
1000
arc 139
1040
12.173
1040
21.09
  0
ARC
  5
24B
330
17
100
AcDbEntity
  8
PLAT-CURVE
100
AcDbCircle
 10
683.6664270955747
 20
172.85889371370104
 30
0.0
 40
27.49163683041556
100
AcDbArc
 50
156.9359129718978
 51
-153.05930404604183
1001
RASTER2DXF
1000
arc 140
1040
27.492
1040
23.993
1000
distance=00)
  0
ARC
  5
24C
330
17
100
AcDbEntity
  8
PLAT-CURVE
100
AcDbCircle
 10
1151.808429850991
 20
170.46749314067188
 30
0.0
 40
17.699724591545753
100
AcDbArc
 50
91.56919344861795
 51
91.56919344861723
1001
RASTER2DXF
1000
arc 141
1040
17.7
1040
111.211
  0
ARC
  5
24D
330
17
100
AcDbEntity
  8
PLAT-CURVE
100
AcDbCircle
 10
949.8540626657242
 20
180.3624422945844
 30
0.0
 40
11.091320976348866
100
AcDbArc
 50
-79.324465162422
 51
18.557454799779492
1001
RASTER2DXF
1000
arc 142
1040
11.091
1040
18.948
  0
ARC
  5
24E
330
17
100
AcDbEntity
  8
PLAT-CURVE
100
AcDbCircle
 10
2091.347978798083
 20
181.40084131397566
 30
0.0
 40
9.104950660016547
100
AcDbArc
 50
-120.93287150331976
 51
-1.7757748067921533
1001
RASTER2DXF
1000
arc 143
1040
9.105
1040
18.935
  0
ARC
  5
24F
330
17
100
AcDbEntity
  8
PLAT-CURVE
100
AcDbCircle
 10
948.794644811622
 20
116.68493411233169
 30
0.0
 40
24.476684844370645
100
AcDbArc
 50
66.7171618757044
 51
114.24927985743489
1001
RASTER2DXF
1000
arc 144
1040
24.477
1040
20.306
  0
ARC
  5
250
330
17
100
AcDbEntity
  8
PLAT-CURVE
100
AcDbCircle
 10
749.8155611651981
 20
193.90394722950543
 30
0.0
 40
60.15717711847078
100
AcDbArc
 50
-104.3798895144982
 51
-78.17754073373112
1001
RASTER2DXF
1000
arc 145
1040
60.157
1040
27.511
  0
ARC
  5
251
330
17
100
AcDbEntity
  8
PLAT-CURVE
100
AcDbCircle
 10
2158.20456341107
 20
96.21061719138459
 30
0.0
 40
58.88107417373834
100
AcDbArc
 50
111.36066252213047
 51
153.6611733176836
1001
RASTER2DXF
1000
arc 146
1040
58.881
1040
43.471
  0
ARC
  5
252
330
17
100
AcDbEntity
  8
PLAT-CURVE
100
AcDbCircle
 10
2113.7822248428597
 20
125.11461009705681
 30
0.0
 40
8.999426500223288
100
AcDbArc
 50
-157.57231511956658
 51
-37.369610689776856
1001
RASTER2DXF
1000
arc 147
1040
8.999
1040
18.88
  0
ARC
  5
253
330
17
100
AcDbEntity
  8
PLAT-CURVE
100
AcDbCircle
 10
2374.046467913018
 20
111.44527725484386
 30
0.0
 40
44.72224845304587
100
AcDbArc
 50
113.1715799617407
 51
159.9537122393407
1001
RASTER2DXF
1000
arc 148
1040
44.722
1040
36.516
  0
ARC
  5
254
330
17
100
AcDbEntity
  8
PLAT-CURVE
100
AcDbCircle
 10
2210.393465487039
 20
144.0796598679724
 30
0.0
 40
19.92005426891664
100
AcDbArc
 50
-69.65817448758906
 51
-8.455650579701263
1001
RASTER2DXF
1000
arc 149
1040
19.92
1040
21.278
  0
ARC
  5
255
330
17
100
AcDbEntity
  8
PLAT-CURVE
100
AcDbCircle
 10
2430.276416759422
 20
115.67760503862246
 30
0.0
 40
29.79548178340041
100
AcDbArc
 50
110.46833423750212
 51
157.68992659419604
1001
RASTER2DXF
1000
arc 150
1040
29.795
1040
24.557
  0
ARC
  5
256
330
17
100
AcDbEntity
  8
PLAT-CURVE
100
AcDbCircle
 10
2391.3498099371304
 20
155.88538504145174
 30
0.0
 40
32.00476863600671
100
AcDbArc
 50
-67.87353763043171
 51
-24.93276752760172
1001
RASTER2DXF
1000
arc 151
1040
32.005
1040
23.986
  0
ARC
  5
257
330
17
100
AcDbEntity
  8
PLAT-CURVE
100
AcDbCircle
 10
2322.1522969592606
 20
95.57991870137016
 30
0.0
 40
60.9492986770966
100
AcDbArc
 50
134.53035635078606
 51
161.80395301569632
1001
RASTER2DXF
1000
arc 152
1040
60.949
1040
29.013
  0
ARC
  5
258
330
17
100
AcDbEntity
  8
PLAT-CURVE
100
AcDbCircle
 10
2298.1312504394573
 20
129.90978357601853
 30
0.0
 40
20.01927822588378
100
AcDbArc
 50
88.62234265072388
 51
153.9166910537013
1001
RASTER2DXF
1000
arc 153
1040
20.019
1040
22.814
  0
ARC
  5
259
330
17
100
AcDbEntity
  8
PLAT-CURVE
100
AcDbCircle
 10
2260.8789588343307
 20
161.64425393373062
 30
0.0
 40
39.772126435920185
100
AcDbArc
 50
-66.49904905388658
 51
-18.45123522538091
1001
RASTER2DXF
1000
arc 154
1040
39.772
1040
33.353
  0
ARC
  5
25A
330
17
100
AcDbEntity
  8
PLAT-CURVE
100
AcDbCircle
 10
2412.9230591639785
 20
153.00546255360643
 30
0.0
 40
33.59260150417039
100
AcDbArc
 50
-86.91835802893276
 51
-22.808196889490123
1001
RASTER2DXF
1000
arc 155
1040
33.593
1040
37.588
  0
ARC
  5
25B
330
17
100
AcDbEntity
  8
PLAT-CURVE
100
AcDbCircle
 10
2135.1350128430754
 20
159.9244059084847
 30
0.0
 40
30.356809191697113
100
AcDbArc
 50
-70.7057315442048
 51
-21.191670590609558
1001
RASTER2DXF
1000
arc 156
1040
30.357
1040
26.234
  0
ARC
  5
25C
330
17
100
AcDbEntity
  8
PLAT-CURVE
100
AcDbCircle
 10
2389.224431850793
 20
143.2342403541769
 30
0.0
 40
21.39571787448977
100
AcDbArc
 50
-115.0144074606668
 51
-55.98004152337986
1001
RASTER2DXF
1000
arc 157
1040
21.396
1040
22.045
  0
ARC
  5
25D
330
17
100
AcDbEntity
  8
PLAT-CURVE
100
AcDbCircle
 10
2079.4256617710907
 20
92.5606540189865
 30
0.0
 40
13.858984366437575
100
AcDbArc
 50
81.95985376235764
 51
168.41777381837662
1001
RASTER2DXF
1000
arc 158
1040
13.859
1040
20.913
  0
ARC
  5
25E
330
17
100
AcDbEntity
  8
PLAT-CURVE
100
AcDbCircle
 10
2230.5343550314524
 20
100.67683922096865
 30
0.0
 40
13.84878222310388
100
AcDbArc
 50
-107.63370286987724
 51
-20.614863234350427
1001
RASTER2DXF
1000
arc 159
1040
13.849
1040
21.033
  0
ARC
  5
25F
330
17
100
AcDbEntity
  8
PLAT-CURVE
100
AcDbCircle
 10
2082.5082338272423
 20
96.13349541553669
 30
0.0
 40
12.288244507302107
100
AcDbArc
 50
-115.20438333339537
 51
-15.931168978644905
1001
RASTER2DXF
1000
arc 160
1040
12.288
1040
21.291
  0
ARC
  5
260
330
17
100
AcDbEntity
  8
PLAT-CURVE
100
AcDbCircle
 10
926.7506415807161
 20
1139.8165680240081
 30
0.0
 40
17.56446205313521
100
AcDbArc
 50
93.1806661673268
 51
93.18066616732689
1001
RASTER2DXF
1000
arc 161
1040
17.564
1040
110.361
  0
ARC
  5
261
330
17
100
AcDbEntity
  8
PLAT-CURVE
100
AcDbCircle
 10
1183.1408411362268
 20
923.9055483963862
 30
0.0
 40
18.031215584113585
100
AcDbArc
 50
98.74153453964308
 51
98.74153453964308
1001
RASTER2DXF
1000
arc 162
1040
18.031
1040
113.293
  0
ARC
  5
262
330
17
100
AcDbEntity
  8
PLAT-CURVE
100
AcDbCircle
 10
1262.3910965095515
 20
884.0932136853959
 30
0.0
 40
13.489939867707148
100
AcDbArc
 50
-12.909934688215257
 51
83.65558420360229
1001
RASTER2DXF
1000
arc 163
1040
13.49
1040
22.736
  0
ARC
  5
263
330
17
100
AcDbEntity
  8
PLAT-CURVE
100
AcDbCircle
 10
1277.3177239789588
 20
895.6644979570159
 30
0.0
 40
15.038247583278444
100
AcDbArc
 50
173.8881119896156
 51
-99.95267014258194
1001
RASTER2DXF
1000
arc 164
1040
15.038
1040
22.614
  0
ARC
  5
264
330
17
100
AcDbEntity
  8
PLAT-CURVE
100
AcDbCircle
 10
900.9162668819245
 20
694.7585754504647
 30
0.0
 40
17.861588524166635
100
AcDbArc
 50
98.12110006069703
 51
98.12110006069703
1001
RASTER2DXF
1000
arc 165
1040
17.862
1040
112.228
  0
ARC
  5
265
330
17
100
AcDbEntity
  8
PLAT-CURVE
100
AcDbCircle
 10
1117.0290992460768
 20
544.5813335399588
 30
0.0
 40
10.136062304186098
100
AcDbArc
 50
89.60227558560325
 51
-159.28547224815753
1001
RASTER2DXF
1000
arc 166
1040
10.136
1040
19.657
  0
ARC
  5
266
330
17
100
AcDbEntity
  8
PLAT-CURVE
100
AcDbCircle
 10
771.0099024812575
 20
511.0284701534052
 30
0.0
 40
13.624905201995547
100
AcDbArc
 50
-15.730402396692556
 51
74.85047400096657
1001
RASTER2DXF
1000
arc 167
1040
13.625
1040
21.54
  0
ARC
  5
267
330
17
100
AcDbEntity
  8
PLAT-CURVE
100
AcDbCircle
 10
785.8426802300028
 20
519.8332105906879
 30
0.0
 40
12.784997728327848
100
AcDbArc
 50
160.6007719515105
 51
-101.3564431822149
1001
RASTER2DXF
1000
arc 168
1040
12.785
1040
21.877
  0
ARC
  5
268
330
17
100
AcDbEntity
  8
PLAT-CURVE
100
AcDbCircle
 10
957.1833391290668
 20
475.64977044762736
 30
0.0
 40
17.72126493393491
100
AcDbArc
 50
96.2798029899274
 51
96.2798029899274
1001
RASTER2DXF
1000
arc 169
1040
17.721
1040
111.346
  0
ARC
  5
269
330
17
100
AcDbEntity
  8
PLAT-CURVE
100
AcDbCircle
 10
1107.5917980130603
 20
428.676548239691
 30
0.0
 40
17.842718988181005
100
AcDbArc
 50
97.11877326839465
 51
97.11877326839465
1001
RASTER2DXF
1000
arc 170
1040
17.843
1040
112.109
  0
ARC
  5
26A
330
17
100
AcDbEntity
  8
PLAT-CURVE
100
AcDbCircle
 10
953.8804814953744
 20
175.09512206722854
 30
0.0
 40
17.912759842220993
100
AcDbArc
 50
96.565061683278
 51
96.565061683278
1001
RASTER2DXF
1000
arc 171
1040
17.913
1040
112.549
  0
CIRCLE
  5
26B
330
17
100
AcDbEntity
  8
PLAT-MON
100
AcDbCircle
 10
754.6745737823913
 20
398.4659307333884
 30
0.0
 40
6.758589456572166
  0
POINT
  5
26C
330
17
100
AcDbEntity
  8
PLAT-MON
100
AcDbPoint
 10
754.6745737823913
 20
398.4659307333884
 30
0.0
  0
CIRCLE
  5
26D
330
17
100
AcDbEntity
  8
PLAT-MON
100
AcDbCircle
 10
739.2820553644995
 20
1100.8204018417296
 30
0.0
 40
6.732239777947897
  0
POINT
  5
26E
330
17
100
AcDbEntity
  8
PLAT-MON
100
AcDbPoint
 10
739.2820553644995
 20
1100.8204018417296
 30
0.0
  0
CIRCLE
  5
26F
330
17
100
AcDbEntity
  8
PLAT-MON
100
AcDbCircle
 10
1067.516788403466
 20
969.5997124649724
 30
0.0
 40
4.801687038619986
  0
POINT
  5
270
330
17
100
AcDbEntity
  8
PLAT-MON
100
AcDbPoint
 10
1067.516788403466
 20
969.5997124649724
 30
0.0
  0
TEXT
  5
271
330
17
100
AcDbEntity
  8
PLAT-TEXT-DIST
100
AcDbText
 10
600.4178157131497
 20
1552.5158882342694
 30
0.0
 40
9.146472975309536
  1
27'
 50
51.21938320433355
  7
PLAT
 72
1
 11
600.4178157131497
 21
1552.5158882342694
 31
0.0
100
AcDbText
 73
1
  0
TEXT
  5
272
330
17
100
AcDbEntity
  8
PLAT-TEXT-DIST
100
AcDbText
 10
1132.3301131424698
 20
1364.0761224017547
 30
0.0
 40
9.146472975309536
  1
100'
 50
2.7612056519302794
  7
PLAT
 72
1
 11
1132.3301131424698
 21
1364.0761224017547
 31
0.0
100
AcDbText
 73
1
  0
TEXT
  5
273
330
17
100
AcDbEntity
  8
PLAT-TEXT-DIST
100
AcDbText
 10
1409.5999515669314
 20
1369.3952883547
 30
0.0
 40
9.146472975309536
  1
200'
 50
0.7202417419778588
  7
PLAT
 72
1
 11
1409.5999515669314
 21
1369.3952883547
 31
0.0
100
AcDbText
 73
1
  0
TEXT
  5
274
330
17
100
AcDbEntity
  8
PLAT-TEXT-DIST
100
AcDbText
 10
589.8314294628782
 20
1229.208567837287
 30
0.0
 40
9.146472975309536
  1
109'
 50
91.11237337864736
  7
PLAT
 72
1
 11
589.8314294628782
 21
1229.208567837287
 31
0.0
100
AcDbText
 73
3
  0
TEXT
  5
275
330
17
100
AcDbEntity
  8
PLAT-TEXT-DIST
100
AcDbText
 10
925.7781100185307
 20
1191.0994925270008
 30
0.0
 40
9.146472975309536
  1
127.01'
 50
339.53649505736036
  7
PLAT
 72
1
 11
925.7781100185307
 21
1191.0994925270008
 31
0.0
100
AcDbText
 73
1
  0
TEXT
  5
276
330
17
100
AcDbEntity
  8
PLAT-TEXT-DIST
100
AcDbText
 10
641.4115179372905
 20
1152.528643914517
 30
0.0
 40
9.146472975309536
  1
7007'
 50
91.16601721670565
  7
PLAT
 72
1
 11
641.4115179372905
 21
1152.528643914517
 31
0.0
100
AcDbText
 73
3
  0
TEXT
  5
277
330
17
100
AcDbEntity
  8
PLAT-TEXT-DIST
100
AcDbText
 10
871.5631425361664
 20
1195.8931889289513
 30
0.0
 40
9.146472975309536
  1
72.39'
 50
354.09366277644756
  7
PLAT
 72
1
 11
871.5631425361664
 21
1195.8931889289513
 31
0.0
100
AcDbText
 73
3
  0
TEXT
  5
278
330
17
100
AcDbEntity
  8
PLAT-TEXT-BRG
100
AcDbText
 10
856.5664142575002
 20
1184.5712251243785
 30
0.0
 40
9.146472975309536
  1
N 84%%d01'40" W
 50
354.09366277644756
  7
PLAT
 72
1
 11
856.5664142575002
 21
1184.5712251243785
 31
0.0
100
AcDbText
 73
3
  0
TEXT
  5
279
330
17
100
AcDbEntity
  8
PLAT-TEXT-DIST
100
AcDbText
 10
609.7314704976026
 20
1194.8412350243348
 30
0.0
 40
9.146472975309536
  1
50'
 50
1.2483582423300277
  7
PLAT
 72
1
 11
609.7314704976026
 21
1194.8412350243348
 31
0.0
100
AcDbText
 73
3
  0
TEXT
  5
27A
330
17
100
AcDbEntity
  8
PLAT-TEXT-DIST
100
AcDbText
 10
733.5132666210687
 20
1146.1463542184454
 30
0.0
 40
9.146472975309536
  1
700'
 50
91.29299961233669
  7
PLAT
 72
1
 11
733.5132666210687
 21
1146.1463542184454
 31
0.0
100
AcDbText
 73
1
  0
TEXT
  5
27B
330
17
100
AcDbEntity
  8
PLAT-TEXT-DIST
100
AcDbText
 10
898.1903399993039
 20
1131.1078578935694
 30
0.0
 40
9.146472975309536
  1
115.54'
 50
84.850523354892
  7
PLAT
 72
1
 11
898.1903399993039
 21
1131.1078578935694
 31
0.0
100
AcDbText
 73
3
  0
TEXT
  5
27C
330
17
100
AcDbEntity
  8
PLAT-TEXT-DIST
100
AcDbText
 10
804.4994488502098
 20
1129.0462531839555
 30
0.0
 40
9.146472975309536
  1
140'
 50
90.92776813575816
  7
PLAT
 72
1
 11
804.4994488502098
 21
1129.0462531839555
 31
0.0
100
AcDbText
 73
3
  0
TEXT
  5
27D
330
17
100
AcDbEntity
  8
PLAT-TEXT-DIST
100
AcDbText
 10
2310.2243805705466
 20
1125.4827562681023
 30
0.0
 40
9.146472975309536
  1
1960'
 50
0.7185950857271152
  7
PLAT
 72
1
 11
2310.2243805705466
 21
1125.4827562681023
 31
0.0
100
AcDbText
 73
1
  0
TEXT
  5
27E
330
17
100
AcDbEntity
  8
PLAT-TEXT-DIST
100
AcDbText
 10
1034.1824451768987
 20
1114.156753035954
 30
0.0
 40
9.146472975309536
  1
62.57'
 50
324.68501980027395
  7
PLAT
 72
1
 11
1034.1824451768987
 21
1114.156753035954
 31
0.0
100
AcDbText
 73
3
  0
TEXT
  5
27F
330
17
100
AcDbEntity
  8
PLAT-TEXT-DIST
100
AcDbText
 10
735.2914128818978
 20
1067.3659899007296
 30
0.0
 40
9.146472975309536
  1
77.25'
 50
91.29299961233662
  7
PLAT
 72
1
 11
735.2914128818978
 21
1067.3659899007296
 31
0.0
100
AcDbText
 73
1
  0
TEXT
  5
280
330
17
100
AcDbEntity
  8
PLAT-TEXT-DIST
100
AcDbText
 10
914.4948952777966
 20
1064.9506245928799
 30
0.0
 40
9.146472975309536
  1
10'
 50
334.69610186013335
  7
PLAT
 72
1
 11
914.4948952777966
 21
1064.9506245928799
 31
0.0
100
AcDbText
 73
1
  0
TEXT
  5
281
330
17
100
AcDbEntity
  8
PLAT-TEXT-DIST
100
AcDbText
 10
1090.4912980404195
 20
1074.2657560893895
 30
0.0
 40
9.146472975309536
  1
75'
 50
324.6850198002739
  7
PLAT
 72
1
 11
1090.4912980404195
 21
1074.2657560893895
 31
0.0
100
AcDbText
 73
3
  0
TEXT
  5
282
330
17
100
AcDbEntity
  8
PLAT-TEXT-DIST
100
AcDbText
 10
1035.7764857250622
 20
1052.1222137498796
 30
0.0
 40
9.146472975309536
  1
100'
 50
54.83461856965687
  7
PLAT
 72
1
 11
1035.7764857250622
 21
1052.1222137498796
 31
0.0
100
AcDbText
 73
3
  0
TEXT
  5
283
330
17
100
AcDbEntity
  8
PLAT-TEXT-DIST
100
AcDbText
 10
904.2979989758704
 20
1018.303443482978
 30
0.0
 40
9.146472975309536
  1
20.15'
 50
77.94182693582826
  7
PLAT
 72
1
 11
904.2979989758704
 21
1018.303443482978
 31
0.0
100
AcDbText
 73
3
  0
TEXT
  5
284
330
17
100
AcDbEntity
  8
PLAT-TEXT-DIST
100
AcDbText
 10
1153.4004605848659
 20
1029.7378022863643
 30
0.0
 40
9.146472975309536
  1
75'
 50
324.73215035342116
  7
PLAT
 72
1
 11
1153.4004605848659
 21
1029.7378022863643
 31
0.0
100
AcDbText
 73
3
  0
TEXT
  5
285
330
17
100
AcDbEntity
  8
PLAT-TEXT-DIST
100
AcDbText
 10
806.40939054424
 20
1011.1051109343056
 30
0.0
 40
9.146472975309536
  1
103'
 50
90.92776813575803
  7
PLAT
 72
1
 11
806.40939054424
 21
1011.1051109343056
 31
0.0
100
AcDbText
 73
3
  0
TEXT
  5
286
330
17
100
AcDbEntity
  8
PLAT-TEXT-DIST
100
AcDbText
 10
1035.2878006370615
 20
1001.266512238166
 30
0.0
 40
9.146472975309536
  1
75'
 50
325.1758877928897
  7
PLAT
 72
1
 11
1035.2878006370615
 21
1001.266512238166
 31
0.0
100
AcDbText
 73
1
  0
TEXT
  5
287
330
17
100
AcDbEntity
  8
PLAT-TEXT-DIST
100
AcDbText
 10
737.2356996295331
 20
981.2248092278762
 30
0.0
 40
9.146472975309536
  1
77.25'
 50
91.29299961233657
  7
PLAT
 72
1
 11
737.2356996295331
 21
981.2248092278762
 31
0.0
100
AcDbText
 73
1
  0
TEXT
  5
288
330
17
100
AcDbEntity
  8
PLAT-TEXT-DIST
100
AcDbText
 10
821.4153545518161
 20
991.0129379000863
 30
0.0
 40
9.146472975309536
  1
23'
 50
40.62613213409884
  7
PLAT
 72
1
 11
821.4153545518161
 21
991.0129379000863
 31
0.0
100
AcDbText
 73
3
  0
TEXT
  5
289
330
17
100
AcDbEntity
  8
PLAT-TEXT-DIST
100
AcDbText
 10
860.9854951267665
 20
959.5326380905524
 30
0.0
 40
9.146472975309536
  1
67.91'
 50
354.2942697793038
  7
PLAT
 72
1
 11
860.9854951267665
 21
959.5326380905524
 31
0.0
100
AcDbText
 73
1
  0
TEXT
  5
28A
330
17
100
AcDbEntity
  8
PLAT-TEXT-DIST
100
AcDbText
 10
1037.2356592686676
 20
939.6937627436986
 30
0.0
 40
9.146472975309536
  1
100'
 50
54.858811739261455
  7
PLAT
 72
1
 11
1037.2356592686676
 21
939.6937627436986
 31
0.0
100
AcDbText
 73
1
  0
TEXT
  5
28B
330
17
100
AcDbEntity
  8
PLAT-TEXT-BRG
100
AcDbText
 10
1040.607188991457
 20
928.5931265488854
 30
0.0
 40
9.146472975309536
  1
N 35%%d18'20" E
 50
54.858811739261455
  7
PLAT
 72
1
 11
1040.607188991457
 21
928.5931265488854
 31
0.0
100
AcDbText
 73
3
  0
TEXT
  5
28C
330
17
100
AcDbEntity
  8
PLAT-TEXT-DIST
100
AcDbText
 10
926.267658295201
 20
944.3853946144719
 30
0.0
 40
9.146472975309536
  1
66.18'
 50
339.1632830789935
  7
PLAT
 72
1
 11
926.267658295201
 21
944.3853946144719
 31
0.0
100
AcDbText
 73
1
  0
TEXT
  5
28D
330
17
100
AcDbEntity
  8
PLAT-TEXT-DIST
100
AcDbText
 10
962.7401130791384
 20
943.5723239636309
 30
0.0
 40
9.146472975309536
  1
28'
 50
67.58015495752716
  7
PLAT
 72
1
 11
962.7401130791384
 21
943.5723239636309
 31
0.0
100
AcDbText
 73
3
  0
TEXT
  5
28E
330
17
100
AcDbEntity
  8
PLAT-TEXT-DIST
100
AcDbText
 10
646.4952020727404
 20
902.7609483079138
 30
0.0
 40
9.146472975309536
  1
77.25'
 50
91.16601721670554
  7
PLAT
 72
1
 11
646.4952020727404
 21
902.7609483079138
 31
0.0
100
AcDbText
 73
3
  0
TEXT
  5
28F
330
17
100
AcDbEntity
  8
PLAT-TEXT-DIST
100
AcDbText
 10
738.8513958534138
 20
909.6417567264797
 30
0.0
 40
9.146472975309536
  1
77.25'
 50
91.29299961233667
  7
PLAT
 72
1
 11
738.8513958534138
 21
909.6417567264797
 31
0.0
100
AcDbText
 73
1
  0
TEXT
  5
290
330
17
100
AcDbEntity
  8
PLAT-TEXT-DIST
100
AcDbText
 10
980.2671010566679
 20
916.1834269483578
 30
0.0
 40
9.146472975309536
  1
55.76'
 50
328.0822765748464
  7
PLAT
 72
1
 11
980.2671010566679
 21
916.1834269483578
 31
0.0
100
AcDbText
 73
1
  0
TEXT
  5
291
330
17
100
AcDbEntity
  8
PLAT-TEXT-DIST
100
AcDbText
 10
885.3156018811195
 20
883.6160461357193
 30
0.0
 40
9.146472975309536
  1
26.60'
 50
343.9205619319901
  7
PLAT
 72
1
 11
885.3156018811195
 21
883.6160461357193
 31
0.0
100
AcDbText
 73
3
  0
TEXT
  5
292
330
17
100
AcDbEntity
  8
PLAT-TEXT-CURVE
100
AcDbText
 10
894.7668309561865
 20
890.2936179606909
 30
0.0
 40
9.146472975309536
  1
A= 269, %
 50
341.8539194714744
  7
PLAT
 72
1
 11
894.7668309561865
 21
890.2936179606909
 31
0.0
100
AcDbText
 73
1
  0
TEXT
  5
293
330
17
100
AcDbEntity
  8
PLAT-TEXT-DIST
100
AcDbText
 10
1044.1698425384814
 20
869.9396759377443
 30
0.0
 40
9.146472975309536
  1
15'
 50
324.74212714586713
  7
PLAT
 72
1
 11
1044.1698425384814
 21
869.9396759377443
 31
0.0
100
AcDbText
 73
1
  0
TEXT
  5
294
330
17
100
AcDbEntity
  8
PLAT-TEXT-DIST
100
AcDbText
 10
810.0423609810285
 20
853.1675162409907
 30
0.0
 40
9.146472975309536
  1
6'
 50
91.3237718076847
  7
PLAT
 72
1
 11
810.0423609810285
 21
853.1675162409907
 31
0.0
100
AcDbText
 73
3
  0
TEXT
  5
295
330
17
100
AcDbEntity
  8
PLAT-TEXT-DIST
100
AcDbText
 10
740.6748799254423
 20
828.8527110295383
 30
0.0
 40
9.146472975309536
  1
77.28'
 50
91.2929996123366
  7
PLAT
 72
1
 11
740.6748799254423
 21
828.8527110295383
 31
0.0
100
AcDbText
 73
1
  0
TEXT
  5
296
330
17
100
AcDbEntity
  8
PLAT-TEXT-BRG
100
AcDbText
 10
856.7108469660329
 20
806.8794587340481
 30
0.0
 40
9.146472975309536
  1
N 88%%d58'20" E
 50
1.0418905990545975
  7
PLAT
 72
1
 11
856.7108469660329
 21
806.8794587340481
 31
0.0
100
AcDbText
 73
1
  0
TEXT
  5
297
330
17
100
AcDbEntity
  8
PLAT-TEXT-DIST
100
AcDbText
 10
858.8293916635895
 20
797.7700020601284
 30
0.0
 40
9.146472975309536
  1
100'
 50
1.0418905990545975
  7
PLAT
 72
1
 11
858.8293916635895
 21
797.7700020601284
 31
0.0
100
AcDbText
 73
3
  0
TEXT
  5
298
330
17
100
AcDbEntity
  8
PLAT-TEXT-DIST
100
AcDbText
 10
812.1206919350498
 20
763.2287501298545
 30
0.0
 40
9.146472975309536
  1
15'
 50
91.3237718076848
  7
PLAT
 72
1
 11
812.1206919350498
 21
763.2287501298545
 31
0.0
100
AcDbText
 73
3
  0
TEXT
  5
299
330
17
100
AcDbEntity
  8
PLAT-TEXT-BRG
100
AcDbText
 10
803.3300582924647
 20
747.7243096706709
 30
0.0
 40
9.146472975309536
  1
S 01%%d40'00" E
 50
91.3237718076848
  7
PLAT
 72
1
 11
803.3300582924647
 21
747.7243096706709
 31
0.0
100
AcDbText
 73
1
  0
TEXT
  5
29A
330
17
100
AcDbEntity
  8
PLAT-TEXT-DIST
100
AcDbText
 10
985.982846123183
 20
778.2079611442856
 30
0.0
 40
9.146472975309536
  1
122.48'
 50
55.52694901060522
  7
PLAT
 72
1
 11
985.982846123183
 21
778.2079611442856
 31
0.0
100
AcDbText
 73
1
  0
TEXT
  5
29B
330
17
100
AcDbEntity
  8
PLAT-TEXT-DIST
100
AcDbText
 10
913.6061207953729
 20
767.8058531617659
 30
0.0
 40
9.146472975309536
  1
75'
 50
91.35220614855047
  7
PLAT
 72
1
 11
913.6061207953729
 21
767.8058531617659
 31
0.0
100
AcDbText
 73
3
  0
TEXT
  5
29C
330
17
100
AcDbEntity
  8
PLAT-TEXT-BRG
100
AcDbText
 10
904.4996736570645
 20
766.0022548600853
 30
0.0
 40
9.146472975309536
  1
N 01%%d40'00" W
 50
91.35220614855047
  7
PLAT
 72
1
 11
904.4996736570645
 21
766.0022548600853
 31
0.0
100
AcDbText
 73
1
  0
TEXT
  5
29D
330
17
100
AcDbEntity
  8
PLAT-TEXT-DIST
100
AcDbText
 10
1043.0616170174012
 20
785.6518708855439
 30
0.0
 40
9.146472975309536
  1
15'
 50
325.0878083331604
  7
PLAT
 72
1
 11
1043.0616170174012
 21
785.6518708855439
 31
0.0
100
AcDbText
 73
3
  0
TEXT
  5
29E
330
17
100
AcDbEntity
  8
PLAT-TEXT-DIST
100
AcDbText
 10
742.3777195713122
 20
753.4087891028121
 30
0.0
 40
9.146472975309536
  1
77.25'
 50
91.29299961233671
  7
PLAT
 72
1
 11
742.3777195713122
 21
753.4087891028121
 31
0.0
100
AcDbText
 73
1
  0
TEXT
  5
29F
330
17
100
AcDbEntity
  8
PLAT-TEXT-DIST
100
AcDbText
 10
2236.6766134096297
 20
758.8763264566963
 30
0.0
 40
9.146472975309536
  1
772'
 50
0.9159374205407858
  7
PLAT
 72
1
 11
2236.6766134096297
 21
758.8763264566963
 31
0.0
100
AcDbText
 73
1
  0
TEXT
  5
2A0
330
17
100
AcDbEntity
  8
PLAT-TEXT-DIST
100
AcDbText
 10
1218.7844143903571
 20
737.4174934340748
 30
0.0
 40
9.146472975309536
  1
77.68'
 50
325.65439893156116
  7
PLAT
 72
1
 11
1218.7844143903571
 21
737.4174934340748
 31
0.0
100
AcDbText
 73
3
  0
TEXT
  5
2A1
330
17
100
AcDbEntity
  8
PLAT-TEXT-DIST
100
AcDbText
 10
1051.996710896253
 20
728.0924428507084
 30
0.0
 40
9.146472975309536
  1
120.00'
 50
55.09407224760349
  7
PLAT
 72
1
 11
1051.996710896253
 21
728.0924428507084
 31
0.0
100
AcDbText
 73
3
  0
TEXT
  5
2A2
330
17
100
AcDbEntity
  8
PLAT-TEXT-DIST
100
AcDbText
 10
651.1049339377003
 20
676.2791145435762
 30
0.0
 40
9.146472975309536
  1
7225'
 50
91.16601721670554
  7
PLAT
 72
1
 11
651.1049339377003
 21
676.2791145435762
 31
0.0
100
AcDbText
 73
3
  0
TEXT
  5
2A3
330
17
100
AcDbEntity
  8
PLAT-TEXT-DIST
100
AcDbText
 10
744.0957386763572
 20
677.2923447012481
 30
0.0
 40
9.146472975309536
  1
77.25'
 50
91.29299961233654
  7
PLAT
 72
1
 11
744.0957386763572
 21
677.2923447012481
 31
0.0
100
AcDbText
 73
1
  0
TEXT
  5
2A4
330
17
100
AcDbEntity
  8
PLAT-TEXT-DIST
100
AcDbText
 10
877.7007350474903
 20
647.9150766641375
 30
0.0
 40
9.146472975309536
  1
120.52'
 50
1.013664956500918
  7
PLAT
 72
1
 11
877.7007350474903
 21
647.9150766641375
 31
0.0
100
AcDbText
 73
3
  0
TEXT
  5
2A5
330
17
100
AcDbEntity
  8
PLAT-TEXT-BRG
100
AcDbText
 10
865.2204111219834
 20
656.8421589246326
 30
0.0
 40
9.146472975309536
  1
N 88%%d58'20" E
 50
1.013664956500918
  7
PLAT
 72
1
 11
865.2204111219834
 21
656.8421589246326
 31
0.0
100
AcDbText
 73
1
  0
TEXT
  5
2A6
330
17
100
AcDbEntity
  8
PLAT-TEXT-BRG
100
AcDbText
 10
933.3865114370177
 20
608.5571196261917
 30
0.0
 40
9.146472975309536
  1
N 00%%d41'40" W
 50
91.12677702369228
  7
PLAT
 72
1
 11
933.3865114370177
 21
608.5571196261917
 31
0.0
100
AcDbText
 73
3
  0
TEXT
  5
2A7
330
17
100
AcDbEntity
  8
PLAT-TEXT-DIST
100
AcDbText
 10
1010.4854552342305
 20
614.8554706333463
 30
0.0
 40
9.146472975309536
  1
102.20'
 50
89.64117155290592
  7
PLAT
 72
1
 11
1010.4854552342305
 21
614.8554706333463
 31
0.0
100
AcDbText
 73
1
  0
TEXT
  5
2A8
330
17
100
AcDbEntity
  8
PLAT-TEXT-BRG
100
AcDbText
 10
1019.6039927289088
 20
610.3663019003249
 30
0.0
 40
9.146472975309536
  1
N 00%%d22'00" E
 50
89.64117155290592
  7
PLAT
 72
1
 11
1019.6039927289088
 21
610.3663019003249
 31
0.0
100
AcDbText
 73
3
  0
TEXT
  5
2A9
330
17
100
AcDbEntity
  8
PLAT-TEXT-DIST
100
AcDbText
 10
745.9039641644863
 20
597.1793270819924
 30
0.0
 40
9.146472975309536
  1
7725'
 50
91.2929996123365
  7
PLAT
 72
1
 11
745.9039641644863
 21
597.1793270819924
 31
0.0
100
AcDbText
 73
1
  0
TEXT
  5
2AA
330
17
100
AcDbEntity
  8
PLAT-TEXT-DIST
100
AcDbText
 10
815.7818488852887
 20
604.7939551292895
 30
0.0
 40
9.146472975309536
  1
90'
 50
91.3237718076848
  7
PLAT
 72
1
 11
815.7818488852887
 21
604.7939551292895
 31
0.0
100
AcDbText
 73
3
  0
TEXT
  5
2AB
330
17
100
AcDbEntity
  8
PLAT-TEXT-BRG
100
AcDbText
 10
921.2674569455728
 20
557.7838171991194
 30
0.0
 40
9.146472975309536
  1
N 89%%d18'20" E
 50
0.5443574817377642
  7
PLAT
 72
1
 11
921.2674569455728
 21
557.7838171991194
 31
0.0
100
AcDbText
 73
3
  0
TEXT
  5
2AC
330
17
100
AcDbEntity
  8
PLAT-TEXT-DIST
100
AcDbText
 10
872.5036670056113
 20
566.4673925601257
 30
0.0
 40
9.146472975309536
  1
120'
 50
0.5443574817377642
  7
PLAT
 72
1
 11
872.5036670056113
 21
566.4673925601257
 31
0.0
100
AcDbText
 73
1
  0
TEXT
  5
2AD
330
17
100
AcDbEntity
  8
PLAT-TEXT-DIST
100
AcDbText
 10
982.2519497635642
 20
567.5101237518727
 30
0.0
 40
9.146472975309536
  1
94.20'
 50
0.5443574817375691
  7
PLAT
 72
1
 11
982.2519497635642
 21
567.5101237518727
 31
0.0
100
AcDbText
 73
1
  0
TEXT
  5
2AE
330
17
100
AcDbEntity
  8
PLAT-TEXT-DIST
100
AcDbText
 10
654.4144691060308
 20
513.6775542383797
 30
0.0
 40
9.146472975309536
  1
77.25'
 50
91.16601721670554
  7
PLAT
 72
1
 11
654.4144691060308
 21
513.6775542383797
 31
0.0
100
AcDbText
 73
3
  0
TEXT
  5
2AF
330
17
100
AcDbEntity
  8
PLAT-TEXT-CURVE
100
AcDbText
 10
666.9820554950514
 20
525.4753345286994
 30
0.0
 40
9.146472975309536
  1
C4
 50
91.16601721670554
  7
PLAT
 72
1
 11
666.9820554950514
 21
525.4753345286994
 31
0.0
100
AcDbText
 73
3
  0
TEXT
  5
2B0
330
17
100
AcDbEntity
  8
PLAT-TEXT-DIST
100
AcDbText
 10
747.7088101926238
 20
517.2160356664922
 30
0.0
 40
9.146472975309536
  1
77.25'
 50
91.29299961233687
  7
PLAT
 72
1
 11
747.7088101926238
 21
517.2160356664922
 31
0.0
100
AcDbText
 73
1
  0
TEXT
  5
2B1
330
17
100
AcDbEntity
  8
PLAT-TEXT-DIST
100
AcDbText
 10
1048.0810922954972
 20
455.5578709214899
 30
0.0
 40
9.146472975309536
  1
400'
 50
91.01156574605164
  7
PLAT
 72
1
 11
1048.0810922954972
 21
455.5578709214899
 31
0.0
100
AcDbText
 73
1
  0
TEXT
  5
2B2
330
17
100
AcDbEntity
  8
PLAT-TEXT-BRG
100
AcDbText
 10
1056.5127289125148
 20
496.12323020101616
 30
0.0
 40
9.146472975309536
  1
S 01%%d06'00" E
 50
91.01156574605164
  7
PLAT
 72
1
 11
1056.5127289125148
 21
496.12323020101616
 31
0.0
100
AcDbText
 73
3
  0
TEXT
  5
2B3
330
17
100
AcDbEntity
  8
PLAT-TEXT-DIST
100
AcDbText
 10
1012.5349422298201
 20
499.50038131194117
 30
0.0
 40
9.146472975309536
  1
75'
 50
1.2397904811534204
  7
PLAT
 72
1
 11
1012.5349422298201
 21
499.50038131194117
 31
0.0
100
AcDbText
 73
3
  0
TEXT
  5
2B4
330
17
100
AcDbEntity
  8
PLAT-TEXT-DIST
100
AcDbText
 10
864.6570352846923
 20
496.3000366700524
 30
0.0
 40
9.146472975309536
  1
93.83'
 50
1.2397904811533635
  7
PLAT
 72
1
 11
864.6570352846923
 21
496.3000366700524
 31
0.0
100
AcDbText
 73
3
  0
TEXT
  5
2B5
330
17
100
AcDbEntity
  8
PLAT-TEXT-DIST
100
AcDbText
 10
938.2638666056106
 20
497.89302126856796
 30
0.0
 40
9.146472975309536
  1
75'
 50
1.2397904811533635
  7
PLAT
 72
1
 11
938.2638666056106
 21
497.89302126856796
 31
0.0
100
AcDbText
 73
3
  0
TEXT
  5
2B6
330
17
100
AcDbEntity
  8
PLAT-TEXT-DIST
100
AcDbText
 10
1061.0865233259467
 20
458.54143803784655
 30
0.0
 40
9.146472975309536
  1
200.00'
 50
91.38904642949623
  7
PLAT
 72
1
 11
1061.0865233259467
 21
458.54143803784655
 31
0.0
100
AcDbText
 73
3
  0
TEXT
  5
2B7
330
17
100
AcDbEntity
  8
PLAT-TEXT-DIST
100
AcDbText
 10
655.909086108257
 20
440.2451704564422
 30
0.0
 40
9.146472975309536
  1
176.92'
 50
91.16601721670554
  7
PLAT
 72
1
 11
655.909086108257
 21
440.2451704564422
 31
0.0
100
AcDbText
 73
3
  0
TEXT
  5
2B8
330
17
100
AcDbEntity
  8
PLAT-TEXT-DIST
100
AcDbText
 10
982.9109878788018
 20
455.89521686197673
 30
0.0
 40
9.146472975309536
  1
200'
 50
91.02827557200965
  7
PLAT
 72
1
 11
982.9109878788018
 21
455.89521686197673
 31
0.0
100
AcDbText
 73
3
  0
TEXT
  5
2B9
330
17
100
AcDbEntity
  8
PLAT-TEXT-DIST
100
AcDbText
 10
908.2659596144578
 20
453.32572789018633
 30
0.0
 40
9.146472975309536
  1
100'
 50
91.04305160665717
  7
PLAT
 72
1
 11
908.2659596144578
 21
453.32572789018633
 31
0.0
100
AcDbText
 73
3
  0
TEXT
  5
2BA
330
17
100
AcDbEntity
  8
PLAT-TEXT-DIST
100
AcDbText
 10
749.4415735708609
 20
440.44634960575695
 30
0.0
 40
9.146472975309536
  1
76.92'
 50
91.29299961233656
  7
PLAT
 72
1
 11
749.4415735708609
 21
440.44634960575695
 31
0.0
100
AcDbText
 73
1
  0
TEXT
  5
2BB
330
17
100
AcDbEntity
  8
PLAT-TEXT-DIST
100
AcDbText
 10
817.7968563489702
 20
444.1987130827913
 30
0.0
 40
9.146472975309536
  1
100'
 50
91.12354643159935
  7
PLAT
 72
1
 11
817.7968563489702
 21
444.1987130827913
 31
0.0
100
AcDbText
 73
3
  0
TEXT
  5
2BC
330
17
100
AcDbEntity
  8
PLAT-TEXT-DIST
100
AcDbText
 10
2603.2049183942054
 20
461.0665988746397
 30
0.0
 40
9.146472975309536
  1
92.00'
 50
0.8806887736209675
  7
PLAT
 72
1
 11
2603.2049183942054
 21
461.0665988746397
 31
0.0
100
AcDbText
 73
1
  0
TEXT
  5
2BD
330
17
100
AcDbEntity
  8
PLAT-TEXT-DIST
100
AcDbText
 10
859.2281143098477
 20
404.8997327796127
 30
0.0
 40
9.146472975309536
  1
93.25'
 50
1.1796035311519972
  7
PLAT
 72
1
 11
859.2281143098477
 21
404.8997327796127
 31
0.0
100
AcDbText
 73
1
  0
TEXT
  5
2BE
330
17
100
AcDbEntity
  8
PLAT-TEXT-DIST
100
AcDbText
 10
702.9314939732571
 20
392.8425282436389
 30
0.0
 40
9.146472975309536
  1
100'
 50
0.9451945076926904
  7
PLAT
 72
1
 11
702.9314939732571
 21
392.8425282436389
 31
0.0
100
AcDbText
 73
3
  0
TEXT
  5
2BF
330
17
100
AcDbEntity
  8
PLAT-TEXT-DIST
100
AcDbText
 10
657.87703646614
 20
343.55733288427206
 30
0.0
 40
9.146472975309536
  1
99.42'
 50
91.16601721670554
  7
PLAT
 72
1
 11
657.87703646614
 21
343.55733288427206
 31
0.0
100
AcDbText
 73
3
  0
TEXT
  5
2C0
330
17
100
AcDbEntity
  8
PLAT-TEXT-BRG
100
AcDbText
 10
819.5750097203414
 20
353.53256757852654
 30
0.0
 40
9.146472975309536
  1
N 01%%d00'00" W
 50
91.12354643159925
  7
PLAT
 72
1
 11
819.5750097203414
 21
353.53256757852654
 31
0.0
100
AcDbText
 73
3
  0
TEXT
  5
2C1
330
17
100
AcDbEntity
  8
PLAT-TEXT-DIST
100
AcDbText
 10
1052.165799553808
 20
350.03288726735434
 30
0.0
 40
9.146472975309536
  1
7'
 50
277.74184179654867
  7
PLAT
 72
1
 11
1052.165799553808
 21
350.03288726735434
 31
0.0
100
AcDbText
 73
3
  0
TEXT
  5
2C2
330
17
100
AcDbEntity
  8
PLAT-TEXT-DIST
100
AcDbText
 10
910.1514021643271
 20
349.76808433077554
 30
0.0
 40
9.146472975309536
  1
100'
 50
91.04305160665723
  7
PLAT
 72
1
 11
910.1514021643271
 21
349.76808433077554
 31
0.0
100
AcDbText
 73
3
  0
TEXT
  5
2C3
330
17
100
AcDbEntity
  8
PLAT-TEXT-DIST
100
AcDbText
 10
608.0463236401453
 20
343.8333882310276
 30
0.0
 40
9.146472975309536
  1
50'
 50
91.12063072222645
  7
PLAT
 72
1
 11
608.0463236401453
 21
343.8333882310276
 31
0.0
100
AcDbText
 73
3
  0
TEXT
  5
2C4
330
17
100
AcDbEntity
  8
PLAT-TEXT-DIST
100
AcDbText
 10
751.6019446643941
 20
344.731601297782
 30
0.0
 40
9.146472975309536
  1
0'
 50
91.29299961233659
  7
PLAT
 72
1
 11
751.6019446643941
 21
344.731601297782
 31
0.0
100
AcDbText
 73
1
  0
TEXT
  5
2C5
330
17
100
AcDbEntity
  8
PLAT-TEXT-DIST
100
AcDbText
 10
943.106307053529
 20
305.59010036386127
 30
0.0
 40
9.146472975309536
  1
75'
 50
0.8353884426942058
  7
PLAT
 72
1
 11
943.106307053529
 21
305.59010036386127
 31
0.0
100
AcDbText
 73
1
  0
TEXT
  5
2C6
330
17
100
AcDbEntity
  8
PLAT-TEXT-BRG
100
AcDbText
 10
929.3047423116823
 20
296.24141017975745
 30
0.0
 40
9.146472975309536
  1
N 89%%d18'20" E
 50
0.8353884426942058
  7
PLAT
 72
1
 11
929.3047423116823
 21
296.24141017975745
 31
0.0
100
AcDbText
 73
3
  0
TEXT
  5
2C7
330
17
100
AcDbEntity
  8
PLAT-TEXT-DIST
100
AcDbText
 10
1018.8943070565285
 20
306.6951888473534
 30
0.0
 40
9.146472975309536
  1
75'
 50
0.8353884426942368
  7
PLAT
 72
1
 11
1018.8943070565285
 21
306.6951888473534
 31
0.0
100
AcDbText
 73
1
  0
TEXT
  5
2C8
330
17
100
AcDbEntity
  8
PLAT-TEXT-DIST
100
AcDbText
 10
701.5588843375124
 20
301.9027459592521
 30
0.0
 40
9.146472975309536
  1
100'
 50
1.2238701082004582
  7
PLAT
 72
1
 11
701.5588843375124
 21
301.9027459592521
 31
0.0
100
AcDbText
 73
1
  0
TEXT
  5
2C9
330
17
100
AcDbEntity
  8
PLAT-TEXT-DIST
100
AcDbText
 10
871.0007214119553
 20
304.5387063135524
 30
0.0
 40
9.146472975309536
  1
92.67'
 50
0.8353884426943626
  7
PLAT
 72
1
 11
871.0007214119553
 21
304.5387063135524
 31
0.0
100
AcDbText
 73
1
  0
TEXT
  5
2CA
330
17
100
AcDbEntity
  8
PLAT-TEXT-DIST
100
AcDbText
 10
627.9595477736074
 20
300.33038354367613
 30
0.0
 40
9.146472975309536
  1
50'
 50
1.2238701082004582
  7
PLAT
 72
1
 11
627.9595477736074
 21
300.33038354367613
 31
0.0
100
AcDbText
 73
1
  0
TEXT
  5
2CB
330
17
100
AcDbEntity
  8
PLAT-TEXT-DIST
100
AcDbText
 10
1109.3490974070517
 20
247.33751912262895
 30
0.0
 40
9.146472975309536
  1
2'
 50
1.1122694553723704
  7
PLAT
 72
1
 11
1109.3490974070517
 21
247.33751912262895
 31
0.0
100
AcDbText
 73
1
  0
TEXT
  5
2CC
330
17
100
AcDbEntity
  8
PLAT-TEXT-DIST
100
AcDbText
 10
937.6043557339208
 20
234.85486338077837
 30
0.0
 40
9.146472975309536
  1
75'
 50
1.1122694553723136
  7
PLAT
 72
1
 11
937.6043557339208
 21
234.85486338077837
 31
0.0
100
AcDbText
 73
3
  0
TEXT
  5
2CD
330
17
100
AcDbEntity
  8
PLAT-TEXT-DIST
100
AcDbText
 10
1012.7036804699196
 20
236.31293202583046
 30
0.0
 40
9.146472975309536
  1
75'
 50
1.1122694553724273
  7
PLAT
 72
1
 11
1012.7036804699196
 21
236.31293202583046
 31
0.0
100
AcDbText
 73
3
  0
TEXT
  5
2CE
330
17
100
AcDbEntity
  8
PLAT-TEXT-DIST
100
AcDbText
 10
859.3121975861545
 20
233.33480522646045
 30
0.0
 40
9.146472975309536
  1
75'
 50
1.1122694553725978
  7
PLAT
 72
1
 11
859.3121975861545
 21
233.33480522646045
 31
0.0
100
AcDbText
 73
3
  0
TEXT
  5
2CF
330
17
100
AcDbEntity
  8
PLAT-TEXT-DIST
100
AcDbText
 10
789.3639342066102
 20
231.97674548400477
 30
0.0
 40
9.146472975309536
  1
75'
 50
1.1122694553723704
  7
PLAT
 72
1
 11
789.3639342066102
 21
231.97674548400477
 31
0.0
100
AcDbText
 73
3
  0
TEXT
  5
2D0
330
17
100
AcDbEntity
  8
PLAT-TEXT-DIST
100
AcDbText
 10
704.0684918154457
 20
230.32071714348896
 30
0.0
 40
9.146472975309536
  1
74.01'
 50
1.112269455372541
  7
PLAT
 72
1
 11
704.0684918154457
 21
230.32071714348896
 31
0.0
100
AcDbText
 73
3
  0
TEXT
  5
2D1
330
17
100
AcDbEntity
  8
PLAT-TEXT-DIST
100
AcDbText
 10
1046.6943603394145
 20
203.79595182623768
 30
0.0
 40
9.146472975309536
  1
100'
 50
89.59757863810648
  7
PLAT
 72
1
 11
1046.6943603394145
 21
203.79595182623768
 31
0.0
100
AcDbText
 73
1
  0
TEXT
  5
2D2
330
17
100
AcDbEntity
  8
PLAT-TEXT-BRG
100
AcDbText
 10
1055.8406077149486
 20
203.73171139037277
 30
0.0
 40
9.146472975309536
  1
N 00%%d04'00" E
 50
89.59757863810648
  7
PLAT
 72
1
 11
1055.8406077149486
 21
203.73171139037277
 31
0.0
100
AcDbText
 73
3
  0
TEXT
  5
2D3
330
17
100
AcDbEntity
  8
PLAT-TEXT-DIST
100
AcDbText
 10
652.1993831794601
 20
166.6961951173017
 30
0.0
 40
9.146472975309536
  1
0'
 50
281.2952694757542
  7
PLAT
 72
1
 11
652.1993831794601
 21
166.6961951173017
 31
0.0
100
AcDbText
 73
3
  0
TEXT
  5
2D4
330
17
100
AcDbEntity
  8
PLAT-TEXT-BRG
100
AcDbText
 10
714.7032320356412
 20
139.31391269426845
 30
0.0
 40
9.146472975309536
  1
N 87%%d43'08" E
 50
2.5412612669535974
  7
PLAT
 72
1
 11
714.7032320356412
 21
139.31391269426845
 31
0.0
100
AcDbText
 73
1
  0
TEXT
  5
2D5
330
17
100
AcDbEntity
  8
PLAT-TEXT-LOWCONF
100
AcDbText
 10
2178.318259808923
 20
1748.4406702627705
 30
0.0
 40
13.405919140965642
  1
A
 50
74.60878366650411
  7
PLAT
 72
1
 11
2178.318259808923
 21
1748.4406702627705
 31
0.0
100
AcDbText
 73
2
  0
TEXT
  5
2D6
330
17
100
AcDbEntity
  8
PLAT-TEXT-LOWCONF
100
AcDbText
 10
2728.479862718221
 20
1738.3685215561609
 30
0.0
 40
7.528610880468564
  1
7
 50
91.87624456217043
  7
PLAT
 72
1
 11
2728.479862718221
 21
1738.3685215561609
 31
0.0
100
AcDbText
 73
2
  0
TEXT
  5
2D7
330
17
100
AcDbEntity
  8
PLAT-TEXT-LOWCONF
100
AcDbText
 10
2183.0148900133204
 20
1737.5220501921547
 30
0.0
 40
17.828127658129855
  1
i
 50
0.6925696274758764
  7
PLAT
 72
1
 11
2183.0148900133204
 21
1737.5220501921547
 31
0.0
100
AcDbText
 73
2
  0
TEXT
  5
2D8
330
17
100
AcDbEntity
  8
PLAT-TEXT-LOWCONF
100
AcDbText
 10
2574.5485157250837
 20
1750.6209018135214
 30
0.0
 40
17.828127658129855
  1
R
 50
0.6925696274758764
  7
PLAT
 72
1
 11
2574.5485157250837
 21
1750.6209018135214
 31
0.0
100
AcDbText
 73
2
  0
TEXT
  5
2D9
330
17
100
AcDbEntity
  8
PLAT-TEXT-LOTNO
100
AcDbText
 10
2605.3952843412344
 20
1745.6396007647163
 30
0.0
 40
19.809030731255394
  1
2
 50
0.6925696274758764
  7
PLAT
 72
1
 11
2605.3952843412344
 21
1745.6396007647163
 31
0.0
100
AcDbText
 73
2
  0
TEXT
  5
2DA
330
17
100
AcDbEntity
  8
PLAT-TEXT-LOWCONF
100
AcDbText
 10
2221.2993156258717
 20
1736.829634269755
 30
0.0
 40
13.205624676744792
  1
“S
 50
15.586800415109224
  7
PLAT
 72
1
 11
2221.2993156258717
 21
1736.829634269755
 31
0.0
100
AcDbText
 73
2
  0
TEXT
  5
2DB
330
17
100
AcDbEntity
  8
PLAT-TEXT-LOWCONF
100
AcDbText
 10
1839.522335574034
 20
1736.548886685885
 30
0.0
 40
9.034524151079317
  1
a
 50
0.6925696274758764
  7
PLAT
 72
1
 11
1839.522335574034
 21
1736.548886685885
 31
0.0
100
AcDbText
 73
2
  0
TEXT
  5
2DC
330
17
100
AcDbEntity
  8
PLAT-TEXT-LOWCONF
100
AcDbText
 10
1533.032040826988
 20
1733.513240837895
 30
0.0
 40
7.361464123101666
  1
4
 50
90.6925696274759
  7
PLAT
 72
1
 11
1533.032040826988
 21
1733.513240837895
 31
0.0
100
AcDbText
 73
2
  0
TEXT
  5
2DD
330
17
100
AcDbEntity
  8
PLAT-TEXT-LOWCONF
100
AcDbText
 10
1560.472265370295
 20
1733.5103075560987
 30
0.0
 40
6.6253177107915
  1
a
 50
0.6925696274758764
  7
PLAT
 72
1
 11
1560.472265370295
 21
1733.5103075560987
 31
0.0
100
AcDbText
 73
2
  0
TEXT
  5
2DE
330
17
100
AcDbEntity
  8
PLAT-TEXT-LOWCONF
100
AcDbText
 10
1584.0606884009603
 20
1733.7954493446846
 30
0.0
 40
6.6253177107915
  1
a
 50
0.6925696274758764
  7
PLAT
 72
1
 11
1584.0606884009603
 21
1733.7954493446846
 31
0.0
100
AcDbText
 73
2
  0
TEXT
  5
2DF
330
17
100
AcDbEntity
  8
PLAT-TEXT-LOWCONF
100
AcDbText
 10
1605.9883073211638
 20
1733.056605629229
 30
0.0
 40
8.432222541007365
  1
a
 50
90.6925696274759
  7
PLAT
 72
1
 11
1605.9883073211638
 21
1733.056605629229
 31
0.0
100
AcDbText
 73
2
  0
TEXT
  5
2E0
330
17
100
AcDbEntity
  8
PLAT-TEXT-LOWCONF
100
AcDbText
 10
1640.6181198555453
 20
1733.4752180422593
 30
0.0
 40
8.432222541007365
  1
a
 50
90.6925696274759
  7
PLAT
 72
1
 11
1640.6181198555453
 21
1733.4752180422593
 31
0.0
100
AcDbText
 73
2
  0
TEXT
  5
2E1
330
17
100
AcDbEntity
  8
PLAT-TEXT-LOWCONF
100
AcDbText
 10
1797.585888131904
 20
1732.7284591974094
 30
0.0
 40
13.949269973647986
  1
ale
 50
0.9665618804906444
  7
PLAT
 72
1
 11
1797.585888131904
 21
1732.7284591974094
 31
0.0
100
AcDbText
 73
2
  0
TEXT
  5
2E2
330
17
100
AcDbEntity
  8
PLAT-TEXT-LOWCONF
100
AcDbText
 10
1862.6048326992445
 20
1737.1625491886236
 30
0.0
 40
7.227619320863455
  1
A
 50
0.6925696274758764
  7
PLAT
 72
1
 11
1862.6048326992445
 21
1737.1625491886236
 31
0.0
100
AcDbText
 73
2
  0
TEXT
  5
2E3
330
17
100
AcDbEntity
  8
PLAT-TEXT-LOWCONF
100
AcDbText
 10
1885.1975821765081
 20
1736.7663821626409
 30
0.0
 40
8.432222541007365
  1
a
 50
0.6925696274758764
  7
PLAT
 72
1
 11
1885.1975821765081
 21
1736.7663821626409
 31
0.0
100
AcDbText
 73
2
  0
TEXT
  5
2E4
330
17
100
AcDbEntity
  8
PLAT-TEXT-LOWCONF
100
AcDbText
 10
2493.6779868277913
 20
1741.6739730420145
 30
0.0
 40
12.04112197212355
  1
AG
 50
1.1274864791847676
  7
PLAT
 72
1
 11
2493.6779868277913
 21
1741.6739730420145
 31
0.0
100
AcDbText
 73
2
  0
TEXT
  5
2E5
330
17
100
AcDbEntity
  8
PLAT-TEXT-LOWCONF
100
AcDbText
 10
1476.835486601573
 20
1731.6626975600263
 30
0.0
 40
6.9264685158274775
  1
a
 50
0.6925696274758764
  7
PLAT
 72
1
 11
1476.835486601573
 21
1731.6626975600263
 31
0.0
100
AcDbText
 73
2
  0
TEXT
  5
2E6
330
17
100
AcDbEntity
  8
PLAT-TEXT-LOWCONF
100
AcDbText
 10
2303.3294523245067
 20
1736.4666643803337
 30
0.0
 40
16.26214347194277
  1
x
 50
90.6925696274759
  7
PLAT
 72
1
 11
2303.3294523245067
 21
1736.4666643803337
 31
0.0
100
AcDbText
 73
2
  0
TEXT
  5
2E7
330
17
100
AcDbEntity
  8
PLAT-TEXT-LOWCONF
100
AcDbText
 10
1506.283236509192
 20
1731.6840316644927
 30
0.0
 40
6.9264685158274775
  1
a
 50
0.6925696274758764
  7
PLAT
 72
1
 11
1506.283236509192
 21
1731.6840316644927
 31
0.0
100
AcDbText
 73
2
  0
TEXT
  5
2E8
330
17
100
AcDbEntity
  8
PLAT-TEXT-LOWCONF
100
AcDbText
 10
2254.951215567832
 20
1738.3916315332322
 30
0.0
 40
12.38064420703462
  1
8
 50
90.6925696274759
  7
PLAT
 72
1
 11
2254.951215567832
 21
1738.3916315332322
 31
0.0
100
AcDbText
 73
2
  0
TEXT
  5
2E9
330
17
100
AcDbEntity
  8
PLAT-TEXT-LOWCONF
100
AcDbText
 10
862.7085656434289
 20
1722.3196870265078
 30
0.0
 40
10.108809379967264
  1
4
 50
87.28559502351584
  7
PLAT
 72
1
 11
862.7085656434289
 21
1722.3196870265078
 31
0.0
100
AcDbText
 73
2
  0
TEXT
  5
2EA
330
17
100
AcDbEntity
  8
PLAT-TEXT-LOWCONF
100
AcDbText
 10
1308.6118457573416
 20
1724.636874672357
 30
0.0
 40
13.61347812273716
  1
A
 50
74.16565134687391
  7
PLAT
 72
1
 11
1308.6118457573416
 21
1724.636874672357
 31
0.0
100
AcDbText
 73
2
  0
TEXT
  5
2EB
330
17
100
AcDbEntity
  8
PLAT-TEXT-LOWCONF
100
AcDbText
 10
2276.7034515789223
 20
1738.3199406570252
 30
0.0
 40
11.71142019584356
  1
8
 50
90.6925696274759
  7
PLAT
 72
1
 11
2276.7034515789223
 21
1738.3199406570252
 31
0.0
100
AcDbText
 73
2
  0
TEXT
  5
2EC
330
17
100
AcDbEntity
  8
PLAT-TEXT-LOWCONF
100
AcDbText
 10
1076.5237153057708
 20
1724.983144698869
 30
0.0
 40
6.6253177107915
  1
a
 50
0.6925696274758764
  7
PLAT
 72
1
 11
1076.5237153057708
 21
1724.983144698869
 31
0.0
100
AcDbText
 73
2
  0
TEXT
  5
2ED
330
17
100
AcDbEntity
  8
PLAT-TEXT-LOWCONF
100
AcDbText
 10
1105.8183274083506
 20
1723.8314000586315
 30
0.0
 40
9.335674956115295
  1
a
 50
0.6925696274758764
  7
PLAT
 72
1
 11
1105.8183274083506
 21
1723.8314000586315
 31
0.0
100
AcDbText
 73
2
  0
TEXT
  5
2EE
330
17
100
AcDbEntity
  8
PLAT-TEXT-LOWCONF
100
AcDbText
 10
1128.0603110673871
 20
1724.7695387111462
 30
0.0
 40
8.131071735971386
  1
a
 50
0.6925696274758764
  7
PLAT
 72
1
 11
1128.0603110673871
 21
1724.7695387111462
 31
0.0
100
AcDbText
 73
2
  0
TEXT
  5
2EF
330
17
100
AcDbEntity
  8
PLAT-TEXT-LOWCONF
100
AcDbText
 10
1151.310101972957
 20
1725.3852234960736
 30
0.0
 40
8.365300139888257
  1
4
 50
90.6925696274759
  7
PLAT
 72
1
 11
1151.310101972957
 21
1725.3852234960736
 31
0.0
100
AcDbText
 73
2
  0
TEXT
  5
2F0
330
17
100
AcDbEntity
  8
PLAT-TEXT-LOWCONF
100
AcDbText
 10
1173.9048737324092
 20
1724.8217626897313
 30
0.0
 40
9.034524151079317
  1
a
 50
0.6925696274758764
  7
PLAT
 72
1
 11
1173.9048737324092
 21
1724.8217626897313
 31
0.0
100
AcDbText
 73
2
  0
TEXT
  5
2F1
330
17
100
AcDbEntity
  8
PLAT-TEXT-LOWCONF
100
AcDbText
 10
2404.3263608890165
 20
1741.703173550843
 30
0.0
 40
5.42071449064759
  1
f
 50
0.6925696274759048
  7
PLAT
 72
1
 11
2404.3263608890165
 21
1741.703173550843
 31
0.0
100
AcDbText
 73
2
  0
TEXT
  5
2F2
330
17
100
AcDbEntity
  8
PLAT-TEXT-LOWCONF
100
AcDbText
 10
1198.5152599849275
 20
1723.6133941482146
 30
0.0
 40
11.14257978633116
  1
f
 50
0.6925696274758764
  7
PLAT
 72
1
 11
1198.5152599849275
 21
1723.6133941482146
 31
0.0
100
AcDbText
 73
2
  0
TEXT
  5
2F3
330
17
100
AcDbEntity
  8
PLAT-TEXT-LOWCONF
100
AcDbText
 10
914.7627633914302
 20
1722.0238351403832
 30
0.0
 40
6.6253177107915
  1
a
 50
0.6925696274758764
  7
PLAT
 72
1
 11
914.7627633914302
 21
1722.0238351403832
 31
0.0
100
AcDbText
 73
2
  0
TEXT
  5
2F4
330
17
100
AcDbEntity
  8
PLAT-TEXT-LOWCONF
100
AcDbText
 10
944.5491454241452
 20
1721.714626248508
 30
0.0
 40
7.829920930935409
  1
a
 50
90.6925696274759
  7
PLAT
 72
1
 11
944.5491454241452
 21
1721.714626248508
 31
0.0
100
AcDbText
 73
2
  0
TEXT
  5
2F5
330
17
100
AcDbEntity
  8
PLAT-TEXT-LOWCONF
100
AcDbText
 10
2452.704597645691
 20
1739.7782063979448
 30
0.0
 40
9.034524151079317
  1
4
 50
0.6925696274758764
  7
PLAT
 72
1
 11
2452.704597645691
 21
1739.7782063979448
 31
0.0
100
AcDbText
 73
2
  0
TEXT
  5
2F6
330
17
100
AcDbEntity
  8
PLAT-TEXT-LOWCONF
100
AcDbText
 10
1623.6580196679465
 20
1725.8794635969489
 30
0.0
 40
7.3453824685405475
  1
= 5
 50
0.9665618804906444
  7
PLAT
 72
1
 11
1623.6580196679465
 21
1725.8794635969489
 31
0.0
100
AcDbText
 73
2
  0
TEXT
  5
2F7
330
17
100
AcDbEntity
  8
PLAT-TEXT-LOWCONF
100
AcDbText
 10
1324.413207795817
 20
1717.4386364574764
 30
0.0
 40
11.14257978633116
  1
J
 50
90.6925696274759
  7
PLAT
 72
1
 11
1324.413207795817
 21
1717.4386364574764
 31
0.0
100
AcDbText
 73
2
  0
TEXT
  5
2F8
330
17
100
AcDbEntity
  8
PLAT-TEXT-LOWCONF
100
AcDbText
 10
2563.18725027726
 20
1735.4249241101716
 30
0.0
 40
4.517262075539659
  1
iN
 50
0.6925696274758764
  7
PLAT
 72
1
 11
2563.18725027726
 21
1735.4249241101716
 31
0.0
100
AcDbText
 73
2
  0
TEXT
  5
2F9
330
17
100
AcDbEntity
  8
PLAT-TEXT-LOWCONF
100
AcDbText
 10
923.0916069712932
 20
1711.248831244266
 30
0.0
 40
11.14257978633116
  1
LJ
 50
90.6925696274759
  7
PLAT
 72
1
 11
923.0916069712932
 21
1711.248831244266
 31
0.0
100
AcDbText
 73
2
  0
TEXT
  5
2FA
330
17
100
AcDbEntity
  8
PLAT-TEXT-LOWCONF
100
AcDbText
 10
982.9777191258572
 20
1705.1729206426771
 30
0.0
 40
14.144884846832777
  1
A
 50
4.369495932455493
  7
PLAT
 72
1
 11
982.9777191258572
 21
1705.1729206426771
 31
0.0
100
AcDbText
 73
2
  0
TEXT
  5
2FB
330
17
100
AcDbEntity
  8
PLAT-TEXT-LOWCONF
100
AcDbText
 10
866.2157662134982
 20
1710.2266677394396
 30
0.0
 40
10.540278176259205
  1
LJ
 50
90.6925696274759
  7
PLAT
 72
1
 11
866.2157662134982
 21
1710.2266677394396
 31
0.0
100
AcDbText
 73
2
  0
TEXT
  5
2FC
330
17
100
AcDbEntity
  8
PLAT-TEXT-LOWCONF
100
AcDbText
 10
879.0973873011666
 20
1710.382383467958
 30
0.0
 40
10.540278176259205
  1
LJ
 50
90.6925696274759
  7
PLAT
 72
1
 11
879.0973873011666
 21
1710.382383467958
 31
0.0
100
AcDbText
 73
2
  0
TEXT
  5
2FD
330
17
100
AcDbEntity
  8
PLAT-TEXT-LOWCONF
100
AcDbText
 10
1538.3056617935254
 20
1712.4948929782759
 30
0.0
 40
15.659841861870818
  1
| all
 50
90.6925696274759
  7
PLAT
 72
1
 11
1538.3056617935254
 21
1712.4948929782759
 31
0.0
100
AcDbText
 73
2
  0
TEXT
  5
2FE
330
17
100
AcDbEntity
  8
PLAT-TEXT-LOWCONF
100
AcDbText
 10
1083.8851972828718
 20
1711.1847190631522
 30
0.0
 40
6.324166905755523
  1
v
 50
90.6925696274759
  7
PLAT
 72
1
 11
1083.8851972828718
 21
1711.1847190631522
 31
0.0
100
AcDbText
 73
2
  0
TEXT
  5
2FF
330
17
100
AcDbEntity
  8
PLAT-TEXT-LOWCONF
100
AcDbText
 10
1097.9419193974325
 20
1711.020003206272
 30
0.0
 40
5.721865295683568
  1
r
 50
0.6925696274759048
  7
PLAT
 72
1
 11
1097.9419193974325
 21
1711.020003206272
 31
0.0
100
AcDbText
 73
2
  0
TEXT
  5
300
330
17
100
AcDbEntity
  8
PLAT-TEXT-LOWCONF
100
AcDbText
 10
1552.7353948303871
 20
1709.1556398589455
 30
0.0
 40
14.15408783669093
  1
N
 50
0.6925696274759048
  7
PLAT
 72
1
 11
1552.7353948303871
 21
1709.1556398589455
 31
0.0
100
AcDbText
 73
2
  0
TEXT
  5
301
330
17
100
AcDbEntity
  8
PLAT-TEXT-LOWCONF
100
AcDbText
 10
935.7599774295561
 20
1701.3628755868472
 30
0.0
 40
8.131071735971386
  1
a
 50
90.6925696274759
  7
PLAT
 72
1
 11
935.7599774295561
 21
1701.3628755868472
 31
0.0
100
AcDbText
 73
2
  0
TEXT
  5
302
330
17
100
AcDbEntity
  8
PLAT-TEXT-LOWCONF
100
AcDbText
 10
363.4380477804707
 20
1687.5979517769872
 30
0.0
 40
15.666378265269655
  1
MOVED
 50
3.032199764776351
  7
PLAT
 72
1
 11
363.4380477804707
 21
1687.5979517769872
 31
0.0
100
AcDbText
 73
2
  0
TEXT
  5
303
330
17
100
AcDbEntity
  8
PLAT-TEXT-LOWCONF
100
AcDbText
 10
888.9217634933209
 20
1700.4620490133343
 30
0.0
 40
3.9149604654677046
  1
wa
 50
90.6925696274759
  7
PLAT
 72
1
 11
888.9217634933209
 21
1700.4620490133343
 31
0.0
100
AcDbText
 73
2
  0
TEXT
  5
304
330
17
100
AcDbEntity
  8
PLAT-TEXT-LOWCONF
100
AcDbText
 10
866.2547452163711
 20
1693.1606798605992
 30
0.0
 40
7.026852117506136
  1
“1
 50
90.6925696274759
  7
PLAT
 72
1
 11
866.2547452163711
 21
1693.1606798605992
 31
0.0
100
AcDbText
 73
2
  0
TEXT
  5
305
330
17
100
AcDbEntity
  8
PLAT-TEXT-LOWCONF
100
AcDbText
 10
923.3019243189026
 20
1693.8502780868955
 30
0.0
 40
6.324166905755523
  1
L
 50
90.6925696274759
  7
PLAT
 72
1
 11
923.3019243189026
 21
1693.8502780868955
 31
0.0
100
AcDbText
 73
2
  0
TEXT
  5
306
330
17
100
AcDbEntity
  8
PLAT-TEXT-LOWCONF
100
AcDbText
 10
1083.8978866172938
 20
1696.2935503289832
 30
0.0
 40
6.023016100719545
  1
™l
 50
90.6925696274759
  7
PLAT
 72
1
 11
1083.8978866172938
 21
1696.2935503289832
 31
0.0
100
AcDbText
 73
2
  0
TEXT
  5
307
330
17
100
AcDbEntity
  8
PLAT-TEXT-LOWCONF
100
AcDbText
 10
1098.119880230025
 20
1696.2981505346509
 30
0.0
 40
6.324166905755523
  1
v
 50
90.6925696274759
  7
PLAT
 72
1
 11
1098.119880230025
 21
1696.2981505346509
 31
0.0
100
AcDbText
 73
2
  0
TEXT
  5
308
330
17
100
AcDbEntity
  8
PLAT-TEXT-LOWCONF
100
AcDbText
 10
880.0294591071158
 20
1688.6422811499992
 30
0.0
 40
13.551786226618976
  1
Ld
 50
90.6925696274759
  7
PLAT
 72
1
 11
880.0294591071158
 21
1688.6422811499992
 31
0.0
100
AcDbText
 73
2
  0
TEXT
  5
309
330
17
100
AcDbEntity
  8
PLAT-TEXT-LOWCONF
100
AcDbText
 10
249.13225685706652
 20
1683.692955502719
 30
0.0
 40
5.119563685611613
  1
ra
 50
0.6925696274758764
  7
PLAT
 72
1
 11
249.13225685706652
 21
1683.692955502719
 31
0.0
100
AcDbText
 73
2
  0
TEXT
  5
30A
330
17
100
AcDbEntity
  8
PLAT-TEXT-LOWCONF
100
AcDbText
 10
1051.4974948466745
 20
1691.3842955147024
 30
0.0
 40
5.119563685611613
  1
I
 50
0.6925696274758764
  7
PLAT
 72
1
 11
1051.4974948466745
 21
1691.3842955147024
 31
0.0
100
AcDbText
 73
2
  0
TEXT
  5
30B
330
17
100
AcDbEntity
  8
PLAT-TEXT-LOWCONF
100
AcDbText
 10
329.84746849979297
 20
1680.2902504693714
 30
0.0
 40
5.468991975717406
  1
“ALA
 50
5.724855035935775
  7
PLAT
 72
1
 11
329.84746849979297
 21
1680.2902504693714
 31
0.0
100
AcDbText
 73
2
  0
TEXT
  5
30C
330
17
100
AcDbEntity
  8
PLAT-TEXT-LOWCONF
100
AcDbText
 10
2062.9051908894953
 20
1697.5000628779042
 30
0.0
 40
11.38144332934043
  1
HSA
 50
357.54550133740963
  7
PLAT
 72
1
 11
2062.9051908894953
 21
1697.5000628779042
 31
0.0
100
AcDbText
 73
2
  0
TEXT
  5
30D
330
17
100
AcDbEntity
  8
PLAT-TEXT-LOWCONF
100
AcDbText
 10
923.4030384283302
 20
1685.4855890689291
 30
0.0
 40
6.324166905755523
  1
r
 50
90.6925696274759
  7
PLAT
 72
1
 11
923.4030384283302
 21
1685.4855890689291
 31
0.0
100
AcDbText
 73
2
  0
TEXT
  5
30E
330
17
100
AcDbEntity
  8
PLAT-TEXT-LOWCONF
100
AcDbText
 10
2018.4387969928543
 20
1695.9258102224621
 30
0.0
 40
10.79252705084555
  1
ayy L
 50
357.9169469401904
  7
PLAT
 72
1
 11
2018.4387969928543
 21
1695.9258102224621
 31
0.0
100
AcDbText
 73
2
  0
TEXT
  5
30F
330
17
100
AcDbEntity
  8
PLAT-TEXT-LOWCONF
100
AcDbText
 10
2091.023492657717
 20
1697.5626452456727
 30
0.0
 40
9.317388399177819
  1
Le EEE
 50
358.39388226260655
  7
PLAT
 72
1
 11
2091.023492657717
 21
1697.5626452456727
 31
0.0
100
AcDbText
 73
2
  0
TEXT
  5
310
330
17
100
AcDbEntity
  8
PLAT-TEXT-LOWCONF
100
AcDbText
 10
861.7362945521198
 20
1679.8897075396621
 30
0.0
 40
12.354916944069053
  1
r
 50
287.18529378881453
  7
PLAT
 72
1
 11
861.7362945521198
 21
1679.8897075396621
 31
0.0
100
AcDbText
 73
2
  0
TEXT
  5
311
330
17
100
AcDbEntity
  8
PLAT-TEXT-LOWCONF
100
AcDbText
 10
2515.0862619395402
 20
1699.6579604342846
 30
0.0
 40
13.852546612005103
  1
Sheets
 50
1.1274864791847676
  7
PLAT
 72
1
 11
2515.0862619395402
 21
1699.6579604342846
 31
0.0
100
AcDbText
 73
2
  0
TEXT
  5
312
330
17
100
AcDbEntity
  8
PLAT-TEXT-LOWCONF
100
AcDbText
 10
286.5196611647391
 20
1677.452173216393
 30
0.0
 40
5.019180083932954
  1
7
 50
0.6925696274759048
  7
PLAT
 72
1
 11
286.5196611647391
 21
1677.452173216393
 31
0.0
100
AcDbText
 73
2
  0
TEXT
  5
313
330
17
100
AcDbEntity
  8
PLAT-TEXT-LOWCONF
100
AcDbText
 10
2105.439391684066
 20
1697.3314154685838
 30
0.0
 40
6.3990248541299275
  1
Si
 50
21.933288809454893
  7
PLAT
 72
1
 11
2105.439391684066
 21
1697.3314154685838
 31
0.0
100
AcDbText
 73
2
  0
TEXT
  5
314
330
17
100
AcDbEntity
  8
PLAT-TEXT-MISC
100
AcDbText
 10
2286.4242150413593
 20
1696.0882136463597
 30
0.0
 40
14.054792628429537
  1
Sheet
 50
1.1274864791847676
  7
PLAT
 72
1
 11
2286.4242150413593
 21
1696.0882136463597
 31
0.0
100
AcDbText
 73
2
  0
TEXT
  5
315
330
17
100
AcDbEntity
  8
PLAT-TEXT-LOWCONF
100
AcDbText
 10
2399.3328262889745
 20
1698.2642287329681
 30
0.0
 40
12.287401713739225
  1
of
 50
1.1274864791847676
  7
PLAT
 72
1
 11
2399.3328262889745
 21
1698.2642287329681
 31
0.0
100
AcDbText
 73
2
  0
TEXT
  5
316
330
17
100
AcDbEntity
  8
PLAT-TEXT-LOWCONF
100
AcDbText
 10
1530.7239513408454
 20
1689.146010245467
 30
0.0
 40
9.335674956115295
  1
a
 50
0.6925696274759048
  7
PLAT
 72
1
 11
1530.7239513408454
 21
1689.146010245467
 31
0.0
100
AcDbText
 73
2
  0
TEXT
  5
317
330
17
100
AcDbEntity
  8
PLAT-TEXT-LOWCONF
100
AcDbText
 10
1873.8434948578306
 20
1693.2937110141872
 30
0.0
 40
6.9264685158274775
  1
A
 50
0.6925696274759048
  7
PLAT
 72
1
 11
1873.8434948578306
 21
1693.2937110141872
 31
0.0
100
AcDbText
 73
2
  0
TEXT
  5
318
330
17
100
AcDbEntity
  8
PLAT-TEXT-LOWCONF
100
AcDbText
 10
2445.000788885963
 20
1697.3674051762764
 30
0.0
 40
11.498271967083115
  1
7evo
 50
1.1274864791847676
  7
PLAT
 72
1
 11
2445.000788885963
 21
1697.3674051762764
 31
0.0
100
AcDbText
 73
2
  0
TEXT
  5
319
330
17
100
AcDbEntity
  8
PLAT-TEXT-LOWCONF
100
AcDbText
 10
245.3937031469834
 20
1674.6125788729787
 30
0.0
 40
3.31265885539575
  1
a
 50
0.6925696274759048
  7
PLAT
 72
1
 11
245.3937031469834
 21
1674.6125788729787
 31
0.0
100
AcDbText
 73
2
  0
TEXT
  5
31A
330
17
100
AcDbEntity
  8
PLAT-TEXT-LOWCONF
100
AcDbText
 10
1797.8981854212605
 20
1691.8737135595068
 30
0.0
 40
6.6253177107915
  1
a
 50
0.6925696274759048
  7
PLAT
 72
1
 11
1797.8981854212605
 21
1691.8737135595068
 31
0.0
100
AcDbText
 73
2
  0
TEXT
  5
31B
330
17
100
AcDbEntity
  8
PLAT-TEXT-LOWCONF
100
AcDbText
 10
1851.601511198794
 20
1692.3555723616723
 30
0.0
 40
6.324166905755523
  1
a
 50
0.6925696274759048
  7
PLAT
 72
1
 11
1851.601511198794
 21
1692.3555723616723
 31
0.0
100
AcDbText
 73
2
  0
TEXT
  5
31C
330
17
100
AcDbEntity
  8
PLAT-TEXT-LOWCONF
100
AcDbText
 10
1623.5901999799703
 20
1688.7627328368794
 30
0.0
 40
6.6253177107915
  1
a
 50
0.6925696274759048
  7
PLAT
 72
1
 11
1623.5901999799703
 21
1688.7627328368794
 31
0.0
100
AcDbText
 73
2
  0
TEXT
  5
31D
330
17
100
AcDbEntity
  8
PLAT-TEXT-MISC
100
AcDbText
 10
2353.6751091738406
 20
1695.7361633376936
 30
0.0
 40
10.70914222042701
  1
One
 50
1.1274864791847676
  7
PLAT
 72
1
 11
2353.6751091738406
 21
1695.7361633376936
 31
0.0
100
AcDbText
 73
2
  0
TEXT
  5
31E
330
17
100
AcDbEntity
  8
PLAT-TEXT-LOWCONF
100
AcDbText
 10
1584.4495222224527
 20
1687.7876374636805
 30
0.0
 40
6.9264685158274775
  1
a
 50
0.6925696274759048
  7
PLAT
 72
1
 11
1584.4495222224527
 21
1687.7876374636805
 31
0.0
100
AcDbText
 73
2
  0
TEXT
  5
31F
330
17
100
AcDbEntity
  8
PLAT-TEXT-LOWCONF
100
AcDbText
 10
967.1597400827887
 20
1678.3178908236118
 30
0.0
 40
8.73337334604334
  1
q
 50
90.6925696274759
  7
PLAT
 72
1
 11
967.1597400827887
 21
1678.3178908236118
 31
0.0
100
AcDbText
 73
2
  0
TEXT
  5
320
330
17
100
AcDbEntity
  8
PLAT-TEXT-LOWCONF
100
AcDbText
 10
944.7403512324499
 20
1678.2141987907053
 30
0.0
 40
7.829920930935409
  1
a
 50
90.6925696274759
  7
PLAT
 72
1
 11
944.7403512324499
 21
1678.2141987907053
 31
0.0
100
AcDbText
 73
2
  0
TEXT
  5
321
330
17
100
AcDbEntity
  8
PLAT-TEXT-LOWCONF
100
AcDbText
 10
1139.9661260652222
 20
1681.0760834458233
 30
0.0
 40
7.696076128697197
  1
4
 50
90.6925696274759
  7
PLAT
 72
1
 11
1139.9661260652222
 21
1681.0760834458233
 31
0.0
100
AcDbText
 73
2
  0
TEXT
  5
322
330
17
100
AcDbEntity
  8
PLAT-TEXT-LOWCONF
100
AcDbText
 10
1162.3814703511837
 20
1681.5143630394487
 30
0.0
 40
6.6253177107915
  1
A
 50
0.6925696274759048
  7
PLAT
 72
1
 11
1162.3814703511837
 21
1681.5143630394487
 31
0.0
100
AcDbText
 73
2
  0
TEXT
  5
323
330
17
100
AcDbEntity
  8
PLAT-TEXT-LOWCONF
100
AcDbText
 10
914.968125175055
 20
1677.352351220065
 30
0.0
 40
6.9264685158274775
  1
a
 50
0.6925696274759048
  7
PLAT
 72
1
 11
914.968125175055
 21
1677.352351220065
 31
0.0
100
AcDbText
 73
2
  0
TEXT
  5
324
330
17
100
AcDbEntity
  8
PLAT-TEXT-LOWCONF
100
AcDbText
 10
1076.9064822806974
 20
1679.4772141589426
 30
0.0
 40
6.6253177107915
  1
a
 50
0.6925696274759048
  7
PLAT
 72
1
 11
1076.9064822806974
 21
1679.4772141589426
 31
0.0
100
AcDbText
 73
2
  0
TEXT
  5
325
330
17
100
AcDbEntity
  8
PLAT-TEXT-LOWCONF
100
AcDbText
 10
1105.6789902203138
 20
1679.9923404757328
 30
0.0
 40
6.9264685158274775
  1
a
 50
90.6925696274759
  7
PLAT
 72
1
 11
1105.6789902203138
 21
1679.9923404757328
 31
0.0
100
AcDbText
 73
2
  0
TEXT
  5
326
330
17
100
AcDbEntity
  8
PLAT-TEXT-LOWCONF
100
AcDbText
 10
321.7849826288134
 20
1664.2452381934827
 30
0.0
 40
14.500932964579329
  1
OD5G2 LZ
 50
1.7066439135317069
  7
PLAT
 72
1
 11
321.7849826288134
 21
1664.2452381934827
 31
0.0
100
AcDbText
 73
2
  0
TEXT
  5
327
330
17
100
AcDbEntity
  8
PLAT-TEXT-LOWCONF
100
AcDbText
 10
2114.222218716446
 20
1674.6868840384845
 30
0.0
 40
12.73744249875597
  1
6
 50
88.16787674361206
  7
PLAT
 72
1
 11
2114.222218716446
 21
1674.6868840384845
 31
0.0
100
AcDbText
 73
2
  0
TEXT
  5
328
330
17
100
AcDbEntity
  8
PLAT-TEXT-LOWCONF
100
AcDbText
 10
232.31731524906763
 20
1658.9462716862015
 30
0.0
 40
11.073822765825565
  1
"aL
 50
356.75996457969666
  7
PLAT
 72
1
 11
232.31731524906763
 21
1658.9462716862015
 31
0.0
100
AcDbText
 73
2
  0
TEXT
  5
329
330
17
100
AcDbEntity
  8
PLAT-TEXT-LOWCONF
100
AcDbText
 10
2029.7563425887415
 20
1667.90554725097
 30
0.0
 40
17.828127658129855
  1
S
 50
90.6925696274759
  7
PLAT
 72
1
 11
2029.7563425887415
 21
1667.90554725097
 31
0.0
100
AcDbText
 73
2
  0
TEXT
  5
32A
330
17
100
AcDbEntity
  8
PLAT-TEXT-LOWCONF
100
AcDbText
 10
200.44278892632815
 20
1655.9988344032622
 30
0.0
 40
10.540278176259205
  1
ra
 50
0.6925696274759048
  7
PLAT
 72
1
 11
200.44278892632815
 21
1655.9988344032622
 31
0.0
100
AcDbText
 73
2
  0
TEXT
  5
32B
330
17
100
AcDbEntity
  8
PLAT-TEXT-LOTNO
100
AcDbText
 10
2066.889494981947
 20
1668.8563752379064
 30
0.0
 40
19.809030731255394
  1
3
 50
0.6925696274759048
  7
PLAT
 72
1
 11
2066.889494981947
 21
1668.8563752379064
 31
0.0
100
AcDbText
 73
2
  0
TEXT
  5
32C
330
17
100
AcDbEntity
  8
PLAT-TEXT-LOWCONF
100
AcDbText
 10
231.56954348410636
 20
1655.538509988536
 30
0.0
 40
7.829920930935409
  1
t Awe Ly
 50
90.6925696274759
  7
PLAT
 72
1
 11
231.56954348410636
 21
1655.538509988536
 31
0.0
100
AcDbText
 73
2
  0
TEXT
  5
32D
330
17
100
AcDbEntity
  8
PLAT-TEXT-LOWCONF
100
AcDbText
 10
253.9357010137344
 20
1654.533367339534
 30
0.0
 40
7.022970943366075
  1
= aeett
 50
346.69869590751375
  7
PLAT
 72
1
 11
253.9357010137344
 21
1654.533367339534
 31
0.0
100
AcDbText
 73
2
  0
TEXT
  5
32E
330
17
100
AcDbEntity
  8
PLAT-TEXT-LOWCONF
100
AcDbText
 10
2096.986197189118
 20
1670.5587362747203
 30
0.0
 40
17.828127658129855
  1
Li
 50
0.6925696274758764
  7
PLAT
 72
1
 11
2096.986197189118
 21
1670.5587362747203
 31
0.0
100
AcDbText
 73
2
  0
TEXT
  5
32F
330
17
100
AcDbEntity
  8
PLAT-TEXT-LOWCONF
100
AcDbText
 10
217.05050361811618
 20
1653.9306248891903
 30
0.0
 40
6.245478249603265
  1
Bs
 50
354.62946838908186
  7
PLAT
 72
1
 11
217.05050361811618
 21
1653.9306248891903
 31
0.0
100
AcDbText
 73
2
  0
TEXT
  5
330
330
17
100
AcDbEntity
  8
PLAT-TEXT-LOWCONF
100
AcDbText
 10
329.435207461976
 20
1657.1312489265736
 30
0.0
 40
2.1992105152352055
  1
nn 4
 50
3.0238629575776486
  7
PLAT
 72
1
 11
329.435207461976
 21
1657.1312489265736
 31
0.0
100
AcDbText
 73
2
  0
TEXT
  5
331
330
17
100
AcDbEntity
  8
PLAT-TEXT-LOWCONF
100
AcDbText
 10
288.6256973387035
 20
1654.8332596877021
 30
0.0
 40
1.8866155503899216
  1
am A
 50
1.7066439135317069
  7
PLAT
 72
1
 11
288.6256973387035
 21
1654.8332596877021
 31
0.0
100
AcDbText
 73
2
  0
TEXT
  5
332
330
17
100
AcDbEntity
  8
PLAT-TEXT-LOWCONF
100
AcDbText
 10
286.80255137185736
 20
1614.237460950499
 30
0.0
 40
17.828127658129855
  1
We
 50
324.61712642672956
  7
PLAT
 72
1
 11
286.80255137185736
 21
1614.237460950499
 31
0.0
100
AcDbText
 73
2
  0
TEXT
  5
333
330
17
100
AcDbEntity
  8
PLAT-TEXT-LOWCONF
100
AcDbText
 10
218.8106004827041
 20
1638.283537752608
 30
0.0
 40
5.098967632189318
  1
~ t
 50
356.5023568196707
  7
PLAT
 72
1
 11
218.8106004827041
 21
1638.283537752608
 31
0.0
100
AcDbText
 73
2
  0
TEXT
  5
334
330
17
100
AcDbEntity
  8
PLAT-TEXT-LOWCONF
100
AcDbText
 10
199.71002732193801
 20
1633.7589112192327
 30
0.0
 40
7.296372585768279
  1
mf
 50
1.1156916142714408
  7
PLAT
 72
1
 11
199.71002732193801
 21
1633.7589112192327
 31
0.0
100
AcDbText
 73
2
  0
TEXT
  5
335
330
17
100
AcDbEntity
  8
PLAT-TEXT-LOWCONF
100
AcDbText
 10
2015.782297486172
 20
1653.3535376318048
 30
0.0
 40
7.441927799222844
  1
Glow"
 50
354.15035700712247
  7
PLAT
 72
1
 11
2015.782297486172
 21
1653.3535376318048
 31
0.0
100
AcDbText
 73
2
  0
TEXT
  5
336
330
17
100
AcDbEntity
  8
PLAT-TEXT-LOWCONF
100
AcDbText
 10
214.97014714953116
 20
1630.7420737746709
 30
0.0
 40
3.31265885539575
  1
ny
 50
90.6925696274759
  7
PLAT
 72
1
 11
214.97014714953116
 21
1630.7420737746709
 31
0.0
100
AcDbText
 73
2
  0
TEXT
  5
337
330
17
100
AcDbEntity
  8
PLAT-TEXT-LOWCONF
100
AcDbText
 10
2086.3972630251374
 20
1653.4535898255936
 30
0.0
 40
8.67933797653496
  1
~ cm
 50
315.0518293725048
  7
PLAT
 72
1
 11
2086.3972630251374
 21
1653.4535898255936
 31
0.0
100
AcDbText
 73
2
  0
TEXT
  5
338
330
17
100
AcDbEntity
  8
PLAT-TEXT-LOWCONF
100
AcDbText
 10
2108.9119075001086
 20
1645.0323851689982
 30
0.0
 40
16.900357450363494
  1
', x,
 50
315.0518293725048
  7
PLAT
 72
1
 11
2108.9119075001086
 21
1645.0323851689982
 31
0.0
100
AcDbText
 73
2
  0
TEXT
  5
339
330
17
100
AcDbEntity
  8
PLAT-TEXT-LOWCONF
100
AcDbText
 10
2060.2294793557953
 20
1652.7210472873649
 30
0.0
 40
2.5677505762963775
  1
yes “pone .
 50
1.5661040738194743
  7
PLAT
 72
1
 11
2060.2294793557953
 21
1652.7210472873649
 31
0.0
100
AcDbText
 73
2
  0
TEXT
  5
33A
330
17
100
AcDbEntity
  8
PLAT-TEXT-LOWCONF
100
AcDbText
 10
658.1019055870446
 20
1626.9372992407068
 30
0.0
 40
17.828127658129855
  1
AP ZION:
 50
5.96709277732873
  7
PLAT
 72
1
 11
658.1019055870446
 21
1626.9372992407068
 31
0.0
100
AcDbText
 73
2
  0
TEXT
  5
33B
330
17
100
AcDbEntity
  8
PLAT-TEXT-LOWCONF
100
AcDbText
 10
389.035385813542
 20
1613.8277732037611
 30
0.0
 40
17.828127658129855
  1
a
 50
37.27889970706565
  7
PLAT
 72
1
 11
389.035385813542
 21
1613.8277732037611
 31
0.0
100
AcDbText
 73
2
  0
TEXT
  5
33C
330
17
100
AcDbEntity
  8
PLAT-TEXT-MISC
100
AcDbText
 10
2491.4918507363645
 20
1644.895572916795
 30
0.0
 40
14.917539382945122
  1
deserrbed as
 50
0.8187690321557284
  7
PLAT
 72
1
 11
2491.4918507363645
 21
1644.895572916795
 31
0.0
100
AcDbText
 73
2
  0
TEXT
  5
33D
330
17
100
AcDbEntity
  8
PLAT-TEXT-MISC
100
AcDbText
 10
2604.533232675032
 20
1645.2779756624554
 30
0.0
 40
14.784754762539203
  1
follows:
 50
358.11021748710647
  7
PLAT
 72
1
 11
2604.533232675032
 21
1645.2779756624554
 31
0.0
100
AcDbText
 73
2
  0
TEXT
  5
33E
330
17
100
AcDbEntity
  8
PLAT-TEXT-LOWCONF
100
AcDbText
 10
2337.9154156446284
 20
1641.89926384932
 30
0.0
 40
13.143354653913143
  1
(It, ws Bt
 50
1.228668696794216
  7
PLAT
 72
1
 11
2337.9154156446284
 21
1641.89926384932
 31
0.0
100
AcDbText
 73
2
  0
TEXT
  5
33F
330
17
100
AcDbEntity
  8
PLAT-TEXT-LOWCONF
100
AcDbText
 10
2176.862293999454
 20
1639.2082482733288
 30
0.0
 40
13.689860009943956
  1
Flor:ds,
 50
0.29051913527470674
  7
PLAT
 72
1
 11
2176.862293999454
 21
1639.2082482733288
 31
0.0
100
AcDbText
 73
2
  0
TEXT
  5
340
330
17
100
AcDbEntity
  8
PLAT-TEXT-LOWCONF
100
AcDbText
 10
2384.3819204211336
 20
1639.7930036861426
 30
0.0
 40
14.973533654556418
  1
fat
 50
339.73257602130514
  7
PLAT
 72
1
 11
2384.3819204211336
 21
1639.7930036861426
 31
0.0
100
AcDbText
 73
2
  0
TEXT
  5
341
330
17
100
AcDbEntity
  8
PLAT-TEXT-LOWCONF
100
AcDbText
 10
2406.93727254907
 20
1642.020390822057
 30
0.0
 40
11.763302401400365
  1
x
 50
286.1107448451536
  7
PLAT
 72
1
 11
2406.93727254907
 21
1642.020390822057
 31
0.0
100
AcDbText
 73
2
  0
TEXT
  5
342
330
17
100
AcDbEntity
  8
PLAT-TEXT-MISC
100
AcDbText
 10
1835.9482152250255
 20
1630.418625538337
 30
0.0
 40
16.624360272397954
  1
Current Public Records
 50
0.969476014941506
  7
PLAT
 72
1
 11
1835.9482152250255
 21
1630.418625538337
 31
0.0
100
AcDbText
 73
2
  0
TEXT
  5
343
330
17
100
AcDbEntity
  8
PLAT-TEXT-MISC
100
AcDbText
 10
2038.0129565693883
 20
1635.2075595786785
 30
0.0
 40
13.224537728933543
  1
of Devel Coun.
 50
0.7483457935796878
  7
PLAT
 72
1
 11
2038.0129565693883
 21
1635.2075595786785
 31
0.0
100
AcDbText
 73
2
  0
TEXT
  5
344
330
17
100
AcDbEntity
  8
PLAT-TEXT-LOWCONF
100
AcDbText
 10
1620.5369088128516
 20
1624.8659011037748
 30
0.0
 40
17.828127658129855
  1
22 ~~. Page ~4_ 840f afi i fhe ave
 50
1.0344321854508962
  7
PLAT
 72
1
 11
1620.5369088128516
 21
1624.8659011037748
 31
0.0
100
AcDbText
 73
2
  0
TEXT
  5
345
330
17
100
AcDbEntity
  8
PLAT-TEXT-LOWCONF
100
AcDbText
 10
1377.1288620630085
 20
1621.7803604883425
 30
0.0
 40
17.828127658129855
  1
Replat cgcor ded in Plat Book
 50
1.384437258782782
  7
PLAT
 72
1
 11
1377.1288620630085
 21
1621.7803604883425
 31
0.0
100
AcDbText
 73
2
  0
TEXT
  5
346
330
17
100
AcDbEntity
  8
PLAT-TEXT-LOWCONF
100
AcDbText
 10
2249.393274899138
 20
1636.675425117595
 30
0.0
 40
17.828127658129855
  1
4s
 50
328.71849946365967
  7
PLAT
 72
1
 11
2249.393274899138
 21
1636.675425117595
 31
0.0
100
AcDbText
 73
2
  0
TEXT
  5
347
330
17
100
AcDbEntity
  8
PLAT-TEXT-LOWCONF
100
AcDbText
 10
2279.1863265848515
 20
1628.5021836879723
 30
0.0
 40
15.491209478631841
  1
“NA = ~
 50
69.42496949578765
  7
PLAT
 72
1
 11
2279.1863265848515
 21
1628.5021836879723
 31
0.0
100
AcDbText
 73
2
  0
TEXT
  5
348
330
17
100
AcDbEntity
  8
PLAT-TEXT-LOWCONF
100
AcDbText
 10
2298.516977572921
 20
1619.7263514395204
 30
0.0
 40
17.828127658129855
  1
ER a as
 50
69.42496949578765
  7
PLAT
 72
1
 11
2298.516977572921
 21
1619.7263514395204
 31
0.0
100
AcDbText
 73
2
  0
TEXT
  5
349
330
17
100
AcDbEntity
  8
PLAT-TEXT-LOWCONF
100
AcDbText
 10
1028.1524865381741
 20
1615.5668191192963
 30
0.0
 40
17.828127658129855
  1
of s part er of the fun Beschwood , anew Aeregy
 50
0.9172817101788269
  7
PLAT
 72
1
 11
1028.1524865381741
 21
1615.5668191192963
 31
0.0
100
AcDbText
 73
2
  0
TEXT
  5
34A
330
17
100
AcDbEntity
  8
PLAT-TEXT-LOWCONF
100
AcDbText
 10
737.7529010588551
 20
1609.7330854093816
 30
0.0
 40
17.828127658129855
  1
Being s subdivision
 50
1.2553184022485766
  7
PLAT
 72
1
 11
737.7529010588551
 21
1609.7330854093816
 31
0.0
100
AcDbText
 73
2
  0
TEXT
  5
34B
330
17
100
AcDbEntity
  8
PLAT-TEXT-LOWCONF
100
AcDbText
 10
2118.250167551603
 20
1625.1384763612039
 30
0.0
 40
11.691239628422084
  1
ee
 50
39.64084247274309
  7
PLAT
 72
1
 11
2118.250167551603
 21
1625.1384763612039
 31
0.0
100
AcDbText
 73
2
  0
TEXT
  5
34C
330
17
100
AcDbEntity
  8
PLAT-TEXT-LOWCONF
100
AcDbText
 10
258.20530028231656
 20
1611.3538404343685
 30
0.0
 40
3.6138096604317274
  1
i,
 50
90.6925696274759
  7
PLAT
 72
1
 11
258.20530028231656
 21
1611.3538404343685
 31
0.0
100
AcDbText
 73
2
  0
TEXT
  5
34D
330
17
100
AcDbEntity
  8
PLAT-TEXT-LOWCONF
100
AcDbText
 10
247.1803694144976
 20
1608.388776891608
 30
0.0
 40
17.828127658129855
  1
4 ’
 50
325.3154768235089
  7
PLAT
 72
1
 11
247.1803694144976
 21
1608.388776891608
 31
0.0
100
AcDbText
 73
2
  0
TEXT
  5
34E
330
17
100
AcDbEntity
  8
PLAT-TEXT-LOWCONF
100
AcDbText
 10
2213.4162461143287
 20
1630.973201643351
 30
0.0
 40
6.6253177107915
  1
“x
 50
0.6925696274759048
  7
PLAT
 72
1
 11
2213.4162461143287
 21
1630.973201643351
 31
0.0
100
AcDbText
 73
2
  0
TEXT
  5
34F
330
17
100
AcDbEntity
  8
PLAT-TEXT-LOWCONF
100
AcDbText
 10
1217.1979623320283
 20
1617.5921609676495
 30
0.0
 40
7.829920930935409
  1
ve
 50
0.6925696274758764
  7
PLAT
 72
1
 11
1217.1979623320283
 21
1617.5921609676495
 31
0.0
100
AcDbText
 73
2
  0
TEXT
  5
350
330
17
100
AcDbEntity
  8
PLAT-TEXT-LOWCONF
100
AcDbText
 10
296.2753206069219
 20
1602.7114387353054
 30
0.0
 40
17.828127658129855
  1
Sa
 50
324.61712642672956
  7
PLAT
 72
1
 11
296.2753206069219
 21
1602.7114387353054
 31
0.0
100
AcDbText
 73
2
  0
TEXT
  5
351
330
17
100
AcDbEntity
  8
PLAT-TEXT-MISC
100
AcDbText
 10
2511.979443305132
 20
1624.6387764606284
 30
0.0
 40
17.828127658129855
  1
id Section, 32 tos point
 50
0.513970865503746
  7
PLAT
 72
1
 11
2511.979443305132
 21
1624.6387764606284
 31
0.0
100
AcDbText
 73
2
  0
TEXT
  5
352
330
17
100
AcDbEntity
  8
PLAT-TEXT-LOWCONF
100
AcDbText
 10
2063.8218003732754
 20
1619.207216362638
 30
0.0
 40
16.033333062535956
  1
Fhe Nor.
 50
0.5088557447392509
  7
PLAT
 72
1
 11
2063.8218003732754
 21
1619.207216362638
 31
0.0
100
AcDbText
 73
2
  0
TEXT
  5
353
330
17
100
AcDbEntity
  8
PLAT-TEXT-LOWCONF
100
AcDbText
 10
2207.88997657278
 20
1621.4737704196032
 30
0.0
 40
14.295854443034841
  1
MOP OF
 50
359.93696018506137
  7
PLAT
 72
1
 11
2207.88997657278
 21
1621.4737704196032
 31
0.0
100
AcDbText
 73
2
  0
TEXT
  5
354
330
17
100
AcDbEntity
  8
PLAT-TEXT-LOWCONF
100
AcDbText
 10
2248.8244848981303
 20
1620.832178694017
 30
0.0
 40
17.828127658129855
  1
SS
 50
58.71849946365967
  7
PLAT
 72
1
 11
2248.8244848981303
 21
1620.832178694017
 31
0.0
100
AcDbText
 73
2
  0
TEXT
  5
355
330
17
100
AcDbEntity
  8
PLAT-TEXT-LOWCONF
100
AcDbText
 10
316.659895840618
 20
1601.5863541595695
 30
0.0
 40
7.281505932351228
  1
at
 50
353.1579518828065
  7
PLAT
 72
1
 11
316.659895840618
 21
1601.5863541595695
 31
0.0
100
AcDbText
 73
2
  0
TEXT
  5
356
330
17
100
AcDbEntity
  8
PLAT-TEXT-LOWCONF
100
AcDbText
 10
1812.5771226623624
 20
1612.6100522808183
 30
0.0
 40
17.828127658129855
  1
“North 87%%d35%%d90" Eas? 162.64 feet slong
 50
0.6733018048758765
  7
PLAT
 72
1
 11
1812.5771226623624
 21
1612.6100522808183
 31
0.0
100
AcDbText
 73
2
  0
TEXT
  5
357
330
17
100
AcDbEntity
  8
PLAT-TEXT-LOWCONF
100
AcDbText
 10
2350.5392946383554
 20
1622.5386945757782
 30
0.0
 40
9.845885984532641
  1
or
 50
24.72761549322456
  7
PLAT
 72
1
 11
2350.5392946383554
 21
1622.5386945757782
 31
0.0
100
AcDbText
 73
2
  0
TEXT
  5
358
330
17
100
AcDbEntity
  8
PLAT-TEXT-LOWCONF
100
AcDbText
 10
2142.7514055648558
 20
1620.0422465627476
 30
0.0
 40
13.83102104680471
  1
“herly
 50
4.807602662797308
  7
PLAT
 72
1
 11
2142.7514055648558
 21
1620.0422465627476
 31
0.0
100
AcDbText
 73
2
  0
TEXT
  5
359
330
17
100
AcDbEntity
  8
PLAT-TEXT-LOWCONF
100
AcDbText
 10
1508.5902069475744
 20
1607.6676384042405
 30
0.0
 40
15.636376045718968
  1
4 thence
 50
357.6601788550856
  7
PLAT
 72
1
 11
1508.5902069475744
 21
1607.6676384042405
 31
0.0
100
AcDbText
 73
2
  0
TEXT
  5
35A
330
17
100
AcDbEntity
  8
PLAT-TEXT-LOWCONF
100
AcDbText
 10
1287.8870259449818
 20
1603.9673065393424
 30
0.0
 40
14.599960374819906
  1
poles South
 50
3.1660044131475615
  7
PLAT
 72
1
 11
1287.8870259449818
 21
1603.9673065393424
 31
0.0
100
AcDbText
 73
2
  0
TEXT
  5
35B
330
17
100
AcDbEntity
  8
PLAT-TEXT-LOWCONF
100
AcDbText
 10
2380.4519825661955
 20
1621.5849219437146
 30
0.0
 40
15.213917344253593
  1
“sa!
 50
339.73257602130514
  7
PLAT
 72
1
 11
2380.4519825661955
 21
1621.5849219437146
 31
0.0
100
AcDbText
 73
2
  0
TEXT
  5
35C
330
17
100
AcDbEntity
  8
PLAT-TEXT-LOWCONF
100
AcDbText
 10
1389.385401275485
 20
1602.8739279979488
 30
0.0
 40
17.828127658129855
  1
fenge 28 Ea:
 50
2.2479237282790336
  7
PLAT
 72
1
 11
1389.385401275485
 21
1602.8739279979488
 31
0.0
100
AcDbText
 73
2
  0
TEXT
  5
35D
330
17
100
AcDbEntity
  8
PLAT-TEXT-LOWCONF
100
AcDbText
 10
2316.3195944112645
 20
1619.220096343573
 30
0.0
 40
7.816427053639418
  1
te
 50
6.362705815754339
  7
PLAT
 72
1
 11
2316.3195944112645
 21
1619.220096343573
 31
0.0
100
AcDbText
 73
2
  0
TEXT
  5
35E
330
17
100
AcDbEntity
  8
PLAT-TEXT-LOWCONF
100
AcDbText
 10
904.2068579684925
 20
1597.889250677643
 30
0.0
 40
15.129896876003096
  1
a ot the Northwest Corner ot Section
 50
0.8574093770951094
  7
PLAT
 72
1
 11
904.2068579684925
 21
1597.889250677643
 31
0.0
100
AcDbText
 73
2
  0
TEXT
  5
35F
330
17
100
AcDbEntity
  8
PLAT-TEXT-LOWCONF
100
AcDbText
 10
2267.105971557832
 20
1618.7387108560192
 30
0.0
 40
7.696076128697197
  1
3
 50
90.6925696274759
  7
PLAT
 72
1
 11
2267.105971557832
 21
1618.7387108560192
 31
0.0
100
AcDbText
 73
2
  0
TEXT
  5
360
330
17
100
AcDbEntity
  8
PLAT-TEXT-LOWCONF
100
AcDbText
 10
1157.3963128801151
 20
1600.235869184421
 30
0.0
 40
12.714631526558833
  1
Towas,
 50
359.04449649414636
  7
PLAT
 72
1
 11
1157.3963128801151
 21
1600.235869184421
 31
0.0
100
AcDbText
 73
2
  0
TEXT
  5
361
330
17
100
AcDbEntity
  8
PLAT-TEXT-LOWCONF
100
AcDbText
 10
1241.9802425705739
 20
1602.1638210955898
 30
0.0
 40
12.04603220143909
  1
7 2 é
 50
0.6925696274758764
  7
PLAT
 72
1
 11
1241.9802425705739
 21
1602.1638210955898
 31
0.0
100
AcDbText
 73
2
  0
TEXT
  5
362
330
17
100
AcDbEntity
  8
PLAT-TEXT-LOWCONF
100
AcDbText
 10
1103.4807109078033
 20
1600.0424831934633
 30
0.0
 40
12.43586284602114
  1
72
 50
12.623615119797023
  7
PLAT
 72
1
 11
1103.4807109078033
 21
1600.0424831934633
 31
0.0
100
AcDbText
 73
2
  0
TEXT
  5
363
330
17
100
AcDbEntity
  8
PLAT-TEXT-LOWCONF
100
AcDbText
 10
1582.7223162785347
 20
1607.223687451679
 30
0.0
 40
7.401636014234336
  1
ror
 50
2.468688615200449
  7
PLAT
 72
1
 11
1582.7223162785347
 21
1607.223687451679
 31
0.0
100
AcDbText
 73
2
  0
TEXT
  5
364
330
17
100
AcDbEntity
  8
PLAT-TEXT-LOWCONF
100
AcDbText
 10
1448.7237605078212
 20
1596.0867799893463
 30
0.0
 40
7.599919689200806
  1
ee
 50
50.54373202064369
  7
PLAT
 72
1
 11
1448.7237605078212
 21
1596.0867799893463
 31
0.0
100
AcDbText
 73
2
  0
TEXT
  5
365
330
17
100
AcDbEntity
  8
PLAT-TEXT-LOWCONF
100
AcDbText
 10
2503.163073043868
 20
1608.3077016014481
 30
0.0
 40
17.828127658129855
  1
1 %%d.01'40" €vst 100 feet; thence
 50
0.513970865503746
  7
PLAT
 72
1
 11
2503.163073043868
 21
1608.3077016014481
 31
0.0
100
AcDbText
 73
2
  0
TEXT
  5
366
330
17
100
AcDbEntity
  8
PLAT-TEXT-LOWCONF
100
AcDbText
 10
648.1453508781111
 20
1587.2834075459632
 30
0.0
 40
14.8643368599267
  1
LOTECETD, VESICLE
 50
359.6946733492694
  7
PLAT
 72
1
 11
648.1453508781111
 21
1587.2834075459632
 31
0.0
100
AcDbText
 73
2
  0
TEXT
  5
367
330
17
100
AcDbEntity
  8
PLAT-TEXT-LOWCONF
100
AcDbText
 10
2331.767615443874
 20
1603.502226850067
 30
0.0
 40
14.22365928418494
  1
“ours
 50
6.780752496095715
  7
PLAT
 72
1
 11
2331.767615443874
 21
1603.502226850067
 31
0.0
100
AcDbText
 73
2
  0
TEXT
  5
368
330
17
100
AcDbEntity
  8
PLAT-TEXT-LOWCONF
100
AcDbText
 10
1984.7065548629334
 20
1599.1801026740136
 30
0.0
 40
14.73580509092547
  1
Soa ron North ree 89%%d18'20"Esst eee eee pee 50.00 eee fees
 50
1.2076608408121956
  7
PLAT
 72
1
 11
1984.7065548629334
 21
1599.1801026740136
 31
0.0
100
AcDbText
 73
2
  0
TEXT
  5
369
330
17
100
AcDbEntity
  8
PLAT-TEXT-LOWCONF
100
AcDbText
 10
2198.524898218393
 20
1602.501087169257
 30
0.0
 40
17.828127658129855
  1
ae
 50
328.71849946365967
  7
PLAT
 72
1
 11
2198.524898218393
 21
1602.501087169257
 31
0.0
100
AcDbText
 73
2
  0
TEXT
  5
36A
330
17
100
AcDbEntity
  8
PLAT-TEXT-LOWCONF
100
AcDbText
 10
1113.7569157334524
 20
1593.0845105408007
 30
0.0
 40
6.357628106315075
  1
%5
 50
0.6925696274759048
  7
PLAT
 72
1
 11
1113.7569157334524
 21
1593.0845105408007
 31
0.0
100
AcDbText
 73
2
  0
TEXT
  5
36B
330
17
100
AcDbEntity
  8
PLAT-TEXT-MISC
100
AcDbText
 10
1738.3457915600352
 20
1594.5781521891176
 30
0.0
 40
15.549527981377125
  1
24 feet; thence
 50
0.5609918152358375
  7
PLAT
 72
1
 11
1738.3457915600352
 21
1594.5781521891176
 31
0.0
100
AcDbText
 73
2
  0
TEXT
  5
36C
330
17
100
AcDbEntity
  8
PLAT-TEXT-LOWCONF
100
AcDbText
 10
1567.533669917532
 20
1591.3244358795741
 30
0.0
 40
14.945425819534282
  1
%%dOs'40" Eas? (509,
 50
0.9160872839996728
  7
PLAT
 72
1
 11
1567.533669917532
 21
1591.3244358795741
 31
0.0
100
AcDbText
 73
2
  0
TEXT
  5
36D
330
17
100
AcDbEntity
  8
PLAT-TEXT-LOWCONF
100
AcDbText
 10
1247.1903798197538
 20
1585.8589554621778
 30
0.0
 40
14.786904513932692
  1
ee 2%%d 24'30" East 730.50 feet; th ence Jou,
 50
0.8151499031026788
  7
PLAT
 72
1
 11
1247.1903798197538
 21
1585.8589554621778
 31
0.0
100
AcDbText
 73
2
  0
TEXT
  5
36E
330
17
100
AcDbEntity
  8
PLAT-TEXT-LOWCONF
100
AcDbText
 10
2266.085777850867
 20
1600.7767671565794
 30
0.0
 40
17.828127658129855
  1
iy"
 50
305.85614615174524
  7
PLAT
 72
1
 11
2266.085777850867
 21
1600.7767671565794
 31
0.0
100
AcDbText
 73
2
  0
TEXT
  5
36F
330
17
100
AcDbEntity
  8
PLAT-TEXT-LOWCONF
100
AcDbText
 10
699.3368301421906
 20
1575.4096578589715
 30
0.0
 40
17.828127658129855
  1
“fhe af poitd Fo onanens of bes ~ 4
 50
1.2735125914158516
  7
PLAT
 72
1
 11
699.3368301421906
 21
1575.4096578589715
 31
0.0
100
AcDbText
 73
2
  0
TEXT
  5
370
330
17
100
AcDbEntity
  8
PLAT-TEXT-MISC
100
AcDbText
 10
860.9608249208833
 20
1576.688040127016
 30
0.0
 40
17.828127658129855
  1
waning; thence,
 50
1.4256128264798917
  7
PLAT
 72
1
 11
860.9608249208833
 21
1576.688040127016
 31
0.0
100
AcDbText
 73
2
  0
TEXT
  5
371
330
17
100
AcDbEntity
  8
PLAT-TEXT-LOWCONF
100
AcDbText
 10
995.21416986889
 20
1579.699898707383
 30
0.0
 40
12.857155378318186
  1
rup South
 50
2.938517852137579
  7
PLAT
 72
1
 11
995.21416986889
 21
1579.699898707383
 31
0.0
100
AcDbText
 73
2
  0
TEXT
  5
372
330
17
100
AcDbEntity
  8
PLAT-TEXT-LOWCONF
100
AcDbText
 10
284.41290020721704
 20
1567.393008716425
 30
0.0
 40
17.828127658129855
  1
Ao" asp
 50
358.7337165427747
  7
PLAT
 72
1
 11
284.41290020721704
 21
1567.393008716425
 31
0.0
100
AcDbText
 73
2
  0
TEXT
  5
373
330
17
100
AcDbEntity
  8
PLAT-TEXT-LOWCONF
100
AcDbText
 10
589.6017901227003
 20
1574.8688197563665
 30
0.0
 40
13.250635421583
  1
fo
 50
0.6925696274758764
  7
PLAT
 72
1
 11
589.6017901227003
 21
1574.8688197563665
 31
0.0
100
AcDbText
 73
2
  0
TEXT
  5
374
330
17
100
AcDbEntity
  8
PLAT-TEXT-LOWCONF
100
AcDbText
 10
444.3573062090279
 20
1575.6806229783792
 30
0.0
 40
2.744482466948857
  1
wttn-4 ones
 50
3.1211540637631288
  7
PLAT
 72
1
 11
444.3573062090279
 21
1575.6806229783792
 31
0.0
100
AcDbText
 73
2
  0
TEXT
  5
375
330
17
100
AcDbEntity
  8
PLAT-TEXT-LOWCONF
100
AcDbText
 10
866.4756678733693
 20
1566.1746816842306
 30
0.0
 40
17.828127658129855
  1
tepronings é 1th horse, uy
 50
0.17075958001475144
  7
PLAT
 72
1
 11
866.4756678733693
 21
1566.1746816842306
 31
0.0
100
AcDbText
 73
2
  0
TEXT
  5
376
330
17
100
AcDbEntity
  8
PLAT-TEXT-LOWCONF
100
AcDbText
 10
2562.787406169914
 20
1588.0570847808647
 30
0.0
 40
17.828127658129855
  1
onl
 50
0.513970865503746
  7
PLAT
 72
1
 11
2562.787406169914
 21
1588.0570847808647
 31
0.0
100
AcDbText
 73
2
  0
TEXT
  5
377
330
17
100
AcDbEntity
  8
PLAT-TEXT-LOWCONF
100
AcDbText
 10
2633.884339939571
 20
1592.4379598227765
 30
0.0
 40
13.429136762305024
  1
Floris;
 50
359.94285349935564
  7
PLAT
 72
1
 11
2633.884339939571
 21
1592.4379598227765
 31
0.0
100
AcDbText
 73
2
  0
TEXT
  5
378
330
17
100
AcDbEntity
  8
PLAT-TEXT-LOWCONF
100
AcDbText
 10
2457.6924197062776
 20
1589.2918639979994
 30
0.0
 40
12.97744963616053
  1
MG 40
 50
0.9599061161707141
  7
PLAT
 72
1
 11
2457.6924197062776
 21
1589.2918639979994
 31
0.0
100
AcDbText
 73
2
  0
TEXT
  5
379
330
17
100
AcDbEntity
  8
PLAT-TEXT-LOWCONF
100
AcDbText
 10
1306.5061960171422
 20
1579.3519544253281
 30
0.0
 40
4.517262075539659
  1
ms,
 50
90.6925696274759
  7
PLAT
 72
1
 11
1306.5061960171422
 21
1579.3519544253281
 31
0.0
100
AcDbText
 73
2
  0
TEXT
  5
37A
330
17
100
AcDbEntity
  8
PLAT-TEXT-LOWCONF
100
AcDbText
 10
2057.151366207266
 20
1588.59322838572
 30
0.0
 40
4.216111270503682
  1
A
 50
90.6925696274759
  7
PLAT
 72
1
 11
2057.151366207266
 21
1588.59322838572
 31
0.0
100
AcDbText
 73
2
  0
TEXT
  5
37B
330
17
100
AcDbEntity
  8
PLAT-TEXT-LOTNO
100
AcDbText
 10
2510.8791351695163
 20
1581.0229891255706
 30
0.0
 40
16.104239658832558
  1
3
 50
79.16687114976992
  7
PLAT
 72
1
 11
2510.8791351695163
 21
1581.0229891255706
 31
0.0
100
AcDbText
 73
2
  0
TEXT
  5
37C
330
17
100
AcDbEntity
  8
PLAT-TEXT-LOWCONF
100
AcDbText
 10
1786.2685548173415
 20
1575.001292597232
 30
0.0
 40
17.828127658129855
  1
Unit nm wee Ones afl hh subdivision naenanuthant recorded onn £2.14. tn Plt LL 2. Boak 22. 29, ah Pages hh aspen ETE 814
 50
1.1248845922557393
  7
PLAT
 72
1
 11
1786.2685548173415
 21
1575.001292597232
 31
0.0
100
AcDbText
 73
2
  0
TEXT
  5
37D
330
17
100
AcDbEntity
  8
PLAT-TEXT-LOWCONF
100
AcDbText
 10
1399.7020976187664
 20
1570.5521070210948
 30
0.0
 40
14.616209527340075
  1
200MYIbIg
 50
359.91471227523266
  7
PLAT
 72
1
 11
1399.7020976187664
 21
1570.5521070210948
 31
0.0
100
AcDbText
 73
2
  0
TEXT
  5
37E
330
17
100
AcDbEntity
  8
PLAT-TEXT-LOWCONF
100
AcDbText
 10
1156.5789103597626
 20
1566.3421606723805
 30
0.0
 40
17.127367889163104
  1
Southwest corner af Lot 8, Block 10,
 50
1.1459790388970532
  7
PLAT
 72
1
 11
1156.5789103597626
 21
1566.3421606723805
 31
0.0
100
AcDbText
 73
2
  0
TEXT
  5
37F
330
17
100
AcDbEntity
  8
PLAT-TEXT-LOWCONF
100
AcDbText
 10
2496.200127123825
 20
1578.469369761298
 30
0.0
 40
11.37408302141993
  1
RS
 50
79.16687114976992
  7
PLAT
 72
1
 11
2496.200127123825
 21
1578.469369761298
 31
0.0
100
AcDbText
 73
2
  0
TEXT
  5
380
330
17
100
AcDbEntity
  8
PLAT-TEXT-LOWCONF
100
AcDbText
 10
685.8436503509004
 20
1559.1182832228449
 30
0.0
 40
14.881390352882496
  1
2 von North pee 89%%d18' wee 2
 50
1.3001333075985713
  7
PLAT
 72
1
 11
685.8436503509004
 21
1559.1182832228449
 31
0.0
100
AcDbText
 73
2
  0
TEXT
  5
381
330
17
100
AcDbEntity
  8
PLAT-TEXT-LOWCONF
100
AcDbText
 10
2524.0073322234175
 20
1575.8179964217807
 30
0.0
 40
9.732086372975026
  1
Ss. ™
 50
79.16687114976992
  7
PLAT
 72
1
 11
2524.0073322234175
 21
1575.8179964217807
 31
0.0
100
AcDbText
 73
2
  0
TEXT
  5
382
330
17
100
AcDbEntity
  8
PLAT-TEXT-LOWCONF
100
AcDbText
 10
2597.0816296618605
 20
1576.6763634025579
 30
0.0
 40
17.828127658129855
  1
UGS+IT “Wes? 10 LIOTTESS 2.20
 50
0.513970865503746
  7
PLAT
 72
1
 11
2597.0816296618605
 21
1576.6763634025579
 31
0.0
100
AcDbText
 73
2
  0
TEXT
  5
383
330
17
100
AcDbEntity
  8
PLAT-TEXT-LOWCONF
100
AcDbText
 10
970.0789359956324
 20
1552.0743331485767
 30
0.0
 40
10.622555016360709
  1
ar om
 50
48.95575919003318
  7
PLAT
 72
1
 11
970.0789359956324
 21
1552.0743331485767
 31
0.0
100
AcDbText
 73
2
  0
TEXT
  5
384
330
17
100
AcDbEntity
  8
PLAT-TEXT-LOWCONF
100
AcDbText
 10
1951.43640863678
 20
1572.2566835280272
 30
0.0
 40
4.684568078337424
  1
“7
 50
0.6925696274758764
  7
PLAT
 72
1
 11
1951.43640863678
 21
1572.2566835280272
 31
0.0
100
AcDbText
 73
2
  0
TEXT
  5
385
330
17
100
AcDbEntity
  8
PLAT-TEXT-LOWCONF
100
AcDbText
 10
2048.9646380218924
 20
1573.7702616046715
 30
0.0
 40
3.6138096604317274
  1
Wa
 50
90.6925696274759
  7
PLAT
 72
1
 11
2048.9646380218924
 21
1573.7702616046715
 31
0.0
100
AcDbText
 73
2
  0
TEXT
  5
386
330
17
100
AcDbEntity
  8
PLAT-TEXT-LOWCONF
100
AcDbText
 10
2147.2368235862127
 20
1567.3176643362171
 30
0.0
 40
15.411709182238319
  1
tyre, North wpe 27%%d15 10"hest ee eg 67.09 eee tere feet; eee thence. ne
 50
1.0097355423937415
  7
PLAT
 72
1
 11
2147.2368235862127
 21
1567.3176643362171
 31
0.0
100
AcDbText
 73
2
  0
TEXT
  5
387
330
17
100
AcDbEntity
  8
PLAT-TEXT-LOWCONF
100
AcDbText
 10
2423.1158965757495
 20
1571.0050346480725
 30
0.0
 40
14.853414954440758
  1
ran orth O94)
 50
2.051057227899719
  7
PLAT
 72
1
 11
2423.1158965757495
 21
1571.0050346480725
 31
0.0
100
AcDbText
 73
2
  0
TEXT
  5
388
330
17
100
AcDbEntity
  8
PLAT-TEXT-LOWCONF
100
AcDbText
 10
1330.9898048670339
 20
1559.9895861502569
 30
0.0
 40
3.9866050228136656
  1
ut 4)
 50
284.0324136127101
  7
PLAT
 72
1
 11
1330.9898048670339
 21
1559.9895861502569
 31
0.0
100
AcDbText
 73
2
  0
TEXT
  5
389
330
17
100
AcDbEntity
  8
PLAT-TEXT-LOWCONF
100
AcDbText
 10
1555.3292269540354
 20
1563.787456137631
 30
0.0
 40
4.818412880575636
  1
Sy
 50
0.6925696274758764
  7
PLAT
 72
1
 11
1555.3292269540354
 21
1563.787456137631
 31
0.0
100
AcDbText
 73
2
  0
TEXT
  5
38A
330
17
100
AcDbEntity
  8
PLAT-TEXT-LOWCONF
100
AcDbText
 10
1503.5511015911854
 20
1554.6356862059922
 30
0.0
 40
17.133499681863523
  1
wt run eee North ee 3%%d24'43"Esst eee wy eg 60.16 ne eee feet; theace Sree run Veen North ee 0%%d41'40 Cee rere "Hest ieee 200 wee feet; eee thence ween run we
 50
1.0360223783848141
  7
PLAT
 72
1
 11
1503.5511015911854
 21
1554.6356862059922
 31
0.0
100
AcDbText
 73
2
  0
TEXT
  5
38B
330
17
100
AcDbEntity
  8
PLAT-TEXT-LOWCONF
100
AcDbText
 10
1240.9943250697975
 20
1559.1511190035449
 30
0.0
 40
5.688404095124015
  1
2
 50
0.6925696274758764
  7
PLAT
 72
1
 11
1240.9943250697975
 21
1559.1511190035449
 31
0.0
100
AcDbText
 73
2
  0
TEXT
  5
38C
330
17
100
AcDbEntity
  8
PLAT-TEXT-LOWCONF
100
AcDbText
 10
2536.508439895585
 20
1574.8750207046032
 30
0.0
 40
3.5951692525814543
  1
V on
 50
8.015285967604541
  7
PLAT
 72
1
 11
2536.508439895585
 21
1574.8750207046032
 31
0.0
100
AcDbText
 73
2
  0
TEXT
  5
38D
330
17
100
AcDbEntity
  8
PLAT-TEXT-LOWCONF
100
AcDbText
 10
827.3853224544753
 20
1543.8554345351843
 30
0.0
 40
15.334508152222664
  1
“Worth 0%%d41'40" West (00 Fees
 50
0.9466497980173472
  7
PLAT
 72
1
 11
827.3853224544753
 21
1543.8554345351843
 31
0.0
100
AcDbText
 73
2
  0
TEXT
  5
38E
330
17
100
AcDbEntity
  8
PLAT-TEXT-LOWCONF
100
AcDbText
 10
1020.0620516506103
 20
1545.8438692413429
 30
0.0
 40
15.550223297801274
  1
“thence
 50
358.43967293031943
  7
PLAT
 72
1
 11
1020.0620516506103
 21
1545.8438692413429
 31
0.0
100
AcDbText
 73
2
  0
TEXT
  5
38F
330
17
100
AcDbEntity
  8
PLAT-TEXT-LOWCONF
100
AcDbText
 10
2259.5941299821443
 20
1561.9270274869677
 30
0.0
 40
4.216111270503682
  1
‘MS ~
 50
90.6925696274759
  7
PLAT
 72
1
 11
2259.5941299821443
 21
1561.9270274869677
 31
0.0
100
AcDbText
 73
2
  0
TEXT
  5
390
330
17
100
AcDbEntity
  8
PLAT-TEXT-LOWCONF
100
AcDbText
 10
593.727747763278
 20
1526.5503320818957
 30
0.0
 40
8.068428889383759
  1
"Rs
 50
51.21938320433378
  7
PLAT
 72
1
 11
593.727747763278
 21
1526.5503320818957
 31
0.0
100
AcDbText
 73
2
  0
TEXT
  5
391
330
17
100
AcDbEntity
  8
PLAT-TEXT-LOWCONF
100
AcDbText
 10
615.3157156909933
 20
1537.8309734251634
 30
0.0
 40
7.8746986393953184
  1
IOLM
 50
2.489933437491345
  7
PLAT
 72
1
 11
615.3157156909933
 21
1537.8309734251634
 31
0.0
100
AcDbText
 73
2
  0
TEXT
  5
392
330
17
100
AcDbEntity
  8
PLAT-TEXT-LOWCONF
100
AcDbText
 10
623.4494933832499
 20
1527.5794515570317
 30
0.0
 40
6.495668806516762
  1
ae,
 50
51.21938320433378
  7
PLAT
 72
1
 11
623.4494933832499
 21
1527.5794515570317
 31
0.0
100
AcDbText
 73
2
  0
TEXT
  5
393
330
17
100
AcDbEntity
  8
PLAT-TEXT-LOWCONF
100
AcDbText
 10
660.1581379551924
 20
1537.4723555872865
 30
0.0
 40
7.781464434525693
  1
UNS 2
 50
0.25554270327870654
  7
PLAT
 72
1
 11
660.1581379551924
 21
1537.4723555872865
 31
0.0
100
AcDbText
 73
2
  0
TEXT
  5
394
330
17
100
AcDbEntity
  8
PLAT-TEXT-LOWCONF
100
AcDbText
 10
1813.3109478847323
 20
1551.8473527578499
 30
0.0
 40
6.6253177107915
  1
ral
 50
90.6925696274759
  7
PLAT
 72
1
 11
1813.3109478847323
 21
1551.8473527578499
 31
0.0
100
AcDbText
 73
2
  0
TEXT
  5
395
330
17
100
AcDbEntity
  8
PLAT-TEXT-LOWCONF
100
AcDbText
 10
2336.33081584189
 20
1552.160529198769
 30
0.0
 40
15.52005922343613
  1
‘North 35%%d 18%%d20" East 200 feet: thence run North $1%%d36'38"
 50
1.035942524395523
  7
PLAT
 72
1
 11
2336.33081584189
 21
1552.160529198769
 31
0.0
100
AcDbText
 73
2
  0
TEXT
  5
396
330
17
100
AcDbEntity
  8
PLAT-TEXT-LOWCONF
100
AcDbText
 10
1399.4402912510702
 20
1545.673170160857
 30
0.0
 40
5.119563685611613
  1
ve 4,
 50
0.6925696274758764
  7
PLAT
 72
1
 11
1399.4402912510702
 21
1545.673170160857
 31
0.0
100
AcDbText
 73
2
  0
TEXT
  5
397
330
17
100
AcDbEntity
  8
PLAT-TEXT-MISC
100
AcDbText
 10
1759.2034002325204
 20
1541.1358308346885
 30
0.0
 40
15.713823649773413
  1
North 4%%d 16'43" West 77.88 feet;
 50
1.1175366113714063
  7
PLAT
 72
1
 11
1759.2034002325204
 21
1541.1358308346885
 31
0.0
100
AcDbText
 73
2
  0
TEXT
  5
398
330
17
100
AcDbEntity
  8
PLAT-TEXT-MISC
100
AcDbText
 10
1974.7457656134118
 20
1544.2053949032306
 30
0.0
 40
14.300973359676595
  1
thence run
 50
359.862467858006
  7
PLAT
 72
1
 11
1974.7457656134118
 21
1544.2053949032306
 31
0.0
100
AcDbText
 73
2
  0
TEXT
  5
399
330
17
100
AcDbEntity
  8
PLAT-TEXT-MISC
100
AcDbText
 10
1548.3545967129169
 20
1536.780530375487
 30
0.0
 40
14.814312274525568
  1
thence run
 50
359.6003571516545
  7
PLAT
 72
1
 11
1548.3545967129169
 21
1536.780530375487
 31
0.0
100
AcDbText
 73
2
  0
TEXT
  5
39A
330
17
100
AcDbEntity
  8
PLAT-TEXT-LOWCONF
100
AcDbText
 10
1231.0890588486045
 20
1532.2876259687573
 30
0.0
 40
16.964306724460197
  1
[2.07 feet: thence rea Worth 55%%d18 '20" Ezst (20 feet:
 50
1.0268331842812586
  7
PLAT
 72
1
 11
1231.0890588486045
 21
1532.2876259687573
 31
0.0
100
AcDbText
 73
2
  0
TEXT
  5
39B
330
17
100
AcDbEntity
  8
PLAT-TEXT-LOWCONF
100
AcDbText
 10
783.8249668323142
 20
1524.5537915077243
 30
0.0
 40
16.216492914762153
  1
s theace run North 75%%d 2725" We
 50
1.384316893627215
  7
PLAT
 72
1
 11
783.8249668323142
 21
1524.5537915077243
 31
0.0
100
AcDbText
 73
2
  0
TEXT
  5
39C
330
17
100
AcDbEntity
  8
PLAT-TEXT-LOWCONF
100
AcDbText
 10
2345.3077473508797
 20
1544.2235102850725
 30
0.0
 40
5.3537920895284845
  1
£4
 50
0.6925696274759048
  7
PLAT
 72
1
 11
2345.3077473508797
 21
1544.2235102850725
 31
0.0
100
AcDbText
 73
2
  0
TEXT
  5
39D
330
17
100
AcDbEntity
  8
PLAT-TEXT-LOWCONF
100
AcDbText
 10
937.4196392056112
 20
1515.3079725977807
 30
0.0
 40
8.928287158209303
  1
SS
 50
48.95575919003318
  7
PLAT
 72
1
 11
937.4196392056112
 21
1515.3079725977807
 31
0.0
100
AcDbText
 73
2
  0
TEXT
  5
39E
330
17
100
AcDbEntity
  8
PLAT-TEXT-LOWCONF
100
AcDbText
 10
951.4871751444905
 20
1517.4609343422367
 30
0.0
 40
12.557349636334253
  1
SS
 50
48.95575919003318
  7
PLAT
 72
1
 11
951.4871751444905
 21
1517.4609343422367
 31
0.0
100
AcDbText
 73
2
  0
TEXT
  5
39F
330
17
100
AcDbEntity
  8
PLAT-TEXT-LOWCONF
100
AcDbText
 10
1983.3042208322615
 20
1528.7996280146685
 30
0.0
 40
17.828127658129855
  1
Tr #4 100 eer feet; Freee thence
 50
359.98077567355233
  7
PLAT
 72
1
 11
1983.3042208322615
 21
1528.7996280146685
 31
0.0
100
AcDbText
 73
2
  0
TEXT
  5
3A0
330
17
100
AcDbEntity
  8
PLAT-TEXT-MISC
100
AcDbText
 10
2615.2320861072862
 20
1538.6242665539041
 30
0.0
 40
14.487542425255931
  1
North 35%%d,
 50
3.0378472055175507
  7
PLAT
 72
1
 11
2615.2320861072862
 21
1538.6242665539041
 31
0.0
100
AcDbText
 73
2
  0
TEXT
  5
3A1
330
17
100
AcDbEntity
  8
PLAT-TEXT-MISC
100
AcDbText
 10
2282.0000593247278
 20
1533.7822594834602
 30
0.0
 40
14.870636171049458
  1
“North 33%%d 04'03" East 60. 14 feet;
 50
1.0060588838839521
  7
PLAT
 72
1
 11
2282.0000593247278
 21
1533.7822594834602
 31
0.0
100
AcDbText
 73
2
  0
TEXT
  5
3A2
330
17
100
AcDbEntity
  8
PLAT-TEXT-LOWCONF
100
AcDbText
 10
2507.575691547626
 20
1536.1559574868493
 30
0.0
 40
14.975816500969819
  1
uns aUuaYy)
 50
0.05746123761252875
  7
PLAT
 72
1
 11
2507.575691547626
 21
1536.1559574868493
 31
0.0
100
AcDbText
 73
2
  0
TEXT
  5
3A3
330
17
100
AcDbEntity
  8
PLAT-TEXT-LOWCONF
100
AcDbText
 10
1572.1217488815064
 20
1521.1257465488607
 30
0.0
 40
17.828127658129855
  1
272 #300 CMErcEe feet; pure fhence cruence rut 6
 50
359.98786413037135
  7
PLAT
 72
1
 11
1572.1217488815064
 21
1521.1257465488607
 31
0.0
100
AcDbText
 73
2
  0
TEXT
  5
3A4
330
17
100
AcDbEntity
  8
PLAT-TEXT-LOWCONF
100
AcDbText
 10
1104.5788887721942
 20
1514.1552791288095
 30
0.0
 40
17.828127658129855
  1
ery sf 140 THES feet; @
 50
359.964524760884
  7
PLAT
 72
1
 11
1104.5788887721942
 21
1514.1552791288095
 31
0.0
100
AcDbText
 73
2
  0
TEXT
  5
3A5
330
17
100
AcDbEntity
  8
PLAT-TEXT-LOWCONF
100
AcDbText
 10
2670.717935441665
 20
1537.993424056971
 30
0.0
 40
11.668451975289466
  1
> 18)
 50
11.001931141949626
  7
PLAT
 72
1
 11
2670.717935441665
 21
1537.993424056971
 31
0.0
100
AcDbText
 73
2
  0
TEXT
  5
3A6
330
17
100
AcDbEntity
  8
PLAT-TEXT-LOWCONF
100
AcDbText
 10
1795.049775177447
 20
1524.2947718764212
 30
0.0
 40
13.682427807843474
  1
North 85%%d18! 20%%d Eas:
 50
1.172063833397715
  7
PLAT
 72
1
 11
1795.049775177447
 21
1524.2947718764212
 31
0.0
100
AcDbText
 73
2
  0
TEXT
  5
3A7
330
17
100
AcDbEntity
  8
PLAT-TEXT-LOWCONF
100
AcDbText
 10
1314.2732371007555
 20
1515.898424001492
 30
0.0
 40
16.457713321383373
  1
thence run South 54%%d 4%%d40" Eas;
 50
1.270960855989415
  7
PLAT
 72
1
 11
1314.2732371007555
 21
1515.898424001492
 31
0.0
100
AcDbText
 73
2
  0
TEXT
  5
3A8
330
17
100
AcDbEntity
  8
PLAT-TEXT-LOWCONF
100
AcDbText
 10
692.684402458828
 20
1503.7952637560188
 30
0.0
 40
17.828127658129855
  1
fast 2.53 fees fhe
 50
0.9064141093009539
  7
PLAT
 72
1
 11
692.684402458828
 21
1503.7952637560188
 31
0.0
100
AcDbText
 73
2
  0
TEXT
  5
3A9
330
17
100
AcDbEntity
  8
PLAT-TEXT-MISC
100
AcDbText
 10
889.4671605228475
 20
1507.700941300082
 30
0.0
 40
14.59613902180983
  1
North
 50
3.6517815830436575
  7
PLAT
 72
1
 11
889.4671605228475
 21
1507.700941300082
 31
0.0
100
AcDbText
 73
2
  0
TEXT
  5
3AA
330
17
100
AcDbEntity
  8
PLAT-TEXT-LOWCONF
100
AcDbText
 10
2097.046210732481
 20
1526.808878912874
 30
0.0
 40
8.103082774211774
  1
cur}
 50
1.5199005302698652
  7
PLAT
 72
1
 11
2097.046210732481
 21
1526.808878912874
 31
0.0
100
AcDbText
 73
2
  0
TEXT
  5
3AB
330
17
100
AcDbEntity
  8
PLAT-TEXT-LOWCONF
100
AcDbText
 10
1021.7486327062657
 20
1509.4326726242484
 30
0.0
 40
11.689252533487757
  1
1GLP 02)
 50
0.35865309132793755
  7
PLAT
 72
1
 11
1021.7486327062657
 21
1509.4326726242484
 31
0.0
100
AcDbText
 73
2
  0
TEXT
  5
3AC
330
17
100
AcDbEntity
  8
PLAT-TEXT-MISC
100
AcDbText
 10
961.3278657696893
 20
1509.1601485503745
 30
0.0
 40
11.28659064070003
  1
70 he
 50
352.5845563785739
  7
PLAT
 72
1
 11
961.3278657696893
 21
1509.1601485503745
 31
0.0
100
AcDbText
 73
2
  0
TEXT
  5
3AD
330
17
100
AcDbEntity
  8
PLAT-TEXT-LOWCONF
100
AcDbText
 10
1680.4726829352912
 20
1509.6018876803778
 30
0.0
 40
9.510564965258677
  1
ty
 50
70.22637353259222
  7
PLAT
 72
1
 11
1680.4726829352912
 21
1509.6018876803778
 31
0.0
100
AcDbText
 73
2
  0
TEXT
  5
3AE
330
17
100
AcDbEntity
  8
PLAT-TEXT-LOWCONF
100
AcDbText
 10
978.2941764146194
 20
1509.1728565769022
 30
0.0
 40
9.497043482269854
  1
a
 50
48.95575919003318
  7
PLAT
 72
1
 11
978.2941764146194
 21
1509.1728565769022
 31
0.0
100
AcDbText
 73
2
  0
TEXT
  5
3AF
330
17
100
AcDbEntity
  8
PLAT-TEXT-LOWCONF
100
AcDbText
 10
2439.2046039819024
 20
1527.790141372932
 30
0.0
 40
6.357628106315075
  1
"9
 50
0.6925696274758764
  7
PLAT
 72
1
 11
2439.2046039819024
 21
1527.790141372932
 31
0.0
100
AcDbText
 73
2
  0
TEXT
  5
3B0
330
17
100
AcDbEntity
  8
PLAT-TEXT-LOWCONF
100
AcDbText
 10
802.0821430880468
 20
1494.102536009127
 30
0.0
 40
11.656562789680459
  1
wo
 50
50.133404971997834
  7
PLAT
 72
1
 11
802.0821430880468
 21
1494.102536009127
 31
0.0
100
AcDbText
 73
2
  0
TEXT
  5
3B1
330
17
100
AcDbEntity
  8
PLAT-TEXT-LOWCONF
100
AcDbText
 10
1991.3874659106164
 20
1520.034379029148
 30
0.0
 40
5.721865295683568
  1
s, ~
 50
90.6925696274759
  7
PLAT
 72
1
 11
1991.3874659106164
 21
1520.034379029148
 31
0.0
100
AcDbText
 73
2
  0
TEXT
  5
3B2
330
17
100
AcDbEntity
  8
PLAT-TEXT-LOWCONF
100
AcDbText
 10
790.2296732523241
 20
1494.4092189966373
 30
0.0
 40
8.65537863976025
  1
oo
 50
50.133404971997834
  7
PLAT
 72
1
 11
790.2296732523241
 21
1494.4092189966373
 31
0.0
100
AcDbText
 73
2
  0
TEXT
  5
3B3
330
17
100
AcDbEntity
  8
PLAT-TEXT-LOWCONF
100
AcDbText
 10
835.2433876562342
 20
1504.1980807629711
 30
0.0
 40
7.56868582842228
  1
L/S
 50
2.8310328456799425
  7
PLAT
 72
1
 11
835.2433876562342
 21
1504.1980807629711
 31
0.0
100
AcDbText
 73
2
  0
TEXT
  5
3B4
330
17
100
AcDbEntity
  8
PLAT-TEXT-LOWCONF
100
AcDbText
 10
2367.219318127155
 20
1516.8741931865711
 30
0.0
 40
15.593203924037415
  1
96 66/0 P2vefS10 pve Y2 2 QUP ASE, 6G/EG LEG Yf POL
 50
0.8443346687492976
  7
PLAT
 72
1
 11
2367.219318127155
 21
1516.8741931865711
 31
0.0
100
AcDbText
 73
2
  0
TEXT
  5
3B5
330
17
100
AcDbEntity
  8
PLAT-TEXT-LOWCONF
100
AcDbText
 10
1564.826749355908
 20
1511.6989776215132
 30
0.0
 40
5.3537920895284845
  1
"3
 50
0.6925696274758764
  7
PLAT
 72
1
 11
1564.826749355908
 21
1511.6989776215132
 31
0.0
100
AcDbText
 73
2
  0
TEXT
  5
3B6
330
17
100
AcDbEntity
  8
PLAT-TEXT-LOWCONF
100
AcDbText
 10
1148.9647456154428
 20
1504.162177395383
 30
0.0
 40
7.026852117506136
  1
3
 50
0.6925696274758764
  7
PLAT
 72
1
 11
1148.9647456154428
 21
1504.162177395383
 31
0.0
100
AcDbText
 73
2
  0
TEXT
  5
3B7
330
17
100
AcDbEntity
  8
PLAT-TEXT-MISC
100
AcDbText
 10
1863.3786956838103
 20
1506.6424430289885
 30
0.0
 40
16.55258610879231
  1
“of 894.08 feet 3
 50
0.8194266608810494
  7
PLAT
 72
1
 11
1863.3786956838103
 21
1506.6424430289885
 31
0.0
100
AcDbText
 73
2
  0
TEXT
  5
3B8
330
17
100
AcDbEntity
  8
PLAT-TEXT-LOWCONF
100
AcDbText
 10
2020.117143038765
 20
1510.1673476323779
 30
0.0
 40
13.867986003774721
  1
chord bears
 50
0.711916288795237
  7
PLAT
 72
1
 11
2020.117143038765
 21
1510.1673476323779
 31
0.0
100
AcDbText
 73
2
  0
TEXT
  5
3B9
330
17
100
AcDbEntity
  8
PLAT-TEXT-LOWCONF
100
AcDbText
 10
1524.097457181038
 20
1499.9778784939886
 30
0.0
 40
16.116519047979786
  1
%%dY ff] AY f Of eAUND BE
 50
1.8967016608704625
  7
PLAT
 72
1
 11
1524.097457181038
 21
1499.9778784939886
 31
0.0
100
AcDbText
 73
2
  0
TEXT
  5
3BA
330
17
100
AcDbEntity
  8
PLAT-TEXT-LOWCONF
100
AcDbText
 10
1740.8853607621336
 20
1504.3056877441154
 30
0.0
 40
14.55245434558454
  1
SAGOES
 50
1.6299730783633208
  7
PLAT
 72
1
 11
1740.8853607621336
 21
1504.3056877441154
 31
0.0
100
AcDbText
 73
2
  0
TEXT
  5
3BB
330
17
100
AcDbEntity
  8
PLAT-TEXT-LOWCONF
100
AcDbText
 10
1199.2631449804526
 20
1495.5881420244325
 30
0.0
 40
15.845447194971884
  1
e41'40" Egst 100.16 feet; thence run alo
 50
0.7707919114828883
  7
PLAT
 72
1
 11
1199.2631449804526
 21
1495.5881420244325
 31
0.0
100
AcDbText
 73
2
  0
TEXT
  5
3BC
330
17
100
AcDbEntity
  8
PLAT-TEXT-LOWCONF
100
AcDbText
 10
678.2996325044072
 20
1486.9732291767878
 30
0.0
 40
15.86674637507495
  1
wet 20" East LLY 260 feets
 50
1.2485367496807385
  7
PLAT
 72
1
 11
678.2996325044072
 21
1486.9732291767878
 31
0.0
100
AcDbText
 73
2
  0
TEXT
  5
3BD
330
17
100
AcDbEntity
  8
PLAT-TEXT-MISC
100
AcDbText
 10
896.6604380642253
 20
1489.3871531208442
 30
0.0
 40
14.978648927725537
  1
\ ence run South Ss
 50
1.9956346934856128
  7
PLAT
 72
1
 11
896.6604380642253
 21
1489.3871531208442
 31
0.0
100
AcDbText
 73
2
  0
TEXT
  5
3BE
330
17
100
AcDbEntity
  8
PLAT-TEXT-LOWCONF
100
AcDbText
 10
1899.20014738195
 20
1493.9610528560027
 30
0.0
 40
17.828127658129855
  1
trsorus 68%%dS8'32" OF Exst $94.08 85,32 feet feet 3 chord fo the besrin Northbr
 50
1.6066250391684207
  7
PLAT
 72
1
 11
1899.20014738195
 21
1493.9610528560027
 31
0.0
100
AcDbText
 73
2
  0
TEXT
  5
3BF
330
17
100
AcDbEntity
  8
PLAT-TEXT-LOWCONF
100
AcDbText
 10
986.4352693056417
 20
1481.3878206796326
 30
0.0
 40
10.980608374200811
  1
ee O
 50
49.38650406858187
  7
PLAT
 72
1
 11
986.4352693056417
 21
1481.3878206796326
 31
0.0
100
AcDbText
 73
2
  0
TEXT
  5
3C0
330
17
100
AcDbEntity
  8
PLAT-TEXT-LOWCONF
100
AcDbText
 10
1644.1003605192916
 20
1499.7669500633879
 30
0.0
 40
15.718581492071108
  1
ae!
 50
337.1157036963906
  7
PLAT
 72
1
 11
1644.1003605192916
 21
1499.7669500633879
 31
0.0
100
AcDbText
 73
2
  0
TEXT
  5
3C1
330
17
100
AcDbEntity
  8
PLAT-TEXT-LOWCONF
100
AcDbText
 10
1689.0504141924553
 20
1492.012572709974
 30
0.0
 40
10.246181369989966
  1
oS
 50
70.22637353259222
  7
PLAT
 72
1
 11
1689.0504141924553
 21
1492.012572709974
 31
0.0
100
AcDbText
 73
2
  0
TEXT
  5
3C2
330
17
100
AcDbEntity
  8
PLAT-TEXT-LOWCONF
100
AcDbText
 10
1663.855111558979
 20
1499.8452315269196
 30
0.0
 40
8.030688134292728
  1
9 ~
 50
90.6925696274759
  7
PLAT
 72
1
 11
1663.855111558979
 21
1499.8452315269196
 31
0.0
100
AcDbText
 73
2
  0
TEXT
  5
3C3
330
17
100
AcDbEntity
  8
PLAT-TEXT-LOWCONF
100
AcDbText
 10
2562.6747014653074
 20
1501.8030711155247
 30
0.0
 40
16.055629422542324
  1
“Beachwood Unit
 50
1.3299826128502445
  7
PLAT
 72
1
 11
2562.6747014653074
 21
1501.8030711155247
 31
0.0
100
AcDbText
 73
2
  0
TEXT
  5
3C4
330
17
100
AcDbEntity
  8
PLAT-TEXT-LOWCONF
100
AcDbText
 10
1221.0891434134899
 20
1489.4734371630427
 30
0.0
 40
4.818412880575636
  1
“4 1
 50
90.6925696274759
  7
PLAT
 72
1
 11
1221.0891434134899
 21
1489.4734371630427
 31
0.0
100
AcDbText
 73
2
  0
TEXT
  5
3C5
330
17
100
AcDbEntity
  8
PLAT-TEXT-MISC
100
AcDbText
 10
2143.602864930329
 20
1495.0211408739033
 30
0.0
 40
14.955749303907751
  1
West corner
 50
0.8525318836065026
  7
PLAT
 72
1
 11
2143.602864930329
 21
1495.0211408739033
 31
0.0
100
AcDbText
 73
2
  0
TEXT
  5
3C6
330
17
100
AcDbEntity
  8
PLAT-TEXT-LOWCONF
100
AcDbText
 10
2254.5278421773237
 20
1496.2661335241946
 30
0.0
 40
14.583797786569917
  1
of Lot 4,
 50
2.1108354190928367
  7
PLAT
 72
1
 11
2254.5278421773237
 21
1496.2661335241946
 31
0.0
100
AcDbText
 73
2
  0
TEXT
  5
3C7
330
17
100
AcDbEntity
  8
PLAT-TEXT-LOWCONF
100
AcDbText
 10
2421.203043225356
 20
1496.774922544112
 30
0.0
 40
17.828127658129855
  1
Beats “of Sa
 50
338.86966720737485
  7
PLAT
 72
1
 11
2421.203043225356
 21
1496.774922544112
 31
0.0
100
AcDbText
 73
2
  0
TEXT
  5
3C8
330
17
100
AcDbEntity
  8
PLAT-TEXT-LOWCONF
100
AcDbText
 10
2315.7082464961304
 20
1497.1038652642744
 30
0.0
 40
13.256925768900945
  1
Se
 50
17.83978171822963
  7
PLAT
 72
1
 11
2315.7082464961304
 21
1497.1038652642744
 31
0.0
100
AcDbText
 73
2
  0
TEXT
  5
3C9
330
17
100
AcDbEntity
  8
PLAT-TEXT-LOWCONF
100
AcDbText
 10
2365.4290343983466
 20
1497.9346718025868
 30
0.0
 40
16.01022594262631
  1
"45
 50
6.22234406231712
  7
PLAT
 72
1
 11
2365.4290343983466
 21
1497.9346718025868
 31
0.0
100
AcDbText
 73
2
  0
TEXT
  5
3CA
330
17
100
AcDbEntity
  8
PLAT-TEXT-LOWCONF
100
AcDbText
 10
2455.1763569195946
 20
1490.9053103744934
 30
0.0
 40
14.475797025399295
  1
xy Ea al
 50
72.41055240053083
  7
PLAT
 72
1
 11
2455.1763569195946
 21
1490.9053103744934
 31
0.0
100
AcDbText
 73
2
  0
TEXT
  5
3CB
330
17
100
AcDbEntity
  8
PLAT-TEXT-LOWCONF
100
AcDbText
 10
761.846396617654
 20
1470.3873006806382
 30
0.0
 40
8.667628000405683
  1
ee
 50
50.133404971997834
  7
PLAT
 72
1
 11
761.846396617654
 21
1470.3873006806382
 31
0.0
100
AcDbText
 73
2
  0
TEXT
  5
3CC
330
17
100
AcDbEntity
  8
PLAT-TEXT-LOWCONF
100
AcDbText
 10
1488.5512871853946
 20
1482.1592559857222
 30
0.0
 40
15.346628578453958
  1
90.51 feet: thence
 50
0.7136225341262161
  7
PLAT
 72
1
 11
1488.5512871853946
 21
1482.1592559857222
 31
0.0
100
AcDbText
 73
2
  0
TEXT
  5
3CD
330
17
100
AcDbEntity
  8
PLAT-TEXT-LOWCONF
100
AcDbText
 10
1644.8538035517831
 20
1483.267705008825
 30
0.0
 40
17.828127658129855
  1
ON,
 50
337.1157036963906
  7
PLAT
 72
1
 11
1644.8538035517831
 21
1483.267705008825
 31
0.0
100
AcDbText
 73
2
  0
TEXT
  5
3CE
330
17
100
AcDbEntity
  8
PLAT-TEXT-LOWCONF
100
AcDbText
 10
1670.9768064449063
 20
1485.0175978161178
 30
0.0
 40
9.888924602283806
  1
a
 50
39.18948358719166
  7
PLAT
 72
1
 11
1670.9768064449063
 21
1485.0175978161178
 31
0.0
100
AcDbText
 73
2
  0
TEXT
  5
3CF
330
17
100
AcDbEntity
  8
PLAT-TEXT-LOWCONF
100
AcDbText
 10
1027.7795593405049
 20
1474.1743578386136
 30
0.0
 40
14.979424950181992
  1
‘poy
 50
4.535547073728139
  7
PLAT
 72
1
 11
1027.7795593405049
 21
1474.1743578386136
 31
0.0
100
AcDbText
 73
2
  0
TEXT
  5
3D0
330
17
100
AcDbEntity
  8
PLAT-TEXT-MISC
100
AcDbText
 10
1094.4169110378107
 20
1475.267611261445
 30
0.0
 40
15.777192532803909
  1
thence,
 50
357.8692517501812
  7
PLAT
 72
1
 11
1094.4169110378107
 21
1475.267611261445
 31
0.0
100
AcDbText
 73
2
  0
TEXT
  5
3D1
330
17
100
AcDbEntity
  8
PLAT-TEXT-UNASSOC
100
AcDbText
 10
2328.775107563126
 20
1486.0104633660694
 30
0.0
 40
9.311081426287606
  1
~ 24 =.
 50
70.65867310421964
  7
PLAT
 72
1
 11
2328.775107563126
 21
1486.0104633660694
 31
0.0
100
AcDbText
 73
2
  0
TEXT
  5
3D2
330
17
100
AcDbEntity
  8
PLAT-TEXT-LOWCONF
100
AcDbText
 10
2339.425528779481
 20
1486.204776829216
 30
0.0
 40
8.785872301575756
  1
TA
 50
70.6586731042197
  7
PLAT
 72
1
 11
2339.425528779481
 21
1486.204776829216
 31
0.0
100
AcDbText
 73
2
  0
TEXT
  5
3D3
330
17
100
AcDbEntity
  8
PLAT-TEXT-MISC
100
AcDbText
 10
1278.9200384192545
 20
1478.5797677916457
 30
0.0
 40
14.19916862112162
  1
South 65%%d48'08" Ea:
 50
1.2499265690131551
  7
PLAT
 72
1
 11
1278.9200384192545
 21
1478.5797677916457
 31
0.0
100
AcDbText
 73
2
  0
TEXT
  5
3D4
330
17
100
AcDbEntity
  8
PLAT-TEXT-LOWCONF
100
AcDbText
 10
642.1624567024089
 20
1468.5370036904114
 30
0.0
 40
16.49960559669119
  1
feet; thence
 50
359.6808306181066
  7
PLAT
 72
1
 11
642.1624567024089
 21
1468.5370036904114
 31
0.0
100
AcDbText
 73
2
  0
TEXT
  5
3D5
330
17
100
AcDbEntity
  8
PLAT-TEXT-LOWCONF
100
AcDbText
 10
806.864232038514
 20
1471.0807417532533
 30
0.0
 40
15.057540251798862
  1
A
 50
0.6925696274758764
  7
PLAT
 72
1
 11
806.864232038514
 21
1471.0807417532533
 31
0.0
100
AcDbText
 73
2
  0
TEXT
  5
3D6
330
17
100
AcDbEntity
  8
PLAT-TEXT-LOWCONF
100
AcDbText
 10
956.0923064012248
 20
1472.7173236850822
 30
0.0
 40
14.756389446762885
  1
f
 50
0.6925696274759048
  7
PLAT
 72
1
 11
956.0923064012248
 21
1472.7173236850822
 31
0.0
100
AcDbText
 73
2
  0
TEXT
  5
3D7
330
17
100
AcDbEntity
  8
PLAT-TEXT-LOWCONF
100
AcDbText
 10
883.1524223627313
 20
1470.8508662556967
 30
0.0
 40
12.906830117061418
  1
%%dP2,, Z21EF 08:
 50
1.1321175016202005
  7
PLAT
 72
1
 11
883.1524223627313
 21
1470.8508662556967
 31
0.0
100
AcDbText
 73
2
  0
TEXT
  5
3D8
330
17
100
AcDbEntity
  8
PLAT-TEXT-LOWCONF
100
AcDbText
 10
821.8262770369233
 20
1460.7667361845924
 30
0.0
 40
12.344988705818233
  1
Sort
 50
50.133404971997834
  7
PLAT
 72
1
 11
821.8262770369233
 21
1460.7667361845924
 31
0.0
100
AcDbText
 73
2
  0
TEXT
  5
3D9
330
17
100
AcDbEntity
  8
PLAT-TEXT-LOWCONF
100
AcDbText
 10
989.3382786149131
 20
1463.0395467017775
 30
0.0
 40
13.126368265318735
  1
- ot
 50
49.38650406858187
  7
PLAT
 72
1
 11
989.3382786149131
 21
1463.0395467017775
 31
0.0
100
AcDbText
 73
2
  0
TEXT
  5
3DA
330
17
100
AcDbEntity
  8
PLAT-TEXT-LOWCONF
100
AcDbText
 10
1605.6849991018885
 20
1480.5318787843412
 30
0.0
 40
8.277803644400006
  1
TUN
 50
2.5289666451832318
  7
PLAT
 72
1
 11
1605.6849991018885
 21
1480.5318787843412
 31
0.0
100
AcDbText
 73
2
  0
TEXT
  5
3DB
330
17
100
AcDbEntity
  8
PLAT-TEXT-LOWCONF
100
AcDbText
 10
1382.1536346862133
 20
1467.7462957643552
 30
0.0
 40
17.828127658129855
  1
wy as
 50
75.71801044939485
  7
PLAT
 72
1
 11
1382.1536346862133
 21
1467.7462957643552
 31
0.0
100
AcDbText
 73
2
  0
TEXT
  5
3DC
330
17
100
AcDbEntity
  8
PLAT-TEXT-LOWCONF
100
AcDbText
 10
1157.6980408965976
 20
1472.8282835462373
 30
0.0
 40
8.17204591292649
  1
Uns
 50
1.95107257186055
  7
PLAT
 72
1
 11
1157.6980408965976
 21
1472.8282835462373
 31
0.0
100
AcDbText
 73
2
  0
TEXT
  5
3DD
330
17
100
AcDbEntity
  8
PLAT-TEXT-LOWCONF
100
AcDbText
 10
2548.8542336684727
 20
1482.262539161273
 30
0.0
 40
17.828127658129855
  1
“Line fo fhe pont.
 50
0.8703337592663729
  7
PLAT
 72
1
 11
2548.8542336684727
 21
1482.262539161273
 31
0.0
100
AcDbText
 73
2
  0
TEXT
  5
3DE
330
17
100
AcDbEntity
  8
PLAT-TEXT-LOWCONF
100
AcDbText
 10
937.3868992099857
 20
1463.874798859761
 30
0.0
 40
6.984790968345066
  1
a>,
 50
49.38650406858187
  7
PLAT
 72
1
 11
937.3868992099857
 21
1463.874798859761
 31
0.0
100
AcDbText
 73
2
  0
TEXT
  5
3DF
330
17
100
AcDbEntity
  8
PLAT-TEXT-LOWCONF
100
AcDbText
 10
772.1176827784873
 20
1466.477762549051
 30
0.0
 40
8.365300139888257
  1
8
 50
90.6925696274759
  7
PLAT
 72
1
 11
772.1176827784873
 21
1466.477762549051
 31
0.0
100
AcDbText
 73
2
  0
TEXT
  5
3E0
330
17
100
AcDbEntity
  8
PLAT-TEXT-LOWCONF
100
AcDbText
 10
780.2136706821753
 20
1458.2858232701933
 30
0.0
 40
8.587383838095256
  1
ee
 50
50.133404971997834
  7
PLAT
 72
1
 11
780.2136706821753
 21
1458.2858232701933
 31
0.0
100
AcDbText
 73
2
  0
TEXT
  5
3E1
330
17
100
AcDbEntity
  8
PLAT-TEXT-LOWCONF
100
AcDbText
 10
2207.311897729426
 20
1476.9088611205743
 30
0.0
 40
14.237828513621352
  1
ta Plan
 50
8.10250455182205
  7
PLAT
 72
1
 11
2207.311897729426
 21
1476.9088611205743
 31
0.0
100
AcDbText
 73
2
  0
TEXT
  5
3E2
330
17
100
AcDbEntity
  8
PLAT-TEXT-LOWCONF
100
AcDbText
 10
726.4203816679003
 20
1465.3944177011606
 30
0.0
 40
7.966738723361944
  1
€//2./
 50
2.603120351951702
  7
PLAT
 72
1
 11
726.4203816679003
 21
1465.3944177011606
 31
0.0
100
AcDbText
 73
2
  0
TEXT
  5
3E3
330
17
100
AcDbEntity
  8
PLAT-TEXT-LOWCONF
100
AcDbText
 10
2301.9433269262836
 20
1476.230816676344
 30
0.0
 40
19.381635566094108
  1
= 8
 50
70.65045718810632
  7
PLAT
 72
1
 11
2301.9433269262836
 21
1476.230816676344
 31
0.0
100
AcDbText
 73
2
  0
TEXT
  5
3E4
330
17
100
AcDbEntity
  8
PLAT-TEXT-LOWCONF
100
AcDbText
 10
1498.5315444849596
 20
1473.2509864474318
 30
0.0
 40
8.365300139888257
  1
7
 50
0.6925696274758764
  7
PLAT
 72
1
 11
1498.5315444849596
 21
1473.2509864474318
 31
0.0
100
AcDbText
 73
2
  0
TEXT
  5
3E5
330
17
100
AcDbEntity
  8
PLAT-TEXT-LOWCONF
100
AcDbText
 10
2260.8413458856307
 20
1478.449987887681
 30
0.0
 40
14.408015456333846
  1
, Nor fs
 50
4.151385009835053
  7
PLAT
 72
1
 11
2260.8413458856307
 21
1478.449987887681
 31
0.0
100
AcDbText
 73
2
  0
TEXT
  5
3E6
330
17
100
AcDbEntity
  8
PLAT-TEXT-MISC
100
AcDbText
 10
2377.4248755387466
 20
1480.5994285457364
 30
0.0
 40
13.686347873695512
  1
bo any
 50
359.8580703010383
  7
PLAT
 72
1
 11
2377.4248755387466
 21
1480.5994285457364
 31
0.0
100
AcDbText
 73
2
  0
TEXT
  5
3E7
330
17
100
AcDbEntity
  8
PLAT-TEXT-MISC
100
AcDbText
 10
1945.9815944154298
 20
1469.775217113674
 30
0.0
 40
17.828127658129855
  1
“pan South 87%%d35'30" West 1626, 37 feet slong
 50
0.7991547064925726
  7
PLAT
 72
1
 11
1945.9815944154298
 21
1469.775217113674
 31
0.0
100
AcDbText
 73
2
  0
TEXT
  5
3E8
330
17
100
AcDbEntity
  8
PLAT-TEXT-LOWCONF
100
AcDbText
 10
2418.9372296360702
 20
1479.4311980387645
 30
0.0
 40
17.13707657459051
  1
oP ‘
 50
338.86966720737485
  7
PLAT
 72
1
 11
2418.9372296360702
 21
1479.4311980387645
 31
0.0
100
AcDbText
 73
2
  0
TEXT
  5
3E9
330
17
100
AcDbEntity
  8
PLAT-TEXT-LOWCONF
100
AcDbText
 10
1408.0357207215052
 20
1471.3204628816284
 30
0.0
 40
4.216111270503682
  1
“A
 50
90.6925696274759
  7
PLAT
 72
1
 11
1408.0357207215052
 21
1471.3204628816284
 31
0.0
100
AcDbText
 73
2
  0
TEXT
  5
3EA
330
17
100
AcDbEntity
  8
PLAT-TEXT-LOWCONF
100
AcDbText
 10
621.4405882938221
 20
1460.1387542274642
 30
0.0
 40
5.3537920895284845
  1
“4
 50
90.6925696274759
  7
PLAT
 72
1
 11
621.4405882938221
 21
1460.1387542274642
 31
0.0
100
AcDbText
 73
2
  0
TEXT
  5
3EB
330
17
100
AcDbEntity
  8
PLAT-TEXT-LOWCONF
100
AcDbText
 10
1045.862886783253
 20
1465.4365779201794
 30
0.0
 40
5.119563685611613
  1
“ A
 50
90.6925696274759
  7
PLAT
 72
1
 11
1045.862886783253
 21
1465.4365779201794
 31
0.0
100
AcDbText
 73
2
  0
TEXT
  5
3EC
330
17
100
AcDbEntity
  8
PLAT-TEXT-LOWCONF
100
AcDbText
 10
1538.0868560135302
 20
1465.8504928917428
 30
0.0
 40
14.718926480809328
  1
beeen of satd yp greta Section ec wees 32;
 50
1.0405089768997868
  7
PLAT
 72
1
 11
1538.0868560135302
 21
1465.8504928917428
 31
0.0
100
AcDbText
 73
2
  0
TEXT
  5
3ED
330
17
100
AcDbEntity
  8
PLAT-TEXT-LOWCONF
100
AcDbText
 10
1652.9217822389792
 20
1467.1497143383403
 30
0.0
 40
17.828127658129855
  1
= ae
 50
67.1157036963906
  7
PLAT
 72
1
 11
1652.9217822389792
 21
1467.1497143383403
 31
0.0
100
AcDbText
 73
2
  0
TEXT
  5
3EE
330
17
100
AcDbEntity
  8
PLAT-TEXT-MISC
100
AcDbText
 10
1139.5142043192961
 20
1455.642076104733
 30
0.0
 40
17.828127658129855
  1
7247 95 feet tothe Northerly
 50
0.5444518444082576
  7
PLAT
 72
1
 11
1139.5142043192961
 21
1455.642076104733
 31
0.0
100
AcDbText
 73
2
  0
TEXT
  5
3EF
330
17
100
AcDbEntity
  8
PLAT-TEXT-LOWCONF
100
AcDbText
 10
1311.0377689690545
 20
1461.1885300723768
 30
0.0
 40
13.782957326164565
  1
oun.
 50
359.29795186641894
  7
PLAT
 72
1
 11
1311.0377689690545
 21
1461.1885300723768
 31
0.0
100
AcDbText
 73
2
  0
TEXT
  5
3F0
330
17
100
AcDbEntity
  8
PLAT-TEXT-LOWCONF
100
AcDbText
 10
1352.0163027208544
 20
1460.0799776782042
 30
0.0
 40
17.828127658129855
  1
a
 50
67.00792423536348
  7
PLAT
 72
1
 11
1352.0163027208544
 21
1460.0799776782042
 31
0.0
100
AcDbText
 73
2
  0
TEXT
  5
3F1
330
17
100
AcDbEntity
  8
PLAT-TEXT-MISC
100
AcDbText
 10
1412.891103363385
 20
1462.9230181631092
 30
0.0
 40
13.761379325095756
  1
‘fine
 50
359.53855724080796
  7
PLAT
 72
1
 11
1412.891103363385
 21
1462.9230181631092
 31
0.0
100
AcDbText
 73
2
  0
TEXT
  5
3F2
330
17
100
AcDbEntity
  8
PLAT-TEXT-MISC
100
AcDbText
 10
2436.124758623997
 20
1478.059398398063
 30
0.0
 40
6.6253177107915
  1
Tre
 50
0.6925696274758764
  7
PLAT
 72
1
 11
2436.124758623997
 21
1478.059398398063
 31
0.0
100
AcDbText
 73
2
  0
TEXT
  5
3F3
330
17
100
AcDbEntity
  8
PLAT-TEXT-LOWCONF
100
AcDbText
 10
635.7271812368427
 20
1447.1440915932105
 30
0.0
 40
17.828127658129855
  1
wnteh Sy
 50
329.94445715529434
  7
PLAT
 72
1
 11
635.7271812368427
 21
1447.1440915932105
 31
0.0
100
AcDbText
 73
2
  0
TEXT
  5
3F4
330
17
100
AcDbEntity
  8
PLAT-TEXT-LOWCONF
100
AcDbText
 10
828.4982646830605
 20
1453.104571814221
 30
0.0
 40
15.057540251798862
  1
11
 50
0.6925696274759048
  7
PLAT
 72
1
 11
828.4982646830605
 21
1453.104571814221
 31
0.0
100
AcDbText
 73
2
  0
TEXT
  5
3F5
330
17
100
AcDbEntity
  8
PLAT-TEXT-LOWCONF
100
AcDbText
 10
885.0603941949497
 20
1453.01918278009
 30
0.0
 40
12.526112846921428
  1
OF IF of
 50
1.4100916752331614
  7
PLAT
 72
1
 11
885.0603941949497
 21
1453.01918278009
 31
0.0
100
AcDbText
 73
2
  0
TEXT
  5
3F6
330
17
100
AcDbEntity
  8
PLAT-TEXT-LOWCONF
100
AcDbText
 10
959.4770083742452
 20
1454.2239983198097
 30
0.0
 40
12.76538835498249
  1
{So Y.
 50
1.2383564481428948
  7
PLAT
 72
1
 11
959.4770083742452
 21
1454.2239983198097
 31
0.0
100
AcDbText
 73
2
  0
TEXT
  5
3F7
330
17
100
AcDbEntity
  8
PLAT-TEXT-LOWCONF
100
AcDbText
 10
1687.6218130395782
 20
1465.1449406891606
 30
0.0
 40
11.519770047444197
  1
PIL 2,
 50
8.152593641791896
  7
PLAT
 72
1
 11
1687.6218130395782
 21
1465.1449406891606
 31
0.0
100
AcDbText
 73
2
  0
TEXT
  5
3F8
330
17
100
AcDbEntity
  8
PLAT-TEXT-MISC
100
AcDbText
 10
1369.5324172116984
 20
1459.14275107092
 30
0.0
 40
6.6253177107915
  1
wre
 50
0.6925696274758764
  7
PLAT
 72
1
 11
1369.5324172116984
 21
1459.14275107092
 31
0.0
100
AcDbText
 73
2
  0
TEXT
  5
3F9
330
17
100
AcDbEntity
  8
PLAT-TEXT-LOWCONF
100
AcDbText
 10
704.428960621578
 20
1439.0813725488952
 30
0.0
 40
13.467233903356478
  1
v&
 50
74.68641408992477
  7
PLAT
 72
1
 11
704.428960621578
 21
1439.0813725488952
 31
0.0
100
AcDbText
 73
2
  0
TEXT
  5
3FA
330
17
100
AcDbEntity
  8
PLAT-TEXT-LOWCONF
100
AcDbText
 10
798.7121789873701
 20
1449.7742399213148
 30
0.0
 40
8.579033367706757
  1
or,
 50
7.320190268232864
  7
PLAT
 72
1
 11
798.7121789873701
 21
1449.7742399213148
 31
0.0
100
AcDbText
 73
2
  0
TEXT
  5
3FB
330
17
100
AcDbEntity
  8
PLAT-TEXT-LOWCONF
100
AcDbText
 10
692.8729692021099
 20
1438.3713424155835
 30
0.0
 40
12.847924996721504
  1
We
 50
74.68641408992477
  7
PLAT
 72
1
 11
692.8729692021099
 21
1438.3713424155835
 31
0.0
100
AcDbText
 73
2
  0
TEXT
  5
3FC
330
17
100
AcDbEntity
  8
PLAT-TEXT-LOWCONF
100
AcDbText
 10
738.5421347501973
 20
1448.0094047924435
 30
0.0
 40
7.576608699765082
  1
Con
 50
0.8612279899741679
  7
PLAT
 72
1
 11
738.5421347501973
 21
1448.0094047924435
 31
0.0
100
AcDbText
 73
2
  0
TEXT
  5
3FD
330
17
100
AcDbEntity
  8
PLAT-TEXT-LOWCONF
100
AcDbText
 10
1628.2070250088047
 20
1459.0906175075938
 30
0.0
 40
5.688404095124015
  1
“ 4
 50
90.6925696274759
  7
PLAT
 72
1
 11
1628.2070250088047
 21
1459.0906175075938
 31
0.0
100
AcDbText
 73
2
  0
TEXT
  5
3FE
330
17
100
AcDbEntity
  8
PLAT-TEXT-LOWCONF
100
AcDbText
 10
622.5075973651137
 20
1441.0773746774432
 30
0.0
 40
6.6253177107915
  1
F
 50
0.6925696274758764
  7
PLAT
 72
1
 11
622.5075973651137
 21
1441.0773746774432
 31
0.0
100
AcDbText
 73
2
  0
TEXT
  5
3FF
330
17
100
AcDbEntity
  8
PLAT-TEXT-LOWCONF
100
AcDbText
 10
625.5417051707861
 20
1428.7401270087043
 30
0.0
 40
17.828127658129855
  1
BT weed
 50
329.94445715529434
  7
PLAT
 72
1
 11
625.5417051707861
 21
1428.7401270087043
 31
0.0
100
AcDbText
 73
2
  0
TEXT
  5
400
330
17
100
AcDbEntity
  8
PLAT-TEXT-LOWCONF
100
AcDbText
 10
712.3610913168727
 20
1426.9375839178078
 30
0.0
 40
3.680732061550833
  1
“4
 50
0.6925696274759048
  7
PLAT
 72
1
 11
712.3610913168727
 21
1426.9375839178078
 31
0.0
100
AcDbText
 73
2
  0
TEXT
  5
401
330
17
100
AcDbEntity
  8
PLAT-TEXT-LOWCONF
100
AcDbText
 10
1168.011590509344
 20
1368.027999788845
 30
0.0
 40
9.644841986664181
  1
Oe x
 50
0.6701391568979602
  7
PLAT
 72
1
 11
1168.011590509344
 21
1368.027999788845
 31
0.0
100
AcDbText
 73
2
  0
TEXT
  5
402
330
17
100
AcDbEntity
  8
PLAT-TEXT-LOWCONF
100
AcDbText
 10
1228.7782723939035
 20
1365.581221021839
 30
0.0
 40
13.55579368167157
  1
_ o
 50
0.6701391568979733
  7
PLAT
 72
1
 11
1228.7782723939035
 21
1365.581221021839
 31
0.0
100
AcDbText
 73
2
  0
TEXT
  5
403
330
17
100
AcDbEntity
  8
PLAT-TEXT-LOWCONF
100
AcDbText
 10
1317.7495401550664
 20
1368.9986287039117
 30
0.0
 40
8.725518243451827
  1
Ld sao’
 50
0.7202417419777021
  7
PLAT
 72
1
 11
1317.7495401550664
 21
1368.9986287039117
 31
0.0
100
AcDbText
 73
2
  0
TEXT
  5
404
330
17
100
AcDbEntity
  8
PLAT-TEXT-LOWCONF
100
AcDbText
 10
1417.779606192064
 20
1357.3272187859932
 30
0.0
 40
10.239127371223226
  1
a
 50
0.6925696274759048
  7
PLAT
 72
1
 11
1417.779606192064
 21
1357.3272187859932
 31
0.0
100
AcDbText
 73
2
  0
TEXT
  5
405
330
17
100
AcDbEntity
  8
PLAT-TEXT-LOWCONF
100
AcDbText
 10
638.7484028721768
 20
1303.4037742944365
 30
0.0
 40
3.9108839204983514
  1
Fa ee ee ee ee
 50
91.54418661131797
  7
PLAT
 72
1
 11
638.7484028721768
 21
1303.4037742944365
 31
0.0
100
AcDbText
 73
2
  0
TEXT
  5
406
330
17
100
AcDbEntity
  8
PLAT-TEXT-LOWCONF
100
AcDbText
 10
1315.5088642104777
 20
1333.1394541709865
 30
0.0
 40
12.313771205261741
  1
Scale
 50
0.544913910702249
  7
PLAT
 72
1
 11
1315.5088642104777
 21
1333.1394541709865
 31
0.0
100
AcDbText
 73
2
  0
TEXT
  5
407
330
17
100
AcDbEntity
  8
PLAT-TEXT-LOWCONF
100
AcDbText
 10
1230.1492133745992
 20
1329.775329434413
 30
0.0
 40
19.809030731255394
  1
“3,
 50
24.343605825736745
  7
PLAT
 72
1
 11
1230.1492133745992
 21
1329.775329434413
 31
0.0
100
AcDbText
 73
2
  0
TEXT
  5
408
330
17
100
AcDbEntity
  8
PLAT-TEXT-LOWCONF
100
AcDbText
 10
1280.5749245182578
 20
1315.1207006833763
 30
0.0
 40
12.780115353754674
  1
Seale rnteet:!2100%%d
 50
1.1664048812446026
  7
PLAT
 72
1
 11
1280.5749245182578
 21
1315.1207006833763
 31
0.0
100
AcDbText
 73
2
  0
TEXT
  5
409
330
17
100
AcDbEntity
  8
PLAT-TEXT-LOWCONF
100
AcDbText
 10
852.5960273653496
 20
1298.5344254603983
 30
0.0
 40
13.607858935429277
  1
§ ee
 50
355.48581634015574
  7
PLAT
 72
1
 11
852.5960273653496
 21
1298.5344254603983
 31
0.0
100
AcDbText
 73
2
  0
TEXT
  5
40A
330
17
100
AcDbEntity
  8
PLAT-TEXT-LOWCONF
100
AcDbText
 10
1600.753779026305
 20
1305.0692248613723
 30
0.0
 40
17.828127658129855
  1
8, god
 50
340.06839584911637
  7
PLAT
 72
1
 11
1600.753779026305
 21
1305.0692248613723
 31
0.0
100
AcDbText
 73
2
  0
TEXT
  5
40B
330
17
100
AcDbEntity
  8
PLAT-TEXT-LOWCONF
100
AcDbText
 10
1723.312295388974
 20
1315.0080496169076
 30
0.0
 40
4.517262075539659
  1
v
 50
0.6925696274759048
  7
PLAT
 72
1
 11
1723.312295388974
 21
1315.0080496169076
 31
0.0
100
AcDbText
 73
2
  0
TEXT
  5
40C
330
17
100
AcDbEntity
  8
PLAT-TEXT-LOWCONF
100
AcDbText
 10
1796.0139353371826
 20
1308.1268297846818
 30
0.0
 40
13.344878163408163
  1
EOICATION.
 50
0.8420584859912879
  7
PLAT
 72
1
 11
1796.0139353371826
 21
1308.1268297846818
 31
0.0
100
AcDbText
 73
2
  0
TEXT
  5
40D
330
17
100
AcDbEntity
  8
PLAT-TEXT-MISC
100
AcDbText
 10
2569.4953626496863
 20
1304.557655656502
 30
0.0
 40
14.800597293051522
  1
of #he
 50
2.281881397443044
  7
PLAT
 72
1
 11
2569.4953626496863
 21
1304.557655656502
 31
0.0
100
AcDbText
 73
2
  0
TEXT
  5
40E
330
17
100
AcDbEntity
  8
PLAT-TEXT-LOWCONF
100
AcDbText
 10
2232.9997108197936
 20
1297.7168733424328
 30
0.0
 40
17.828127658129855
  1
Boutevarn Estares.tnc.,a corporation under the Laws
 50
0.8420584859912879
  7
PLAT
 72
1
 11
2232.9997108197936
 21
1297.7168733424328
 31
0.0
100
AcDbText
 73
2
  0
TEXT
  5
40F
330
17
100
AcDbEntity
  8
PLAT-TEXT-LOWCONF
100
AcDbText
 10
1673.2420365743578
 20
1286.3192619969518
 30
0.0
 40
17.828127658129855
  1
Tis N Se Yh it ce:
 50
348.60503685626077
  7
PLAT
 72
1
 11
1673.2420365743578
 21
1286.3192619969518
 31
0.0
100
AcDbText
 73
2
  0
TEXT
  5
410
330
17
100
AcDbEntity
  8
PLAT-TEXT-MISC
100
AcDbText
 10
1863.1330606000815
 20
1291.6838667446705
 30
0.0
 40
14.08725419102337
  1
thet BEACH
 50
0.8420584859912879
  7
PLAT
 72
1
 11
1863.1330606000815
 21
1291.6838667446705
 31
0.0
100
AcDbText
 73
2
  0
TEXT
  5
411
330
17
100
AcDbEntity
  8
PLAT-TEXT-LOWCONF
100
AcDbText
 10
1761.6406805303807
 20
1289.6135782682616
 30
0.0
 40
13.98356209891788
  1
Ly
 50
9.539710942270062
  7
PLAT
 72
1
 11
1761.6406805303807
 21
1289.6135782682616
 31
0.0
100
AcDbText
 73
2
  0
TEXT
  5
412
330
17
100
AcDbEntity
  8
PLAT-TEXT-LOWCONF
100
AcDbText
 10
955.2919284281347
 20
1275.9414146209278
 30
0.0
 40
9.93797656618725
  1
Ss,
 50
0.6925696274758764
  7
PLAT
 72
1
 11
955.2919284281347
 21
1275.9414146209278
 31
0.0
100
AcDbText
 73
2
  0
TEXT
  5
413
330
17
100
AcDbEntity
  8
PLAT-TEXT-LOWCONF
100
AcDbText
 10
1778.1357652159916
 20
1278.1914845276974
 30
0.0
 40
17.828127658129855
  1
SS BK
 50
90.6925696274759
  7
PLAT
 72
1
 11
1778.1357652159916
 21
1278.1914845276974
 31
0.0
100
AcDbText
 73
2
  0
TEXT
  5
414
330
17
100
AcDbEntity
  8
PLAT-TEXT-LOWCONF
100
AcDbText
 10
968.578916953121
 20
1270.245892601247
 30
0.0
 40
12.71525621263015
  1
4
 50
0.6925696274758764
  7
PLAT
 72
1
 11
968.578916953121
 21
1270.245892601247
 31
0.0
100
AcDbText
 73
2
  0
TEXT
  5
415
330
17
100
AcDbEntity
  8
PLAT-TEXT-LOWCONF
100
AcDbText
 10
733.5372223948284
 20
1266.9027047852537
 30
0.0
 40
10.540278176259205
  1
J
 50
0.6925696274758764
  7
PLAT
 72
1
 11
733.5372223948284
 21
1266.9027047852537
 31
0.0
100
AcDbText
 73
2
  0
TEXT
  5
416
330
17
100
AcDbEntity
  8
PLAT-TEXT-LOWCONF
100
AcDbText
 10
2595.675560659126
 20
1278.744360022316
 30
0.0
 40
13.613116489239873
  1
aa
 50
74.71627863782396
  7
PLAT
 72
1
 11
2595.675560659126
 21
1278.744360022316
 31
0.0
100
AcDbText
 73
2
  0
TEXT
  5
417
330
17
100
AcDbEntity
  8
PLAT-TEXT-LOWCONF
100
AcDbText
 10
2181.034909548615
 20
1278.0130153758712
 30
0.0
 40
17.828127658129855
  1
YewFul ovner of the lands described in the captian hereon and thst thas cause
 50
0.9245688590532382
  7
PLAT
 72
1
 11
2181.034909548615
 21
1278.0130153758712
 31
0.0
100
AcDbText
 73
2
  0
TEXT
  5
418
330
17
100
AcDbEntity
  8
PLAT-TEXT-LOWCONF
100
AcDbText
 10
800.8014557924103
 20
1266.7118995428955
 30
0.0
 40
9.703748162270378
  1
7
 50
0.6925696274759048
  7
PLAT
 72
1
 11
800.8014557924103
 21
1266.7118995428955
 31
0.0
100
AcDbText
 73
2
  0
TEXT
  5
419
330
17
100
AcDbEntity
  8
PLAT-TEXT-MISC
100
AcDbText
 10
1676.9702999266194
 20
1271.3144749347462
 30
0.0
 40
15.08727909097018
  1
of Florids ts the
 50
1.0496034254877031
  7
PLAT
 72
1
 11
1676.9702999266194
 21
1271.3144749347462
 31
0.0
100
AcDbText
 73
2
  0
TEXT
  5
41A
330
17
100
AcDbEntity
  8
PLAT-TEXT-LOWCONF
100
AcDbText
 10
1558.8047445201382
 20
1268.8774561352607
 30
0.0
 40
17.828127658129855
  1
steht
 50
340.0683958491164
  7
PLAT
 72
1
 11
1558.8047445201382
 21
1268.8774561352607
 31
0.0
100
AcDbText
 73
2
  0
TEXT
  5
41B
330
17
100
AcDbEntity
  8
PLAT-TEXT-LOWCONF
100
AcDbText
 10
267.40877118250114
 20
1251.396271284559
 30
0.0
 40
4.216111270503682
  1
i
 50
0.6925696274759048
  7
PLAT
 72
1
 11
267.40877118250114
 21
1251.396271284559
 31
0.0
100
AcDbText
 73
2
  0
TEXT
  5
41C
330
17
100
AcDbEntity
  8
PLAT-TEXT-LOWCONF
100
AcDbText
 10
1001.9919606385347
 20
1254.8328530304334
 30
0.0
 40
10.684617809663523
  1
Fa
 50
352.3783266209697
  7
PLAT
 72
1
 11
1001.9919606385347
 21
1254.8328530304334
 31
0.0
100
AcDbText
 73
2
  0
TEXT
  5
41D
330
17
100
AcDbEntity
  8
PLAT-TEXT-LOWCONF
100
AcDbText
 10
2049.7874936398607
 20
1256.4627781294068
 30
0.0
 40
17.828127658129855
  1
be ta foe surveyed OE 8 and nL subdivided nen aD and a ha this plat nd made tt Sn rng en een ecordeace ene hon with lawante said ann: 3.
 50
0.8420584859912879
  7
PLAT
 72
1
 11
2049.7874936398607
 21
1256.4627781294068
 31
0.0
100
AcDbText
 73
2
  0
TEXT
  5
41E
330
17
100
AcDbEntity
  8
PLAT-TEXT-LOWCONF
100
AcDbText
 10
2523.907657574536
 20
1266.8586854110183
 30
0.0
 40
13.988559772633337
  1
WS Des
 50
3.5217461731997446
  7
PLAT
 72
1
 11
2523.907657574536
 21
1266.8586854110183
 31
0.0
100
AcDbText
 73
2
  0
TEXT
  5
41F
330
17
100
AcDbEntity
  8
PLAT-TEXT-LOWCONF
100
AcDbText
 10
919.8540430041686
 20
1235.2247429858949
 30
0.0
 40
17.828127658129855
  1
YG sens B
 50
351.7970566661369
  7
PLAT
 72
1
 11
919.8540430041686
 21
1235.2247429858949
 31
0.0
100
AcDbText
 73
2
  0
TEXT
  5
420
330
17
100
AcDbEntity
  8
PLAT-TEXT-LOWCONF
100
AcDbText
 10
2575.7005962711837
 20
1267.7544277952163
 30
0.0
 40
12.347183006475067
  1
b.
 50
0.6925696274758764
  7
PLAT
 72
1
 11
2575.7005962711837
 21
1267.7544277952163
 31
0.0
100
AcDbText
 73
2
  0
TEXT
  5
421
330
17
100
AcDbEntity
  8
PLAT-TEXT-MISC
100
AcDbText
 10
1596.230069500702
 20
1251.71964619465
 30
0.0
 40
14.785408549751411
  1
the ssme to
 50
0.9336751969925672
  7
PLAT
 72
1
 11
1596.230069500702
 21
1251.71964619465
 31
0.0
100
AcDbText
 73
2
  0
TEXT
  5
422
330
17
100
AcDbEntity
  8
PLAT-TEXT-LOWCONF
100
AcDbText
 10
830.316496653542
 20
1247.3251328434912
 30
0.0
 40
3.9149604654677046
  1
a
 50
90.6925696274759
  7
PLAT
 72
1
 11
830.316496653542
 21
1247.3251328434912
 31
0.0
100
AcDbText
 73
2
  0
TEXT
  5
423
330
17
100
AcDbEntity
  8
PLAT-TEXT-LOWCONF
100
AcDbText
 10
2485.0250112415997
 20
1264.040293968125
 30
0.0
 40
6.78101601461801
  1
x u
 50
296.50895288102413
  7
PLAT
 72
1
 11
2485.0250112415997
 21
1264.040293968125
 31
0.0
100
AcDbText
 73
2
  0
TEXT
  5
424
330
17
100
AcDbEntity
  8
PLAT-TEXT-LOWCONF
100
AcDbText
 10
2456.4978626588945
 20
1263.2027009441904
 30
0.0
 40
17.828127658129855
  1
Ax)
 50
65.17029708865152
  7
PLAT
 72
1
 11
2456.4978626588945
 21
1263.2027009441904
 31
0.0
100
AcDbText
 73
2
  0
TEXT
  5
425
330
17
100
AcDbEntity
  8
PLAT-TEXT-LOWCONF
100
AcDbText
 10
2500.025725556709
 20
1254.6974383953636
 30
0.0
 40
11.844623435357168
  1
a On
 50
71.32509380897147
  7
PLAT
 72
1
 11
2500.025725556709
 21
1254.6974383953636
 31
0.0
100
AcDbText
 73
2
  0
TEXT
  5
426
330
17
100
AcDbEntity
  8
PLAT-TEXT-LOWCONF
100
AcDbText
 10
2561.0750999530205
 20
1256.1718484859223
 30
0.0
 40
17.828127658129855
  1
a x
 50
51.51827990863728
  7
PLAT
 72
1
 11
2561.0750999530205
 21
1256.1718484859223
 31
0.0
100
AcDbText
 73
2
  0
TEXT
  5
427
330
17
100
AcDbEntity
  8
PLAT-TEXT-LOWCONF
100
AcDbText
 10
2645.1956393990217
 20
1248.5159916997509
 30
0.0
 40
17.828127658129855
  1
“and rights~
 50
1.9367293893519673
  7
PLAT
 72
1
 11
2645.1956393990217
 21
1248.5159916997509
 31
0.0
100
AcDbText
 73
2
  0
TEXT
  5
428
330
17
100
AcDbEntity
  8
PLAT-TEXT-LOWCONF
100
AcDbText
 10
460.71048467833543
 20
1216.5725857926238
 30
0.0
 40
8.909333933270506
  1
wa OG
 50
91.13274377086634
  7
PLAT
 72
1
 11
460.71048467833543
 21
1216.5725857926238
 31
0.0
100
AcDbText
 73
2
  0
TEXT
  5
429
330
17
100
AcDbEntity
  8
PLAT-TEXT-LOWCONF
100
AcDbText
 10
2288.7047203250395
 20
1243.4318320063994
 30
0.0
 40
15.987342254819719
  1
¢3,aven ues, boulevards,
 50
1.3432449836002434
  7
PLAT
 72
1
 11
2288.7047203250395
 21
1243.4318320063994
 31
0.0
100
AcDbText
 73
2
  0
TEXT
  5
42A
330
17
100
AcDbEntity
  8
PLAT-TEXT-LOWCONF
100
AcDbText
 10
2447.8599811273793
 20
1244.4282101017168
 30
0.0
 40
14.959093578640655
  1
Ww ot
 50
335.1702970886515
  7
PLAT
 72
1
 11
2447.8599811273793
 21
1244.4282101017168
 31
0.0
100
AcDbText
 73
2
  0
TEXT
  5
42B
330
17
100
AcDbEntity
  8
PLAT-TEXT-LOWCONF
100
AcDbText
 10
1556.1910465426577
 20
1229.5422771756848
 30
0.0
 40
17.828127658129855
  1
Wipe
 50
0.14677645918533244
  7
PLAT
 72
1
 11
1556.1910465426577
 21
1229.5422771756848
 31
0.0
100
AcDbText
 73
2
  0
TEXT
  5
42C
330
17
100
AcDbEntity
  8
PLAT-TEXT-LOWCONF
100
AcDbText
 10
2484.0728087886346
 20
1244.6207738141384
 30
0.0
 40
15.738075318707823
  1
4 &
 50
309.2734949021983
  7
PLAT
 72
1
 11
2484.0728087886346
 21
1244.6207738141384
 31
0.0
100
AcDbText
 73
2
  0
TEXT
  5
42D
330
17
100
AcDbEntity
  8
PLAT-TEXT-LOWCONF
100
AcDbText
 10
2530.3443842608594
 20
1246.3148221592378
 30
0.0
 40
17.828127658129855
  1
wy oe
 50
321.5182799086373
  7
PLAT
 72
1
 11
2530.3443842608594
 21
1246.3148221592378
 31
0.0
100
AcDbText
 73
2
  0
TEXT
  5
42E
330
17
100
AcDbEntity
  8
PLAT-TEXT-LOWCONF
100
AcDbText
 10
2174.489330121176
 20
1232.3355044893574
 30
0.0
 40
14.772847013548034
  1
en Rt
 50
67.818264705025
  7
PLAT
 72
1
 11
2174.489330121176
 21
1232.3355044893574
 31
0.0
100
AcDbText
 73
2
  0
TEXT
  5
42F
330
17
100
AcDbEntity
  8
PLAT-TEXT-LOWCONF
100
AcDbText
 10
2417.7093350931837
 20
1243.91970267105
 30
0.0
 40
7.4142665651156765
  1
PAF
 50
0.2693905239140469
  7
PLAT
 72
1
 11
2417.7093350931837
 21
1243.91970267105
 31
0.0
100
AcDbText
 73
2
  0
TEXT
  5
430
330
17
100
AcDbEntity
  8
PLAT-TEXT-LOWCONF
100
AcDbText
 10
890.8520040903269
 20
1211.9308431180134
 30
0.0
 40
10.927657240940551
  1
R.= 35
 50
354.0936627764476
  7
PLAT
 72
1
 11
890.8520040903269
 21
1211.9308431180134
 31
0.0
100
AcDbText
 73
2
  0
TEXT
  5
431
330
17
100
AcDbEntity
  8
PLAT-TEXT-LOWCONF
100
AcDbText
 10
2424.402191624493
 20
1227.5128356764308
 30
0.0
 40
17.828127658129855
  1
woe witha satan
 50
7.22189599542412
  7
PLAT
 72
1
 11
2424.402191624493
 21
1227.5128356764308
 31
0.0
100
AcDbText
 73
2
  0
TEXT
  5
432
330
17
100
AcDbEntity
  8
PLAT-TEXT-LOWCONF
100
AcDbText
 10
1997.3359045388215
 20
1220.5948619592868
 30
0.0
 40
17.514103191066166
  1
shown on sad platsre he.
 50
1.1651662424757205
  7
PLAT
 72
1
 11
1997.3359045388215
 21
1220.5948619592868
 31
0.0
100
AcDbText
 73
2
  0
TEXT
  5
433
330
17
100
AcDbEntity
  8
PLAT-TEXT-LOWCONF
100
AcDbText
 10
2154.90380397225
 20
1225.5231020046713
 30
0.0
 40
12.347183006475067
  1
2B,
 50
0.6925696274758764
  7
PLAT
 72
1
 11
2154.90380397225
 21
1225.5231020046713
 31
0.0
100
AcDbText
 73
2
  0
TEXT
  5
434
330
17
100
AcDbEntity
  8
PLAT-TEXT-LOWCONF
100
AcDbText
 10
2231.726194375282
 20
1225.146977926866
 30
0.0
 40
13.030530490851902
  1
OG EI OAPI
 50
2.0324815694019662
  7
PLAT
 72
1
 11
2231.726194375282
 21
1225.146977926866
 31
0.0
100
AcDbText
 73
2
  0
TEXT
  5
435
330
17
100
AcDbEntity
  8
PLAT-TEXT-LOWCONF
100
AcDbText
 10
652.7090081939763
 20
1201.2048811038403
 30
0.0
 40
17.828127658129855
  1
NN. 60%%d: 88%%d *\ 58'20"E. i090"
 50
1.2483582423300277
  7
PLAT
 72
1
 11
652.7090081939763
 21
1201.2048811038403
 31
0.0
100
AcDbText
 73
2
  0
TEXT
  5
436
330
17
100
AcDbEntity
  8
PLAT-TEXT-LOWCONF
100
AcDbText
 10
1791.6821939016052
 20
1218.5022163521808
 30
0.0
 40
14.80210169919877
  1
ve gad utilities
 50
1.9251884996284616
  7
PLAT
 72
1
 11
1791.6821939016052
 21
1218.5022163521808
 31
0.0
100
AcDbText
 73
2
  0
TEXT
  5
437
330
17
100
AcDbEntity
  8
PLAT-TEXT-LOWCONF
100
AcDbText
 10
1657.5842662720747
 20
1216.7469128094688
 30
0.0
 40
14.545467187998911
  1
far drs,
 50
359.5642664791378
  7
PLAT
 72
1
 11
1657.5842662720747
 21
1216.7469128094688
 31
0.0
100
AcDbText
 73
2
  0
TEXT
  5
438
330
17
100
AcDbEntity
  8
PLAT-TEXT-LOWCONF
100
AcDbText
 10
1566.4649858326177
 20
1211.2409001350984
 30
0.0
 40
17.828127658129855
  1
we of ny iS 129 ,
 50
356.2711976684372
  7
PLAT
 72
1
 11
1566.4649858326177
 21
1211.2409001350984
 31
0.0
100
AcDbText
 73
2
  0
TEXT
  5
439
330
17
100
AcDbEntity
  8
PLAT-TEXT-LOWCONF
100
AcDbText
 10
1082.4443751255967
 20
1207.5336512839565
 30
0.0
 40
10.013039397973968
  1
‘e/V
 50
342.21255960531164
  7
PLAT
 72
1
 11
1082.4443751255967
 21
1207.5336512839565
 31
0.0
100
AcDbText
 73
2
  0
TEXT
  5
43A
330
17
100
AcDbEntity
  8
PLAT-TEXT-LOTNO
100
AcDbText
 10
2279.9511269060226
 20
1220.5092893655058
 30
0.0
 40
16.730600279776514
  1
49
 50
0.6925696274759048
  7
PLAT
 72
1
 11
2279.9511269060226
 21
1220.5092893655058
 31
0.0
100
AcDbText
 73
2
  0
TEXT
  5
43B
330
17
100
AcDbEntity
  8
PLAT-TEXT-LOWCONF
100
AcDbText
 10
2138.478665190807
 20
1221.8658190215465
 30
0.0
 40
14.175295414247284
  1
3"
 50
337.51626704827595
  7
PLAT
 72
1
 11
2138.478665190807
 21
1221.8658190215465
 31
0.0
100
AcDbText
 73
2
  0
TEXT
  5
43C
330
17
100
AcDbEntity
  8
PLAT-TEXT-LOWCONF
100
AcDbText
 10
813.7896022168248
 20
1198.6161681646302
 30
0.0
 40
14.50440281067261
  1
Pick
 50
5.215294237720741
  7
PLAT
 72
1
 11
813.7896022168248
 21
1198.6161681646302
 31
0.0
100
AcDbText
 73
2
  0
TEXT
  5
43D
330
17
100
AcDbEntity
  8
PLAT-TEXT-LOWCONF
100
AcDbText
 10
1712.2591727580736
 20
1205.1136808192346
 30
0.0
 40
17.828127658129855
  1
20 von
 50
0.6925696274759048
  7
PLAT
 72
1
 11
1712.2591727580736
 21
1205.1136808192346
 31
0.0
100
AcDbText
 73
2
  0
TEXT
  5
43E
330
17
100
AcDbEntity
  8
PLAT-TEXT-LOWCONF
100
AcDbText
 10
734.6989233706647
 20
1198.483593182665
 30
0.0
 40
12.04603220143909
  1
4
 50
0.6925696274758764
  7
PLAT
 72
1
 11
734.6989233706647
 21
1198.483593182665
 31
0.0
100
AcDbText
 73
2
  0
TEXT
  5
43F
330
17
100
AcDbEntity
  8
PLAT-TEXT-LOWCONF
100
AcDbText
 10
1911.7149490559448
 20
1203.420343681691
 30
0.0
 40
16.09010042191545
  1
CO of rere Deval eeur Me snd rewrtes rts wen successors, ere pee
 50
0.7587840041721847
  7
PLAT
 72
1
 11
1911.7149490559448
 21
1203.420343681691
 31
0.0
100
AcDbText
 73
2
  0
TEXT
  5
440
330
17
100
AcDbEntity
  8
PLAT-TEXT-LOWCONF
100
AcDbText
 10
1030.5713965910104
 20
1194.0288866347769
 30
0.0
 40
14.053704235012273
  1
4
 50
90.6925696274759
  7
PLAT
 72
1
 11
1030.5713965910104
 21
1194.0288866347769
 31
0.0
100
AcDbText
 73
2
  0
TEXT
  5
441
330
17
100
AcDbEntity
  8
PLAT-TEXT-LOWCONF
100
AcDbText
 10
1614.0942373733692
 20
1197.444978082452
 30
0.0
 40
15.861782927100887
  1
cep dedtésted enn fo pee the
 50
1.5736501360391912
  7
PLAT
 72
1
 11
1614.0942373733692
 21
1197.444978082452
 31
0.0
100
AcDbText
 73
2
  0
TEXT
  5
442
330
17
100
AcDbEntity
  8
PLAT-TEXT-LOWCONF
100
AcDbText
 10
1734.952193429583
 20
1197.8010786130656
 30
0.0
 40
11.658395953881076
  1
- enn %y .
 50
5.782892880870008
  7
PLAT
 72
1
 11
1734.952193429583
 21
1197.8010786130656
 31
0.0
100
AcDbText
 73
2
  0
TEXT
  5
443
330
17
100
AcDbEntity
  8
PLAT-TEXT-LOWCONF
100
AcDbText
 10
773.185359897487
 20
1183.5852529003448
 30
0.0
 40
10.641775943774658
  1
2
 50
69.16912411498697
  7
PLAT
 72
1
 11
773.185359897487
 21
1183.5852529003448
 31
0.0
100
AcDbText
 73
2
  0
TEXT
  5
444
330
17
100
AcDbEntity
  8
PLAT-TEXT-LOWCONF
100
AcDbText
 10
1752.6240419562992
 20
1187.8658878263982
 30
0.0
 40
17.828127658129855
  1
at
 50
0.6925696274758764
  7
PLAT
 72
1
 11
1752.6240419562992
 21
1187.8658878263982
 31
0.0
100
AcDbText
 73
2
  0
TEXT
  5
445
330
17
100
AcDbEntity
  8
PLAT-TEXT-LOWCONF
100
AcDbText
 10
824.1418333129119
 20
1167.7302776610277
 30
0.0
 40
19.809030731255394
  1
8
 50
20.067458333833542
  7
PLAT
 72
1
 11
824.1418333129119
 21
1167.7302776610277
 31
0.0
100
AcDbText
 73
2
  0
TEXT
  5
446
330
17
100
AcDbEntity
  8
PLAT-TEXT-LOWCONF
100
AcDbText
 10
761.0293155584037
 20
1179.560284462756
 30
0.0
 40
11.71142019584356
  1
9
 50
0.6925696274759048
  7
PLAT
 72
1
 11
761.0293155584037
 21
1179.560284462756
 31
0.0
100
AcDbText
 73
2
  0
TEXT
  5
447
330
17
100
AcDbEntity
  8
PLAT-TEXT-LOWCONF
100
AcDbText
 10
999.6550727159495
 20
1183.1277214846912
 30
0.0
 40
6.431522617477106
  1
7.
 50
4.2411351317739445
  7
PLAT
 72
1
 11
999.6550727159495
 21
1183.1277214846912
 31
0.0
100
AcDbText
 73
2
  0
TEXT
  5
448
330
17
100
AcDbEntity
  8
PLAT-TEXT-LOWCONF
100
AcDbText
 10
883.8212655195472
 20
1129.3218343590404
 30
0.0
 40
13.393381934152758
  1
4) 225.70 06 NG a
 50
84.850523354892
  7
PLAT
 72
1
 11
883.8212655195472
 21
1129.3218343590404
 31
0.0
100
AcDbText
 73
2
  0
TEXT
  5
449
330
17
100
AcDbEntity
  8
PLAT-TEXT-LOWCONF
100
AcDbText
 10
2420.86912261086
 20
1189.682867374067
 30
0.0
 40
17.828127658129855
  1
Cute these Bhawan presents t aL NM. ta ~-~
 50
0.9513642940606815
  7
PLAT
 72
1
 11
2420.86912261086
 21
1189.682867374067
 31
0.0
100
AcDbText
 73
2
  0
TEXT
  5
44A
330
17
100
AcDbEntity
  8
PLAT-TEXT-LOWCONF
100
AcDbText
 10
2534.597773843476
 20
1194.2035008130854
 30
0.0
 40
14.954855083078844
  1
ge
 50
3.4183222936303537
  7
PLAT
 72
1
 11
2534.597773843476
 21
1194.2035008130854
 31
0.0
100
AcDbText
 73
2
  0
TEXT
  5
44B
330
17
100
AcDbEntity
  8
PLAT-TEXT-LOWCONF
100
AcDbText
 10
2278.9133575329342
 20
1189.3352548858484
 30
0.0
 40
13.612402339292906
  1
cvused
 50
3.470382202824908
  7
PLAT
 72
1
 11
2278.9133575329342
 21
1189.3352548858484
 31
0.0
100
AcDbText
 73
2
  0
TEXT
  5
44C
330
17
100
AcDbEntity
  8
PLAT-TEXT-MISC
100
AcDbText
 10
2060.326315561407
 20
1187.2418129943464
 30
0.0
 40
13.850839816971629
  1
BOULEVARD ESTATES INC. has.
 50
0.7587840041721847
  7
PLAT
 72
1
 11
2060.326315561407
 21
1187.2418129943464
 31
0.0
100
AcDbText
 73
2
  0
TEXT
  5
44D
330
17
100
AcDbEntity
  8
PLAT-TEXT-LOWCONF
100
AcDbText
 10
947.8544284548028
 20
1165.3285161897275
 30
0.0
 40
14.881430682986124
  1
“OPSEO9t S280/
 50
337.2566124440863
  7
PLAT
 72
1
 11
947.8544284548028
 21
1165.3285161897275
 31
0.0
100
AcDbText
 73
2
  0
TEXT
  5
44E
330
17
100
AcDbEntity
  8
PLAT-TEXT-LOWCONF
100
AcDbText
 10
1673.0048676275787
 20
1180.4067634490007
 30
0.0
 40
14.4889484267661
  1
wetness
 50
1.9335832891265454
  7
PLAT
 72
1
 11
1673.0048676275787
 21
1180.4067634490007
 31
0.0
100
AcDbText
 73
2
  0
TEXT
  5
44F
330
17
100
AcDbEntity
  8
PLAT-TEXT-LOWCONF
100
AcDbText
 10
1778.4696764332461
 20
1182.039453519219
 30
0.0
 40
13.785057354159651
  1
yl Tereot _
 50
1.453222882086493
  7
PLAT
 72
1
 11
1778.4696764332461
 21
1182.039453519219
 31
0.0
100
AcDbText
 73
2
  0
TEXT
  5
450
330
17
100
AcDbEntity
  8
PLAT-TEXT-LOWCONF
100
AcDbText
 10
906.2285663581923
 20
1173.3201756028022
 30
0.0
 40
10.524695799099977
  1
"S
 50
354.85052335489206
  7
PLAT
 72
1
 11
906.2285663581923
 21
1173.3201756028022
 31
0.0
100
AcDbText
 73
2
  0
TEXT
  5
451
330
17
100
AcDbEntity
  8
PLAT-TEXT-LOWCONF
100
AcDbText
 10
1878.17324623115
 20
1182.858142033798
 30
0.0
 40
9.636825761151272
  1
‘A
 50
0.6925696274758764
  7
PLAT
 72
1
 11
1878.17324623115
 21
1182.858142033798
 31
0.0
100
AcDbText
 73
2
  0
TEXT
  5
452
330
17
100
AcDbEntity
  8
PLAT-TEXT-AREA
100
AcDbText
 10
1849.9329538654401
 20
1179.8396758581837
 30
0.0
 40
12.04603220143909
  1
"€ac:
 50
0.6925696274758764
  7
PLAT
 72
1
 11
1849.9329538654401
 21
1179.8396758581837
 31
0.0
100
AcDbText
 73
2
  0
TEXT
  5
453
330
17
100
AcDbEntity
  8
PLAT-TEXT-LOWCONF
100
AcDbText
 10
922.2832560107985
 20
1168.2466874131524
 30
0.0
 40
11.66299502078247
  1
WSs.
 50
23.18066616732699
  7
PLAT
 72
1
 11
922.2832560107985
 21
1168.2466874131524
 31
0.0
100
AcDbText
 73
2
  0
TEXT
  5
454
330
17
100
AcDbEntity
  8
PLAT-TEXT-LOWCONF
100
AcDbText
 10
1616.7001275415046
 20
1167.752768762356
 30
0.0
 40
13.406290239433334
  1
- <> eZ
 50
54.01417374151464
  7
PLAT
 72
1
 11
1616.7001275415046
 21
1167.752768762356
 31
0.0
100
AcDbText
 73
2
  0
TEXT
  5
455
330
17
100
AcDbEntity
  8
PLAT-TEXT-LOWCONF
100
AcDbText
 10
1729.3202050729292
 20
1177.8797290591597
 30
0.0
 40
8.131071735971386
  1
tht
 50
0.6925696274759048
  7
PLAT
 72
1
 11
1729.3202050729292
 21
1177.8797290591597
 31
0.0
100
AcDbText
 73
2
  0
TEXT
  5
456
330
17
100
AcDbEntity
  8
PLAT-TEXT-LOWCONF
100
AcDbText
 10
2430.572498776972
 20
1176.1541369488107
 30
0.0
 40
15.09090292650462
  1
Voneeges of tts Baard pe svenee of Directors, ev gs
 50
0.679092917710733
  7
PLAT
 72
1
 11
2430.572498776972
 21
1176.1541369488107
 31
0.0
100
AcDbText
 73
2
  0
TEXT
  5
457
330
17
100
AcDbEntity
  8
PLAT-TEXT-LOWCONF
100
AcDbText
 10
2192.189786804159
 20
1172.4198101171849
 30
0.0
 40
15.185015266207724
  1
‘gad with suthorrty
 50
0.7587840041721847
  7
PLAT
 72
1
 11
2192.189786804159
 21
1172.4198101171849
 31
0.0
100
AcDbText
 73
2
  0
TEXT
  5
458
330
17
100
AcDbEntity
  8
PLAT-TEXT-LOWCONF
100
AcDbText
 10
952.8485438291948
 20
1153.5044127026815
 30
0.0
 40
12.956487177610928
  1
og1'4o"e
 50
323.1806661673267
  7
PLAT
 72
1
 11
952.8485438291948
 21
1153.5044127026815
 31
0.0
100
AcDbText
 73
2
  0
TEXT
  5
459
330
17
100
AcDbEntity
  8
PLAT-TEXT-AREA
100
AcDbText
 10
1775.7656512429865
 20
1165.3652105340675
 30
0.0
 40
16.43712519485851
  1
MOL OT ISI OOP EE Lo YOLLB0IE3 OF OP LEAS tf GE Sf
 50
1.453222882086493
  7
PLAT
 72
1
 11
1775.7656512429865
 21
1165.3652105340675
 31
0.0
100
AcDbText
 73
2
  0
TEXT
  5
45A
330
17
100
AcDbEntity
  8
PLAT-TEXT-LOWCONF
100
AcDbText
 10
2015.052611548613
 20
1167.937629084379
 30
0.0
 40
12.375713219604554
  1
rectrvely
 50
0.7587840041721847
  7
PLAT
 72
1
 11
2015.052611548613
 21
1167.937629084379
 31
0.0
100
AcDbText
 73
2
  0
TEXT
  5
45B
330
17
100
AcDbEntity
  8
PLAT-TEXT-LOWCONF
100
AcDbText
 10
2277.3090055004523
 20
1162.2506081566878
 30
0.0
 40
17.828127658129855
  1
a Ss
 50
90.6925696274759
  7
PLAT
 72
1
 11
2277.3090055004523
 21
1162.2506081566878
 31
0.0
100
AcDbText
 73
2
  0
TEXT
  5
45C
330
17
100
AcDbEntity
  8
PLAT-TEXT-LOWCONF
100
AcDbText
 10
2578.7000903770495
 20
1174.2018992332098
 30
0.0
 40
8.56359446408244
  1
77
 50
4.788769192440441
  7
PLAT
 72
1
 11
2578.7000903770495
 21
1174.2018992332098
 31
0.0
100
AcDbText
 73
2
  0
TEXT
  5
45D
330
17
100
AcDbEntity
  8
PLAT-TEXT-LOWCONF
100
AcDbText
 10
953.8606503591778
 20
1154.630227744946
 30
0.0
 40
8.661087459050245
  1
“NS =
 50
33.18066616732676
  7
PLAT
 72
1
 11
953.8606503591778
 21
1154.630227744946
 31
0.0
100
AcDbText
 73
2
  0
TEXT
  5
45E
330
17
100
AcDbEntity
  8
PLAT-TEXT-LOWCONF
100
AcDbText
 10
2040.4415156842874
 20
1157.371746736656
 30
0.0
 40
17.828127658129855
  1
& sh
 50
90.75878400417218
  7
PLAT
 72
1
 11
2040.4415156842874
 21
1157.371746736656
 31
0.0
100
AcDbText
 73
2
  0
TEXT
  5
45F
330
17
100
AcDbEntity
  8
PLAT-TEXT-LOWCONF
100
AcDbText
 10
2080.718993434509
 20
1161.70676229653
 30
0.0
 40
17.157928019841076
  1
NE
 50
90.75878400417218
  7
PLAT
 72
1
 11
2080.718993434509
 21
1161.70676229653
 31
0.0
100
AcDbText
 73
2
  0
TEXT
  5
460
330
17
100
AcDbEntity
  8
PLAT-TEXT-MISC
100
AcDbText
 10
1949.83996097124
 20
1164.4757133941785
 30
0.0
 40
8.136634947776452
  1
res;
 50
0.7587840041721847
  7
PLAT
 72
1
 11
1949.83996097124
 21
1164.4757133941785
 31
0.0
100
AcDbText
 73
2
  0
TEXT
  5
461
330
17
100
AcDbEntity
  8
PLAT-TEXT-LOWCONF
100
AcDbText
 10
1921.6602012242276
 20
1164.080761372654
 30
0.0
 40
6.653959923761328
  1
“Ce
 50
25.396120854910123
  7
PLAT
 72
1
 11
1921.6602012242276
 21
1164.080761372654
 31
0.0
100
AcDbText
 73
2
  0
TEXT
  5
462
330
17
100
AcDbEntity
  8
PLAT-TEXT-LOWCONF
100
AcDbText
 10
1619.1623368869032
 20
1152.215979117402
 30
0.0
 40
12.82512944641703
  1
3S
 50
54.014173741514696
  7
PLAT
 72
1
 11
1619.1623368869032
 21
1152.215979117402
 31
0.0
100
AcDbText
 73
2
  0
TEXT
  5
463
330
17
100
AcDbEntity
  8
PLAT-TEXT-LOWCONF
100
AcDbText
 10
1963.504296907932
 20
1155.2782249441373
 30
0.0
 40
17.828127658129855
  1
Ra
 50
90.6925696274759
  7
PLAT
 72
1
 11
1963.504296907932
 21
1155.2782249441373
 31
0.0
100
AcDbText
 73
2
  0
TEXT
  5
464
330
17
100
AcDbEntity
  8
PLAT-TEXT-LOWCONF
100
AcDbText
 10
1543.5788620806627
 20
1157.597744782291
 30
0.0
 40
7.712853526017803
  1
Sle
 50
12.541809888817852
  7
PLAT
 72
1
 11
1543.5788620806627
 21
1157.597744782291
 31
0.0
100
AcDbText
 73
2
  0
TEXT
  5
465
330
17
100
AcDbEntity
  8
PLAT-TEXT-LOWCONF
100
AcDbText
 10
1552.8142443832858
 20
1148.9751719283677
 30
0.0
 40
17.828127658129855
  1
SR
 50
90.6925696274759
  7
PLAT
 72
1
 11
1552.8142443832858
 21
1148.9751719283677
 31
0.0
100
AcDbText
 73
2
  0
TEXT
  5
466
330
17
100
AcDbEntity
  8
PLAT-TEXT-LOWCONF
100
AcDbText
 10
1575.652988824146
 20
1157.549432884502
 30
0.0
 40
7.475646771097829
  1
IDLIL
 50
3.5090372239617977
  7
PLAT
 72
1
 11
1575.652988824146
 21
1157.549432884502
 31
0.0
100
AcDbText
 73
2
  0
TEXT
  5
467
330
17
100
AcDbEntity
  8
PLAT-TEXT-LOWCONF
100
AcDbText
 10
1588.7682134968964
 20
1149.2155794784849
 30
0.0
 40
10.076538615880482
  1
ASS
 50
54.014173741514696
  7
PLAT
 72
1
 11
1588.7682134968964
 21
1149.2155794784849
 31
0.0
100
AcDbText
 73
2
  0
TEXT
  5
468
330
17
100
AcDbEntity
  8
PLAT-TEXT-MISC
100
AcDbText
 10
1053.060711689399
 20
1142.5657052840816
 30
0.0
 40
16.316293236094868
  1
APE
 50
319.76597032352635
  7
PLAT
 72
1
 11
1053.060711689399
 21
1142.5657052840816
 31
0.0
100
AcDbText
 73
2
  0
TEXT
  5
469
330
17
100
AcDbEntity
  8
PLAT-TEXT-LOWCONF
100
AcDbText
 10
2554.1357217869945
 20
1169.2779483466466
 30
0.0
 40
5.3537920895284845
  1
4,
 50
0.6925696274758764
  7
PLAT
 72
1
 11
2554.1357217869945
 21
1169.2779483466466
 31
0.0
100
AcDbText
 73
2
  0
TEXT
  5
46A
330
17
100
AcDbEntity
  8
PLAT-TEXT-LOWCONF
100
AcDbText
 10
822.3742839411082
 20
1121.7462665509302
 30
0.0
 40
16.266953861666558
  1
Beebe n
 50
90.92776813575813
  7
PLAT
 72
1
 11
822.3742839411082
 21
1121.7462665509302
 31
0.0
100
AcDbText
 73
2
  0
TEXT
  5
46B
330
17
100
AcDbEntity
  8
PLAT-TEXT-LOTNO
100
AcDbText
 10
927.147639532524
 20
1140.4080738610273
 30
0.0
 40
17.734436296563103
  1
9
 50
0.6925696274758764
  7
PLAT
 72
1
 11
927.147639532524
 21
1140.4080738610273
 31
0.0
100
AcDbText
 73
2
  0
TEXT
  5
46C
330
17
100
AcDbEntity
  8
PLAT-TEXT-LOWCONF
100
AcDbText
 10
1746.7737796553304
 20
1145.7045107677675
 30
0.0
 40
16.80074498417953
  1
"vad with ts corporate
 50
0.7587840041721847
  7
PLAT
 72
1
 11
1746.7737796553304
 21
1145.7045107677675
 31
0.0
100
AcDbText
 73
2
  0
TEXT
  5
46D
330
17
100
AcDbEntity
  8
PLAT-TEXT-LOWCONF
100
AcDbText
 10
1988.4918743533626
 20
1150.5504850009006
 30
0.0
 40
14.115795558177103
  1
Fixed
 50
0.7587840041721847
  7
PLAT
 72
1
 11
1988.4918743533626
 21
1150.5504850009006
 31
0.0
100
AcDbText
 73
2
  0
TEXT
  5
46E
330
17
100
AcDbEntity
  8
PLAT-TEXT-LOWCONF
100
AcDbText
 10
2108.663945684277
 20
1151.4373438108144
 30
0.0
 40
17.77673433469033
  1
"Ja i
 50
333.2937654653002
  7
PLAT
 72
1
 11
2108.663945684277
 21
1151.4373438108144
 31
0.0
100
AcDbText
 73
2
  0
TEXT
  5
46F
330
17
100
AcDbEntity
  8
PLAT-TEXT-LOWCONF
100
AcDbText
 10
963.2453147495557
 20
1095.8729532189818
 30
0.0
 40
17.828127658129855
  1
aaa
 50
64.09440673830738
  7
PLAT
 72
1
 11
963.2453147495557
 21
1095.8729532189818
 31
0.0
100
AcDbText
 73
2
  0
TEXT
  5
470
330
17
100
AcDbEntity
  8
PLAT-TEXT-LOWCONF
100
AcDbText
 10
1911.643916199339
 20
1146.2543614711053
 30
0.0
 40
17.828127658129855
  1
i 4
 50
307.18768560703927
  7
PLAT
 72
1
 11
1911.643916199339
 21
1146.2543614711053
 31
0.0
100
AcDbText
 73
2
  0
TEXT
  5
471
330
17
100
AcDbEntity
  8
PLAT-TEXT-LOWCONF
100
AcDbText
 10
2249.6395355012905
 20
1153.5477145509087
 30
0.0
 40
10.84183826905305
  1
EN
 50
90.7185950857272
  7
PLAT
 72
1
 11
2249.6395355012905
 21
1153.5477145509087
 31
0.0
100
AcDbText
 73
2
  0
TEXT
  5
472
330
17
100
AcDbEntity
  8
PLAT-TEXT-LOWCONF
100
AcDbText
 10
2071.7831110474317
 20
1146.1791655677898
 30
0.0
 40
17.828127658129855
  1
AE
 50
333.2937654653002
  7
PLAT
 72
1
 11
2071.7831110474317
 21
1146.1791655677898
 31
0.0
100
AcDbText
 73
2
  0
TEXT
  5
473
330
17
100
AcDbEntity
  8
PLAT-TEXT-LOTNO
100
AcDbText
 10
998.8909372795156
 20
1129.5630460125744
 30
0.0
 40
19.809030731255394
  1
4
 50
0.6925696274759048
  7
PLAT
 72
1
 11
998.8909372795156
 21
1129.5630460125744
 31
0.0
100
AcDbText
 73
2
  0
TEXT
  5
474
330
17
100
AcDbEntity
  8
PLAT-TEXT-LOWCONF
100
AcDbText
 10
999.43877546964
 20
1139.6087619628884
 30
0.0
 40
3.680732061550833
  1
™ » 4
 50
90.6925696274759
  7
PLAT
 72
1
 11
999.43877546964
 21
1139.6087619628884
 31
0.0
100
AcDbText
 73
2
  0
TEXT
  5
475
330
17
100
AcDbEntity
  8
PLAT-TEXT-LOWCONF
100
AcDbText
 10
2141.5857704978007
 20
1150.7381819783834
 30
0.0
 40
9.034524151079317
  1
8
 50
90.6925696274759
  7
PLAT
 72
1
 11
2141.5857704978007
 21
1150.7381819783834
 31
0.0
100
AcDbText
 73
2
  0
TEXT
  5
476
330
17
100
AcDbEntity
  8
PLAT-TEXT-LOWCONF
100
AcDbText
 10
2125.1954781235922
 20
1150.2045246720525
 30
0.0
 40
6.768932315834409
  1
NY N
 50
297.10516947110364
  7
PLAT
 72
1
 11
2125.1954781235922
 21
1150.2045246720525
 31
0.0
100
AcDbText
 73
2
  0
TEXT
  5
477
330
17
100
AcDbEntity
  8
PLAT-TEXT-LOWCONF
100
AcDbText
 10
714.2762853251833
 20
1130.96613700732
 30
0.0
 40
11.753720568116005
  1
yo
 50
91.29299961233653
  7
PLAT
 72
1
 11
714.2762853251833
 21
1130.96613700732
 31
0.0
100
AcDbText
 73
2
  0
TEXT
  5
478
330
17
100
AcDbEntity
  8
PLAT-TEXT-LOWCONF
100
AcDbText
 10
842.6060378001708
 20
1129.9182226621851
 30
0.0
 40
15.928079706961174
  1
<2;
 50
23.844321251032852
  7
PLAT
 72
1
 11
842.6060378001708
 21
1129.9182226621851
 31
0.0
100
AcDbText
 73
2
  0
TEXT
  5
479
330
17
100
AcDbEntity
  8
PLAT-TEXT-LOWCONF
100
AcDbText
 10
1556.2172066239505
 20
1140.2021363392148
 30
0.0
 40
8.853966341165389
  1
YY Sys
 50
3.369716420905661
  7
PLAT
 72
1
 11
1556.2172066239505
 21
1140.2021363392148
 31
0.0
100
AcDbText
 73
2
  0
TEXT
  5
47A
330
17
100
AcDbEntity
  8
PLAT-TEXT-LOWCONF
100
AcDbText
 10
1601.6099822704098
 20
1140.1952043451138
 30
0.0
 40
7.528770125899431
  1
reds,
 50
0.6925696274759048
  7
PLAT
 72
1
 11
1601.6099822704098
 21
1140.1952043451138
 31
0.0
100
AcDbText
 73
2
  0
TEXT
  5
47B
330
17
100
AcDbEntity
  8
PLAT-TEXT-LOWCONF
100
AcDbText
 10
1620.9658513288366
 20
1122.8584937838966
 30
0.0
 40
17.828127658129855
  1
“payeas pur paubic
 50
1.9894595841110458
  7
PLAT
 72
1
 11
1620.9658513288366
 21
1122.8584937838966
 31
0.0
100
AcDbText
 73
2
  0
TEXT
  5
47C
330
17
100
AcDbEntity
  8
PLAT-TEXT-MISC
100
AcDbText
 10
2417.5314813363175
 20
1133.6794895071037
 30
0.0
 40
13.494116915694883
  1
ESTATES,
 50
0.5817894944342626
  7
PLAT
 72
1
 11
2417.5314813363175
 21
1133.6794895071037
 31
0.0
100
AcDbText
 73
2
  0
TEXT
  5
47D
330
17
100
AcDbEntity
  8
PLAT-TEXT-LOWCONF
100
AcDbText
 10
2222.464046493624
 20
1131.6376683501458
 30
0.0
 40
13.049868218225681
  1
3
 50
90.6925696274759
  7
PLAT
 72
1
 11
2222.464046493624
 21
1131.6376683501458
 31
0.0
100
AcDbText
 73
2
  0
TEXT
  5
47E
330
17
100
AcDbEntity
  8
PLAT-TEXT-LOWCONF
100
AcDbText
 10
2503.042399690764
 20
1133.6755875619697
 30
0.0
 40
12.99720696000977
  1
“ori
 50
0.581789494434247
  7
PLAT
 72
1
 11
2503.042399690764
 21
1133.6755875619697
 31
0.0
100
AcDbText
 73
2
  0
TEXT
  5
47F
330
17
100
AcDbEntity
  8
PLAT-TEXT-LOWCONF
100
AcDbText
 10
731.0460614367651
 20
1113.107141298127
 30
0.0
 40
10.239127371223226
  1
Yr
 50
90.6925696274759
  7
PLAT
 72
1
 11
731.0460614367651
 21
1113.107141298127
 31
0.0
100
AcDbText
 73
2
  0
TEXT
  5
480
330
17
100
AcDbEntity
  8
PLAT-TEXT-LOWCONF
100
AcDbText
 10
2188.3583604043947
 20
1129.3848911997286
 30
0.0
 40
13.250635421583
  1
fovad
 50
0.6925696274759048
  7
PLAT
 72
1
 11
2188.3583604043947
 21
1129.3848911997286
 31
0.0
100
AcDbText
 73
2
  0
TEXT
  5
481
330
17
100
AcDbEntity
  8
PLAT-TEXT-LOWCONF
100
AcDbText
 10
2296.436053571865
 20
1130.189706203921
 30
0.0
 40
14.19074658483441
  1
BOuLevagy
 50
0.7185950857272019
  7
PLAT
 72
1
 11
2296.436053571865
 21
1130.189706203921
 31
0.0
100
AcDbText
 73
2
  0
TEXT
  5
482
330
17
100
AcDbEntity
  8
PLAT-TEXT-LOWCONF
100
AcDbText
 10
2350.9645649033037
 20
1129.5197939276268
 30
0.0
 40
13.227908672034086
  1
Ss
 50
24.684043529107726
  7
PLAT
 72
1
 11
2350.9645649033037
 21
1129.5197939276268
 31
0.0
100
AcDbText
 73
2
  0
TEXT
  5
483
330
17
100
AcDbEntity
  8
PLAT-TEXT-LOTNO
100
AcDbText
 10
929.4827746113813
 20
1113.3307488290784
 30
0.0
 40
15.057540251798862
  1
28
 50
0.6925696274758764
  7
PLAT
 72
1
 11
929.4827746113813
 21
1113.3307488290784
 31
0.0
100
AcDbText
 73
2
  0
TEXT
  5
484
330
17
100
AcDbEntity
  8
PLAT-TEXT-MISC
100
AcDbText
 10
1117.307375801471
 20
1100.4836818420056
 30
0.0
 40
17.828127658129855
  1
Horn
 50
325.06512614147636
  7
PLAT
 72
1
 11
1117.307375801471
 21
1100.4836818420056
 31
0.0
100
AcDbText
 73
2
  0
TEXT
  5
485
330
17
100
AcDbEntity
  8
PLAT-TEXT-LOWCONF
100
AcDbText
 10
992.5168700046411
 20
1086.5855438033363
 30
0.0
 40
13.52970770250359
  1
“p.0nleeSS
 50
64.09440673830738
  7
PLAT
 72
1
 11
992.5168700046411
 21
1086.5855438033363
 31
0.0
100
AcDbText
 73
2
  0
TEXT
  5
486
330
17
100
AcDbEntity
  8
PLAT-TEXT-LOWCONF
100
AcDbText
 10
2361.9067236670535
 20
1126.1285968577583
 30
0.0
 40
3.6138096604317274
  1
N
 50
90.6925696274759
  7
PLAT
 72
1
 11
2361.9067236670535
 21
1126.1285968577583
 31
0.0
100
AcDbText
 73
2
  0
TEXT
  5
487
330
17
100
AcDbEntity
  8
PLAT-TEXT-LOWCONF
100
AcDbText
 10
739.5617856372578
 20
1100.827164487971
 30
0.0
 40
11.44372750918156
  1
G
 50
0.7351857719212944
  7
PLAT
 72
1
 11
739.5617856372578
 21
1100.827164487971
 31
0.0
100
AcDbText
 73
2
  0
TEXT
  5
488
330
17
100
AcDbEntity
  8
PLAT-TEXT-LOWCONF
100
AcDbText
 10
1626.2803176155282
 20
1108.6845935475862
 30
0.0
 40
17.828127658129855
  1
As
 50
313.7201667458876
  7
PLAT
 72
1
 11
1626.2803176155282
 21
1108.6845935475862
 31
0.0
100
AcDbText
 73
2
  0
TEXT
  5
489
330
17
100
AcDbEntity
  8
PLAT-TEXT-LOWCONF
100
AcDbText
 10
1709.5812773800913
 20
1106.352838534013
 30
0.0
 40
6.626832591943997
  1
a
 50
43.72016674588758
  7
PLAT
 72
1
 11
1709.5812773800913
 21
1106.352838534013
 31
0.0
100
AcDbText
 73
2
  0
TEXT
  5
48A
330
17
100
AcDbEntity
  8
PLAT-TEXT-LOWCONF
100
AcDbText
 10
643.7556648098792
 20
1095.1528158972221
 30
0.0
 40
3.9149604654677046
  1
i
 50
0.6925696274759048
  7
PLAT
 72
1
 11
643.7556648098792
 21
1095.1528158972221
 31
0.0
100
AcDbText
 73
2
  0
TEXT
  5
48B
330
17
100
AcDbEntity
  8
PLAT-TEXT-LOWCONF
100
AcDbText
 10
1538.6384079025738
 20
1103.627890398756
 30
0.0
 40
6.9264685158274775
  1
n
 50
0.6925696274758764
  7
PLAT
 72
1
 11
1538.6384079025738
 21
1103.627890398756
 31
0.0
100
AcDbText
 73
2
  0
TEXT
  5
48C
330
17
100
AcDbEntity
  8
PLAT-TEXT-LOWCONF
100
AcDbText
 10
646.6705085625715
 20
1021.2487168460252
 30
0.0
 40
9.046706685028619
  1
G2 LLS GELL A
 50
91.16601721670548
  7
PLAT
 72
1
 11
646.6705085625715
 21
1021.2487168460252
 31
0.0
100
AcDbText
 73
2
  0
TEXT
  5
48D
330
17
100
AcDbEntity
  8
PLAT-TEXT-LOWCONF
100
AcDbText
 10
1010.8979653112399
 20
1027.5519457840107
 30
0.0
 40
17.828127658129855
  1
-auoaerese nts 062%,
 50
54.83461856965704
  7
PLAT
 72
1
 11
1010.8979653112399
 21
1027.5519457840107
 31
0.0
100
AcDbText
 73
2
  0
TEXT
  5
48E
330
17
100
AcDbEntity
  8
PLAT-TEXT-LOWCONF
100
AcDbText
 10
2217.3984316542505
 20
1100.7009625061432
 30
0.0
 40
15.909052370131223
  1
S 5 ae ga
 50
357.38383774041836
  7
PLAT
 72
1
 11
2217.3984316542505
 21
1100.7009625061432
 31
0.0
100
AcDbText
 73
2
  0
TEXT
  5
48F
330
17
100
AcDbEntity
  8
PLAT-TEXT-LOWCONF
100
AcDbText
 10
2342.005059289871
 20
1097.8927472458859
 30
0.0
 40
17.828127658129855
  1
\a
 50
294.6840435291077
  7
PLAT
 72
1
 11
2342.005059289871
 21
1097.8927472458859
 31
0.0
100
AcDbText
 73
2
  0
TEXT
  5
490
330
17
100
AcDbEntity
  8
PLAT-TEXT-LOWCONF
100
AcDbText
 10
1002.8651870060514
 20
1091.462532016607
 30
0.0
 40
3.680732061550833
  1
~ 4
 50
0.6925696274759048
  7
PLAT
 72
1
 11
1002.8651870060514
 21
1091.462532016607
 31
0.0
100
AcDbText
 73
2
  0
TEXT
  5
491
330
17
100
AcDbEntity
  8
PLAT-TEXT-LOWCONF
100
AcDbText
 10
1002.9400114470279
 20
1085.2726621433117
 30
0.0
 40
8.030688134292728
  1
£6
 50
90.6925696274759
  7
PLAT
 72
1
 11
1002.9400114470279
 21
1085.2726621433117
 31
0.0
100
AcDbText
 73
2
  0
TEXT
  5
492
330
17
100
AcDbEntity
  8
PLAT-TEXT-LOWCONF
100
AcDbText
 10
2276.0315240062073
 20
1101.8332860607072
 30
0.0
 40
5.119563685611613
  1
a
 50
0.6925696274759048
  7
PLAT
 72
1
 11
2276.0315240062073
 21
1101.8332860607072
 31
0.0
100
AcDbText
 73
2
  0
TEXT
  5
493
330
17
100
AcDbEntity
  8
PLAT-TEXT-LOWCONF
100
AcDbText
 10
899.0677502687224
 20
1080.2230071049155
 30
0.0
 40
14.537869644622134
  1
Sh
 50
84.850523354892
  7
PLAT
 72
1
 11
899.0677502687224
 21
1080.2230071049155
 31
0.0
100
AcDbText
 73
2
  0
TEXT
  5
494
330
17
100
AcDbEntity
  8
PLAT-TEXT-LOWCONF
100
AcDbText
 10
910.4265509083185
 20
1084.1543400930425
 30
0.0
 40
6.023016100719545
  1
» 9
 50
90.6925696274759
  7
PLAT
 72
1
 11
910.4265509083185
 21
1084.1543400930425
 31
0.0
100
AcDbText
 73
2
  0
TEXT
  5
495
330
17
100
AcDbEntity
  8
PLAT-TEXT-LOWCONF
100
AcDbText
 10
2707.7382222476003
 20
1106.0817113497267
 30
0.0
 40
4.390561523835161
  1
a ]
 50
352.5102747005704
  7
PLAT
 72
1
 11
2707.7382222476003
 21
1106.0817113497267
 31
0.0
100
AcDbText
 73
2
  0
TEXT
  5
496
330
17
100
AcDbEntity
  8
PLAT-TEXT-LOWCONF
100
AcDbText
 10
844.2623797054052
 20
1071.199693258302
 30
0.0
 40
8.907098758424908
  1
N.18%%d46!06"6.
 50
7.6883622061272945
  7
PLAT
 72
1
 11
844.2623797054052
 21
1071.199693258302
 31
0.0
100
AcDbText
 73
2
  0
TEXT
  5
497
330
17
100
AcDbEntity
  8
PLAT-TEXT-LOWCONF
100
AcDbText
 10
2195.7425025864854
 20
1089.9589986030742
 30
0.0
 40
6.100999003581663
  1
=" hp
 50
38.25285624114241
  7
PLAT
 72
1
 11
2195.7425025864854
 21
1089.9589986030742
 31
0.0
100
AcDbText
 73
2
  0
TEXT
  5
498
330
17
100
AcDbEntity
  8
PLAT-TEXT-LOWCONF
100
AcDbText
 10
2322.0023605305455
 20
1089.317729264347
 30
0.0
 40
13.10782739141289
  1
a>
 50
278.4156795988183
  7
PLAT
 72
1
 11
2322.0023605305455
 21
1089.317729264347
 31
0.0
100
AcDbText
 73
2
  0
TEXT
  5
499
330
17
100
AcDbEntity
  8
PLAT-TEXT-LOWCONF
100
AcDbText
 10
1579.8443462082637
 20
1072.1682152041305
 30
0.0
 40
17.828127658129855
  1
AL
 50
0.6925696274758764
  7
PLAT
 72
1
 11
1579.8443462082637
 21
1072.1682152041305
 31
0.0
100
AcDbText
 73
2
  0
TEXT
  5
49A
330
17
100
AcDbEntity
  8
PLAT-TEXT-LOWCONF
100
AcDbText
 10
1568.548704790081
 20
1079.226354852949
 30
0.0
 40
8.73337334604334
  1
f
 50
0.6925696274759048
  7
PLAT
 72
1
 11
1568.548704790081
 21
1079.226354852949
 31
0.0
100
AcDbText
 73
2
  0
TEXT
  5
49B
330
17
100
AcDbEntity
  8
PLAT-TEXT-LOWCONF
100
AcDbText
 10
898.2860984575191
 20
1067.4405558395538
 30
0.0
 40
17.828127658129855
  1
a
 50
64.69610186013358
  7
PLAT
 72
1
 11
898.2860984575191
 21
1067.4405558395538
 31
0.0
100
AcDbText
 73
2
  0
TEXT
  5
49C
330
17
100
AcDbEntity
  8
PLAT-TEXT-LOTNO
100
AcDbText
 10
683.1436166356906
 20
1061.8306640145702
 30
0.0
 40
16.395988274180983
  1
2
 50
0.6925696274758764
  7
PLAT
 72
1
 11
683.1436166356906
 21
1061.8306640145702
 31
0.0
100
AcDbText
 73
2
  0
TEXT
  5
49D
330
17
100
AcDbEntity
  8
PLAT-TEXT-LOWCONF
100
AcDbText
 10
899.7142377600462
 20
1070.6393893220402
 30
0.0
 40
4.216111270503682
  1
A
 50
90.6925696274759
  7
PLAT
 72
1
 11
899.7142377600462
 21
1070.6393893220402
 31
0.0
100
AcDbText
 73
2
  0
TEXT
  5
49E
330
17
100
AcDbEntity
  8
PLAT-TEXT-LOWCONF
100
AcDbText
 10
2401.9181014240726
 20
1083.1095374759593
 30
0.0
 40
14.488657354351853
  1
“ow
 50
0.8746187149345133
  7
PLAT
 72
1
 11
2401.9181014240726
 21
1083.1095374759593
 31
0.0
100
AcDbText
 73
2
  0
TEXT
  5
49F
330
17
100
AcDbEntity
  8
PLAT-TEXT-LOWCONF
100
AcDbText
 10
958.5875401280214
 20
1046.9843386039902
 30
0.0
 40
9.303821767588001
  1
wait 63823
 50
334.6961018601336
  7
PLAT
 72
1
 11
958.5875401280214
 21
1046.9843386039902
 31
0.0
100
AcDbText
 73
2
  0
TEXT
  5
4A0
330
17
100
AcDbEntity
  8
PLAT-TEXT-LOWCONF
100
AcDbText
 10
1711.212431716297
 20
1070.242537334598
 30
0.0
 40
17.828127658129855
  1
aN
 50
90.6925696274759
  7
PLAT
 72
1
 11
1711.212431716297
 21
1070.242537334598
 31
0.0
100
AcDbText
 73
2
  0
TEXT
  5
4A1
330
17
100
AcDbEntity
  8
PLAT-TEXT-LOWCONF
100
AcDbText
 10
2430.043471687509
 20
1081.4416906041956
 30
0.0
 40
13.852937031654955
  1
re
 50
0.6925696274759048
  7
PLAT
 72
1
 11
2430.043471687509
 21
1081.4416906041956
 31
0.0
100
AcDbText
 73
2
  0
TEXT
  5
4A2
330
17
100
AcDbEntity
  8
PLAT-TEXT-LOWCONF
100
AcDbText
 10
2673.3311644561745
 20
1078.1797864141774
 30
0.0
 40
17.828127658129855
  1
‘wT f,
 50
45.96397438658073
  7
PLAT
 72
1
 11
2673.3311644561745
 21
1078.1797864141774
 31
0.0
100
AcDbText
 73
2
  0
TEXT
  5
4A3
330
17
100
AcDbEntity
  8
PLAT-TEXT-LOWCONF
100
AcDbText
 10
2309.9851835729783
 20
1075.1381723623947
 30
0.0
 40
17.828127658129855
  1
1" Si
 50
0.6925696274758764
  7
PLAT
 72
1
 11
2309.9851835729783
 21
1075.1381723623947
 31
0.0
100
AcDbText
 73
2
  0
TEXT
  5
4A4
330
17
100
AcDbEntity
  8
PLAT-TEXT-LOWCONF
100
AcDbText
 10
841.026169766239
 20
1056.8523328304238
 30
0.0
 40
8.81731268201045
  1
me we 90 ban ae
 50
7.6883622061272945
  7
PLAT
 72
1
 11
841.026169766239
 21
1056.8523328304238
 31
0.0
100
AcDbText
 73
2
  0
TEXT
  5
4A5
330
17
100
AcDbEntity
  8
PLAT-TEXT-LOWCONF
100
AcDbText
 10
1882.25301343412
 20
1066.6280441772783
 30
0.0
 40
14.142811991718313
  1
WH, tness
 50
0.7346203867377881
  7
PLAT
 72
1
 11
1882.25301343412
 21
1066.6280441772783
 31
0.0
100
AcDbText
 73
2
  0
TEXT
  5
4A6
330
17
100
AcDbEntity
  8
PLAT-TEXT-LOWCONF
100
AcDbText
 10
886.9797889494212
 20
1010.5671830944324
 30
0.0
 40
15.953515330734527
  1
N Full OVOEN BR
 50
77.9418269358282
  7
PLAT
 72
1
 11
886.9797889494212
 21
1010.5671830944324
 31
0.0
100
AcDbText
 73
2
  0
TEXT
  5
4A7
330
17
100
AcDbEntity
  8
PLAT-TEXT-LOWCONF
100
AcDbText
 10
1189.8022085444145
 20
1060.2586205849761
 30
0.0
 40
3.31265885539575
  1
s
 50
0.6925696274758764
  7
PLAT
 72
1
 11
1189.8022085444145
 21
1060.2586205849761
 31
0.0
100
AcDbText
 73
2
  0
TEXT
  5
4A8
330
17
100
AcDbEntity
  8
PLAT-TEXT-LOWCONF
100
AcDbText
 10
1668.6303116235845
 20
1063.2000509570876
 30
0.0
 40
6.635925056085614
  1
‘Or,
 50
0.7346203867377881
  7
PLAT
 72
1
 11
1668.6303116235845
 21
1063.2000509570876
 31
0.0
100
AcDbText
 73
2
  0
TEXT
  5
4A9
330
17
100
AcDbEntity
  8
PLAT-TEXT-LOWCONF
100
AcDbText
 10
2655.803286506204
 20
1074.586100462602
 30
0.0
 40
5.880269992711438
  1
4
 50
63.745104769469776
  7
PLAT
 72
1
 11
2655.803286506204
 21
1074.586100462602
 31
0.0
100
AcDbText
 73
2
  0
TEXT
  5
4AA
330
17
100
AcDbEntity
  8
PLAT-TEXT-LOWCONF
100
AcDbText
 10
1276.6945059237362
 20
1053.3283683628015
 30
0.0
 40
10.47869906583118
  1
021),
 50
6.52790508410726
  7
PLAT
 72
1
 11
1276.6945059237362
 21
1053.3283683628015
 31
0.0
100
AcDbText
 73
2
  0
TEXT
  5
4AB
330
17
100
AcDbEntity
  8
PLAT-TEXT-LOWCONF
100
AcDbText
 10
941.8568838630373
 20
1034.2025948497985
 30
0.0
 40
16.93634037374248
  1
‘S3,00,.21,695 Vm 1E-S8-
 50
334.6961018601336
  7
PLAT
 72
1
 11
941.8568838630373
 21
1034.2025948497985
 31
0.0
100
AcDbText
 73
2
  0
TEXT
  5
4AC
330
17
100
AcDbEntity
  8
PLAT-TEXT-LOWCONF
100
AcDbText
 10
2755.1311293614317
 20
1047.390736566414
 30
0.0
 40
8.892682069515455
  1
OWA
 50
91.09723258390284
  7
PLAT
 72
1
 11
2755.1311293614317
 21
1047.390736566414
 31
0.0
100
AcDbText
 73
2
  0
TEXT
  5
4AD
330
17
100
AcDbEntity
  8
PLAT-TEXT-LOWCONF
100
AcDbText
 10
1185.9165838758581
 20
1049.5032838694538
 30
0.0
 40
8.73337334604334
  1
50
 50
90.6925696274759
  7
PLAT
 72
1
 11
1185.9165838758581
 21
1049.5032838694538
 31
0.0
100
AcDbText
 73
2
  0
TEXT
  5
4AE
330
17
100
AcDbEntity
  8
PLAT-TEXT-MISC
100
AcDbText
 10
2331.889994902108
 20
1062.2512689283587
 30
0.0
 40
10.757171946556783
  1
President
 50
0.8746187149343996
  7
PLAT
 72
1
 11
2331.889994902108
 21
1062.2512689283587
 31
0.0
100
AcDbText
 73
2
  0
TEXT
  5
4AF
330
17
100
AcDbEntity
  8
PLAT-TEXT-LOWCONF
100
AcDbText
 10
1237.0821114037644
 20
1045.0774032738223
 30
0.0
 40
14.703275360466302
  1
7
 50
298.15994878956815
  7
PLAT
 72
1
 11
1237.0821114037644
 21
1045.0774032738223
 31
0.0
100
AcDbText
 73
2
  0
TEXT
  5
4B0
330
17
100
AcDbEntity
  8
PLAT-TEXT-LOWCONF
100
AcDbText
 10
2649.5514487269693
 20
1066.451207024233
 30
0.0
 40
4.64185187724485
  1
Y
 50
62.327935857352315
  7
PLAT
 72
1
 11
2649.5514487269693
 21
1066.451207024233
 31
0.0
100
AcDbText
 73
2
  0
TEXT
  5
4B1
330
17
100
AcDbEntity
  8
PLAT-TEXT-LOWCONF
100
AcDbText
 10
2703.6939672905414
 20
1066.2440776653596
 30
0.0
 40
6.139274318969937
  1
oH
 50
20.55071231836905
  7
PLAT
 72
1
 11
2703.6939672905414
 21
1066.2440776653596
 31
0.0
100
AcDbText
 73
2
  0
TEXT
  5
4B2
330
17
100
AcDbEntity
  8
PLAT-TEXT-LOWCONF
100
AcDbText
 10
1180.984728599186
 20
1042.248982848346
 30
0.0
 40
11.37680819024803
  1
2%
 50
90.6925696274759
  7
PLAT
 72
1
 11
1180.984728599186
 21
1042.248982848346
 31
0.0
100
AcDbText
 73
2
  0
TEXT
  5
4B3
330
17
100
AcDbEntity
  8
PLAT-TEXT-LOWCONF
100
AcDbText
 10
186.25388830042243
 20
1030.3917867355758
 30
0.0
 40
5.119563685611613
  1
i
 50
0.6925696274758764
  7
PLAT
 72
1
 11
186.25388830042243
 21
1030.3917867355758
 31
0.0
100
AcDbText
 73
2
  0
TEXT
  5
4B4
330
17
100
AcDbEntity
  8
PLAT-TEXT-LOWCONF
100
AcDbText
 10
686.1627975321649
 20
1033.5838823006304
 30
0.0
 40
9.641991496454228
  1
|10' Easement:
 50
0.6789187510215893
  7
PLAT
 72
1
 11
686.1627975321649
 21
1033.5838823006304
 31
0.0
100
AcDbText
 73
2
  0
TEXT
  5
4B5
330
17
100
AcDbEntity
  8
PLAT-TEXT-LOWCONF
100
AcDbText
 10
731.3490259905669
 20
1029.548473341135
 30
0.0
 40
14.736164177329666
  1
47
 50
1.2929996123366436
  7
PLAT
 72
1
 11
731.3490259905669
 21
1029.548473341135
 31
0.0
100
AcDbText
 73
2
  0
TEXT
  5
4B6
330
17
100
AcDbEntity
  8
PLAT-TEXT-LOTNO
100
AcDbText
 10
1059.5706549076533
 20
1033.644502128263
 30
0.0
 40
15.10018961308672
  1
30
 50
12.005999571278494
  7
PLAT
 72
1
 11
1059.5706549076533
 21
1033.644502128263
 31
0.0
100
AcDbText
 73
2
  0
TEXT
  5
4B7
330
17
100
AcDbEntity
  8
PLAT-TEXT-LOWCONF
100
AcDbText
 10
2704.445839053662
 20
1054.6144016943701
 30
0.0
 40
5.942374527909306
  1
19
 50
352.0609235794384
  7
PLAT
 72
1
 11
2704.445839053662
 21
1054.6144016943701
 31
0.0
100
AcDbText
 73
2
  0
TEXT
  5
4B8
330
17
100
AcDbEntity
  8
PLAT-TEXT-LOWCONF
100
AcDbText
 10
2371.8219799619637
 20
1048.6278505057105
 30
0.0
 40
16.627919181574498
  1
> Co =>
 50
43.1297083997963
  7
PLAT
 72
1
 11
2371.8219799619637
 21
1048.6278505057105
 31
0.0
100
AcDbText
 73
2
  0
TEXT
  5
4B9
330
17
100
AcDbEntity
  8
PLAT-TEXT-LOWCONF
100
AcDbText
 10
2646.375663796589
 20
1054.608751566374
 30
0.0
 40
5.3537920895284845
  1
8
 50
90.6925696274759
  7
PLAT
 72
1
 11
2646.375663796589
 21
1054.608751566374
 31
0.0
100
AcDbText
 73
2
  0
TEXT
  5
4BA
330
17
100
AcDbEntity
  8
PLAT-TEXT-LOWCONF
100
AcDbText
 10
1218.9144598917073
 20
1032.6683918013991
 30
0.0
 40
10.239127371223226
  1
AY
 50
90.6925696274759
  7
PLAT
 72
1
 11
1218.9144598917073
 21
1032.6683918013991
 31
0.0
100
AcDbText
 73
2
  0
TEXT
  5
4BB
330
17
100
AcDbEntity
  8
PLAT-TEXT-LOWCONF
100
AcDbText
 10
1080.6150092489318
 20
1005.8849939187725
 30
0.0
 40
9.155165935610725
  1
| 3 400%%d
 50
54.858811739261455
  7
PLAT
 72
1
 11
1080.6150092489318
 21
1005.8849939187725
 31
0.0
100
AcDbText
 73
2
  0
TEXT
  5
4BC
330
17
100
AcDbEntity
  8
PLAT-TEXT-LOWCONF
100
AcDbText
 10
1789.5474778508155
 20
1040.0682776876279
 30
0.0
 40
4.517262075539659
  1
ww
 50
0.6925696274759048
  7
PLAT
 72
1
 11
1789.5474778508155
 21
1040.0682776876279
 31
0.0
100
AcDbText
 73
2
  0
TEXT
  5
4BD
330
17
100
AcDbEntity
  8
PLAT-TEXT-LOWCONF
100
AcDbText
 10
1586.0583134938288
 20
1029.7289542418725
 30
0.0
 40
12.672415174965083
  1
7 At
 50
8.34052493265574
  7
PLAT
 72
1
 11
1586.0583134938288
 21
1029.7289542418725
 31
0.0
100
AcDbText
 73
2
  0
TEXT
  5
4BE
330
17
100
AcDbEntity
  8
PLAT-TEXT-LOWCONF
100
AcDbText
 10
1643.1983321927094
 20
1021.7346742348827
 30
0.0
 40
17.828127658129855
  1
Ny
 50
90.6925696274759
  7
PLAT
 72
1
 11
1643.1983321927094
 21
1021.7346742348827
 31
0.0
100
AcDbText
 73
2
  0
TEXT
  5
4BF
330
17
100
AcDbEntity
  8
PLAT-TEXT-LOTNO
100
AcDbText
 10
848.2447704065587
 20
1018.7507043556252
 30
0.0
 40
14.156211572090722
  1
26
 50
13.48549225936381
  7
PLAT
 72
1
 11
848.2447704065587
 21
1018.7507043556252
 31
0.0
100
AcDbText
 73
2
  0
TEXT
  5
4C0
330
17
100
AcDbEntity
  8
PLAT-TEXT-LOWCONF
100
AcDbText
 10
2645.997994488277
 20
1044.7466990853122
 30
0.0
 40
4.51262108027278
  1
a wor
 50
341.1530317442074
  7
PLAT
 72
1
 11
2645.997994488277
 21
1044.7466990853122
 31
0.0
100
AcDbText
 73
2
  0
TEXT
  5
4C1
330
17
100
AcDbEntity
  8
PLAT-TEXT-LOWCONF
100
AcDbText
 10
1205.9707036974844
 20
1023.811377212007
 30
0.0
 40
9.636825761151272
  1
XY
 50
90.6925696274759
  7
PLAT
 72
1
 11
1205.9707036974844
 21
1023.811377212007
 31
0.0
100
AcDbText
 73
2
  0
TEXT
  5
4C2
330
17
100
AcDbEntity
  8
PLAT-TEXT-LOWCONF
100
AcDbText
 10
2704.3179827288795
 20
1043.7675874395227
 30
0.0
 40
6.548096364999027
  1
Q
 50
354.81425922042257
  7
PLAT
 72
1
 11
2704.3179827288795
 21
1043.7675874395227
 31
0.0
100
AcDbText
 73
2
  0
TEXT
  5
4C3
330
17
100
AcDbEntity
  8
PLAT-TEXT-LOWCONF
100
AcDbText
 10
1700.6043662422219
 20
1020.420791661244
 30
0.0
 40
17.828127658129855
  1
aN
 50
90.6925696274759
  7
PLAT
 72
1
 11
1700.6043662422219
 21
1020.420791661244
 31
0.0
100
AcDbText
 73
2
  0
TEXT
  5
4C4
330
17
100
AcDbEntity
  8
PLAT-TEXT-LOWCONF
100
AcDbText
 10
1744.6465650435835
 20
1031.1595947609408
 30
0.0
 40
6.9264685158274775
  1
Pod
 50
0.6925696274758764
  7
PLAT
 72
1
 11
1744.6465650435835
 21
1031.1595947609408
 31
0.0
100
AcDbText
 73
2
  0
TEXT
  5
4C5
330
17
100
AcDbEntity
  8
PLAT-TEXT-LOWCONF
100
AcDbText
 10
1032.489075747048
 20
1021.5469768021194
 30
0.0
 40
7.696076128697197
  1
3
 50
90.6925696274759
  7
PLAT
 72
1
 11
1032.489075747048
 21
1021.5469768021194
 31
0.0
100
AcDbText
 73
2
  0
TEXT
  5
4C6
330
17
100
AcDbEntity
  8
PLAT-TEXT-LOWCONF
100
AcDbText
 10
965.198656764121
 20
985.4542091543151
 30
0.0
 40
13.01712698059347
  1
“SNES ~~ S8"E WE
 50
67.58015495752716
  7
PLAT
 72
1
 11
965.198656764121
 21
985.4542091543151
 31
0.0
100
AcDbText
 73
2
  0
TEXT
  5
4C7
330
17
100
AcDbEntity
  8
PLAT-TEXT-LOWCONF
100
AcDbText
 10
1048.2811867071514
 20
1008.8286944758488
 30
0.0
 40
7.626127132591868
  1
faseme
 50
325.20811718121433
  7
PLAT
 72
1
 11
1048.2811867071514
 21
1008.8286944758488
 31
0.0
100
AcDbText
 73
2
  0
TEXT
  5
4C8
330
17
100
AcDbEntity
  8
PLAT-TEXT-LOWCONF
100
AcDbText
 10
2649.798154308104
 20
1034.7591981243024
 30
0.0
 40
4.599087444298934
  1
Ss
 50
35.74258043573343
  7
PLAT
 72
1
 11
2649.798154308104
 21
1034.7591981243024
 31
0.0
100
AcDbText
 73
2
  0
TEXT
  5
4C9
330
17
100
AcDbEntity
  8
PLAT-TEXT-LOWCONF
100
AcDbText
 10
2676.340905042911
 20
1037.0639412759926
 30
0.0
 40
3.705825087826212
  1
wes
 50
355.7156260940822
  7
PLAT
 72
1
 11
2676.340905042911
 21
1037.0639412759926
 31
0.0
100
AcDbText
 73
2
  0
TEXT
  5
4CA
330
17
100
AcDbEntity
  8
PLAT-TEXT-LOWCONF
100
AcDbText
 10
1029.137276016878
 20
994.0512948171516
 30
0.0
 40
15.215232597140387
  1
wo les .
 50
334.6961018601334
  7
PLAT
 72
1
 11
1029.137276016878
 21
994.0512948171516
 31
0.0
100
AcDbText
 73
2
  0
TEXT
  5
4CB
330
17
100
AcDbEntity
  8
PLAT-TEXT-LOWCONF
100
AcDbText
 10
2704.1776867695244
 20
1032.086666836381
 30
0.0
 40
6.986492274383137
  1
“4
 50
4.743657989140388
  7
PLAT
 72
1
 11
2704.1776867695244
 21
1032.086666836381
 31
0.0
100
AcDbText
 73
2
  0
TEXT
  5
4CC
330
17
100
AcDbEntity
  8
PLAT-TEXT-LOWCONF
100
AcDbText
 10
1738.3324249571788
 20
1013.6821725982171
 30
0.0
 40
12.347183006475067
  1
wt _
 50
0.6925696274758764
  7
PLAT
 72
1
 11
1738.3324249571788
 21
1013.6821725982171
 31
0.0
100
AcDbText
 73
2
  0
TEXT
  5
4CD
330
17
100
AcDbEntity
  8
PLAT-TEXT-LOWCONF
100
AcDbText
 10
1873.3773028113533
 20
1012.4499655204811
 30
0.0
 40
14.474146780022151
  1
~Wrdness
 50
0.602551782526433
  7
PLAT
 72
1
 11
1873.3773028113533
 21
1012.4499655204811
 31
0.0
100
AcDbText
 73
2
  0
TEXT
  5
4CE
330
17
100
AcDbEntity
  8
PLAT-TEXT-LOWCONF
100
AcDbText
 10
2670.5207522742885
 20
1021.5762788153899
 30
0.0
 40
8.868667437727991
  1
ea
 50
36.98451333281446
  7
PLAT
 72
1
 11
2670.5207522742885
 21
1021.5762788153899
 31
0.0
100
AcDbText
 73
2
  0
TEXT
  5
4CF
330
17
100
AcDbEntity
  8
PLAT-TEXT-LOWCONF
100
AcDbText
 10
2340.4288073169723
 20
1020.4584848537376
 30
0.0
 40
6.692240111910605
  1
4
 50
0.6925696274759048
  7
PLAT
 72
1
 11
2340.4288073169723
 21
1020.4584848537376
 31
0.0
100
AcDbText
 73
2
  0
TEXT
  5
4D0
330
17
100
AcDbEntity
  8
PLAT-TEXT-LOWCONF
100
AcDbText
 10
611.4279882261754
 20
951.5099381588254
 30
0.0
 40
16.41511121330702
  1
Sas Ff i / / fP
 50
91.11237337864725
  7
PLAT
 72
1
 11
611.4279882261754
 21
951.5099381588254
 31
0.0
100
AcDbText
 73
2
  0
TEXT
  5
4D1
330
17
100
AcDbEntity
  8
PLAT-TEXT-LOTNO
100
AcDbText
 10
934.428905610467
 20
996.8834665597317
 30
0.0
 40
14.942530838273017
  1
25
 50
7.100432349039352
  7
PLAT
 72
1
 11
934.428905610467
 21
996.8834665597317
 31
0.0
100
AcDbText
 73
2
  0
TEXT
  5
4D2
330
17
100
AcDbEntity
  8
PLAT-TEXT-LOWCONF
100
AcDbText
 10
1599.1884899063648
 20
1008.3191706494366
 30
0.0
 40
5.688404095124015
  1
3
 50
0.6925696274759048
  7
PLAT
 72
1
 11
1599.1884899063648
 21
1008.3191706494366
 31
0.0
100
AcDbText
 73
2
  0
TEXT
  5
4D3
330
17
100
AcDbEntity
  8
PLAT-TEXT-LOWCONF
100
AcDbText
 10
836.5163962677218
 20
987.6021375248779
 30
0.0
 40
17.828127658129855
  1
ie,
 50
31.432255585114603
  7
PLAT
 72
1
 11
836.5163962677218
 21
987.6021375248779
 31
0.0
100
AcDbText
 73
2
  0
TEXT
  5
4D4
330
17
100
AcDbEntity
  8
PLAT-TEXT-LOWCONF
100
AcDbText
 10
861.2368760547142
 20
993.436098306723
 30
0.0
 40
13.635927550018703
  1
x
 50
276.4269783383163
  7
PLAT
 72
1
 11
861.2368760547142
 21
993.436098306723
 31
0.0
100
AcDbText
 73
2
  0
TEXT
  5
4D5
330
17
100
AcDbEntity
  8
PLAT-TEXT-LOWCONF
100
AcDbText
 10
1121.7561468568053
 20
992.7486115857846
 30
0.0
 40
18.870568178927275
  1
16
 50
338.78221447037765
  7
PLAT
 72
1
 11
1121.7561468568053
 21
992.7486115857846
 31
0.0
100
AcDbText
 73
2
  0
TEXT
  5
4D6
330
17
100
AcDbEntity
  8
PLAT-TEXT-LOWCONF
100
AcDbText
 10
1066.4306016206874
 20
995.8556257859628
 30
0.0
 40
5.119563685611613
  1
> Pe
 50
0.6925696274758764
  7
PLAT
 72
1
 11
1066.4306016206874
 21
995.8556257859628
 31
0.0
100
AcDbText
 73
2
  0
TEXT
  5
4D7
330
17
100
AcDbEntity
  8
PLAT-TEXT-LOWCONF
100
AcDbText
 10
2398.4257031238594
 20
1011.7897427908541
 30
0.0
 40
3.6138096604317274
  1
A
 50
0.6925696274759048
  7
PLAT
 72
1
 11
2398.4257031238594
 21
1011.7897427908541
 31
0.0
100
AcDbText
 73
2
  0
TEXT
  5
4D8
330
17
100
AcDbEntity
  8
PLAT-TEXT-LOWCONF
100
AcDbText
 10
2328.206705316093
 20
1006.9414140838319
 30
0.0
 40
10.18897489431083
  1
Seeré bare
 50
0.8831969823277177
  7
PLAT
 72
1
 11
2328.206705316093
 21
1006.9414140838319
 31
0.0
100
AcDbText
 73
2
  0
TEXT
  5
4D9
330
17
100
AcDbEntity
  8
PLAT-TEXT-MISC
100
AcDbText
 10
1302.940005169994
 20
970.1396517164206
 30
0.0
 40
16.179289047695924
  1
AVENUE
 50
324.79320485923415
  7
PLAT
 72
1
 11
1302.940005169994
 21
970.1396517164206
 31
0.0
100
AcDbText
 73
2
  0
TEXT
  5
4DA
330
17
100
AcDbEntity
  8
PLAT-TEXT-LOWCONF
100
AcDbText
 10
2367.527671404137
 20
1007.0280733893529
 30
0.0
 40
6.008413992056143
  1
7,
 50
24.65882776565377
  7
PLAT
 72
1
 11
2367.527671404137
 21
1007.0280733893529
 31
0.0
100
AcDbText
 73
2
  0
TEXT
  5
4DB
330
17
100
AcDbEntity
  8
PLAT-TEXT-LOWCONF
100
AcDbText
 10
819.2448393389475
 20
983.8814162015088
 30
0.0
 40
8.204699067541734
  1
X
 50
312.09697135932254
  7
PLAT
 72
1
 11
819.2448393389475
 21
983.8814162015088
 31
0.0
100
AcDbText
 73
2
  0
TEXT
  5
4DC
330
17
100
AcDbEntity
  8
PLAT-TEXT-LOTNO
100
AcDbText
 10
684.8037100295185
 20
979.8648007672529
 30
0.0
 40
17.734436296563103
  1
4
 50
0.6925696274758764
  7
PLAT
 72
1
 11
684.8037100295185
 21
979.8648007672529
 31
0.0
100
AcDbText
 73
2
  0
TEXT
  5
4DD
330
17
100
AcDbEntity
  8
PLAT-TEXT-LOWCONF
100
AcDbText
 10
1176.4745705973812
 20
984.8337938773522
 30
0.0
 40
12.913383235192159
  1
a
 50
301.154150782982
  7
PLAT
 72
1
 11
1176.4745705973812
 21
984.8337938773522
 31
0.0
100
AcDbText
 73
2
  0
TEXT
  5
4DE
330
17
100
AcDbEntity
  8
PLAT-TEXT-LOWCONF
100
AcDbText
 10
1084.0894735390902
 20
988.3724515192316
 30
0.0
 40
6.324166905755523
  1
me
 50
0.6925696274759048
  7
PLAT
 72
1
 11
1084.0894735390902
 21
988.3724515192316
 31
0.0
100
AcDbText
 73
2
  0
TEXT
  5
4DF
330
17
100
AcDbEntity
  8
PLAT-TEXT-LOWCONF
100
AcDbText
 10
823.228468545472
 20
975.5146520442494
 30
0.0
 40
8.131071735971386
  1
"We
 50
0.6925696274758764
  7
PLAT
 72
1
 11
823.228468545472
 21
975.5146520442494
 31
0.0
100
AcDbText
 73
2
  0
TEXT
  5
4E0
330
17
100
AcDbEntity
  8
PLAT-TEXT-LOWCONF
100
AcDbText
 10
854.666262315344
 20
975.5573677371536
 30
0.0
 40
9.567241470316318
  1
34%%d3140%%d
 50
354.2942697793038
  7
PLAT
 72
1
 11
854.666262315344
 21
975.5573677371536
 31
0.0
100
AcDbText
 73
2
  0
TEXT
  5
4E1
330
17
100
AcDbEntity
  8
PLAT-TEXT-LOWCONF
100
AcDbText
 10
769.9729781312161
 20
965.6683861063382
 30
0.0
 40
18.738272313349697
  1
3,
 50
90.6925696274759
  7
PLAT
 72
1
 11
769.9729781312161
 21
965.6683861063382
 31
0.0
100
AcDbText
 73
2
  0
TEXT
  5
4E2
330
17
100
AcDbEntity
  8
PLAT-TEXT-LOWCONF
100
AcDbText
 10
816.7543772232741
 20
960.8449237903602
 30
0.0
 40
19.809030731255394
  1
“4,
 50
72.85892292464598
  7
PLAT
 72
1
 11
816.7543772232741
 21
960.8449237903602
 31
0.0
100
AcDbText
 73
2
  0
TEXT
  5
4E3
330
17
100
AcDbEntity
  8
PLAT-TEXT-LOWCONF
100
AcDbText
 10
1099.0840321484698
 20
967.4640525871525
 30
0.0
 40
17.828127658129855
  1
é _ ast -
 50
325.20811718121433
  7
PLAT
 72
1
 11
1099.0840321484698
 21
967.4640525871525
 31
0.0
100
AcDbText
 73
2
  0
TEXT
  5
4E4
330
17
100
AcDbEntity
  8
PLAT-TEXT-LOWCONF
100
AcDbText
 10
1173.5489833224183
 20
975.0281535244642
 30
0.0
 40
4.311382674530879
  1
0"
 50
10.157668596874828
  7
PLAT
 72
1
 11
1173.5489833224183
 21
975.0281535244642
 31
0.0
100
AcDbText
 73
2
  0
TEXT
  5
4E5
330
17
100
AcDbEntity
  8
PLAT-TEXT-LOWCONF
100
AcDbText
 10
900.2740503475168
 20
967.6986551343122
 30
0.0
 40
8.926590199998511
  1
VEN
 50
356.6096108790864
  7
PLAT
 72
1
 11
900.2740503475168
 21
967.6986551343122
 31
0.0
100
AcDbText
 73
2
  0
TEXT
  5
4E6
330
17
100
AcDbEntity
  8
PLAT-TEXT-LOWCONF
100
AcDbText
 10
925.7735230989155
 20
960.5186102464436
 30
0.0
 40
10.479142284379842
  1
m4tao’,
 50
343.9819249163308
  7
PLAT
 72
1
 11
925.7735230989155
 21
960.5186102464436
 31
0.0
100
AcDbText
 73
2
  0
TEXT
  5
4E7
330
17
100
AcDbEntity
  8
PLAT-TEXT-LOWCONF
100
AcDbText
 10
1144.7514917798858
 20
966.8524226015079
 30
0.0
 40
9.034524151079317
  1
We
 50
90.6925696274759
  7
PLAT
 72
1
 11
1144.7514917798858
 21
966.8524226015079
 31
0.0
100
AcDbText
 73
2
  0
TEXT
  5
4E8
330
17
100
AcDbEntity
  8
PLAT-TEXT-LOTNO
100
AcDbText
 10
1004.9464707363885
 20
960.812156402536
 30
0.0
 40
15.392152257394393
  1
24
 50
0.6925696274758764
  7
PLAT
 72
1
 11
1004.9464707363885
 21
960.812156402536
 31
0.0
100
AcDbText
 73
2
  0
TEXT
  5
4E9
330
17
100
AcDbEntity
  8
PLAT-TEXT-LOWCONF
100
AcDbText
 10
1581.203998594851
 20
964.8117642306818
 30
0.0
 40
15.34491963009965
  1
“TATE.
 50
356.92130119173424
  7
PLAT
 72
1
 11
1581.203998594851
 21
964.8117642306818
 31
0.0
100
AcDbText
 73
2
  0
TEXT
  5
4EA
330
17
100
AcDbEntity
  8
PLAT-TEXT-LOWCONF
100
AcDbText
 10
1730.8791266307896
 20
966.0958939327475
 30
0.0
 40
17.828127658129855
  1
FLOR AT
 50
353.6455470437211
  7
PLAT
 72
1
 11
1730.8791266307896
 21
966.0958939327475
 31
0.0
100
AcDbText
 73
2
  0
TEXT
  5
4EB
330
17
100
AcDbEntity
  8
PLAT-TEXT-LOWCONF
100
AcDbText
 10
2708.546006808997
 20
980.0679656544238
 30
0.0
 40
5.8320600725336105
  1
ARMA
 50
22.590873348423486
  7
PLAT
 72
1
 11
2708.546006808997
 21
980.0679656544238
 31
0.0
100
AcDbText
 73
2
  0
TEXT
  5
4EC
330
17
100
AcDbEntity
  8
PLAT-TEXT-LOWCONF
100
AcDbText
 10
1243.505379246604
 20
963.8632245837704
 30
0.0
 40
7.696076128697197
  1
4
 50
0.6925696274759048
  7
PLAT
 72
1
 11
1243.505379246604
 21
963.8632245837704
 31
0.0
100
AcDbText
 73
2
  0
TEXT
  5
4ED
330
17
100
AcDbEntity
  8
PLAT-TEXT-LOWCONF
100
AcDbText
 10
1649.8033550804741
 20
965.5836120691139
 30
0.0
 40
12.775011164709248
  1
YO
 50
12.128914454027608
  7
PLAT
 72
1
 11
1649.8033550804741
 21
965.5836120691139
 31
0.0
100
AcDbText
 73
2
  0
TEXT
  5
4EE
330
17
100
AcDbEntity
  8
PLAT-TEXT-LOWCONF
100
AcDbText
 10
1105.79528372175
 20
946.7442157343343
 30
0.0
 40
17.828127658129855
  1
Resa
 50
325.20811718121433
  7
PLAT
 72
1
 11
1105.79528372175
 21
946.7442157343343
 31
0.0
100
AcDbText
 73
2
  0
TEXT
  5
4EF
330
17
100
AcDbEntity
  8
PLAT-TEXT-LOWCONF
100
AcDbText
 10
770.2156519938424
 20
945.5931324632187
 30
0.0
 40
19.809030731255394
  1
7),
 50
90.6925696274759
  7
PLAT
 72
1
 11
770.2156519938424
 21
945.5931324632187
 31
0.0
100
AcDbText
 73
2
  0
TEXT
  5
4F0
330
17
100
AcDbEntity
  8
PLAT-TEXT-LOWCONF
100
AcDbText
 10
912.8047787550252
 20
928.4870301255451
 30
0.0
 40
17.828127658129855
  1
foie ag
 50
354.2942697793038
  7
PLAT
 72
1
 11
912.8047787550252
 21
928.4870301255451
 31
0.0
100
AcDbText
 73
2
  0
TEXT
  5
4F1
330
17
100
AcDbEntity
  8
PLAT-TEXT-LOWCONF
100
AcDbText
 10
1696.2736844168403
 20
949.5928318214025
 30
0.0
 40
13.551786226618976
  1
IN
 50
90.6925696274759
  7
PLAT
 72
1
 11
1696.2736844168403
 21
949.5928318214025
 31
0.0
100
AcDbText
 73
2
  0
TEXT
  5
4F2
330
17
100
AcDbEntity
  8
PLAT-TEXT-LOWCONF
100
AcDbText
 10
1153.1774049047995
 20
948.0473172481428
 30
0.0
 40
3.9149604654677046
  1
4 4
 50
0.6925696274759048
  7
PLAT
 72
1
 11
1153.1774049047995
 21
948.0473172481428
 31
0.0
100
AcDbText
 73
2
  0
TEXT
  5
4F3
330
17
100
AcDbEntity
  8
PLAT-TEXT-LOWCONF
100
AcDbText
 10
1592.3031729540803
 20
946.4553273265508
 30
0.0
 40
17.828127658129855
  1
Bunn,
 50
354.92879904622424
  7
PLAT
 72
1
 11
1592.3031729540803
 21
946.4553273265508
 31
0.0
100
AcDbText
 73
2
  0
TEXT
  5
4F4
330
17
100
AcDbEntity
  8
PLAT-TEXT-LOWCONF
100
AcDbText
 10
1664.6492904683469
 20
947.1013405898352
 30
0.0
 40
14.315265338005013
  1
OF,
 50
353.6455470437211
  7
PLAT
 72
1
 11
1664.6492904683469
 21
947.1013405898352
 31
0.0
100
AcDbText
 73
2
  0
TEXT
  5
4F5
330
17
100
AcDbEntity
  8
PLAT-TEXT-LOWCONF
100
AcDbText
 10
1743.6126393198927
 20
948.2053231561525
 30
0.0
 40
11.655438622589484
  1
OVAL
 50
1.1171730703968024
  7
PLAT
 72
1
 11
1743.6126393198927
 21
948.2053231561525
 31
0.0
100
AcDbText
 73
2
  0
TEXT
  5
4F6
330
17
100
AcDbEntity
  8
PLAT-TEXT-UNASSOC
100
AcDbText
 10
1016.327711524739
 20
934.851800315165
 30
0.0
 40
9.123509415870586
  1
8.31
 50
58.78579136180372
  7
PLAT
 72
1
 11
1016.327711524739
 21
934.851800315165
 31
0.0
100
AcDbText
 73
2
  0
TEXT
  5
4F7
330
17
100
AcDbEntity
  8
PLAT-TEXT-LOWCONF
100
AcDbText
 10
1147.338885236955
 20
937.4204139614768
 30
0.0
 40
10.522836259573515
  1
52)
 50
345.4337198595539
  7
PLAT
 72
1
 11
1147.338885236955
 21
937.4204139614768
 31
0.0
100
AcDbText
 73
2
  0
TEXT
  5
4F8
330
17
100
AcDbEntity
  8
PLAT-TEXT-LOWCONF
100
AcDbText
 10
988.9052719326653
 20
928.8534798207534
 30
0.0
 40
9.49627035969414
  1
Lonio,as
 50
328.0822765748464
  7
PLAT
 72
1
 11
988.9052719326653
 21
928.8534798207534
 31
0.0
100
AcDbText
 73
2
  0
TEXT
  5
4F9
330
17
100
AcDbEntity
  8
PLAT-TEXT-LOWCONF
100
AcDbText
 10
2679.494421839737
 20
951.7289635115471
 30
0.0
 40
7.061868043494518
  1
er
 50
66.41938371504807
  7
PLAT
 72
1
 11
2679.494421839737
 21
951.7289635115471
 31
0.0
100
AcDbText
 73
2
  0
TEXT
  5
4FA
330
17
100
AcDbEntity
  8
PLAT-TEXT-LOWCONF
100
AcDbText
 10
770.5088829111824
 20
921.3355343111158
 30
0.0
 40
17.828127658129855
  1
‘Al
 50
90.6925696274759
  7
PLAT
 72
1
 11
770.5088829111824
 21
921.3355343111158
 31
0.0
100
AcDbText
 73
2
  0
TEXT
  5
4FB
330
17
100
AcDbEntity
  8
PLAT-TEXT-LOWCONF
100
AcDbText
 10
2571.4791206979826
 20
944.6731153899699
 30
0.0
 40
14.363485544591407
  1
‘Of pa
 50
3.1422952909715605
  7
PLAT
 72
1
 11
2571.4791206979826
 21
944.6731153899699
 31
0.0
100
AcDbText
 73
2
  0
TEXT
  5
4FC
330
17
100
AcDbEntity
  8
PLAT-TEXT-LOWCONF
100
AcDbText
 10
2321.0044615849893
 20
937.8148450475427
 30
0.0
 40
17.828127658129855
  1
opesred betore mean atticer daly suthors;
 50
0.9257449455252527
  7
PLAT
 72
1
 11
2321.0044615849893
 21
937.8148450475427
 31
0.0
100
AcDbText
 73
2
  0
TEXT
  5
4FD
330
17
100
AcDbEntity
  8
PLAT-TEXT-LOWCONF
100
AcDbText
 10
187.91307069464256
 20
920.8184051645918
 30
0.0
 40
3.6138096604317274
  1
i
 50
0.6925696274759048
  7
PLAT
 72
1
 11
187.91307069464256
 21
920.8184051645918
 31
0.0
100
AcDbText
 73
2
  0
TEXT
  5
4FE
330
17
100
AcDbEntity
  8
PLAT-TEXT-LOWCONF
100
AcDbText
 10
1182.4023484133609
 20
924.9760428164561
 30
0.0
 40
15.960992666906794
  1
G
 50
0.6925696274759048
  7
PLAT
 72
1
 11
1182.4023484133609
 21
924.9760428164561
 31
0.0
100
AcDbText
 73
2
  0
TEXT
  5
4FF
330
17
100
AcDbEntity
  8
PLAT-TEXT-MISC
100
AcDbText
 10
1852.4333414695875
 20
933.7891064673172
 30
0.0
 40
14.421437504868964
  1
thst on this
 50
0.167038827079255
  7
PLAT
 72
1
 11
1852.4333414695875
 21
933.7891064673172
 31
0.0
100
AcDbText
 73
2
  0
TEXT
  5
500
330
17
100
AcDbEntity
  8
PLAT-TEXT-LOWCONF
100
AcDbText
 10
1940.7632334684665
 20
934.3956283534409
 30
0.0
 40
17.61123301389494
  1
da!
 50
336.499498395671
  7
PLAT
 72
1
 11
1940.7632334684665
 21
934.3956283534409
 31
0.0
100
AcDbText
 73
2
  0
TEXT
  5
501
330
17
100
AcDbEntity
  8
PLAT-TEXT-LOWCONF
100
AcDbText
 10
2020.9035633730332
 20
932.4264786102218
 30
0.0
 40
14.476720097927577
  1
Pesoaslly
 50
3.457326786486533
  7
PLAT
 72
1
 11
2020.9035633730332
 21
932.4264786102218
 31
0.0
100
AcDbText
 73
2
  0
TEXT
  5
502
330
17
100
AcDbEntity
  8
PLAT-TEXT-LOWCONF
100
AcDbText
 10
1622.765536652767
 20
928.7116155954034
 30
0.0
 40
13.839097078659456
  1
th,
 50
12.562941178867732
  7
PLAT
 72
1
 11
1622.765536652767
 21
928.7116155954034
 31
0.0
100
AcDbText
 73
2
  0
TEXT
  5
503
330
17
100
AcDbEntity
  8
PLAT-TEXT-LOWCONF
100
AcDbText
 10
1736.9389455417797
 20
931.0443464976951
 30
0.0
 40
17.828127658129855
  1
SEE
 50
22.371587302269404
  7
PLAT
 72
1
 11
1736.9389455417797
 21
931.0443464976951
 31
0.0
100
AcDbText
 73
2
  0
TEXT
  5
504
330
17
100
AcDbEntity
  8
PLAT-TEXT-LOWCONF
100
AcDbText
 10
1121.3143845550446
 20
912.5253229102931
 30
0.0
 40
17.828127658129855
  1
mA
 50
0.6925696274759048
  7
PLAT
 72
1
 11
1121.3143845550446
 21
912.5253229102931
 31
0.0
100
AcDbText
 73
2
  0
TEXT
  5
505
330
17
100
AcDbEntity
  8
PLAT-TEXT-LOWCONF
100
AcDbText
 10
1665.9548112924874
 20
929.5289053823313
 30
0.0
 40
19.809030731255394
  1
4
 50
336.1487217798242
  7
PLAT
 72
1
 11
1665.9548112924874
 21
929.5289053823313
 31
0.0
100
AcDbText
 73
2
  0
TEXT
  5
506
330
17
100
AcDbEntity
  8
PLAT-TEXT-LOWCONF
100
AcDbText
 10
827.2255190173722
 20
921.6865004123164
 30
0.0
 40
7.696076128697197
  1
9
 50
90.6925696274759
  7
PLAT
 72
1
 11
827.2255190173722
 21
921.6865004123164
 31
0.0
100
AcDbText
 73
2
  0
TEXT
  5
507
330
17
100
AcDbEntity
  8
PLAT-TEXT-LOWCONF
100
AcDbText
 10
2525.8826302191487
 20
932.013810870765
 30
0.0
 40
17.828127658129855
  1
x
 50
90.6925696274759
  7
PLAT
 72
1
 11
2525.8826302191487
 21
932.013810870765
 31
0.0
100
AcDbText
 73
2
  0
TEXT
  5
508
330
17
100
AcDbEntity
  8
PLAT-TEXT-LOWCONF
100
AcDbText
 10
2070.784901458304
 20
931.3647229483244
 30
0.0
 40
14.15408783669093
  1
Wr iS
 50
90.6925696274759
  7
PLAT
 72
1
 11
2070.784901458304
 21
931.3647229483244
 31
0.0
100
AcDbText
 73
2
  0
TEXT
  5
509
330
17
100
AcDbEntity
  8
PLAT-TEXT-LOWCONF
100
AcDbText
 10
1827.6164252537478
 20
920.604568830673
 30
0.0
 40
17.828127658129855
  1
vip co tos Bary
 50
0.8338417476443283
  7
PLAT
 72
1
 11
1827.6164252537478
 21
920.604568830673
 31
0.0
100
AcDbText
 73
2
  0
TEXT
  5
50A
330
17
100
AcDbEntity
  8
PLAT-TEXT-LOWCONF
100
AcDbText
 10
1958.7043200743421
 20
932.8412601786033
 30
0.0
 40
7.013486274014007
  1
» N
 50
292.6671346310477
  7
PLAT
 72
1
 11
1958.7043200743421
 21
932.8412601786033
 31
0.0
100
AcDbText
 73
2
  0
TEXT
  5
50B
330
17
100
AcDbEntity
  8
PLAT-TEXT-LOWCONF
100
AcDbText
 10
2102.8067711013464
 20
926.0629903141205
 30
0.0
 40
17.828127658129855
  1
‘de
 50
0.6925696274759048
  7
PLAT
 72
1
 11
2102.8067711013464
 21
926.0629903141205
 31
0.0
100
AcDbText
 73
2
  0
TEXT
  5
50C
330
17
100
AcDbEntity
  8
PLAT-TEXT-LOWCONF
100
AcDbText
 10
1278.8747914207052
 20
916.9397194372989
 30
0.0
 40
17.828127658129855
  1
N,
 50
90.6925696274759
  7
PLAT
 72
1
 11
1278.8747914207052
 21
916.9397194372989
 31
0.0
100
AcDbText
 73
2
  0
TEXT
  5
50D
330
17
100
AcDbEntity
  8
PLAT-TEXT-LOWCONF
100
AcDbText
 10
1637.0233508665947
 20
916.9812267227419
 30
0.0
 40
11.400072670452676
  1
ae,
 50
52.01080027215585
  7
PLAT
 72
1
 11
1637.0233508665947
 21
916.9812267227419
 31
0.0
100
AcDbText
 73
2
  0
TEXT
  5
50E
330
17
100
AcDbEntity
  8
PLAT-TEXT-LOWCONF
100
AcDbText
 10
1689.856040749336
 20
928.6065650913145
 30
0.0
 40
6.628772710323691
  1
42,
 50
16.57693952276236
  7
PLAT
 72
1
 11
1689.856040749336
 21
928.6065650913145
 31
0.0
100
AcDbText
 73
2
  0
TEXT
  5
50F
330
17
100
AcDbEntity
  8
PLAT-TEXT-LOWCONF
100
AcDbText
 10
2695.6750186678332
 20
939.0862647052533
 30
0.0
 40
6.50629153093383
  1
Net
 50
11.077082572938252
  7
PLAT
 72
1
 11
2695.6750186678332
 21
939.0862647052533
 31
0.0
100
AcDbText
 73
2
  0
TEXT
  5
510
330
17
100
AcDbEntity
  8
PLAT-TEXT-LOWCONF
100
AcDbText
 10
943.2147104254786
 20
918.5710098992809
 30
0.0
 40
6.023016100719545
  1
te,
 50
0.6925696274759048
  7
PLAT
 72
1
 11
943.2147104254786
 21
918.5710098992809
 31
0.0
100
AcDbText
 73
2
  0
TEXT
  5
511
330
17
100
AcDbEntity
  8
PLAT-TEXT-LOWCONF
100
AcDbText
 10
1007.1866735561649
 20
914.7712685492028
 30
0.0
 40
10.978032419034488
  1
ve.
 50
302.870440611122
  7
PLAT
 72
1
 11
1007.1866735561649
 21
914.7712685492028
 31
0.0
100
AcDbText
 73
2
  0
TEXT
  5
512
330
17
100
AcDbEntity
  8
PLAT-TEXT-LOWCONF
100
AcDbText
 10
1307.2722661558314
 20
920.7966767968986
 30
0.0
 40
4.517262075539659
  1
~ a
 50
90.6925696274759
  7
PLAT
 72
1
 11
1307.2722661558314
 21
920.7966767968986
 31
0.0
100
AcDbText
 73
2
  0
TEXT
  5
513
330
17
100
AcDbEntity
  8
PLAT-TEXT-LOTNO
100
AcDbText
 10
1068.0371297102765
 20
911.2678207308156
 30
0.0
 40
16.579896177280457
  1
23
 50
6.150113057791486
  7
PLAT
 72
1
 11
1068.0371297102765
 21
911.2678207308156
 31
0.0
100
AcDbText
 73
2
  0
TEXT
  5
514
330
17
100
AcDbEntity
  8
PLAT-TEXT-LOWCONF
100
AcDbText
 10
2563.03473462695
 20
926.4619672000582
 30
0.0
 40
15.081071286501047
  1
%esident
 50
4.081767821476092
  7
PLAT
 72
1
 11
2563.03473462695
 21
926.4619672000582
 31
0.0
100
AcDbText
 73
2
  0
TEXT
  5
515
330
17
100
AcDbEntity
  8
PLAT-TEXT-LOWCONF
100
AcDbText
 10
2438.861166297747
 20
923.220014757833
 30
0.0
 40
17.828127658129855
  1
Ponipskeinss
 50
1.9490716261317402
  7
PLAT
 72
1
 11
2438.861166297747
 21
923.220014757833
 31
0.0
100
AcDbText
 73
2
  0
TEXT
  5
516
330
17
100
AcDbEntity
  8
PLAT-TEXT-LOWCONF
100
AcDbText
 10
2238.8938021722433
 20
920.7927313757733
 30
0.0
 40
17.828127658129855
  1
armen ond Edward Lemke
 50
1.078789768241677
  7
PLAT
 72
1
 11
2238.8938021722433
 21
920.7927313757733
 31
0.0
100
AcDbText
 73
2
  0
TEXT
  5
517
330
17
100
AcDbEntity
  8
PLAT-TEXT-LOTNO
100
AcDbText
 10
687.3907193823371
 20
904.2682348667213
 30
0.0
 40
15.057540251798862
  1
4
 50
0.6925696274758764
  7
PLAT
 72
1
 11
687.3907193823371
 21
904.2682348667213
 31
0.0
100
AcDbText
 73
2
  0
TEXT
  5
518
330
17
100
AcDbEntity
  8
PLAT-TEXT-LOWCONF
100
AcDbText
 10
1984.1029947679492
 20
917.3896288224296
 30
0.0
 40
16.282885958004613
  1
eats,
 50
0.8338417476443283
  7
PLAT
 72
1
 11
1984.1029947679492
 21
917.3896288224296
 31
0.0
100
AcDbText
 73
2
  0
TEXT
  5
519
330
17
100
AcDbEntity
  8
PLAT-TEXT-LOWCONF
100
AcDbText
 10
1712.8588322885832
 20
910.686005101616
 30
0.0
 40
17.828127658129855
  1
we
 50
311.50691889635095
  7
PLAT
 72
1
 11
1712.8588322885832
 21
910.686005101616
 31
0.0
100
AcDbText
 73
2
  0
TEXT
  5
51A
330
17
100
AcDbEntity
  8
PLAT-TEXT-LOWCONF
100
AcDbText
 10
1918.7612656080285
 20
912.9323778457889
 30
0.0
 40
17.828127658129855
  1
Ss
 50
66.49949839567103
  7
PLAT
 72
1
 11
1918.7612656080285
 21
912.9323778457889
 31
0.0
100
AcDbText
 73
2
  0
TEXT
  5
51B
330
17
100
AcDbEntity
  8
PLAT-TEXT-LOWCONF
100
AcDbText
 10
2054.036186595913
 20
918.7835960210344
 30
0.0
 40
13.59704063410954
  1
Alvia 3:
 50
0.8338417476443283
  7
PLAT
 72
1
 11
2054.036186595913
 21
918.7835960210344
 31
0.0
100
AcDbText
 73
2
  0
TEXT
  5
51C
330
17
100
AcDbEntity
  8
PLAT-TEXT-LOWCONF
100
AcDbText
 10
1579.9523670627602
 20
911.5467492359558
 30
0.0
 40
14.355993412583945
  1
‘st urulpe
 50
0.45682874776048266
  7
PLAT
 72
1
 11
1579.9523670627602
 21
911.5467492359558
 31
0.0
100
AcDbText
 73
2
  0
TEXT
  5
51D
330
17
100
AcDbEntity
  8
PLAT-TEXT-LOWCONF
100
AcDbText
 10
2487.1094521786576
 20
914.4786535241808
 30
0.0
 40
17.828127658129855
  1
x
 50
90.6925696274759
  7
PLAT
 72
1
 11
2487.1094521786576
 21
914.4786535241808
 31
0.0
100
AcDbText
 73
2
  0
TEXT
  5
51E
330
17
100
AcDbEntity
  8
PLAT-TEXT-LOWCONF
100
AcDbText
 10
772.4689847855501
 20
897.6000403219765
 30
0.0
 40
15.960992666906794
  1
wy
 50
0.6925696274758764
  7
PLAT
 72
1
 11
772.4689847855501
 21
897.6000403219765
 31
0.0
100
AcDbText
 73
2
  0
TEXT
  5
51F
330
17
100
AcDbEntity
  8
PLAT-TEXT-LOWCONF
100
AcDbText
 10
1121.5302131079293
 20
908.5122944638576
 30
0.0
 40
4.517262075539659
  1
we
 50
90.6925696274759
  7
PLAT
 72
1
 11
1121.5302131079293
 21
908.5122944638576
 31
0.0
100
AcDbText
 73
2
  0
TEXT
  5
520
330
17
100
AcDbEntity
  8
PLAT-TEXT-LOWCONF
100
AcDbText
 10
996.6815466635489
 20
898.2894510870967
 30
0.0
 40
9.399586648431889
  1
jw Yo .@
 50
324.3818513897275
  7
PLAT
 72
1
 11
996.6815466635489
 21
898.2894510870967
 31
0.0
100
AcDbText
 73
2
  0
TEXT
  5
521
330
17
100
AcDbEntity
  8
PLAT-TEXT-LOWCONF
100
AcDbText
 10
1244.5844156875908
 20
903.6796210760256
 30
0.0
 40
8.451381969287512
  1
Cy
 50
83.8881119896156
  7
PLAT
 72
1
 11
1244.5844156875908
 21
903.6796210760256
 31
0.0
100
AcDbText
 73
2
  0
TEXT
  5
522
330
17
100
AcDbEntity
  8
PLAT-TEXT-LOWCONF
100
AcDbText
 10
1944.686278410518
 20
914.4034817959621
 30
0.0
 40
15.477306796224028
  1
ww we \
 50
336.499498395671
  7
PLAT
 72
1
 11
1944.686278410518
 21
914.4034817959621
 31
0.0
100
AcDbText
 73
2
  0
TEXT
  5
523
330
17
100
AcDbEntity
  8
PLAT-TEXT-LOWCONF
100
AcDbText
 10
1667.747619397964
 20
910.244754475561
 30
0.0
 40
13.708427093451883
  1
po
 50
336.1487217798242
  7
PLAT
 72
1
 11
1667.747619397964
 21
910.244754475561
 31
0.0
100
AcDbText
 73
2
  0
TEXT
  5
524
330
17
100
AcDbEntity
  8
PLAT-TEXT-LOWCONF
100
AcDbText
 10
1644.5532612590391
 20
909.6478413941318
 30
0.0
 40
6.023016100719545
  1
or
 50
0.6925696274758764
  7
PLAT
 72
1
 11
1644.5532612590391
 21
909.6478413941318
 31
0.0
100
AcDbText
 73
2
  0
TEXT
  5
525
330
17
100
AcDbEntity
  8
PLAT-TEXT-LOWCONF
100
AcDbText
 10
1010.8727332085377
 20
899.6453235388664
 30
0.0
 40
8.432222541007365
  1
Ly a
 50
0.6925696274759048
  7
PLAT
 72
1
 11
1010.8727332085377
 21
899.6453235388664
 31
0.0
100
AcDbText
 73
2
  0
TEXT
  5
526
330
17
100
AcDbEntity
  8
PLAT-TEXT-LOWCONF
100
AcDbText
 10
939.6157440217964
 20
891.6504017370083
 30
0.0
 40
8.928065555204947
  1
~_ a =
 50
67.58015495752716
  7
PLAT
 72
1
 11
939.6157440217964
 21
891.6504017370083
 31
0.0
100
AcDbText
 73
2
  0
TEXT
  5
527
330
17
100
AcDbEntity
  8
PLAT-TEXT-MISC
100
AcDbText
 10
808.1733398786866
 20
892.1755041155616
 30
0.0
 40
8.432222541007365
  1
re L
 50
90.6925696274759
  7
PLAT
 72
1
 11
808.1733398786866
 21
892.1755041155616
 31
0.0
100
AcDbText
 73
2
  0
TEXT
  5
528
330
17
100
AcDbEntity
  8
PLAT-TEXT-LOWCONF
100
AcDbText
 10
822.2909546975119
 20
886.8082581507207
 30
0.0
 40
17.828127658129855
  1
wR
 50
301.85591578539993
  7
PLAT
 72
1
 11
822.2909546975119
 21
886.8082581507207
 31
0.0
100
AcDbText
 73
2
  0
TEXT
  5
529
330
17
100
AcDbEntity
  8
PLAT-TEXT-LOWCONF
100
AcDbText
 10
1092.5176741021728
 20
889.8560281332193
 30
0.0
 40
10.789505260721041
  1
00.
 50
62.62640939386495
  7
PLAT
 72
1
 11
1092.5176741021728
 21
889.8560281332193
 31
0.0
100
AcDbText
 73
2
  0
TEXT
  5
52A
330
17
100
AcDbEntity
  8
PLAT-TEXT-LOWCONF
100
AcDbText
 10
2509.864409101309
 20
907.1561164555942
 30
0.0
 40
14.530677640642779
  1
Ye,
 50
12.093723414180317
  7
PLAT
 72
1
 11
2509.864409101309
 21
907.1561164555942
 31
0.0
100
AcDbText
 73
2
  0
TEXT
  5
52B
330
17
100
AcDbEntity
  8
PLAT-TEXT-LOWCONF
100
AcDbText
 10
2552.0470115027724
 20
908.4070638984504
 30
0.0
 40
10.252387602665175
  1
wo
 50
23.7325866210316
  7
PLAT
 72
1
 11
2552.0470115027724
 21
908.4070638984504
 31
0.0
100
AcDbText
 73
2
  0
TEXT
  5
52C
330
17
100
AcDbEntity
  8
PLAT-TEXT-LOWCONF
100
AcDbText
 10
2316.7122017503098
 20
905.482946191013
 30
0.0
 40
14.305794650454496
  1
mo under ye the Laws.
 50
0.845334442107287
  7
PLAT
 72
1
 11
2316.7122017503098
 21
905.482946191013
 31
0.0
100
AcDbText
 73
2
  0
TEXT
  5
52D
330
17
100
AcDbEntity
  8
PLAT-TEXT-MISC
100
AcDbText
 10
2434.5980716025224
 20
907.0589704381107
 30
0.0
 40
14.26284526942872
  1
of the
 50
2.188815451898222
  7
PLAT
 72
1
 11
2434.5980716025224
 21
907.0589704381107
 31
0.0
100
AcDbText
 73
2
  0
TEXT
  5
52E
330
17
100
AcDbEntity
  8
PLAT-TEXT-LOWCONF
100
AcDbText
 10
2160.2112475656318
 20
898.6698160170929
 30
0.0
 40
17.828127658129855
  1
Coresoouod
 50
1.9468303282876036
  7
PLAT
 72
1
 11
2160.2112475656318
 21
898.6698160170929
 31
0.0
100
AcDbText
 73
2
  0
TEXT
  5
52F
330
17
100
AcDbEntity
  8
PLAT-TEXT-LOWCONF
100
AcDbText
 10
1707.1338244478502
 20
895.5130061984813
 30
0.0
 40
16.395988274180983
  1
7
 50
0.6925696274759048
  7
PLAT
 72
1
 11
1707.1338244478502
 21
895.5130061984813
 31
0.0
100
AcDbText
 73
2
  0
TEXT
  5
530
330
17
100
AcDbEntity
  8
PLAT-TEXT-LOWCONF
100
AcDbText
 10
2006.6017299359128
 20
898.0222732783603
 30
0.0
 40
16.62858799785157
  1
SIN GPLULEP
 50
0.8338417476443283
  7
PLAT
 72
1
 11
2006.6017299359128
 21
898.0222732783603
 31
0.0
100
AcDbText
 73
2
  0
TEXT
  5
531
330
17
100
AcDbEntity
  8
PLAT-TEXT-LOWCONF
100
AcDbText
 10
1859.1941587900667
 20
897.6500503576658
 30
0.0
 40
13.224607304122625
  1
‘BOULEVARD wee,
 50
0.8338417476443283
  7
PLAT
 72
1
 11
1859.1941587900667
 21
897.6500503576658
 31
0.0
100
AcDbText
 73
2
  0
TEXT
  5
532
330
17
100
AcDbEntity
  8
PLAT-TEXT-LOWCONF
100
AcDbText
 10
1755.8131407920725
 20
896.0927802881678
 30
0.0
 40
13.066024295255337
  1
"BEACH.
 50
0.8338417476443283
  7
PLAT
 72
1
 11
1755.8131407920725
 21
896.0927802881678
 31
0.0
100
AcDbText
 73
2
  0
TEXT
  5
533
330
17
100
AcDbEntity
  8
PLAT-TEXT-LOWCONF
100
AcDbText
 10
1580.6070695479402
 20
892.6302728622566
 30
0.0
 40
14.376071389261716
  1
IIE pve
 50
2.3910212055216107
  7
PLAT
 72
1
 11
1580.6070695479402
 21
892.6302728622566
 31
0.0
100
AcDbText
 73
2
  0
TEXT
  5
534
330
17
100
AcDbEntity
  8
PLAT-TEXT-LOWCONF
100
AcDbText
 10
945.1146994754803
 20
885.9669232689085
 30
0.0
 40
3.31265885539575
  1
ve
 50
0.6925696274758764
  7
PLAT
 72
1
 11
945.1146994754803
 21
885.9669232689085
 31
0.0
100
AcDbText
 73
2
  0
TEXT
  5
535
330
17
100
AcDbEntity
  8
PLAT-TEXT-LOWCONF
100
AcDbText
 10
1632.5821450189842
 20
891.5477806004928
 30
0.0
 40
9.476068648104649
  1
2
 50
322.01080027215585
  7
PLAT
 72
1
 11
1632.5821450189842
 21
891.5477806004928
 31
0.0
100
AcDbText
 73
2
  0
TEXT
  5
536
330
17
100
AcDbEntity
  8
PLAT-TEXT-LOWCONF
100
AcDbText
 10
1657.518661292361
 20
891.111047672245
 30
0.0
 40
8.356718785251655
  1
on,
 50
12.41028601994094
  7
PLAT
 72
1
 11
1657.518661292361
 21
891.111047672245
 31
0.0
100
AcDbText
 73
2
  0
TEXT
  5
537
330
17
100
AcDbEntity
  8
PLAT-TEXT-LOWCONF
100
AcDbText
 10
1675.3897610562221
 20
891.2674310390234
 30
0.0
 40
6.104848889452748
  1
ep
 50
25.69866234126073
  7
PLAT
 72
1
 11
1675.3897610562221
 21
891.2674310390234
 31
0.0
100
AcDbText
 73
2
  0
TEXT
  5
538
330
17
100
AcDbEntity
  8
PLAT-TEXT-LOWCONF
100
AcDbText
 10
1692.049218738329
 20
881.5566292178817
 30
0.0
 40
13.149531445809833
  1
gy
 50
71.17510440760839
  7
PLAT
 72
1
 11
1692.049218738329
 21
881.5566292178817
 31
0.0
100
AcDbText
 73
2
  0
TEXT
  5
539
330
17
100
AcDbEntity
  8
PLAT-TEXT-LOWCONF
100
AcDbText
 10
1035.5982993762689
 20
860.7651638865899
 30
0.0
 40
10.146275987676706
  1
+. N.54%%d4140-W™, ane
 50
324.3818513897275
  7
PLAT
 72
1
 11
1035.5982993762689
 21
860.7651638865899
 31
0.0
100
AcDbText
 73
2
  0
TEXT
  5
53A
330
17
100
AcDbEntity
  8
PLAT-TEXT-LOWCONF
100
AcDbText
 10
1085.871459505522
 20
882.4815553983415
 30
0.0
 40
9.034524151079317
  1
on
 50
90.6925696274759
  7
PLAT
 72
1
 11
1085.871459505522
 21
882.4815553983415
 31
0.0
100
AcDbText
 73
2
  0
TEXT
  5
53B
330
17
100
AcDbEntity
  8
PLAT-TEXT-LOWCONF
100
AcDbText
 10
868.5709592285696
 20
870.6227738586992
 30
0.0
 40
16.328210015922544
  1
OS Neel N
 50
358.82819825681895
  7
PLAT
 72
1
 11
868.5709592285696
 21
870.6227738586992
 31
0.0
100
AcDbText
 73
2
  0
TEXT
  5
53C
330
17
100
AcDbEntity
  8
PLAT-TEXT-LOWCONF
100
AcDbText
 10
2560.9447876914346
 20
891.5000844733208
 30
0.0
 40
16.903283088116833
  1
co Aron
 50
1.6950596042731831
  7
PLAT
 72
1
 11
2560.9447876914346
 21
891.5000844733208
 31
0.0
100
AcDbText
 73
2
  0
TEXT
  5
53D
330
17
100
AcDbEntity
  8
PLAT-TEXT-LOWCONF
100
AcDbText
 10
2405.661047246875
 20
885.526985434601
 30
0.0
 40
17.828127658129855
  1
Beg,
 50
352.6031781536492
  7
PLAT
 72
1
 11
2405.661047246875
 21
885.526985434601
 31
0.0
100
AcDbText
 73
2
  0
TEXT
  5
53E
330
17
100
AcDbEntity
  8
PLAT-TEXT-LOWCONF
100
AcDbText
 10
2304.835209490735
 20
886.5367788761265
 30
0.0
 40
14.856555876075808
  1
executed the
 50
2.455504808312071
  7
PLAT
 72
1
 11
2304.835209490735
 21
886.5367788761265
 31
0.0
100
AcDbText
 73
2
  0
TEXT
  5
53F
330
17
100
AcDbEntity
  8
PLAT-TEXT-LOWCONF
100
AcDbText
 10
2495.4467724784936
 20
888.4278533056208
 30
0.0
 40
13.188410022076827
  1
N
 50
290.02619688685536
  7
PLAT
 72
1
 11
2495.4467724784936
 21
888.4278533056208
 31
0.0
100
AcDbText
 73
2
  0
TEXT
  5
540
330
17
100
AcDbEntity
  8
PLAT-TEXT-LOWCONF
100
AcDbText
 10
772.754126574136
 20
874.011617291311
 30
0.0
 40
4.216111270503682
  1
oa!
 50
0.6925696274758764
  7
PLAT
 72
1
 11
772.754126574136
 21
874.011617291311
 31
0.0
100
AcDbText
 73
2
  0
TEXT
  5
541
330
17
100
AcDbEntity
  8
PLAT-TEXT-LOWCONF
100
AcDbText
 10
2090.436015682661
 20
875.9121741192632
 30
0.0
 40
12.68049270463098
  1
RR
 50
72.62978178061496
  7
PLAT
 72
1
 11
2090.436015682661
 21
875.9121741192632
 31
0.0
100
AcDbText
 73
2
  0
TEXT
  5
542
330
17
100
AcDbEntity
  8
PLAT-TEXT-LOWCONF
100
AcDbText
 10
2159.5016138146793
 20
883.5522347738126
 30
0.0
 40
12.364261991513178
  1
Cue
 50
7.826399824271789
  7
PLAT
 72
1
 11
2159.5016138146793
 21
883.5522347738126
 31
0.0
100
AcDbText
 73
2
  0
TEXT
  5
543
330
17
100
AcDbEntity
  8
PLAT-TEXT-MISC
100
AcDbText
 10
2207.0055422327505
 20
885.1906226837376
 30
0.0
 40
14.198793473827497
  1
who
 50
4.450220713194426
  7
PLAT
 72
1
 11
2207.0055422327505
 21
885.1906226837376
 31
0.0
100
AcDbText
 73
2
  0
TEXT
  5
544
330
17
100
AcDbEntity
  8
PLAT-TEXT-LOWCONF
100
AcDbText
 10
2513.4407464961037
 20
881.8400670485297
 30
0.0
 40
11.10524410827139
  1
Se
 50
68.72058415820322
  7
PLAT
 72
1
 11
2513.4407464961037
 21
881.8400670485297
 31
0.0
100
AcDbText
 73
2
  0
TEXT
  5
545
330
17
100
AcDbEntity
  8
PLAT-TEXT-MISC
100
AcDbText
 10
2038.5691571522048
 20
882.8670691775
 30
0.0
 40
12.66760221096569
  1
describer
 50
0.8338417476443283
  7
PLAT
 72
1
 11
2038.5691571522048
 21
882.8670691775
 31
0.0
100
AcDbText
 73
2
  0
TEXT
  5
546
330
17
100
AcDbEntity
  8
PLAT-TEXT-MISC
100
AcDbText
 10
614.8841957775179
 20
848.8566256678168
 30
0.0
 40
14.373218237258667
  1
pue
 50
91.11237337864725
  7
PLAT
 72
1
 11
614.8841957775179
 21
848.8566256678168
 31
0.0
100
AcDbText
 73
2
  0
TEXT
  5
547
330
17
100
AcDbEntity
  8
PLAT-TEXT-LOWCONF
100
AcDbText
 10
1126.8717387057627
 20
872.2279168968474
 30
0.0
 40
13.703408747347831
  1
£2
 50
17.121098703842563
  7
PLAT
 72
1
 11
1126.8717387057627
 21
872.2279168968474
 31
0.0
100
AcDbText
 73
2
  0
TEXT
  5
548
330
17
100
AcDbEntity
  8
PLAT-TEXT-LOWCONF
100
AcDbText
 10
1575.5945205308528
 20
875.1294101675301
 30
0.0
 40
15.279613239441272
  1
“Florida
 50
359.6301763325803
  7
PLAT
 72
1
 11
1575.5945205308528
 21
875.1294101675301
 31
0.0
100
AcDbText
 73
2
  0
TEXT
  5
549
330
17
100
AcDbEntity
  8
PLAT-TEXT-LOWCONF
100
AcDbText
 10
1814.7515179403072
 20
878.4047627022223
 30
0.0
 40
12.954643919672195
  1
to
 50
0.8338417476443283
  7
PLAT
 72
1
 11
1814.7515179403072
 21
878.4047627022223
 31
0.0
100
AcDbText
 73
2
  0
TEXT
  5
54A
330
17
100
AcDbEntity
  8
PLAT-TEXT-LOWCONF
100
AcDbText
 10
1862.264619477179
 20
878.9778774283265
 30
0.0
 40
13.047460899324815
  1
be rhe
 50
0.8338417476443283
  7
PLAT
 72
1
 11
1862.264619477179
 21
878.9778774283265
 31
0.0
100
AcDbText
 73
2
  0
TEXT
  5
54B
330
17
100
AcDbEntity
  8
PLAT-TEXT-LOWCONF
100
AcDbText
 10
1745.5094009344414
 20
876.4212840169063
 30
0.0
 40
14.451482937694077
  1
vel known
 50
0.8338417476443283
  7
PLAT
 72
1
 11
1745.5094009344414
 21
876.4212840169063
 31
0.0
100
AcDbText
 73
2
  0
TEXT
  5
54C
330
17
100
AcDbEntity
  8
PLAT-TEXT-LOWCONF
100
AcDbText
 10
647.8544302401274
 20
866.8129839642455
 30
0.0
 40
5.3537920895284845
  1
1
 50
0.6925696274758764
  7
PLAT
 72
1
 11
647.8544302401274
 21
866.8129839642455
 31
0.0
100
AcDbText
 73
2
  0
TEXT
  5
54D
330
17
100
AcDbEntity
  8
PLAT-TEXT-LOWCONF
100
AcDbText
 10
823.0316432683156
 20
858.0038798040727
 30
0.0
 40
17.828127658129855
  1
Bo ag
 50
91.32377180768475
  7
PLAT
 72
1
 11
823.0316432683156
 21
858.0038798040727
 31
0.0
100
AcDbText
 73
2
  0
TEXT
  5
54E
330
17
100
AcDbEntity
  8
PLAT-TEXT-LOWCONF
100
AcDbText
 10
2463.435501697054
 20
886.6151340046792
 30
0.0
 40
7.325522511544634
  1
ILS;
 50
7.562138262782753
  7
PLAT
 72
1
 11
2463.435501697054
 21
886.6151340046792
 31
0.0
100
AcDbText
 73
2
  0
TEXT
  5
54F
330
17
100
AcDbEntity
  8
PLAT-TEXT-LOWCONF
100
AcDbText
 10
770.926584324605
 20
859.0982034530681
 30
0.0
 40
17.828127658129855
  1
A\
 50
90.6925696274759
  7
PLAT
 72
1
 11
770.926584324605
 21
859.0982034530681
 31
0.0
100
AcDbText
 73
2
  0
TEXT
  5
550
330
17
100
AcDbEntity
  8
PLAT-TEXT-LOWCONF
100
AcDbText
 10
2442.334467126786
 20
885.6390391130675
 30
0.0
 40
10.351570436740365
  1
10%%d
 50
342.48257796544357
  7
PLAT
 72
1
 11
2442.334467126786
 21
885.6390391130675
 31
0.0
100
AcDbText
 73
2
  0
TEXT
  5
551
330
17
100
AcDbEntity
  8
PLAT-TEXT-LOWCONF
100
AcDbText
 10
2117.046138161163
 20
880.8407522167436
 30
0.0
 40
9.292087730195753
  1
th
 50
6.209493338254902
  7
PLAT
 72
1
 11
2117.046138161163
 21
880.8407522167436
 31
0.0
100
AcDbText
 73
2
  0
TEXT
  5
552
330
17
100
AcDbEntity
  8
PLAT-TEXT-LOWCONF
100
AcDbText
 10
579.1169093343284
 20
864.3088881811574
 30
0.0
 40
3.6138096604317274
  1
te
 50
90.6925696274759
  7
PLAT
 72
1
 11
579.1169093343284
 21
864.3088881811574
 31
0.0
100
AcDbText
 73
2
  0
TEXT
  5
553
330
17
100
AcDbEntity
  8
PLAT-TEXT-LOWCONF
100
AcDbText
 10
1945.7774473530585
 20
877.7887620038437
 30
0.0
 40
8.503481264979264
  1
EFS ONT
 50
0.8338417476443283
  7
PLAT
 72
1
 11
1945.7774473530585
 21
877.7887620038437
 31
0.0
100
AcDbText
 73
2
  0
TEXT
  5
554
330
17
100
AcDbEntity
  8
PLAT-TEXT-LOWCONF
100
AcDbText
 10
1905.625694882848
 20
877.3322756077177
 30
0.0
 40
7.227619320863455
  1
at
 50
0.6925696274758764
  7
PLAT
 72
1
 11
1905.625694882848
 21
877.3322756077177
 31
0.0
100
AcDbText
 73
2
  0
TEXT
  5
555
330
17
100
AcDbEntity
  8
PLAT-TEXT-LOWCONF
100
AcDbText
 10
1620.3112367232332
 20
862.7426166994843
 30
0.0
 40
9.103461896997583
  1
> nd 2.
 50
52.01080027215585
  7
PLAT
 72
1
 11
1620.3112367232332
 21
862.7426166994843
 31
0.0
100
AcDbText
 73
2
  0
TEXT
  5
556
330
17
100
AcDbEntity
  8
PLAT-TEXT-LOWCONF
100
AcDbText
 10
1653.881748794859
 20
872.7762296137611
 30
0.0
 40
8.197390625917805
  1
‘oO sre
 50
1.9554754603707352
  7
PLAT
 72
1
 11
1653.881748794859
 21
872.7762296137611
 31
0.0
100
AcDbText
 73
2
  0
TEXT
  5
557
330
17
100
AcDbEntity
  8
PLAT-TEXT-LOWCONF
100
AcDbText
 10
2616.0254813900137
 20
876.6942895373356
 30
0.0
 40
17.828127658129855
  1
pe
 50
10.671857733034471
  7
PLAT
 72
1
 11
2616.0254813900137
 21
876.6942895373356
 31
0.0
100
AcDbText
 73
2
  0
TEXT
  5
558
330
17
100
AcDbEntity
  8
PLAT-TEXT-LOWCONF
100
AcDbText
 10
1091.609536128491
 20
858.2343018232381
 30
0.0
 40
10.760026447127233
  1
N
 50
345.4265520260644
  7
PLAT
 72
1
 11
1091.609536128491
 21
858.2343018232381
 31
0.0
100
AcDbText
 73
2
  0
TEXT
  5
559
330
17
100
AcDbEntity
  8
PLAT-TEXT-LOWCONF
100
AcDbText
 10
909.5251309924103
 20
858.3736510082787
 30
0.0
 40
10.7144415959608
  1
“Wt
 50
348.87843795017125
  7
PLAT
 72
1
 11
909.5251309924103
 21
858.3736510082787
 31
0.0
100
AcDbText
 73
2
  0
TEXT
  5
55A
330
17
100
AcDbEntity
  8
PLAT-TEXT-LOWCONF
100
AcDbText
 10
1131.6312265381123
 20
864.4851612453148
 30
0.0
 40
3.27172687873326
  1
» we a
 50
351.2352054932089
  7
PLAT
 72
1
 11
1131.6312265381123
 21
864.4851612453148
 31
0.0
100
AcDbText
 73
2
  0
TEXT
  5
55B
330
17
100
AcDbEntity
  8
PLAT-TEXT-LOWCONF
100
AcDbText
 10
967.6433119442811
 20
835.0174782842864
 30
0.0
 40
12.210366646629085
  1
C461" $7.92"
 50
327.35057064001325
  7
PLAT
 72
1
 11
967.6433119442811
 21
835.0174782842864
 31
0.0
100
AcDbText
 73
2
  0
TEXT
  5
55C
330
17
100
AcDbEntity
  8
PLAT-TEXT-LOWCONF
100
AcDbText
 10
1307.8127990619412
 20
861.136069500224
 30
0.0
 40
8.027812541789851
  1
3
 50
12.209110679345713
  7
PLAT
 72
1
 11
1307.8127990619412
 21
861.136069500224
 31
0.0
100
AcDbText
 73
2
  0
TEXT
  5
55D
330
17
100
AcDbEntity
  8
PLAT-TEXT-LOWCONF
100
AcDbText
 10
2469.376677964806
 20
868.2374060841394
 30
0.0
 40
17.828127658129855
  1
Sar ce =
 50
42.2255349013999
  7
PLAT
 72
1
 11
2469.376677964806
 21
868.2374060841394
 31
0.0
100
AcDbText
 73
2
  0
TEXT
  5
55E
330
17
100
AcDbEntity
  8
PLAT-TEXT-LOWCONF
100
AcDbText
 10
651.4929311909555
 20
785.5525800253147
 30
0.0
 40
9.16615213217615
  1
—77.25' - -- 77.25>
 50
91.16601721670554
  7
PLAT
 72
1
 11
651.4929311909555
 21
785.5525800253147
 31
0.0
100
AcDbText
 73
2
  0
TEXT
  5
55F
330
17
100
AcDbEntity
  8
PLAT-TEXT-LOWCONF
100
AcDbText
 10
924.0611498656291
 20
831.0175255387106
 30
0.0
 40
11.314815141427651
  1
SIT Sa
 50
75.25635054398242
  7
PLAT
 72
1
 11
924.0611498656291
 21
831.0175255387106
 31
0.0
100
AcDbText
 73
2
  0
TEXT
  5
560
330
17
100
AcDbEntity
  8
PLAT-TEXT-MISC
100
AcDbText
 10
2164.221721659174
 20
866.1206701457536
 30
0.0
 40
16.13684290588067
  1
executed the
 50
2.2254495185015912
  7
PLAT
 72
1
 11
2164.221721659174
 21
866.1206701457536
 31
0.0
100
AcDbText
 73
2
  0
TEXT
  5
561
330
17
100
AcDbEntity
  8
PLAT-TEXT-MISC
100
AcDbText
 10
2319.3225170934315
 20
869.4551272782946
 30
0.0
 40
13.958495291289617
  1
freely
 50
1.7146607705158203
  7
PLAT
 72
1
 11
2319.3225170934315
 21
869.4551272782946
 31
0.0
100
AcDbText
 73
2
  0
TEXT
  5
562
330
17
100
AcDbEntity
  8
PLAT-TEXT-LOWCONF
100
AcDbText
 10
2392.401464887416
 20
870.1186788771269
 30
0.0
 40
14.225701746831804
  1
ond va,
 50
1.6946243128048764
  7
PLAT
 72
1
 11
2392.401464887416
 21
870.1186788771269
 31
0.0
100
AcDbText
 73
2
  0
TEXT
  5
563
330
17
100
AcDbEntity
  8
PLAT-TEXT-LOWCONF
100
AcDbText
 10
2015.5290113960366
 20
864.7572843047419
 30
0.0
 40
14.78827454749439
  1
“me thot the:
 50
0.8338417476443283
  7
PLAT
 72
1
 11
2015.5290113960366
 21
864.7572843047419
 31
0.0
100
AcDbText
 73
2
  0
TEXT
  5
564
330
17
100
AcDbEntity
  8
PLAT-TEXT-LOWCONF
100
AcDbText
 10
856.000635228257
 20
837.1585627622175
 30
0.0
 40
17.828127658129855
  1
on
 50
347.38306091358345
  7
PLAT
 72
1
 11
856.000635228257
 21
837.1585627622175
 31
0.0
100
AcDbText
 73
2
  0
TEXT
  5
565
330
17
100
AcDbEntity
  8
PLAT-TEXT-LOWCONF
100
AcDbText
 10
1806.2093834265452
 20
857.2931049582367
 30
0.0
 40
17.828127658129855
  1
veknowledged :
 50
1.3558158036283885
  7
PLAT
 72
1
 11
1806.2093834265452
 21
857.2931049582367
 31
0.0
100
AcDbText
 73
2
  0
TEXT
  5
566
330
17
100
AcDbEntity
  8
PLAT-TEXT-MISC
100
AcDbText
 10
1926.4515692179882
 20
863.1082180289819
 30
0.0
 40
14.429618098719686
  1
fore
 50
359.4591728069843
  7
PLAT
 72
1
 11
1926.4515692179882
 21
863.1082180289819
 31
0.0
100
AcDbText
 73
2
  0
TEXT
  5
567
330
17
100
AcDbEntity
  8
PLAT-TEXT-LOWCONF
100
AcDbText
 10
1573.5323538842938
 20
856.2870207112496
 30
0.0
 40
14.621499228524065
  1
A UD
 50
3.242385574800892
  7
PLAT
 72
1
 11
1573.5323538842938
 21
856.2870207112496
 31
0.0
100
AcDbText
 73
2
  0
TEXT
  5
568
330
17
100
AcDbEntity
  8
PLAT-TEXT-LOTNO
100
AcDbText
 10
861.5619455590697
 20
849.4854561740775
 30
0.0
 40
13.719092229416741
  1
8
 50
0.6925696274758764
  7
PLAT
 72
1
 11
861.5619455590697
 21
849.4854561740775
 31
0.0
100
AcDbText
 73
2
  0
TEXT
  5
569
330
17
100
AcDbEntity
  8
PLAT-TEXT-LOWCONF
100
AcDbText
 10
1679.4721921091477
 20
858.5346994700517
 30
0.0
 40
13.695478240161929
  1
tevers/ly
 50
0.8338417476443283
  7
PLAT
 72
1
 11
1679.4721921091477
 21
858.5346994700517
 31
0.0
100
AcDbText
 73
2
  0
TEXT
  5
56A
330
17
100
AcDbEntity
  8
PLAT-TEXT-MISC
100
AcDbText
 10
2577.829979599215
 20
870.3183073332887
 30
0.0
 40
8.923967440068882
  1
(IPL
 50
2.2356822697340704
  7
PLAT
 72
1
 11
2577.829979599215
 21
870.3183073332887
 31
0.0
100
AcDbText
 73
2
  0
TEXT
  5
56B
330
17
100
AcDbEntity
  8
PLAT-TEXT-LOWCONF
100
AcDbText
 10
2245.0918458559754
 20
857.8648605999883
 30
0.0
 40
17.828127658129855
  1
st ews
 50
348.1497255522071
  7
PLAT
 72
1
 11
2245.0918458559754
 21
857.8648605999883
 31
0.0
100
AcDbText
 73
2
  0
TEXT
  5
56C
330
17
100
AcDbEntity
  8
PLAT-TEXT-LOWCONF
100
AcDbText
 10
2271.569710162362
 20
864.9787380158531
 30
0.0
 40
8.933961698015839
  1
: tr,
 50
6.260529314174391
  7
PLAT
 72
1
 11
2271.569710162362
 21
864.9787380158531
 31
0.0
100
AcDbText
 73
2
  0
TEXT
  5
56D
330
17
100
AcDbEntity
  8
PLAT-TEXT-LOWCONF
100
AcDbText
 10
2334.5215465164138
 20
858.5903519834037
 30
0.0
 40
17.828127658129855
  1
Ge.
 50
0.6925696274759048
  7
PLAT
 72
1
 11
2334.5215465164138
 21
858.5903519834037
 31
0.0
100
AcDbText
 73
2
  0
TEXT
  5
56E
330
17
100
AcDbEntity
  8
PLAT-TEXT-LOWCONF
100
AcDbText
 10
2543.196373846988
 20
861.3548050998544
 30
0.0
 40
10.96842699240566
  1
as ~
 50
68.72058415820328
  7
PLAT
 72
1
 11
2543.196373846988
 21
861.3548050998544
 31
0.0
100
AcDbText
 73
2
  0
TEXT
  5
56F
330
17
100
AcDbEntity
  8
PLAT-TEXT-LOWCONF
100
AcDbText
 10
2495.411607636034
 20
868.7034306267262
 30
0.0
 40
14.167558780166248
  1
i!
 50
330.47647305776184
  7
PLAT
 72
1
 11
2495.411607636034
 21
868.7034306267262
 31
0.0
100
AcDbText
 73
2
  0
TEXT
  5
570
330
17
100
AcDbEntity
  8
PLAT-TEXT-LOWCONF
100
AcDbText
 10
1902.3208205607227
 20
860.0585483047472
 30
0.0
 40
8.73337334604334
  1
= v
 50
90.6925696274759
  7
PLAT
 72
1
 11
1902.3208205607227
 21
860.0585483047472
 31
0.0
100
AcDbText
 73
2
  0
TEXT
  5
571
330
17
100
AcDbEntity
  8
PLAT-TEXT-LOWCONF
100
AcDbText
 10
1708.3793499930248
 20
847.8423679248266
 30
0.0
 40
17.828127658129855
  1
‘toe Me
 50
0.6925696274758764
  7
PLAT
 72
1
 11
1708.3793499930248
 21
847.8423679248266
 31
0.0
100
AcDbText
 73
2
  0
TEXT
  5
572
330
17
100
AcDbEntity
  8
PLAT-TEXT-LOWCONF
100
AcDbText
 10
1885.33000110668
 20
851.0872886484699
 30
0.0
 40
12.00606797001027
  1
Mea
 50
49.98948681582385
  7
PLAT
 72
1
 11
1885.33000110668
 21
851.0872886484699
 31
0.0
100
AcDbText
 73
2
  0
TEXT
  5
573
330
17
100
AcDbEntity
  8
PLAT-TEXT-LOWCONF
100
AcDbText
 10
1305.7491775171643
 20
853.0143838007303
 30
0.0
 40
4.818412880575636
  1
wy
 50
90.6925696274759
  7
PLAT
 72
1
 11
1305.7491775171643
 21
853.0143838007303
 31
0.0
100
AcDbText
 73
2
  0
TEXT
  5
574
330
17
100
AcDbEntity
  8
PLAT-TEXT-LOWCONF
100
AcDbText
 10
1263.8853075737825
 20
843.3854971262562
 30
0.0
 40
12.685990604010932
  1
L
 50
55.290972586380974
  7
PLAT
 72
1
 11
1263.8853075737825
 21
843.3854971262562
 31
0.0
100
AcDbText
 73
2
  0
TEXT
  5
575
330
17
100
AcDbEntity
  8
PLAT-TEXT-LOWCONF
100
AcDbText
 10
1024.4227957951925
 20
816.0779606176304
 30
0.0
 40
17.54461150060643
  1
Cr ov.vors S *
 50
323.7742555664102
  7
PLAT
 72
1
 11
1024.4227957951925
 21
816.0779606176304
 31
0.0
100
AcDbText
 73
2
  0
TEXT
  5
576
330
17
100
AcDbEntity
  8
PLAT-TEXT-MISC
100
AcDbText
 10
1042.7558758747055
 20
831.433002284014
 30
0.0
 40
17.424465669611692
  1
SAN
 50
324.3818513897275
  7
PLAT
 72
1
 11
1042.7558758747055
 21
831.433002284014
 31
0.0
100
AcDbText
 73
2
  0
TEXT
  5
577
330
17
100
AcDbEntity
  8
PLAT-TEXT-LOWCONF
100
AcDbText
 10
935.4778492434365
 20
834.9126855663864
 30
0.0
 40
16.774647575657536
  1
294
 50
345.2563505439824
  7
PLAT
 72
1
 11
935.4778492434365
 21
834.9126855663864
 31
0.0
100
AcDbText
 73
2
  0
TEXT
  5
578
330
17
100
AcDbEntity
  8
PLAT-TEXT-LOWCONF
100
AcDbText
 10
2211.943848651827
 20
850.3152435064518
 30
0.0
 40
17.828127658129855
  1
th
 50
332.78559645791347
  7
PLAT
 72
1
 11
2211.943848651827
 21
850.3152435064518
 31
0.0
100
AcDbText
 73
2
  0
TEXT
  5
579
330
17
100
AcDbEntity
  8
PLAT-TEXT-LOWCONF
100
AcDbText
 10
2284.032534107925
 20
851.8102945444807
 30
0.0
 40
14.585782317299898
  1
“of fixer
 50
2.074352322373784
  7
PLAT
 72
1
 11
2284.032534107925
 21
851.8102945444807
 31
0.0
100
AcDbText
 73
2
  0
TEXT
  5
57A
330
17
100
AcDbEntity
  8
PLAT-TEXT-LOWCONF
100
AcDbText
 10
2390.417360413855
 20
852.0603501948337
 30
0.0
 40
17.828127658129855
  1
je
 50
342.4825779654436
  7
PLAT
 72
1
 11
2390.417360413855
 21
852.0603501948337
 31
0.0
100
AcDbText
 73
2
  0
TEXT
  5
57B
330
17
100
AcDbEntity
  8
PLAT-TEXT-LOWCONF
100
AcDbText
 10
2576.066764611821
 20
855.2421085884748
 30
0.0
 40
14.473477954425693
  1
res/ of
 50
5.63356102602404
  7
PLAT
 72
1
 11
2576.066764611821
 21
855.2421085884748
 31
0.0
100
AcDbText
 73
2
  0
TEXT
  5
57C
330
17
100
AcDbEntity
  8
PLAT-TEXT-LOWCONF
100
AcDbText
 10
2463.708206484298
 20
853.5562654044338
 30
0.0
 40
10.7405268074073
  1
Kho
 50
12.35405643342142
  7
PLAT
 72
1
 11
2463.708206484298
 21
853.5562654044338
 31
0.0
100
AcDbText
 73
2
  0
TEXT
  5
57D
330
17
100
AcDbEntity
  8
PLAT-TEXT-LOWCONF
100
AcDbText
 10
1934.2529398791528
 20
845.1502853132706
 30
0.0
 40
16.088128305007032
  1
“therein
 50
358.74163040083636
  7
PLAT
 72
1
 11
1934.2529398791528
 21
845.1502853132706
 31
0.0
100
AcDbText
 73
2
  0
TEXT
  5
57E
330
17
100
AcDbEntity
  8
PLAT-TEXT-LOWCONF
100
AcDbText
 10
2515.8993583024976
 20
854.0514851886702
 30
0.0
 40
12.973209181419385
  1
eT
 50
35.97254712472261
  7
PLAT
 72
1
 11
2515.8993583024976
 21
854.0514851886702
 31
0.0
100
AcDbText
 73
2
  0
TEXT
  5
57F
330
17
100
AcDbEntity
  8
PLAT-TEXT-LOWCONF
100
AcDbText
 10
954.4248624857223
 20
830.1090342219958
 30
0.0
 40
8.921644263532368
  1
10008
 50
323.7742555664102
  7
PLAT
 72
1
 11
954.4248624857223
 21
830.1090342219958
 31
0.0
100
AcDbText
 73
2
  0
TEXT
  5
580
330
17
100
AcDbEntity
  8
PLAT-TEXT-MISC
100
AcDbText
 10
1615.0882811658576
 20
840.5203263367221
 30
0.0
 40
14.673191587975435
  1
“officers for the
 50
1.0847329840747761
  7
PLAT
 72
1
 11
1615.0882811658576
 21
840.5203263367221
 31
0.0
100
AcDbText
 73
2
  0
TEXT
  5
581
330
17
100
AcDbEntity
  8
PLAT-TEXT-LOWCONF
100
AcDbText
 10
1793.9760205657471
 20
839.957254545588
 30
0.0
 40
17.828127658129855
  1
tses and purpose:
 50
0.9504652219483205
  7
PLAT
 72
1
 11
1793.9760205657471
 21
839.957254545588
 31
0.0
100
AcDbText
 73
2
  0
TEXT
  5
582
330
17
100
AcDbEntity
  8
PLAT-TEXT-LOWCONF
100
AcDbText
 10
2231.07589971217
 20
848.3046951692862
 30
0.0
 40
6.9264685158274775
  1
12
 50
0.6925696274759048
  7
PLAT
 72
1
 11
2231.07589971217
 21
848.3046951692862
 31
0.0
100
AcDbText
 73
2
  0
TEXT
  5
583
330
17
100
AcDbEntity
  8
PLAT-TEXT-LOWCONF
100
AcDbText
 10
892.6048960993801
 20
831.4353618674834
 30
0.0
 40
10.44472206676862
  1
3
 50
323.58906118149525
  7
PLAT
 72
1
 11
892.6048960993801
 21
831.4353618674834
 31
0.0
100
AcDbText
 73
2
  0
TEXT
  5
584
330
17
100
AcDbEntity
  8
PLAT-TEXT-LOTNO
100
AcDbText
 10
691.3747251614986
 20
823.8363275932777
 30
0.0
 40
14.722928246203333
  1
5
 50
0.6925696274758764
  7
PLAT
 72
1
 11
691.3747251614986
 21
823.8363275932777
 31
0.0
100
AcDbText
 73
2
  0
TEXT
  5
585
330
17
100
AcDbEntity
  8
PLAT-TEXT-LOWCONF
100
AcDbText
 10
586.4714134652561
 20
823.4048255628522
 30
0.0
 40
4.517262075539659
  1
Ca
 50
90.6925696274759
  7
PLAT
 72
1
 11
586.4714134652561
 21
823.4048255628522
 31
0.0
100
AcDbText
 73
2
  0
TEXT
  5
586
330
17
100
AcDbEntity
  8
PLAT-TEXT-LOWCONF
100
AcDbText
 10
1070.6863491373786
 20
823.7366154646636
 30
0.0
 40
13.250635421583
  1
A
 50
0.6925696274758764
  7
PLAT
 72
1
 11
1070.6863491373786
 21
823.7366154646636
 31
0.0
100
AcDbText
 73
2
  0
TEXT
  5
587
330
17
100
AcDbEntity
  8
PLAT-TEXT-LOWCONF
100
AcDbText
 10
944.9506329642621
 20
824.8611431985115
 30
0.0
 40
3.3738040483602103
  1
Yb
 50
323.7742555664102
  7
PLAT
 72
1
 11
944.9506329642621
 21
824.8611431985115
 31
0.0
100
AcDbText
 73
2
  0
TEXT
  5
588
330
17
100
AcDbEntity
  8
PLAT-TEXT-LOWCONF
100
AcDbText
 10
950.4486335493573
 20
818.4348376228303
 30
0.0
 40
9.034524151079317
  1
® 3
 50
90.6925696274759
  7
PLAT
 72
1
 11
950.4486335493573
 21
818.4348376228303
 31
0.0
100
AcDbText
 73
2
  0
TEXT
  5
589
330
17
100
AcDbEntity
  8
PLAT-TEXT-LOWCONF
100
AcDbText
 10
1632.4118957708383
 20
819.9702318510268
 30
0.0
 40
17.828127658129855
  1
werd conporetro. a
 50
0.9719702483054107
  7
PLAT
 72
1
 11
1632.4118957708383
 21
819.9702318510268
 31
0.0
100
AcDbText
 73
2
  0
TEXT
  5
58A
330
17
100
AcDbEntity
  8
PLAT-TEXT-LOWCONF
100
AcDbText
 10
1018.0338076650835
 20
817.5032892951842
 30
0.0
 40
8.033680376473095
  1
Pe
 50
325.5269490106052
  7
PLAT
 72
1
 11
1018.0338076650835
 21
817.5032892951842
 31
0.0
100
AcDbText
 73
2
  0
TEXT
  5
58B
330
17
100
AcDbEntity
  8
PLAT-TEXT-LOTNO
100
AcDbText
 10
1083.598860099166
 20
807.4955184357793
 30
0.0
 40
19.809030731255394
  1
4
 50
90.6925696274759
  7
PLAT
 72
1
 11
1083.598860099166
 21
807.4955184357793
 31
0.0
100
AcDbText
 73
2
  0
TEXT
  5
58C
330
17
100
AcDbEntity
  8
PLAT-TEXT-LOWCONF
100
AcDbText
 10
754.372239191802
 20
752.281914040251
 30
0.0
 40
8.9641179216997
  1
NN. 7/%%d OF 40" W.
 50
91.29299961233664
  7
PLAT
 72
1
 11
754.372239191802
 21
752.281914040251
 31
0.0
100
AcDbText
 73
2
  0
TEXT
  5
58D
330
17
100
AcDbEntity
  8
PLAT-TEXT-LOWCONF
100
AcDbText
 10
1142.2770430894063
 20
783.5046413087996
 30
0.0
 40
11.302540841313986
  1
‘PEP, I ob N-
 50
325.6543989315612
  7
PLAT
 72
1
 11
1142.2770430894063
 21
783.5046413087996
 31
0.0
100
AcDbText
 73
2
  0
TEXT
  5
58E
330
17
100
AcDbEntity
  8
PLAT-TEXT-LOTNO
100
AcDbText
 10
1258.6548896672468
 20
804.0901308531468
 30
0.0
 40
19.809030731255394
  1
2
 50
0.6925696274759048
  7
PLAT
 72
1
 11
1258.6548896672468
 21
804.0901308531468
 31
0.0
100
AcDbText
 73
2
  0
TEXT
  5
58F
330
17
100
AcDbEntity
  8
PLAT-TEXT-LOWCONF
100
AcDbText
 10
2264.053477740026
 20
814.7267862471929
 30
0.0
 40
17.828127658129855
  1
. wy
 50
332.7855964579134
  7
PLAT
 72
1
 11
2264.053477740026
 21
814.7267862471929
 31
0.0
100
AcDbText
 73
2
  0
TEXT
  5
590
330
17
100
AcDbEntity
  8
PLAT-TEXT-LOWCONF
100
AcDbText
 10
2076.5530271910316
 20
812.5190919205036
 30
0.0
 40
15.448812136083584
  1
seal st Jacksonville,
 50
1.317706862228647
  7
PLAT
 72
1
 11
2076.5530271910316
 21
812.5190919205036
 31
0.0
100
AcDbText
 73
2
  0
TEXT
  5
591
330
17
100
AcDbEntity
  8
PLAT-TEXT-LOWCONF
100
AcDbText
 10
1801.5188155788508
 20
808.333446421214
 30
0.0
 40
15.259925550293872
  1
wes ture
 50
1.1940379562166754
  7
PLAT
 72
1
 11
1801.5188155788508
 21
808.333446421214
 31
0.0
100
AcDbText
 73
2
  0
TEXT
  5
592
330
17
100
AcDbEntity
  8
PLAT-TEXT-MISC
100
AcDbText
 10
1906.9791558930247
 20
809.8281842009319
 30
0.0
 40
15.013422955840566
  1
sad of frers/
 50
1.8453106157844559
  7
PLAT
 72
1
 11
1906.9791558930247
 21
809.8281842009319
 31
0.0
100
AcDbText
 73
2
  0
TEXT
  5
593
330
17
100
AcDbEntity
  8
PLAT-TEXT-LOWCONF
100
AcDbText
 10
1628.9176871321918
 20
805.0589455871626
 30
0.0
 40
14.441904123938958
  1
, VW, f tr ‘
 50
0.7743190872679406
  7
PLAT
 72
1
 11
1628.9176871321918
 21
805.0589455871626
 31
0.0
100
AcDbText
 73
2
  0
TEXT
  5
594
330
17
100
AcDbEntity
  8
PLAT-TEXT-LOWCONF
100
AcDbText
 10
1310.8545937037347
 20
804.3864953352563
 30
0.0
 40
5.721865295683568
  1
_ a
 50
0.6925696274758764
  7
PLAT
 72
1
 11
1310.8545937037347
 21
804.3864953352563
 31
0.0
100
AcDbText
 73
2
  0
TEXT
  5
595
330
17
100
AcDbEntity
  8
PLAT-TEXT-LOWCONF
100
AcDbText
 10
2187.5493964294774
 20
810.5290204498665
 30
0.0
 40
8.528012927708607
  1
Ler %
 50
9.9022482580271
  7
PLAT
 72
1
 11
2187.5493964294774
 21
810.5290204498665
 31
0.0
100
AcDbText
 73
2
  0
TEXT
  5
596
330
17
100
AcDbEntity
  8
PLAT-TEXT-LOWCONF
100
AcDbText
 10
1661.775973816646
 20
794.0478711543674
 30
0.0
 40
9.883943137966066
  1
Aa in
 50
72.65737878023492
  7
PLAT
 72
1
 11
1661.775973816646
 21
794.0478711543674
 31
0.0
100
AcDbText
 73
2
  0
TEXT
  5
597
330
17
100
AcDbEntity
  8
PLAT-TEXT-LOWCONF
100
AcDbText
 10
1678.8214793242612
 20
803.3157756017706
 30
0.0
 40
8.941904037835988
  1
Ss,
 50
8.019246871779046
  7
PLAT
 72
1
 11
1678.8214793242612
 21
803.3157756017706
 31
0.0
100
AcDbText
 73
2
  0
TEXT
  5
598
330
17
100
AcDbEntity
  8
PLAT-TEXT-LOWCONF
100
AcDbText
 10
1713.1906469599562
 20
785.2255937451498
 30
0.0
 40
17.828127658129855
  1
a
 50
92.48809493229192
  7
PLAT
 72
1
 11
1713.1906469599562
 21
785.2255937451498
 31
0.0
100
AcDbText
 73
2
  0
TEXT
  5
599
330
17
100
AcDbEntity
  8
PLAT-TEXT-LOWCONF
100
AcDbText
 10
1707.7462205926643
 20
803.3280663739249
 30
0.0
 40
7.829920930935409
  1
Sus
 50
0.6925696274759048
  7
PLAT
 72
1
 11
1707.7462205926643
 21
803.3280663739249
 31
0.0
100
AcDbText
 73
2
  0
TEXT
  5
59A
330
17
100
AcDbEntity
  8
PLAT-TEXT-LOWCONF
100
AcDbText
 10
984.1781318670878
 20
753.7694198699453
 30
0.0
 40
10.187998050391
  1
"OZ sPS GEN |
 50
55.526949010605165
  7
PLAT
 72
1
 11
984.1781318670878
 21
753.7694198699453
 31
0.0
100
AcDbText
 73
2
  0
TEXT
  5
59B
330
17
100
AcDbEntity
  8
PLAT-TEXT-MISC
100
AcDbText
 10
1119.7382107808075
 20
787.176221029644
 30
0.0
 40
16.721150318344737
  1
'S Vor
 50
325.3171634554099
  7
PLAT
 72
1
 11
1119.7382107808075
 21
787.176221029644
 31
0.0
100
AcDbText
 73
2
  0
TEXT
  5
59C
330
17
100
AcDbEntity
  8
PLAT-TEXT-LOWCONF
100
AcDbText
 10
1320.132598346663
 20
798.1405572019721
 30
0.0
 40
4.349956072741894
  1
*. 4
 50
0.6925696274759048
  7
PLAT
 72
1
 11
1320.132598346663
 21
798.1405572019721
 31
0.0
100
AcDbText
 73
2
  0
TEXT
  5
59D
330
17
100
AcDbEntity
  8
PLAT-TEXT-LOTNO
100
AcDbText
 10
945.4814884758721
 20
786.4170125441645
 30
0.0
 40
15.392152257394393
  1
6
 50
0.6925696274759048
  7
PLAT
 72
1
 11
945.4814884758721
 21
786.4170125441645
 31
0.0
100
AcDbText
 73
2
  0
TEXT
  5
59E
330
17
100
AcDbEntity
  8
PLAT-TEXT-LOWCONF
100
AcDbText
 10
1271.292635262987
 20
768.5906327624227
 30
0.0
 40
17.828127658129855
  1
wh
 50
55.023343764480046
  7
PLAT
 72
1
 11
1271.292635262987
 21
768.5906327624227
 31
0.0
100
AcDbText
 73
2
  0
TEXT
  5
59F
330
17
100
AcDbEntity
  8
PLAT-TEXT-LOWCONF
100
AcDbText
 10
589.0641129214085
 20
714.1892178308829
 30
0.0
 40
17.828127658129855
  1
FS? OF 40"E, ~
 50
92.25019783913342
  7
PLAT
 72
1
 11
589.0641129214085
 21
714.1892178308829
 31
0.0
100
AcDbText
 73
2
  0
TEXT
  5
5A0
330
17
100
AcDbEntity
  8
PLAT-TEXT-LOWCONF
100
AcDbText
 10
751.2311643746162
 20
785.9093745072084
 30
0.0
 40
3.680732061550833
  1
8
 50
0.6925696274758764
  7
PLAT
 72
1
 11
751.2311643746162
 21
785.9093745072084
 31
0.0
100
AcDbText
 73
2
  0
TEXT
  5
5A1
330
17
100
AcDbEntity
  8
PLAT-TEXT-LOWCONF
100
AcDbText
 10
1686.199546418219
 20
787.8781144350795
 30
0.0
 40
10.755782986907537
  1
ro.
 50
24.127913928109024
  7
PLAT
 72
1
 11
1686.199546418219
 21
787.8781144350795
 31
0.0
100
AcDbText
 73
2
  0
TEXT
  5
5A2
330
17
100
AcDbEntity
  8
PLAT-TEXT-LOWCONF
100
AcDbText
 10
2688.3628179439484
 20
806.430086525487
 30
0.0
 40
4.2655673339487645
  1
Ne
 50
328.00299783539367
  7
PLAT
 72
1
 11
2688.3628179439484
 21
806.430086525487
 31
0.0
100
AcDbText
 73
2
  0
TEXT
  5
5A3
330
17
100
AcDbEntity
  8
PLAT-TEXT-LOWCONF
100
AcDbText
 10
620.7033761386872
 20
733.1552253270811
 30
0.0
 40
17.828127658129855
  1
drainag e
 50
92.25019783913342
  7
PLAT
 72
1
 11
620.7033761386872
 21
733.1552253270811
 31
0.0
100
AcDbText
 73
2
  0
TEXT
  5
5A4
330
17
100
AcDbEntity
  8
PLAT-TEXT-LOWCONF
100
AcDbText
 10
671.9966032321389
 20
779.7647055586956
 30
0.0
 40
6.023016100719545
  1
7.
 50
0.6925696274758764
  7
PLAT
 72
1
 11
671.9966032321389
 21
779.7647055586956
 31
0.0
100
AcDbText
 73
2
  0
TEXT
  5
5A5
330
17
100
AcDbEntity
  8
PLAT-TEXT-LOWCONF
100
AcDbText
 10
1257.245121862165
 20
785.2437382968062
 30
0.0
 40
7.420639227545834
  1
70"
 50
352.4236391534974
  7
PLAT
 72
1
 11
1257.245121862165
 21
785.2437382968062
 31
0.0
100
AcDbText
 73
2
  0
TEXT
  5
5A6
330
17
100
AcDbEntity
  8
PLAT-TEXT-MISC
100
AcDbText
 10
1562.5517948084914
 20
786.0230677813018
 30
0.0
 40
14.161807993955964
  1
thrs
 50
0.7743190872679406
  7
PLAT
 72
1
 11
1562.5517948084914
 21
786.0230677813018
 31
0.0
100
AcDbText
 73
2
  0
TEXT
  5
5A7
330
17
100
AcDbEntity
  8
PLAT-TEXT-LOTNO
100
AcDbText
 10
1641.1767818029505
 20
787.2904745986704
 30
0.0
 40
15.058480112343098
  1
8
 50
90.77431908726794
  7
PLAT
 72
1
 11
1641.1767818029505
 21
787.2904745986704
 31
0.0
100
AcDbText
 73
2
  0
TEXT
  5
5A8
330
17
100
AcDbEntity
  8
PLAT-TEXT-LOWCONF
100
AcDbText
 10
1846.6110324964886
 20
790.057142527147
 30
0.0
 40
11.832088998247608
  1
4.2. 1960,
 50
1.1940379562166754
  7
PLAT
 72
1
 11
1846.6110324964886
 21
790.057142527147
 31
0.0
100
AcDbText
 73
2
  0
TEXT
  5
5A9
330
17
100
AcDbEntity
  8
PLAT-TEXT-LOWCONF
100
AcDbText
 10
2665.3303081641925
 20
801.5180849102613
 30
0.0
 40
7.829920930935409
  1
if:
 50
0.6925696274758764
  7
PLAT
 72
1
 11
2665.3303081641925
 21
801.5180849102613
 31
0.0
100
AcDbText
 73
2
  0
TEXT
  5
5AA
330
17
100
AcDbEntity
  8
PLAT-TEXT-LOWCONF
100
AcDbText
 10
1753.6177937351147
 20
782.9862633089103
 30
0.0
 40
12.054493628637498
  1
rr,
 50
9.101514413183963
  7
PLAT
 72
1
 11
1753.6177937351147
 21
782.9862633089103
 31
0.0
100
AcDbText
 73
2
  0
TEXT
  5
5AB
330
17
100
AcDbEntity
  8
PLAT-TEXT-LOWCONF
100
AcDbText
 10
923.2646686091889
 20
755.2041401002598
 30
0.0
 40
13.41619425140271
  1
“a
 50
91.35220614855041
  7
PLAT
 72
1
 11
923.2646686091889
 21
755.2041401002598
 31
0.0
100
AcDbText
 73
2
  0
TEXT
  5
5AC
330
17
100
AcDbEntity
  8
PLAT-TEXT-LOWCONF
100
AcDbText
 10
1255.1745470140083
 20
779.7730511154278
 30
0.0
 40
6.26449483592003
  1
20
 50
358.1381433429199
  7
PLAT
 72
1
 11
1255.1745470140083
 21
779.7730511154278
 31
0.0
100
AcDbText
 73
2
  0
TEXT
  5
5AD
330
17
100
AcDbEntity
  8
PLAT-TEXT-LOWCONF
100
AcDbText
 10
678.654831300359
 20
765.6189477584455
 30
0.0
 40
17.728358416480834
  1
“3
 50
43.832163473964215
  7
PLAT
 72
1
 11
678.654831300359
 21
765.6189477584455
 31
0.0
100
AcDbText
 73
2
  0
TEXT
  5
5AE
330
17
100
AcDbEntity
  8
PLAT-TEXT-LOWCONF
100
AcDbText
 10
1351.8548148674827
 20
776.1033796852696
 30
0.0
 40
9.703748162270378
  1
7
 50
90.6925696274759
  7
PLAT
 72
1
 11
1351.8548148674827
 21
776.1033796852696
 31
0.0
100
AcDbText
 73
2
  0
TEXT
  5
5AF
330
17
100
AcDbEntity
  8
PLAT-TEXT-LOWCONF
100
AcDbText
 10
1891.6754430076462
 20
785.6405723541948
 30
0.0
 40
3.31265885539575
  1
Ve
 50
0.6925696274758764
  7
PLAT
 72
1
 11
1891.6754430076462
 21
785.6405723541948
 31
0.0
100
AcDbText
 73
2
  0
TEXT
  5
5B0
330
17
100
AcDbEntity
  8
PLAT-TEXT-LOWCONF
100
AcDbText
 10
1096.5777755323554
 20
763.2663844993501
 30
0.0
 40
10.175221660862292
  1
‘Wat ay
 50
325.14932735173807
  7
PLAT
 72
1
 11
1096.5777755323554
 21
763.2663844993501
 31
0.0
100
AcDbText
 73
2
  0
TEXT
  5
5B1
330
17
100
AcDbEntity
  8
PLAT-TEXT-LOWCONF
100
AcDbText
 10
2719.384931885119
 20
791.6740172556349
 30
0.0
 40
6.227058408144404
  1
Ne
 50
293.757567845965
  7
PLAT
 72
1
 11
2719.384931885119
 21
791.6740172556349
 31
0.0
100
AcDbText
 73
2
  0
TEXT
  5
5B2
330
17
100
AcDbEntity
  8
PLAT-TEXT-LOWCONF
100
AcDbText
 10
1247.7622380458765
 20
763.9694021584454
 30
0.0
 40
17.828127658129855
  1
aN
 50
0.6925696274759048
  7
PLAT
 72
1
 11
1247.7622380458765
 21
763.9694021584454
 31
0.0
100
AcDbText
 73
2
  0
TEXT
  5
5B3
330
17
100
AcDbEntity
  8
PLAT-TEXT-LOTNO
100
AcDbText
 10
855.2424945503635
 20
763.2401788727265
 30
0.0
 40
13.38448022382121
  1
7
 50
0.6925696274758764
  7
PLAT
 72
1
 11
855.2424945503635
 21
763.2401788727265
 31
0.0
100
AcDbText
 73
2
  0
TEXT
  5
5B4
330
17
100
AcDbEntity
  8
PLAT-TEXT-LOWCONF
100
AcDbText
 10
1162.416416204462
 20
746.0671630167511
 30
0.0
 40
12.729030630438308
  1
OGLNTE.
 50
325.654398931561
  7
PLAT
 72
1
 11
1162.416416204462
 21
746.0671630167511
 31
0.0
100
AcDbText
 73
2
  0
TEXT
  5
5B5
330
17
100
AcDbEntity
  8
PLAT-TEXT-LOWCONF
100
AcDbText
 10
2365.167954120553
 20
773.2938803868005
 30
0.0
 40
17.828127658129855
  1
F
 50
0.6925696274759048
  7
PLAT
 72
1
 11
2365.167954120553
 21
773.2938803868005
 31
0.0
100
AcDbText
 73
2
  0
TEXT
  5
5B6
330
17
100
AcDbEntity
  8
PLAT-TEXT-LOWCONF
100
AcDbText
 10
947.6276332870941
 20
757.6860029297152
 30
0.0
 40
9.409874689517377
  1
Re
 50
325.5269490106052
  7
PLAT
 72
1
 11
947.6276332870941
 21
757.6860029297152
 31
0.0
100
AcDbText
 73
2
  0
TEXT
  5
5B7
330
17
100
AcDbEntity
  8
PLAT-TEXT-LOWCONF
100
AcDbText
 10
2234.5398236105566
 20
769.3723650725109
 30
0.0
 40
17.828127658129855
  1
"Ps
 50
0.6925696274759048
  7
PLAT
 72
1
 11
2234.5398236105566
 21
769.3723650725109
 31
0.0
100
AcDbText
 73
2
  0
TEXT
  5
5B8
330
17
100
AcDbEntity
  8
PLAT-TEXT-LOWCONF
100
AcDbText
 10
2102.8007494624107
 20
774.3052864241345
 30
0.0
 40
8.432222541007365
  1
daw
 50
0.6925696274759048
  7
PLAT
 72
1
 11
2102.8007494624107
 21
774.3052864241345
 31
0.0
100
AcDbText
 73
2
  0
TEXT
  5
5B9
330
17
100
AcDbEntity
  8
PLAT-TEXT-LOWCONF
100
AcDbText
 10
2212.8138772679176
 20
767.2692368040465
 30
0.0
 40
17.828127658129855
  1
&e
 50
0.6925696274758764
  7
PLAT
 72
1
 11
2212.8138772679176
 21
767.2692368040465
 31
0.0
100
AcDbText
 73
2
  0
TEXT
  5
5BA
330
17
100
AcDbEntity
  8
PLAT-TEXT-LOWCONF
100
AcDbText
 10
2395.2606117633472
 20
775.3308289843333
 30
0.0
 40
6.324166905755523
  1
a
 50
0.6925696274759048
  7
PLAT
 72
1
 11
2395.2606117633472
 21
775.3308289843333
 31
0.0
100
AcDbText
 73
2
  0
TEXT
  5
5BB
330
17
100
AcDbEntity
  8
PLAT-TEXT-LOWCONF
100
AcDbText
 10
2314.2660821768304
 20
768.7551056543658
 30
0.0
 40
7.974259099764043
  1
Le
 50
45.76046693092053
  7
PLAT
 72
1
 11
2314.2660821768304
 21
768.7551056543658
 31
0.0
100
AcDbText
 73
2
  0
TEXT
  5
5BC
330
17
100
AcDbEntity
  8
PLAT-TEXT-LOWCONF
100
AcDbText
 10
2733.5253941963374
 20
766.3477942507153
 30
0.0
 40
19.809030731255394
  1
8
 50
1.0972325839028372
  7
PLAT
 72
1
 11
2733.5253941963374
 21
766.3477942507153
 31
0.0
100
AcDbText
 73
2
  0
TEXT
  5
5BD
330
17
100
AcDbEntity
  8
PLAT-TEXT-LOWCONF
100
AcDbText
 10
935.8523626563998
 20
752.502331980267
 30
0.0
 40
9.636825761151272
  1
w
 50
0.6925696274759048
  7
PLAT
 72
1
 11
935.8523626563998
 21
752.502331980267
 31
0.0
100
AcDbText
 73
2
  0
TEXT
  5
5BE
330
17
100
AcDbEntity
  8
PLAT-TEXT-LOTNO
100
AcDbText
 10
692.3312646366837
 20
744.7063694833147
 30
0.0
 40
15.057540251798862
  1
9
 50
0.6925696274759048
  7
PLAT
 72
1
 11
692.3312646366837
 21
744.7063694833147
 31
0.0
100
AcDbText
 73
2
  0
TEXT
  5
5BF
330
17
100
AcDbEntity
  8
PLAT-TEXT-LOWCONF
100
AcDbText
 10
854.4193515922553
 20
748.1755016607655
 30
0.0
 40
7.225053579212068
  1
-t0 cy
 50
1.1404585150835373
  7
PLAT
 72
1
 11
854.4193515922553
 21
748.1755016607655
 31
0.0
100
AcDbText
 73
2
  0
TEXT
  5
5C0
330
17
100
AcDbEntity
  8
PLAT-TEXT-AREA
100
AcDbText
 10
859.4586222465833
 20
740.5719140846168
 30
0.0
 40
17.828127658129855
  1
SF
 50
1.1404585150834805
  7
PLAT
 72
1
 11
859.4586222465833
 21
740.5719140846168
 31
0.0
100
AcDbText
 73
2
  0
TEXT
  5
5C1
330
17
100
AcDbEntity
  8
PLAT-TEXT-LOWCONF
100
AcDbText
 10
2289.8926280642104
 20
762.6766724653367
 30
0.0
 40
10.58508712542076
  1
eG.
 50
2.1481183516027613
  7
PLAT
 72
1
 11
2289.8926280642104
 21
762.6766724653367
 31
0.0
100
AcDbText
 73
2
  0
TEXT
  5
5C2
330
17
100
AcDbEntity
  8
PLAT-TEXT-LOWCONF
100
AcDbText
 10
2500.223071298215
 20
763.0225388759578
 30
0.0
 40
17.828127658129855
  1
A
 50
309.7739000767686
  7
PLAT
 72
1
 11
2500.223071298215
 21
763.0225388759578
 31
0.0
100
AcDbText
 73
2
  0
TEXT
  5
5C3
330
17
100
AcDbEntity
  8
PLAT-TEXT-LOWCONF
100
AcDbText
 10
2079.0840116542586
 20
756.9521344745198
 30
0.0
 40
14.45523864172691
  1
c
 50
90.6925696274759
  7
PLAT
 72
1
 11
2079.0840116542586
 21
756.9521344745198
 31
0.0
100
AcDbText
 73
2
  0
TEXT
  5
5C4
330
17
100
AcDbEntity
  8
PLAT-TEXT-LOWCONF
100
AcDbText
 10
2112.3208436954037
 20
759.3018216080834
 30
0.0
 40
9.124213016652128
  1
4a
 50
1.0642857565918575
  7
PLAT
 72
1
 11
2112.3208436954037
 21
759.3018216080834
 31
0.0
100
AcDbText
 73
2
  0
TEXT
  5
5C5
330
17
100
AcDbEntity
  8
PLAT-TEXT-LOWCONF
100
AcDbText
 10
2640.5851381797984
 20
743.87570046361
 30
0.0
 40
17.828127658129855
  1
EP,
 50
32.06824595261594
  7
PLAT
 72
1
 11
2640.5851381797984
 21
743.87570046361
 31
0.0
100
AcDbText
 73
2
  0
TEXT
  5
5C6
330
17
100
AcDbEntity
  8
PLAT-TEXT-LOTNO
100
AcDbText
 10
1010.5111006944857
 20
742.1795163829427
 30
0.0
 40
13.769628743210832
  1
7
 50
31.260646483020196
  7
PLAT
 72
1
 11
1010.5111006944857
 21
742.1795163829427
 31
0.0
100
AcDbText
 73
2
  0
TEXT
  5
5C7
330
17
100
AcDbEntity
  8
PLAT-TEXT-LOWCONF
100
AcDbText
 10
2355.271629336946
 20
760.3043036623269
 30
0.0
 40
5.837698919467575
  1
aA
 50
355.39707665204605
  7
PLAT
 72
1
 11
2355.271629336946
 21
760.3043036623269
 31
0.0
100
AcDbText
 73
2
  0
TEXT
  5
5C8
330
17
100
AcDbEntity
  8
PLAT-TEXT-LOWCONF
100
AcDbText
 10
2686.672594008415
 20
763.9629766064315
 30
0.0
 40
3.511703918920334
  1
Vs
 50
351.6604060308076
  7
PLAT
 72
1
 11
2686.672594008415
 21
763.9629766064315
 31
0.0
100
AcDbText
 73
2
  0
TEXT
  5
5C9
330
17
100
AcDbEntity
  8
PLAT-TEXT-LOWCONF
100
AcDbText
 10
2664.770364316397
 20
762.1317257177893
 30
0.0
 40
5.3125067312782415
  1
ft:
 50
24.97384593029699
  7
PLAT
 72
1
 11
2664.770364316397
 21
762.1317257177893
 31
0.0
100
AcDbText
 73
2
  0
TEXT
  5
5CA
330
17
100
AcDbEntity
  8
PLAT-TEXT-LOWCONF
100
AcDbText
 10
1307.0400936459382
 20
741.5167893082252
 30
0.0
 40
6.415687389689152
  1
“a
 50
55.023343764480046
  7
PLAT
 72
1
 11
1307.0400936459382
 21
741.5167893082252
 31
0.0
100
AcDbText
 73
2
  0
TEXT
  5
5CB
330
17
100
AcDbEntity
  8
PLAT-TEXT-LOWCONF
100
AcDbText
 10
1315.6340670996312
 20
741.1979811319549
 30
0.0
 40
12.38064420703462
  1
6,
 50
0.6925696274759048
  7
PLAT
 72
1
 11
1315.6340670996312
 21
741.1979811319549
 31
0.0
100
AcDbText
 73
2
  0
TEXT
  5
5CC
330
17
100
AcDbEntity
  8
PLAT-TEXT-LOWCONF
100
AcDbText
 10
2700.141215095936
 20
759.2727387672854
 30
0.0
 40
6.9264685158274775
  1
na
 50
90.6925696274759
  7
PLAT
 72
1
 11
2700.141215095936
 21
759.2727387672854
 31
0.0
100
AcDbText
 73
2
  0
TEXT
  5
5CD
330
17
100
AcDbEntity
  8
PLAT-TEXT-LOWCONF
100
AcDbText
 10
975.3540918027757
 20
707.2802206627665
 30
0.0
 40
17.828127658129855
  1
Upset reo
 50
324.3906591788655
  7
PLAT
 72
1
 11
975.3540918027757
 21
707.2802206627665
 31
0.0
100
AcDbText
 73
2
  0
TEXT
  5
5CE
330
17
100
AcDbEntity
  8
PLAT-TEXT-LOWCONF
100
AcDbText
 10
2322.7088125138407
 20
742.3278149469734
 30
0.0
 40
17.828127658129855
  1
the toh of Hore egg
 50
0.6932163498796626
  7
PLAT
 72
1
 11
2322.7088125138407
 21
742.3278149469734
 31
0.0
100
AcDbText
 73
2
  0
TEXT
  5
5CF
330
17
100
AcDbEntity
  8
PLAT-TEXT-LOWCONF
100
AcDbText
 10
1062.3834841985945
 20
732.4071428572747
 30
0.0
 40
6.345616371886462
  1
= Ye
 50
29.923104471985766
  7
PLAT
 72
1
 11
1062.3834841985945
 21
732.4071428572747
 31
0.0
100
AcDbText
 73
2
  0
TEXT
  5
5D0
330
17
100
AcDbEntity
  8
PLAT-TEXT-LOWCONF
100
AcDbText
 10
1036.7917363200227
 20
734.8155486771709
 30
0.0
 40
3.9149604654677046
  1
» eo
 50
90.6925696274759
  7
PLAT
 72
1
 11
1036.7917363200227
 21
734.8155486771709
 31
0.0
100
AcDbText
 73
2
  0
TEXT
  5
5D1
330
17
100
AcDbEntity
  8
PLAT-TEXT-LOWCONF
100
AcDbText
 10
1263.7553502898327
 20
728.1893116247248
 30
0.0
 40
17.828127658129855
  1
‘Le
 50
90.6925696274759
  7
PLAT
 72
1
 11
1263.7553502898327
 21
728.1893116247248
 31
0.0
100
AcDbText
 73
2
  0
TEXT
  5
5D2
330
17
100
AcDbEntity
  8
PLAT-TEXT-LOWCONF
100
AcDbText
 10
2121.562393469778
 20
741.4528916403192
 30
0.0
 40
14.265160249593167
  1
Worsr,
 50
1.0642857565918575
  7
PLAT
 72
1
 11
2121.562393469778
 21
741.4528916403192
 31
0.0
100
AcDbText
 73
2
  0
TEXT
  5
5D3
330
17
100
AcDbEntity
  8
PLAT-TEXT-LOWCONF
100
AcDbText
 10
888.1494361012466
 20
723.6439258055973
 30
0.0
 40
11.776296006095214
  1
20:05
 50
6.140917209754889
  7
PLAT
 72
1
 11
888.1494361012466
 21
723.6439258055973
 31
0.0
100
AcDbText
 73
2
  0
TEXT
  5
5D4
330
17
100
AcDbEntity
  8
PLAT-TEXT-LOWCONF
100
AcDbText
 10
1030.7756006156922
 20
717.7220959220494
 30
0.0
 40
10.847083834767009
  1
£29
 50
55.09407224760332
  7
PLAT
 72
1
 11
1030.7756006156922
 21
717.7220959220494
 31
0.0
100
AcDbText
 73
2
  0
TEXT
  5
5D5
330
17
100
AcDbEntity
  8
PLAT-TEXT-LOWCONF
100
AcDbText
 10
977.9129704035832
 20
719.5471241733503
 30
0.0
 40
6.6253177107915
  1
"cS.
 50
0.6925696274758764
  7
PLAT
 72
1
 11
977.9129704035832
 21
719.5471241733503
 31
0.0
100
AcDbText
 73
2
  0
TEXT
  5
5D6
330
17
100
AcDbEntity
  8
PLAT-TEXT-LOWCONF
100
AcDbText
 10
2387.2993209089664
 20
729.8131645815531
 30
0.0
 40
12.48862866910299
  1
B=
 50
0.24287349318292256
  7
PLAT
 72
1
 11
2387.2993209089664
 21
729.8131645815531
 31
0.0
100
AcDbText
 73
2
  0
TEXT
  5
5D7
330
17
100
AcDbEntity
  8
PLAT-TEXT-LOWCONF
100
AcDbText
 10
2449.8494655430068
 20
728.8661974653629
 30
0.0
 40
14.815034502160506
  1
CS
 50
0.24287349318292256
  7
PLAT
 72
1
 11
2449.8494655430068
 21
728.8661974653629
 31
0.0
100
AcDbText
 73
2
  0
TEXT
  5
5D8
330
17
100
AcDbEntity
  8
PLAT-TEXT-LOWCONF
100
AcDbText
 10
2103.9032486134884
 20
724.6251005039791
 30
0.0
 40
13.551786226618976
  1
N
 50
90.6925696274759
  7
PLAT
 72
1
 11
2103.9032486134884
 21
724.6251005039791
 31
0.0
100
AcDbText
 73
2
  0
TEXT
  5
5D9
330
17
100
AcDbEntity
  8
PLAT-TEXT-LOWCONF
100
AcDbText
 10
992.698317155285
 20
710.1410443690465
 30
0.0
 40
11.747304432556655
  1
Cy ws,
 50
324.39065917886546
  7
PLAT
 72
1
 11
992.698317155285
 21
710.1410443690465
 31
0.0
100
AcDbText
 73
2
  0
TEXT
  5
5DA
330
17
100
AcDbEntity
  8
PLAT-TEXT-LOWCONF
100
AcDbText
 10
816.266927833481
 20
691.8296049931407
 30
0.0
 40
9.057217239460046
  1
LOUIE
 50
91.3237718076848
  7
PLAT
 72
1
 11
816.266927833481
 21
691.8296049931407
 31
0.0
100
AcDbText
 73
2
  0
TEXT
  5
5DB
330
17
100
AcDbEntity
  8
PLAT-TEXT-LOWCONF
100
AcDbText
 10
2176.74519526944
 20
719.4449426638741
 30
0.0
 40
16.264027766313216
  1
POIEG LL LUO hoy
 50
1.0642857565919712
  7
PLAT
 72
1
 11
2176.74519526944
 21
719.4449426638741
 31
0.0
100
AcDbText
 73
2
  0
TEXT
  5
5DC
330
17
100
AcDbEntity
  8
PLAT-TEXT-LOWCONF
100
AcDbText
 10
2301.845265816107
 20
722.528014423505
 30
0.0
 40
12.409666619239344
  1
CALDITES §
 50
0.24287349318292256
  7
PLAT
 72
1
 11
2301.845265816107
 21
722.528014423505
 31
0.0
100
AcDbText
 73
2
  0
TEXT
  5
5DD
330
17
100
AcDbEntity
  8
PLAT-TEXT-LOWCONF
100
AcDbText
 10
929.0509832487476
 20
683.0014734815549
 30
0.0
 40
10.19860795885306
  1
WOIPOSEN |
 50
71.77989627287047
  7
PLAT
 72
1
 11
929.0509832487476
 21
683.0014734815549
 31
0.0
100
AcDbText
 73
2
  0
TEXT
  5
5DE
330
17
100
AcDbEntity
  8
PLAT-TEXT-LOWCONF
100
AcDbText
 10
2733.76292826375
 20
713.4811789227879
 30
0.0
 40
17.828127658129855
  1
“SEN
 50
1.0972325839028372
  7
PLAT
 72
1
 11
2733.76292826375
 21
713.4811789227879
 31
0.0
100
AcDbText
 73
2
  0
TEXT
  5
5DF
330
17
100
AcDbEntity
  8
PLAT-TEXT-LOWCONF
100
AcDbText
 10
1071.81791616336
 20
702.4445801397725
 30
0.0
 40
11.0421961846525
  1
4
 50
0.6925696274758764
  7
PLAT
 72
1
 11
1071.81791616336
 21
702.4445801397725
 31
0.0
100
AcDbText
 73
2
  0
TEXT
  5
5E0
330
17
100
AcDbEntity
  8
PLAT-TEXT-LOWCONF
100
AcDbText
 10
2688.538942709357
 20
722.4897965510165
 30
0.0
 40
7.227619320863455
  1
[ew
 50
90.6925696274759
  7
PLAT
 72
1
 11
2688.538942709357
 21
722.4897965510165
 31
0.0
100
AcDbText
 73
2
  0
TEXT
  5
5E1
330
17
100
AcDbEntity
  8
PLAT-TEXT-LOWCONF
100
AcDbText
 10
1263.854997758362
 20
706.1045103351048
 30
0.0
 40
3.31265885539575
  1
x
 50
0.6925696274759048
  7
PLAT
 72
1
 11
1263.854997758362
 21
706.1045103351048
 31
0.0
100
AcDbText
 73
2
  0
TEXT
  5
5E2
330
17
100
AcDbEntity
  8
PLAT-TEXT-LOWCONF
100
AcDbText
 10
943.8626791723195
 20
682.1560975433486
 30
0.0
 40
8.5835781586228
  1
1edEDD
 50
71.77989627287047
  7
PLAT
 72
1
 11
943.8626791723195
 21
682.1560975433486
 31
0.0
100
AcDbText
 73
2
  0
TEXT
  5
5E3
330
17
100
AcDbEntity
  8
PLAT-TEXT-LOTNO
100
AcDbText
 10
1259.906527290176
 20
696.0945066253366
 30
0.0
 40
17.960568315726924
  1
3
 50
305.71571450846477
  7
PLAT
 72
1
 11
1259.906527290176
 21
696.0945066253366
 31
0.0
100
AcDbText
 73
2
  0
TEXT
  5
5E4
330
17
100
AcDbEntity
  8
PLAT-TEXT-LOWCONF
100
AcDbText
 10
2682.951348468473
 20
718.1899510953959
 30
0.0
 40
3.277565693964138
  1
ay
 50
350.8984662615091
  7
PLAT
 72
1
 11
2682.951348468473
 21
718.1899510953959
 31
0.0
100
AcDbText
 73
2
  0
TEXT
  5
5E5
330
17
100
AcDbEntity
  8
PLAT-TEXT-LOWCONF
100
AcDbText
 10
1117.0034652714612
 20
686.6425665420508
 30
0.0
 40
15.225389511097411
  1
3
 50
61.384822193991624
  7
PLAT
 72
1
 11
1117.0034652714612
 21
686.6425665420508
 31
0.0
100
AcDbText
 73
2
  0
TEXT
  5
5E6
330
17
100
AcDbEntity
  8
PLAT-TEXT-LOWCONF
100
AcDbText
 10
863.3178421400233
 20
690.3870487701664
 30
0.0
 40
12.71525621263015
  1
9
 50
0.6925696274759048
  7
PLAT
 72
1
 11
863.3178421400233
 21
690.3870487701664
 31
0.0
100
AcDbText
 73
2
  0
TEXT
  5
5E7
330
17
100
AcDbEntity
  8
PLAT-TEXT-LOWCONF
100
AcDbText
 10
1033.0927780757947
 20
687.9649260080068
 30
0.0
 40
14.518514137575425
  1
w
 50
77.63089276361802
  7
PLAT
 72
1
 11
1033.0927780757947
 21
687.9649260080068
 31
0.0
100
AcDbText
 73
2
  0
TEXT
  5
5E8
330
17
100
AcDbEntity
  8
PLAT-TEXT-LOWCONF
100
AcDbText
 10
2639.74638530684
 20
702.9717855668466
 30
0.0
 40
5.5542609436452315
  1
‘tes
 50
343.9260149465863
  7
PLAT
 72
1
 11
2639.74638530684
 21
702.9717855668466
 31
0.0
100
AcDbText
 73
2
  0
TEXT
  5
5E9
330
17
100
AcDbEntity
  8
PLAT-TEXT-LOWCONF
100
AcDbText
 10
1145.4070452880228
 20
679.9917683636113
 30
0.0
 40
11.430704354113567
  1
x
 50
291.4869705488453
  7
PLAT
 72
1
 11
1145.4070452880228
 21
679.9917683636113
 31
0.0
100
AcDbText
 73
2
  0
TEXT
  5
5EA
330
17
100
AcDbEntity
  8
PLAT-TEXT-LOWCONF
100
AcDbText
 10
1127.8391421465676
 20
680.0336712433118
 30
0.0
 40
9.543052105838958
  1
is
 50
331.38482219399157
  7
PLAT
 72
1
 11
1127.8391421465676
 21
680.0336712433118
 31
0.0
100
AcDbText
 73
2
  0
TEXT
  5
5EB
330
17
100
AcDbEntity
  8
PLAT-TEXT-LOWCONF
100
AcDbText
 10
2723.086952956589
 20
701.9926418547534
 30
0.0
 40
4.349956072741894
  1
3
 50
90.6925696274759
  7
PLAT
 72
1
 11
2723.086952956589
 21
701.9926418547534
 31
0.0
100
AcDbText
 73
2
  0
TEXT
  5
5EC
330
17
100
AcDbEntity
  8
PLAT-TEXT-LOWCONF
100
AcDbText
 10
1060.9719386910983
 20
677.0231398487813
 30
0.0
 40
17.828127658129855
  1
be gt wy
 50
347.630892763618
  7
PLAT
 72
1
 11
1060.9719386910983
 21
677.0231398487813
 31
0.0
100
AcDbText
 73
2
  0
TEXT
  5
5ED
330
17
100
AcDbEntity
  8
PLAT-TEXT-LOWCONF
100
AcDbText
 10
1255.6304018526964
 20
680.5727193288706
 30
0.0
 40
6.9264685158274775
  1
v
 50
0.6925696274758764
  7
PLAT
 72
1
 11
1255.6304018526964
 21
680.5727193288706
 31
0.0
100
AcDbText
 73
2
  0
TEXT
  5
5EE
330
17
100
AcDbEntity
  8
PLAT-TEXT-LOWCONF
100
AcDbText
 10
695.2589283967867
 20
668.6119668060824
 30
0.0
 40
12.71525621263015
  1
7
 50
0.6925696274758764
  7
PLAT
 72
1
 11
695.2589283967867
 21
668.6119668060824
 31
0.0
100
AcDbText
 73
2
  0
TEXT
  5
5EF
330
17
100
AcDbEntity
  8
PLAT-TEXT-LOWCONF
100
AcDbText
 10
2655.271249057768
 20
690.0502335292026
 30
0.0
 40
5.885069934717695
  1
a
 50
304.0956504344201
  7
PLAT
 72
1
 11
2655.271249057768
 21
690.0502335292026
 31
0.0
100
AcDbText
 73
2
  0
TEXT
  5
5F0
330
17
100
AcDbEntity
  8
PLAT-TEXT-LOWCONF
100
AcDbText
 10
1091.5200280738823
 20
660.6854608988779
 30
0.0
 40
17.828127658129855
  1
“ag
 50
347.630892763618
  7
PLAT
 72
1
 11
1091.5200280738823
 21
660.6854608988779
 31
0.0
100
AcDbText
 73
2
  0
TEXT
  5
5F1
330
17
100
AcDbEntity
  8
PLAT-TEXT-LOWCONF
100
AcDbText
 10
1254.6049497077565
 20
668.5134111676789
 30
0.0
 40
9.703748162270378
  1
6:
 50
90.6925696274759
  7
PLAT
 72
1
 11
1254.6049497077565
 21
668.5134111676789
 31
0.0
100
AcDbText
 73
2
  0
TEXT
  5
5F2
330
17
100
AcDbEntity
  8
PLAT-TEXT-MISC
100
AcDbText
 10
1290.8426531909474
 20
659.8471229291818
 30
0.0
 40
16.19179583198148
  1
AVE.
 50
325.65439893156116
  7
PLAT
 72
1
 11
1290.8426531909474
 21
659.8471229291818
 31
0.0
100
AcDbText
 73
2
  0
TEXT
  5
5F3
330
17
100
AcDbEntity
  8
PLAT-TEXT-LOWCONF
100
AcDbText
 10
1025.788592049722
 20
660.287831611588
 30
0.0
 40
11.873578450211344
  1
al
 50
77.63089276361802
  7
PLAT
 72
1
 11
1025.788592049722
 21
660.287831611588
 31
0.0
100
AcDbText
 73
2
  0
TEXT
  5
5F4
330
17
100
AcDbEntity
  8
PLAT-TEXT-LOWCONF
100
AcDbText
 10
1115.5896899850686
 20
665.7155920132419
 30
0.0
 40
9.409877653661875
  1
M
 50
303.6577026150703
  7
PLAT
 72
1
 11
1115.5896899850686
 21
665.7155920132419
 31
0.0
100
AcDbText
 73
2
  0
TEXT
  5
5F5
330
17
100
AcDbEntity
  8
PLAT-TEXT-LOWCONF
100
AcDbText
 10
985.2334257011377
 20
653.00219837634
 30
0.0
 40
17.828127658129855
  1
Se Fe
 50
54.39065917886546
  7
PLAT
 72
1
 11
985.2334257011377
 21
653.00219837634
 31
0.0
100
AcDbText
 73
2
  0
TEXT
  5
5F6
330
17
100
AcDbEntity
  8
PLAT-TEXT-LOWCONF
100
AcDbText
 10
1252.7167389925694
 20
658.6188107402158
 30
0.0
 40
10.038360167865909
  1
2
 50
90.6925696274759
  7
PLAT
 72
1
 11
1252.7167389925694
 21
658.6188107402158
 31
0.0
100
AcDbText
 73
2
  0
TEXT
  5
5F7
330
17
100
AcDbEntity
  8
PLAT-TEXT-LOWCONF
100
AcDbText
 10
1420.516445257354
 20
660.3125722146146
 30
0.0
 40
4.818412880575636
  1
—d
 50
90.6925696274759
  7
PLAT
 72
1
 11
1420.516445257354
 21
660.3125722146146
 31
0.0
100
AcDbText
 73
2
  0
TEXT
  5
5F8
330
17
100
AcDbEntity
  8
PLAT-TEXT-LOWCONF
100
AcDbText
 10
1145.0154402747014
 20
653.9850264472117
 30
0.0
 40
7.950433732970132
  1
7
 50
332.4876089479709
  7
PLAT
 72
1
 11
1145.0154402747014
 21
653.9850264472117
 31
0.0
100
AcDbText
 73
2
  0
TEXT
  5
5F9
330
17
100
AcDbEntity
  8
PLAT-TEXT-LOWCONF
100
AcDbText
 10
1230.0578098443739
 20
650.6482664660435
 30
0.0
 40
16.86444508201473
  1
Q
 50
0.6925696274758764
  7
PLAT
 72
1
 11
1230.0578098443739
 21
650.6482664660435
 31
0.0
100
AcDbText
 73
2
  0
TEXT
  5
5FA
330
17
100
AcDbEntity
  8
PLAT-TEXT-LOWCONF
100
AcDbText
 10
960.9643076884026
 20
650.2045033519453
 30
0.0
 40
9.988911044937659
  1
265
 50
4.345755357568578
  7
PLAT
 72
1
 11
960.9643076884026
 21
650.2045033519453
 31
0.0
100
AcDbText
 73
2
  0
TEXT
  5
5FB
330
17
100
AcDbEntity
  8
PLAT-TEXT-LOWCONF
100
AcDbText
 10
1206.9793572835406
 20
649.7000164025861
 30
0.0
 40
9.636825761151272
  1
J
 50
0.6925696274758764
  7
PLAT
 72
1
 11
1206.9793572835406
 21
649.7000164025861
 31
0.0
100
AcDbText
 73
2
  0
TEXT
  5
5FC
330
17
100
AcDbEntity
  8
PLAT-TEXT-MISC
100
AcDbText
 10
1840.5644580910484
 20
649.9617641216723
 30
0.0
 40
15.11051157257797
  1
APPROVAL
 50
1.0775430873209189
  7
PLAT
 72
1
 11
1840.5644580910484
 21
649.9617641216723
 31
0.0
100
AcDbText
 73
2
  0
TEXT
  5
5FD
330
17
100
AcDbEntity
  8
PLAT-TEXT-LOWCONF
100
AcDbText
 10
1006.7691478371939
 20
643.9334690157028
 30
0.0
 40
3.6138096604317274
  1
VR
 50
90.6925696274759
  7
PLAT
 72
1
 11
1006.7691478371939
 21
643.9334690157028
 31
0.0
100
AcDbText
 73
2
  0
TEXT
  5
5FE
330
17
100
AcDbEntity
  8
PLAT-TEXT-LOWCONF
100
AcDbText
 10
1405.9422191854974
 20
647.9221654157911
 30
0.0
 40
3.9149604654677046
  1
A
 50
90.6925696274759
  7
PLAT
 72
1
 11
1405.9422191854974
 21
647.9221654157911
 31
0.0
100
AcDbText
 73
2
  0
TEXT
  5
5FF
330
17
100
AcDbEntity
  8
PLAT-TEXT-LOWCONF
100
AcDbText
 10
1038.0672407397085
 20
643.1405793224467
 30
0.0
 40
3.31265885539575
  1
ye
 50
90.6925696274759
  7
PLAT
 72
1
 11
1038.0672407397085
 21
643.1405793224467
 31
0.0
100
AcDbText
 73
2
  0
TEXT
  5
600
330
17
100
AcDbEntity
  8
PLAT-TEXT-LOWCONF
100
AcDbText
 10
1435.561307437853
 20
647.6109342417276
 30
0.0
 40
3.31265885539575
  1
A
 50
90.6925696274759
  7
PLAT
 72
1
 11
1435.561307437853
 21
647.6109342417276
 31
0.0
100
AcDbText
 73
2
  0
TEXT
  5
601
330
17
100
AcDbEntity
  8
PLAT-TEXT-LOWCONF
100
AcDbText
 10
1680.0309198607247
 20
645.3107948210504
 30
0.0
 40
13.0059758062353
  1
WMISSIONER'S
 50
1.4474409047655854
  7
PLAT
 72
1
 11
1680.0309198607247
 21
645.3107948210504
 31
0.0
100
AcDbText
 73
2
  0
TEXT
  5
602
330
17
100
AcDbEntity
  8
PLAT-TEXT-LOWCONF
100
AcDbText
 10
1570.8603533759742
 20
642.6347749426503
 30
0.0
 40
12.459276202659721
  1
~ON,
 50
3.5316412495133136
  7
PLAT
 72
1
 11
1570.8603533759742
 21
642.6347749426503
 31
0.0
100
AcDbText
 73
2
  0
TEXT
  5
603
330
17
100
AcDbEntity
  8
PLAT-TEXT-MISC
100
AcDbText
 10
617.6919521068651
 20
620.2894102422686
 30
0.0
 40
15.980804721729507
  1
for
 50
91.12063072222645
  7
PLAT
 72
1
 11
617.6919521068651
 21
620.2894102422686
 31
0.0
100
AcDbText
 73
2
  0
TEXT
  5
604
330
17
100
AcDbEntity
  8
PLAT-TEXT-LOWCONF
100
AcDbText
 10
1248.6259528233616
 20
637.1526275173194
 30
0.0
 40
13.38448022382121
  1
2.
 50
90.6925696274759
  7
PLAT
 72
1
 11
1248.6259528233616
 21
637.1526275173194
 31
0.0
100
AcDbText
 73
2
  0
TEXT
  5
605
330
17
100
AcDbEntity
  8
PLAT-TEXT-LOWCONF
100
AcDbText
 10
1783.6072270058598
 20
633.5013630241582
 30
0.0
 40
17.828127658129855
  1
"Examined and approved trsZ% a
 50
1.0775430873209189
  7
PLAT
 72
1
 11
1783.6072270058598
 21
633.5013630241582
 31
0.0
100
AcDbText
 73
2
  0
TEXT
  5
606
330
17
100
AcDbEntity
  8
PLAT-TEXT-LOWCONF
100
AcDbText
 10
653.430203997087
 20
595.8470991865885
 30
0.0
 40
14.808801933456136
  1
TR 77-28" ~-
 50
278.5883661872575
  7
PLAT
 72
1
 11
653.430203997087
 21
595.8470991865885
 31
0.0
100
AcDbText
 73
2
  0
TEXT
  5
607
330
17
100
AcDbEntity
  8
PLAT-TEXT-LOWCONF
100
AcDbText
 10
1040.8410107705083
 20
635.1428343802158
 30
0.0
 40
8.73337334604334
  1
20%%d
 50
90.6925696274759
  7
PLAT
 72
1
 11
1040.8410107705083
 21
635.1428343802158
 31
0.0
100
AcDbText
 73
2
  0
TEXT
  5
608
330
17
100
AcDbEntity
  8
PLAT-TEXT-LOWCONF
100
AcDbText
 10
921.7743155559752
 20
613.2929942058447
 30
0.0
 40
8.664665091154982
  1
169506
 50
91.12677702369228
  7
PLAT
 72
1
 11
921.7743155559752
 21
613.2929942058447
 31
0.0
100
AcDbText
 73
2
  0
TEXT
  5
609
330
17
100
AcDbEntity
  8
PLAT-TEXT-LOWCONF
100
AcDbText
 10
2027.2970161290775
 20
638.0725048578182
 30
0.0
 40
17.828127658129855
  1
a7 on f%%d
 50
0.9123411513187989
  7
PLAT
 72
1
 11
2027.2970161290775
 21
638.0725048578182
 31
0.0
100
AcDbText
 73
2
  0
TEXT
  5
60A
330
17
100
AcDbEntity
  8
PLAT-TEXT-LOWCONF
100
AcDbText
 10
1439.0709879023123
 20
634.100583676393
 30
0.0
 40
6.023016100719545
  1
a
 50
0.6925696274758764
  7
PLAT
 72
1
 11
1439.0709879023123
 21
634.100583676393
 31
0.0
100
AcDbText
 73
2
  0
TEXT
  5
60B
330
17
100
AcDbEntity
  8
PLAT-TEXT-MISC
100
AcDbText
 10
2384.369436590833
 20
638.3837301414321
 30
0.0
 40
17.828127658129855
  1
Board of County
 50
0.10261673911693947
  7
PLAT
 72
1
 11
2384.369436590833
 21
638.3837301414321
 31
0.0
100
AcDbText
 73
2
  0
TEXT
  5
60C
330
17
100
AcDbEntity
  8
PLAT-TEXT-LOTNO
100
AcDbText
 10
1138.524008043515
 20
623.5545487051609
 30
0.0
 40
19.432944162515223
  1
12
 50
2.499999497113663
  7
PLAT
 72
1
 11
1138.524008043515
 21
623.5545487051609
 31
0.0
100
AcDbText
 73
2
  0
TEXT
  5
60D
330
17
100
AcDbEntity
  8
PLAT-TEXT-LOWCONF
100
AcDbText
 10
2553.978196130467
 20
643.0035285898794
 30
0.0
 40
12.738478882240038
  1
Commissroners
 50
0.23929752501848633
  7
PLAT
 72
1
 11
2553.978196130467
 21
643.0035285898794
 31
0.0
100
AcDbText
 73
2
  0
TEXT
  5
60E
330
17
100
AcDbEntity
  8
PLAT-TEXT-MISC
100
AcDbText
 10
2278.2776203720728
 20
638.6886823327276
 30
0.0
 40
13.228861978945371
  1
the
 50
3.850083206547424
  7
PLAT
 72
1
 11
2278.2776203720728
 21
638.6886823327276
 31
0.0
100
AcDbText
 73
2
  0
TEXT
  5
60F
330
17
100
AcDbEntity
  8
PLAT-TEXT-LOWCONF
100
AcDbText
 10
2244.0806700925036
 20
635.1377734890606
 30
0.0
 40
17.828127658129855
  1
Sy.
 50
24.79015043643119
  7
PLAT
 72
1
 11
2244.0806700925036
 21
635.1377734890606
 31
0.0
100
AcDbText
 73
2
  0
TEXT
  5
610
330
17
100
AcDbEntity
  8
PLAT-TEXT-LOTNO
100
AcDbText
 10
968.8931071641557
 20
621.3896096692815
 30
0.0
 40
14.053704235012273
  1
4
 50
0.6925696274758764
  7
PLAT
 72
1
 11
968.8931071641557
 21
621.3896096692815
 31
0.0
100
AcDbText
 73
2
  0
TEXT
  5
611
330
17
100
AcDbEntity
  8
PLAT-TEXT-LOWCONF
100
AcDbText
 10
1962.3453713014264
 20
629.2157881948692
 30
0.0
 40
17.828127658129855
  1
hep
 50
1.0775430873209189
  7
PLAT
 72
1
 11
1962.3453713014264
 21
629.2157881948692
 31
0.0
100
AcDbText
 73
2
  0
TEXT
  5
612
330
17
100
AcDbEntity
  8
PLAT-TEXT-LOWCONF
100
AcDbText
 10
2182.6147904189447
 20
635.4862058432154
 30
0.0
 40
11.684730328665811
  1
096/ OL
 50
0.9123411513189126
  7
PLAT
 72
1
 11
2182.6147904189447
 21
635.4862058432154
 31
0.0
100
AcDbText
 73
2
  0
TEXT
  5
613
330
17
100
AcDbEntity
  8
PLAT-TEXT-LOWCONF
100
AcDbText
 10
1030.134871393886
 20
602.2539357139842
 30
0.0
 40
9.383887110542954
  1
WAFoO'
 50
89.64117155290603
  7
PLAT
 72
1
 11
1030.134871393886
 21
602.2539357139842
 31
0.0
100
AcDbText
 73
2
  0
TEXT
  5
614
330
17
100
AcDbEntity
  8
PLAT-TEXT-LOWCONF
100
AcDbText
 10
1246.2216355902515
 20
622.7144012272038
 30
0.0
 40
10.22613163488453
  1
0)
 50
32.82997227537612
  7
PLAT
 72
1
 11
1246.2216355902515
 21
622.7144012272038
 31
0.0
100
AcDbText
 73
2
  0
TEXT
  5
615
330
17
100
AcDbEntity
  8
PLAT-TEXT-LOWCONF
100
AcDbText
 10
1179.7641617044533
 20
617.2459340124838
 30
0.0
 40
13.38448022382121
  1
7
 50
0.6925696274758764
  7
PLAT
 72
1
 11
1179.7641617044533
 21
617.2459340124838
 31
0.0
100
AcDbText
 73
2
  0
TEXT
  5
616
330
17
100
AcDbEntity
  8
PLAT-TEXT-LOTNO
100
AcDbText
 10
865.1169173635708
 20
610.7653207300682
 30
0.0
 40
14.053704235012273
  1
5
 50
0.6925696274758764
  7
PLAT
 72
1
 11
865.1169173635708
 21
610.7653207300682
 31
0.0
100
AcDbText
 73
2
  0
TEXT
  5
617
330
17
100
AcDbEntity
  8
PLAT-TEXT-LOWCONF
100
AcDbText
 10
1223.8028715827281
 20
614.4319186208863
 30
0.0
 40
14.053704235012273
  1
8
 50
0.6925696274759048
  7
PLAT
 72
1
 11
1223.8028715827281
 21
614.4319186208863
 31
0.0
100
AcDbText
 73
2
  0
TEXT
  5
618
330
17
100
AcDbEntity
  8
PLAT-TEXT-LOTNO
100
AcDbText
 10
1059.383419722335
 20
609.9346085241498
 30
0.0
 40
17.065212285372045
  1
3
 50
0.6925696274758764
  7
PLAT
 72
1
 11
1059.383419722335
 21
609.9346085241498
 31
0.0
100
AcDbText
 73
2
  0
TEXT
  5
619
330
17
100
AcDbEntity
  8
PLAT-TEXT-MISC
100
AcDbText
 10
1675.7856501050724
 20
606.597067007406
 30
0.0
 40
17.828127658129855
  1
County,
 50
357.85167327996635
  7
PLAT
 72
1
 11
1675.7856501050724
 21
606.597067007406
 31
0.0
100
AcDbText
 73
2
  0
TEXT
  5
61A
330
17
100
AcDbEntity
  8
PLAT-TEXT-LOWCONF
100
AcDbText
 10
1164.8614149184434
 20
604.3496013082049
 30
0.0
 40
10.038360167865909
  1
7
 50
0.6925696274758764
  7
PLAT
 72
1
 11
1164.8614149184434
 21
604.3496013082049
 31
0.0
100
AcDbText
 73
2
  0
TEXT
  5
61B
330
17
100
AcDbEntity
  8
PLAT-TEXT-LOWCONF
100
AcDbText
 10
1616.1985794901918
 20
607.5872248289623
 30
0.0
 40
17.828127658129855
  1
St
 50
40.46537199810166
  7
PLAT
 72
1
 11
1616.1985794901918
 21
607.5872248289623
 31
0.0
100
AcDbText
 73
2
  0
TEXT
  5
61C
330
17
100
AcDbEntity
  8
PLAT-TEXT-LOWCONF
100
AcDbText
 10
1751.4697540650996
 20
609.8404027250858
 30
0.0
 40
13.104146376036253
  1
fFlorr ds.
 50
0.029360193542828483
  7
PLAT
 72
1
 11
1751.4697540650996
 21
609.8404027250858
 31
0.0
100
AcDbText
 73
2
  0
TEXT
  5
61D
330
17
100
AcDbEntity
  8
PLAT-TEXT-LOWCONF
100
AcDbText
 10
1568.0914063377743
 20
606.5548278665322
 30
0.0
 40
17.828127658129855
  1
of f
 50
350.592693476778
  7
PLAT
 72
1
 11
1568.0914063377743
 21
606.5548278665322
 31
0.0
100
AcDbText
 73
2
  0
TEXT
  5
61E
330
17
100
AcDbEntity
  8
PLAT-TEXT-LOTNO
100
AcDbText
 10
694.850827960646
 20
591.6406495832822
 30
0.0
 40
14.053704235012273
  1
8
 50
0.6925696274758764
  7
PLAT
 72
1
 11
694.850827960646
 21
591.6406495832822
 31
0.0
100
AcDbText
 73
2
  0
TEXT
  5
61F
330
17
100
AcDbEntity
  8
PLAT-TEXT-LOWCONF
100
AcDbText
 10
1130.7142218639008
 20
586.6233002501431
 30
0.0
 40
13.808169278401683
  1
y /
 50
331.67578176000154
  7
PLAT
 72
1
 11
1130.7142218639008
 21
586.6233002501431
 31
0.0
100
AcDbText
 73
2
  0
TEXT
  5
620
330
17
100
AcDbEntity
  8
PLAT-TEXT-LOWCONF
100
AcDbText
 10
2400.5773015047644
 20
584.6523204540913
 30
0.0
 40
17.828127658129855
  1
be
 50
0.6925696274758764
  7
PLAT
 72
1
 11
2400.5773015047644
 21
584.6523204540913
 31
0.0
100
AcDbText
 73
2
  0
TEXT
  5
621
330
17
100
AcDbEntity
  8
PLAT-TEXT-LOWCONF
100
AcDbText
 10
2412.5031390415115
 20
594.6682578128675
 30
0.0
 40
14.45523864172691
  1
x
 50
90.6925696274759
  7
PLAT
 72
1
 11
2412.5031390415115
 21
594.6682578128675
 31
0.0
100
AcDbText
 73
2
  0
TEXT
  5
622
330
17
100
AcDbEntity
  8
PLAT-TEXT-LOWCONF
100
AcDbText
 10
1218.4066473269527
 20
576.3854506027192
 30
0.0
 40
15.057540251798862
  1
7
 50
90.6925696274759
  7
PLAT
 72
1
 11
1218.4066473269527
 21
576.3854506027192
 31
0.0
100
AcDbText
 73
2
  0
TEXT
  5
623
330
17
100
AcDbEntity
  8
PLAT-TEXT-LOWCONF
100
AcDbText
 10
1731.4144229248582
 20
577.6411496074904
 30
0.0
 40
10.476261712915075
  1
er
 50
63.85142959205507
  7
PLAT
 72
1
 11
1731.4144229248582
 21
577.6411496074904
 31
0.0
100
AcDbText
 73
2
  0
TEXT
  5
624
330
17
100
AcDbEntity
  8
PLAT-TEXT-LOWCONF
100
AcDbText
 10
1720.9455854745383
 20
569.5767429272723
 30
0.0
 40
17.828127658129855
  1
a
 50
0.6925696274758764
  7
PLAT
 72
1
 11
1720.9455854745383
 21
569.5767429272723
 31
0.0
100
AcDbText
 73
2
  0
TEXT
  5
625
330
17
100
AcDbEntity
  8
PLAT-TEXT-LOWCONF
100
AcDbText
 10
2274.010734213728
 20
576.9315829640623
 30
0.0
 40
17.828127658129855
  1
far
 50
0.6925696274758764
  7
PLAT
 72
1
 11
2274.010734213728
 21
576.9315829640623
 31
0.0
100
AcDbText
 73
2
  0
TEXT
  5
626
330
17
100
AcDbEntity
  8
PLAT-TEXT-LOWCONF
100
AcDbText
 10
703.9640732482694
 20
563.6820763335838
 30
0.0
 40
14.892675127486399
  1
pins oF
 50
1.567311036727915
  7
PLAT
 72
1
 11
703.9640732482694
 21
563.6820763335838
 31
0.0
100
AcDbText
 73
2
  0
TEXT
  5
627
330
17
100
AcDbEntity
  8
PLAT-TEXT-LOWCONF
100
AcDbText
 10
816.313290630666
 20
564.832133007067
 30
0.0
 40
9.93797656618725
  1
A
 50
90.6925696274759
  7
PLAT
 72
1
 11
816.313290630666
 21
564.832133007067
 31
0.0
100
AcDbText
 73
2
  0
TEXT
  5
628
330
17
100
AcDbEntity
  8
PLAT-TEXT-LOWCONF
100
AcDbText
 10
669.1851059496283
 20
564.6754775856327
 30
0.0
 40
6.617734833241409
  1
“2
 50
39.10785670734174
  7
PLAT
 72
1
 11
669.1851059496283
 21
564.6754775856327
 31
0.0
100
AcDbText
 73
2
  0
TEXT
  5
629
330
17
100
AcDbEntity
  8
PLAT-TEXT-LOWCONF
100
AcDbText
 10
1280.3648782888672
 20
568.7724763406277
 30
0.0
 40
11.077346158515162
  1
4
 50
336.2105101316836
  7
PLAT
 72
1
 11
1280.3648782888672
 21
568.7724763406277
 31
0.0
100
AcDbText
 73
2
  0
TEXT
  5
62A
330
17
100
AcDbEntity
  8
PLAT-TEXT-LOWCONF
100
AcDbText
 10
661.3952054535496
 20
563.2940872611866
 30
0.0
 40
8.365300139888257
  1
7)
 50
0.6925696274759048
  7
PLAT
 72
1
 11
661.3952054535496
 21
563.2940872611866
 31
0.0
100
AcDbText
 73
2
  0
TEXT
  5
62B
330
17
100
AcDbEntity
  8
PLAT-TEXT-LOWCONF
100
AcDbText
 10
1150.516024960371
 20
564.81759515452
 30
0.0
 40
8.243723943645486
  1
aA
 50
64.24063914872215
  7
PLAT
 72
1
 11
1150.516024960371
 21
564.81759515452
 31
0.0
100
AcDbText
 73
2
  0
TEXT
  5
62C
330
17
100
AcDbEntity
  8
PLAT-TEXT-LOWCONF
100
AcDbText
 10
1666.3609040140386
 20
565.4435181212207
 30
0.0
 40
6.922372844677329
  1
an
 50
66.3135355134292
  7
PLAT
 72
1
 11
1666.3609040140386
 21
565.4435181212207
 31
0.0
100
AcDbText
 73
2
  0
TEXT
  5
62D
330
17
100
AcDbEntity
  8
PLAT-TEXT-LOWCONF
100
AcDbText
 10
779.4303455875504
 20
557.0242823075866
 30
0.0
 40
19.072884318945228
  1
3,
 50
90.6925696274759
  7
PLAT
 72
1
 11
779.4303455875504
 21
557.0242823075866
 31
0.0
100
AcDbText
 73
2
  0
TEXT
  5
62E
330
17
100
AcDbEntity
  8
PLAT-TEXT-LOWCONF
100
AcDbText
 10
2403.270180248022
 20
583.3463267262334
 30
0.0
 40
5.119563685611613
  1
AA
 50
0.6925696274759048
  7
PLAT
 72
1
 11
2403.270180248022
 21
583.3463267262334
 31
0.0
100
AcDbText
 73
2
  0
TEXT
  5
62F
330
17
100
AcDbEntity
  8
PLAT-TEXT-LOWCONF
100
AcDbText
 10
2450.2034414471195
 20
576.3843456228581
 30
0.0
 40
17.828127658129855
  1
th
 50
0.6925696274758764
  7
PLAT
 72
1
 11
2450.2034414471195
 21
576.3843456228581
 31
0.0
100
AcDbText
 73
2
  0
TEXT
  5
630
330
17
100
AcDbEntity
  8
PLAT-TEXT-LOWCONF
100
AcDbText
 10
1693.7373677416242
 20
564.2282975197584
 30
0.0
 40
17.828127658129855
  1
N,
 50
0.6925696274758764
  7
PLAT
 72
1
 11
1693.7373677416242
 21
564.2282975197584
 31
0.0
100
AcDbText
 73
2
  0
TEXT
  5
631
330
17
100
AcDbEntity
  8
PLAT-TEXT-LOWCONF
100
AcDbText
 10
1999.352767918879
 20
568.2288933272628
 30
0.0
 40
17.828127658129855
  1
a
 50
0.8720311745139497
  7
PLAT
 72
1
 11
1999.352767918879
 21
568.2288933272628
 31
0.0
100
AcDbText
 73
2
  0
TEXT
  5
632
330
17
100
AcDbEntity
  8
PLAT-TEXT-LOWCONF
100
AcDbText
 10
2354.569211629209
 20
573.6091404947913
 30
0.0
 40
17.828127658129855
  1
X
 50
90.93211235777665
  7
PLAT
 72
1
 11
2354.569211629209
 21
573.6091404947913
 31
0.0
100
AcDbText
 73
2
  0
TEXT
  5
633
330
17
100
AcDbEntity
  8
PLAT-TEXT-LOWCONF
100
AcDbText
 10
1594.814164212358
 20
567.3827670356668
 30
0.0
 40
10.038360167865909
  1
“1
 50
0.6925696274758764
  7
PLAT
 72
1
 11
1594.814164212358
 21
567.3827670356668
 31
0.0
100
AcDbText
 73
2
  0
TEXT
  5
634
330
17
100
AcDbEntity
  8
PLAT-TEXT-LOWCONF
100
AcDbText
 10
1211.5582693844535
 20
561.5786620791789
 30
0.0
 40
9.93797656618725
  1
uN
 50
0.6925696274758764
  7
PLAT
 72
1
 11
1211.5582693844535
 21
561.5786620791789
 31
0.0
100
AcDbText
 73
2
  0
TEXT
  5
635
330
17
100
AcDbEntity
  8
PLAT-TEXT-LOWCONF
100
AcDbText
 10
1135.4324967426278
 20
555.8241320618738
 30
0.0
 40
16.372583550299957
  1
iV.
 50
11.963631835948718
  7
PLAT
 72
1
 11
1135.4324967426278
 21
555.8241320618738
 31
0.0
100
AcDbText
 73
2
  0
TEXT
  5
636
330
17
100
AcDbEntity
  8
PLAT-TEXT-LOWCONF
100
AcDbText
 10
2229.5945671953586
 20
568.6951965611538
 30
0.0
 40
14.986904463128436
  1
BY
 50
0.9321123577766457
  7
PLAT
 72
1
 11
2229.5945671953586
 21
568.6951965611538
 31
0.0
100
AcDbText
 73
2
  0
TEXT
  5
637
330
17
100
AcDbEntity
  8
PLAT-TEXT-LOWCONF
100
AcDbText
 10
2425.829106569371
 20
571.9067479143464
 30
0.0
 40
11.744881396403112
  1
yet
 50
0.6925696274758764
  7
PLAT
 72
1
 11
2425.829106569371
 21
571.9067479143464
 31
0.0
100
AcDbText
 73
2
  0
TEXT
  5
638
330
17
100
AcDbEntity
  8
PLAT-TEXT-LOWCONF
100
AcDbText
 10
1019.5537147254139
 20
555.907389753662
 30
0.0
 40
9.365247223047152
  1
Ye
 50
90.54435748173785
  7
PLAT
 72
1
 11
1019.5537147254139
 21
555.907389753662
 31
0.0
100
AcDbText
 73
2
  0
TEXT
  5
639
330
17
100
AcDbEntity
  8
PLAT-TEXT-LOWCONF
100
AcDbText
 10
928.1350928356292
 20
549.9479581487578
 30
0.0
 40
8.169644362944402
  1
es
 50
91.12677702369228
  7
PLAT
 72
1
 11
928.1350928356292
 21
549.9479581487578
 31
0.0
100
AcDbText
 73
2
  0
TEXT
  5
63A
330
17
100
AcDbEntity
  8
PLAT-TEXT-LOWCONF
100
AcDbText
 10
2292.8649299809094
 20
567.4550393083389
 30
0.0
 40
8.432222541007365
  1
horee.
 50
0.6925696274758764
  7
PLAT
 72
1
 11
2292.8649299809094
 21
567.4550393083389
 31
0.0
100
AcDbText
 73
2
  0
TEXT
  5
63B
330
17
100
AcDbEntity
  8
PLAT-TEXT-LOWCONF
100
AcDbText
 10
2102.4916994423743
 20
563.9646989622611
 30
0.0
 40
9.386566758076281
  1
(/ ru
 50
0.8720311745139497
  7
PLAT
 72
1
 11
2102.4916994423743
 21
563.9646989622611
 31
0.0
100
AcDbText
 73
2
  0
TEXT
  5
63C
330
17
100
AcDbEntity
  8
PLAT-TEXT-LOWCONF
100
AcDbText
 10
1622.542516565377
 20
557.0167824941138
 30
0.0
 40
10.282998508077236
  1
A Orniin
 50
0.8825049898872521
  7
PLAT
 72
1
 11
1622.542516565377
 21
557.0167824941138
 31
0.0
100
AcDbText
 73
2
  0
TEXT
  5
63D
330
17
100
AcDbEntity
  8
PLAT-TEXT-LOWCONF
100
AcDbText
 10
2326.3317751815293
 20
567.190320624612
 30
0.0
 40
7.829920930935409
  1
w
 50
0.6925696274758764
  7
PLAT
 72
1
 11
2326.3317751815293
 21
567.190320624612
 31
0.0
100
AcDbText
 73
2
  0
TEXT
  5
63E
330
17
100
AcDbEntity
  8
PLAT-TEXT-LOWCONF
100
AcDbText
 10
1114.648522807303
 20
547.4272369065627
 30
0.0
 40
6.081362128555846
  1
%%d wee
 50
54.344178129587135
  7
PLAT
 72
1
 11
1114.648522807303
 21
547.4272369065627
 31
0.0
100
AcDbText
 73
2
  0
TEXT
  5
63F
330
17
100
AcDbEntity
  8
PLAT-TEXT-LOWCONF
100
AcDbText
 10
2162.427334710179
 20
561.8364496768827
 30
0.0
 40
12.095024185302387
  1
LOVES CE
 50
0.8720311745138929
  7
PLAT
 72
1
 11
2162.427334710179
 21
561.8364496768827
 31
0.0
100
AcDbText
 73
2
  0
TEXT
  5
640
330
17
100
AcDbEntity
  8
PLAT-TEXT-LOWCONF
100
AcDbText
 10
2383.036277594588
 20
568.5450494079685
 30
0.0
 40
5.3537920895284845
  1
“3
 50
0.6925696274758764
  7
PLAT
 72
1
 11
2383.036277594588
 21
568.5450494079685
 31
0.0
100
AcDbText
 73
2
  0
TEXT
  5
641
330
17
100
AcDbEntity
  8
PLAT-TEXT-LOWCONF
100
AcDbText
 10
626.4646524285904
 20
469.3498629124966
 30
0.0
 40
17.828127658129855
  1
219 bt-of-wey
 50
91.16601721670554
  7
PLAT
 72
1
 11
626.4646524285904
 21
469.3498629124966
 31
0.0
100
AcDbText
 73
2
  0
TEXT
  5
642
330
17
100
AcDbEntity
  8
PLAT-TEXT-LOWCONF
100
AcDbText
 10
1955.3146159883072
 20
559.3590231232172
 30
0.0
 40
11.443730591367135
  1
LF
 50
0.6925696274759048
  7
PLAT
 72
1
 11
1955.3146159883072
 21
559.3590231232172
 31
0.0
100
AcDbText
 73
2
  0
TEXT
  5
643
330
17
100
AcDbEntity
  8
PLAT-TEXT-LOWCONF
100
AcDbText
 10
1193.9464655976776
 20
551.3266733456326
 30
0.0
 40
8.131071735971386
  1
a“
 50
0.6925696274758764
  7
PLAT
 72
1
 11
1193.9464655976776
 21
551.3266733456326
 31
0.0
100
AcDbText
 73
2
  0
TEXT
  5
644
330
17
100
AcDbEntity
  8
PLAT-TEXT-LOWCONF
100
AcDbText
 10
660.4172026849558
 20
547.3861176616641
 30
0.0
 40
1.8914142647074617
  1
TN
 50
1.007919750222186
  7
PLAT
 72
1
 11
660.4172026849558
 21
547.3861176616641
 31
0.0
100
AcDbText
 73
2
  0
TEXT
  5
645
330
17
100
AcDbEntity
  8
PLAT-TEXT-LOWCONF
100
AcDbText
 10
1087.801873203611
 20
542.848891600451
 30
0.0
 40
17.828127658129855
  1
R
 50
0.6925696274758764
  7
PLAT
 72
1
 11
1087.801873203611
 21
542.848891600451
 31
0.0
100
AcDbText
 73
2
  0
TEXT
  5
646
330
17
100
AcDbEntity
  8
PLAT-TEXT-LOWCONF
100
AcDbText
 10
1024.2160806917457
 20
543.2514808313166
 30
0.0
 40
15.057540251798862
  1
2
 50
0.6925696274759048
  7
PLAT
 72
1
 11
1024.2160806917457
 21
543.2514808313166
 31
0.0
100
AcDbText
 73
2
  0
TEXT
  5
647
330
17
100
AcDbEntity
  8
PLAT-TEXT-LOWCONF
100
AcDbText
 10
671.1978921829202
 20
541.3265783385026
 30
0.0
 40
7.528770125899431
  1
a
 50
90.6925696274759
  7
PLAT
 72
1
 11
671.1978921829202
 21
541.3265783385026
 31
0.0
100
AcDbText
 73
2
  0
TEXT
  5
648
330
17
100
AcDbEntity
  8
PLAT-TEXT-LOWCONF
100
AcDbText
 10
1700.209801480026
 20
554.7693987624415
 30
0.0
 40
4.349956072741894
  1
' 1
 50
0.6925696274758764
  7
PLAT
 72
1
 11
1700.209801480026
 21
554.7693987624415
 31
0.0
100
AcDbText
 73
2
  0
TEXT
  5
649
330
17
100
AcDbEntity
  8
PLAT-TEXT-LOWCONF
100
AcDbText
 10
1055.0244259463136
 20
541.4487616093388
 30
0.0
 40
9.636825761151272
  1
Te
 50
0.6925696274759048
  7
PLAT
 72
1
 11
1055.0244259463136
 21
541.4487616093388
 31
0.0
100
AcDbText
 73
2
  0
TEXT
  5
64A
330
17
100
AcDbEntity
  8
PLAT-TEXT-LOWCONF
100
AcDbText
 10
866.369621037892
 20
534.8179890113097
 30
0.0
 40
16.26214347194277
  1
Q
 50
90.6925696274759
  7
PLAT
 72
1
 11
866.369621037892
 21
534.8179890113097
 31
0.0
100
AcDbText
 73
2
  0
TEXT
  5
64B
330
17
100
AcDbEntity
  8
PLAT-TEXT-LOWCONF
100
AcDbText
 10
2621.0372365037365
 20
562.3868705406855
 30
0.0
 40
4.818412880575636
  1
a
 50
0.6925696274759048
  7
PLAT
 72
1
 11
2621.0372365037365
 21
562.3868705406855
 31
0.0
100
AcDbText
 73
2
  0
TEXT
  5
64C
330
17
100
AcDbEntity
  8
PLAT-TEXT-LOWCONF
100
AcDbText
 10
2643.182797586447
 20
559.5815369985787
 30
0.0
 40
7.026816944080824
  1
K
 50
337.4224923418877
  7
PLAT
 72
1
 11
2643.182797586447
 21
559.5815369985787
 31
0.0
100
AcDbText
 73
2
  0
TEXT
  5
64D
330
17
100
AcDbEntity
  8
PLAT-TEXT-LOWCONF
100
AcDbText
 10
1208.2418170104875
 20
531.4212914063514
 30
0.0
 40
19.809030731255394
  1
“3
 50
90.6925696274759
  7
PLAT
 72
1
 11
1208.2418170104875
 21
531.4212914063514
 31
0.0
100
AcDbText
 73
2
  0
TEXT
  5
64E
330
17
100
AcDbEntity
  8
PLAT-TEXT-LOWCONF
100
AcDbText
 10
2336.787481532462
 20
546.5678523137526
 30
0.0
 40
17.828127658129855
  1
Ayn dag
 50
0.9321123577766457
  7
PLAT
 72
1
 11
2336.787481532462
 21
546.5678523137526
 31
0.0
100
AcDbText
 73
2
  0
TEXT
  5
64F
330
17
100
AcDbEntity
  8
PLAT-TEXT-MISC
100
AcDbText
 10
2401.5052237730097
 20
549.0990200645938
 30
0.0
 40
15.95456055445511
  1
Clerk
 50
0.9321123577766457
  7
PLAT
 72
1
 11
2401.5052237730097
 21
549.0990200645938
 31
0.0
100
AcDbText
 73
2
  0
TEXT
  5
650
330
17
100
AcDbEntity
  8
PLAT-TEXT-LOWCONF
100
AcDbText
 10
930.7983003557688
 20
533.0667264011186
 30
0.0
 40
11.774445602758524
  1
OA
 50
0.5443574817376771
  7
PLAT
 72
1
 11
930.7983003557688
 21
533.0667264011186
 31
0.0
100
AcDbText
 73
2
  0
TEXT
  5
651
330
17
100
AcDbEntity
  8
PLAT-TEXT-LOWCONF
100
AcDbText
 10
895.3438015550728
 20
532.4911433441798
 30
0.0
 40
11.443730591367135
  1
A
 50
0.6925696274758764
  7
PLAT
 72
1
 11
895.3438015550728
 21
532.4911433441798
 31
0.0
100
AcDbText
 73
2
  0
TEXT
  5
652
330
17
100
AcDbEntity
  8
PLAT-TEXT-LOWCONF
100
AcDbText
 10
962.4225406325984
 20
533.8039598428671
 30
0.0
 40
10.540278176259205
  1
n
 50
0.6925696274759048
  7
PLAT
 72
1
 11
962.4225406325984
 21
533.8039598428671
 31
0.0
100
AcDbText
 73
2
  0
TEXT
  5
653
330
17
100
AcDbEntity
  8
PLAT-TEXT-LOWCONF
100
AcDbText
 10
1584.5537309917404
 20
544.1688215682004
 30
0.0
 40
4.818412880575636
  1
nN
 50
0.6925696274759048
  7
PLAT
 72
1
 11
1584.5537309917404
 21
544.1688215682004
 31
0.0
100
AcDbText
 73
2
  0
TEXT
  5
654
330
17
100
AcDbEntity
  8
PLAT-TEXT-MISC
100
AcDbText
 10
675.3282129962917
 20
531.8393676305459
 30
0.0
 40
6.6253177107915
  1
tus
 50
90.6925696274759
  7
PLAT
 72
1
 11
675.3282129962917
 21
531.8393676305459
 31
0.0
100
AcDbText
 73
2
  0
TEXT
  5
655
330
17
100
AcDbEntity
  8
PLAT-TEXT-LOWCONF
100
AcDbText
 10
820.2167604806025
 20
532.5869013236761
 30
0.0
 40
7.829920930935409
  1
108
 50
90.6925696274759
  7
PLAT
 72
1
 11
820.2167604806025
 21
532.5869013236761
 31
0.0
100
AcDbText
 73
2
  0
TEXT
  5
656
330
17
100
AcDbEntity
  8
PLAT-TEXT-LOWCONF
100
AcDbText
 10
2024.2713295399944
 20
543.2272546534793
 30
0.0
 40
13.20718187279022
  1
Chairmen
 50
0.8720311745139497
  7
PLAT
 72
1
 11
2024.2713295399944
 21
543.2272546534793
 31
0.0
100
AcDbText
 73
2
  0
TEXT
  5
657
330
17
100
AcDbEntity
  8
PLAT-TEXT-MISC
100
AcDbText
 10
1723.507139178133
 20
537.9069220577409
 30
0.0
 40
14.153013408037902
  1
Clerk
 50
0.8825049898873658
  7
PLAT
 72
1
 11
1723.507139178133
 21
537.9069220577409
 31
0.0
100
AcDbText
 73
2
  0
TEXT
  5
658
330
17
100
AcDbEntity
  8
PLAT-TEXT-LOWCONF
100
AcDbText
 10
1033.1098962319602
 20
527.29990282613
 30
0.0
 40
15.37422093828118
  1
gy
 50
90.54435748173785
  7
PLAT
 72
1
 11
1033.1098962319602
 21
527.29990282613
 31
0.0
100
AcDbText
 73
2
  0
TEXT
  5
659
330
17
100
AcDbEntity
  8
PLAT-TEXT-LOWCONF
100
AcDbText
 10
1312.9555898222966
 20
533.6910027385409
 30
0.0
 40
9.034524151079317
  1
7
 50
0.6925696274759048
  7
PLAT
 72
1
 11
1312.9555898222966
 21
533.6910027385409
 31
0.0
100
AcDbText
 73
2
  0
TEXT
  5
65A
330
17
100
AcDbEntity
  8
PLAT-TEXT-LOWCONF
100
AcDbText
 10
1070.7243072729298
 20
529.926269227721
 30
0.0
 40
10.038360167865909
  1
3!
 50
0.6925696274758764
  7
PLAT
 72
1
 11
1070.7243072729298
 21
529.926269227721
 31
0.0
100
AcDbText
 73
2
  0
TEXT
  5
65B
330
17
100
AcDbEntity
  8
PLAT-TEXT-LOWCONF
100
AcDbText
 10
2644.275402322613
 20
548.764829518984
 30
0.0
 40
4.028123363791736
  1
17
 50
42.955716257645236
  7
PLAT
 72
1
 11
2644.275402322613
 21
548.764829518984
 31
0.0
100
AcDbText
 73
2
  0
TEXT
  5
65C
330
17
100
AcDbEntity
  8
PLAT-TEXT-LOWCONF
100
AcDbText
 10
819.6466771864043
 20
524.3814169573146
 30
0.0
 40
8.131071735971386
  1
29
 50
90.6925696274759
  7
PLAT
 72
1
 11
819.6466771864043
 21
524.3814169573146
 31
0.0
100
AcDbText
 73
2
  0
TEXT
  5
65D
330
17
100
AcDbEntity
  8
PLAT-TEXT-LOWCONF
100
AcDbText
 10
1160.601512969661
 20
527.6663591557868
 30
0.0
 40
9.636825761151272
  1
ad
 50
0.6925696274758764
  7
PLAT
 72
1
 11
1160.601512969661
 21
527.6663591557868
 31
0.0
100
AcDbText
 73
2
  0
TEXT
  5
65E
330
17
100
AcDbEntity
  8
PLAT-TEXT-LOWCONF
100
AcDbText
 10
2618.701746066562
 20
547.9692711969549
 30
0.0
 40
4.015344067146364
  1
1
 50
0.6925696274758764
  7
PLAT
 72
1
 11
2618.701746066562
 21
547.9692711969549
 31
0.0
100
AcDbText
 73
2
  0
TEXT
  5
65F
330
17
100
AcDbEntity
  8
PLAT-TEXT-LOWCONF
100
AcDbText
 10
1268.909346456558
 20
523.2867871995627
 30
0.0
 40
9.034524151079317
  1
vA
 50
90.6925696274759
  7
PLAT
 72
1
 11
1268.909346456558
 21
523.2867871995627
 31
0.0
100
AcDbText
 73
2
  0
TEXT
  5
660
330
17
100
AcDbEntity
  8
PLAT-TEXT-LOWCONF
100
AcDbText
 10
676.0828796474148
 20
508.75974045435134
 30
0.0
 40
6.570355972512775
  1
TEI
 50
91.16601721670554
  7
PLAT
 72
1
 11
676.0828796474148
 21
508.75974045435134
 31
0.0
100
AcDbText
 73
2
  0
TEXT
  5
661
330
17
100
AcDbEntity
  8
PLAT-TEXT-LOWCONF
100
AcDbText
 10
694.6181104336188
 20
514.0021795212333
 30
0.0
 40
12.71525621263015
  1
6
 50
0.6925696274759048
  7
PLAT
 72
1
 11
694.6181104336188
 21
514.0021795212333
 31
0.0
100
AcDbText
 73
2
  0
TEXT
  5
662
330
17
100
AcDbEntity
  8
PLAT-TEXT-LOWCONF
100
AcDbText
 10
1297.938611760259
 20
523.0954007448408
 30
0.0
 40
10.778381176768825
  1
AN
 50
291.97692837510556
  7
PLAT
 72
1
 11
1297.938611760259
 21
523.0954007448408
 31
0.0
100
AcDbText
 73
2
  0
TEXT
  5
663
330
17
100
AcDbEntity
  8
PLAT-TEXT-LOWCONF
100
AcDbText
 10
1665.5271018175154
 20
522.2345009808355
 30
0.0
 40
7.662316278280937
  1
y
 50
296.7007295800088
  7
PLAT
 72
1
 11
1665.5271018175154
 21
522.2345009808355
 31
0.0
100
AcDbText
 73
2
  0
TEXT
  5
664
330
17
100
AcDbEntity
  8
PLAT-TEXT-LOWCONF
100
AcDbText
 10
1048.180648209482
 20
512.4199794730671
 30
0.0
 40
11.744881396403112
  1
AS
 50
0.6925696274758764
  7
PLAT
 72
1
 11
1048.180648209482
 21
512.4199794730671
 31
0.0
100
AcDbText
 73
2
  0
TEXT
  5
665
330
17
100
AcDbEntity
  8
PLAT-TEXT-MISC
100
AcDbText
 10
1649.4714262760474
 20
512.8517887123327
 30
0.0
 40
17.828127658129855
  1
57463
 50
1.4696875933117326
  7
PLAT
 72
1
 11
1649.4714262760474
 21
512.8517887123327
 31
0.0
100
AcDbText
 73
2
  0
TEXT
  5
666
330
17
100
AcDbEntity
  8
PLAT-TEXT-LOWCONF
100
AcDbText
 10
1124.2689840401486
 20
515.8495245742481
 30
0.0
 40
5.42071449064759
  1
atl
 50
0.6925696274758764
  7
PLAT
 72
1
 11
1124.2689840401486
 21
515.8495245742481
 31
0.0
100
AcDbText
 73
2
  0
TEXT
  5
667
330
17
100
AcDbEntity
  8
PLAT-TEXT-LOWCONF
100
AcDbText
 10
893.5386109654692
 20
509.21994037480493
 30
0.0
 40
9.540917847816486
  1
60'S
 50
2.6098910453549706
  7
PLAT
 72
1
 11
893.5386109654692
 21
509.21994037480493
 31
0.0
100
AcDbText
 73
2
  0
TEXT
  5
668
330
17
100
AcDbEntity
  8
PLAT-TEXT-LOWCONF
100
AcDbText
 10
951.3122042993965
 20
510.3883008230783
 30
0.0
 40
9.652506485892728
  1
POZE! ot
 50
1.2397904811533635
  7
PLAT
 72
1
 11
951.3122042993965
 21
510.3883008230783
 31
0.0
100
AcDbText
 73
2
  0
TEXT
  5
669
330
17
100
AcDbEntity
  8
PLAT-TEXT-LOWCONF
100
AcDbText
 10
1574.3805273633113
 20
511.2565128793028
 30
0.0
 40
19.809030731255394
  1
60-
 50
9.521917373799852
  7
PLAT
 72
1
 11
1574.3805273633113
 21
511.2565128793028
 31
0.0
100
AcDbText
 73
2
  0
TEXT
  5
66A
330
17
100
AcDbEntity
  8
PLAT-TEXT-LOWCONF
100
AcDbText
 10
1099.28230881194
 20
506.86043926276136
 30
0.0
 40
11.443439515507881
  1
ao
 50
0.6381469907069857
  7
PLAT
 72
1
 11
1099.28230881194
 21
506.86043926276136
 31
0.0
100
AcDbText
 73
2
  0
TEXT
  5
66B
330
17
100
AcDbEntity
  8
PLAT-TEXT-LOWCONF
100
AcDbText
 10
2666.830886755728
 20
525.1265146525745
 30
0.0
 40
4.015344067146364
  1
4
 50
0.6925696274758764
  7
PLAT
 72
1
 11
2666.830886755728
 21
525.1265146525745
 31
0.0
100
AcDbText
 73
2
  0
TEXT
  5
66C
330
17
100
AcDbEntity
  8
PLAT-TEXT-LOWCONF
100
AcDbText
 10
1423.816409223124
 20
498.0537835235734
 30
0.0
 40
19.809030731255394
  1
1
 50
0.6925696274758764
  7
PLAT
 72
1
 11
1423.816409223124
 21
498.0537835235734
 31
0.0
100
AcDbText
 73
2
  0
TEXT
  5
66D
330
17
100
AcDbEntity
  8
PLAT-TEXT-LOWCONF
100
AcDbText
 10
817.8035123206554
 20
496.9189473099334
 30
0.0
 40
9.703748162270378
  1
5
 50
90.6925696274759
  7
PLAT
 72
1
 11
817.8035123206554
 21
496.9189473099334
 31
0.0
100
AcDbText
 73
2
  0
TEXT
  5
66E
330
17
100
AcDbEntity
  8
PLAT-TEXT-LOWCONF
100
AcDbText
 10
1288.0865517326167
 20
500.9306447383596
 30
0.0
 40
9.93797656618725
  1
i
 50
0.6925696274758764
  7
PLAT
 72
1
 11
1288.0865517326167
 21
500.9306447383596
 31
0.0
100
AcDbText
 73
2
  0
TEXT
  5
66F
330
17
100
AcDbEntity
  8
PLAT-TEXT-LOWCONF
100
AcDbText
 10
676.3215089091876
 20
491.1930458497945
 30
0.0
 40
7.696076128697197
  1
4
 50
0.6925696274758764
  7
PLAT
 72
1
 11
676.3215089091876
 21
491.1930458497945
 31
0.0
100
AcDbText
 73
2
  0
TEXT
  5
670
330
17
100
AcDbEntity
  8
PLAT-TEXT-LOWCONF
100
AcDbText
 10
1651.636159275326
 20
503.65212613048965
 30
0.0
 40
5.119563685611613
  1
Ly =
 50
0.6925696274759048
  7
PLAT
 72
1
 11
1651.636159275326
 21
503.65212613048965
 31
0.0
100
AcDbText
 73
2
  0
TEXT
  5
671
330
17
100
AcDbEntity
  8
PLAT-TEXT-LOWCONF
100
AcDbText
 10
1202.2835985892682
 20
484.50016390038553
 30
0.0
 40
17.828127658129855
  1
x
 50
0.6925696274758764
  7
PLAT
 72
1
 11
1202.2835985892682
 21
484.50016390038553
 31
0.0
100
AcDbText
 73
2
  0
TEXT
  5
672
330
17
100
AcDbEntity
  8
PLAT-TEXT-LOWCONF
100
AcDbText
 10
675.095280430995
 20
481.3148853178244
 30
0.0
 40
9.02809628874098
  1
A
 50
0.9342031407047671
  7
PLAT
 72
1
 11
675.095280430995
 21
481.3148853178244
 31
0.0
100
AcDbText
 73
2
  0
TEXT
  5
673
330
17
100
AcDbEntity
  8
PLAT-TEXT-LOWCONF
100
AcDbText
 10
655.5553906818473
 20
478.8951083903538
 30
0.0
 40
5.119563685611613
  1
i
 50
0.6925696274758764
  7
PLAT
 72
1
 11
655.5553906818473
 21
478.8951083903538
 31
0.0
100
AcDbText
 73
2
  0
TEXT
  5
674
330
17
100
AcDbEntity
  8
PLAT-TEXT-LOWCONF
100
AcDbText
 10
956.4904658237598
 20
475.4981330951144
 30
0.0
 40
15.732325896225152
  1
a
 50
38.16810402820067
  7
PLAT
 72
1
 11
956.4904658237598
 21
475.4981330951144
 31
0.0
100
AcDbText
 73
2
  0
TEXT
  5
675
330
17
100
AcDbEntity
  8
PLAT-TEXT-LOWCONF
100
AcDbText
 10
1087.5180429805794
 20
483.2801720993982
 30
0.0
 40
5.42071449064759
  1
it
 50
0.6925696274758764
  7
PLAT
 72
1
 11
1087.5180429805794
 21
483.2801720993982
 31
0.0
100
AcDbText
 73
2
  0
TEXT
  5
676
330
17
100
AcDbEntity
  8
PLAT-TEXT-MISC
100
AcDbText
 10
1727.056059266766
 20
484.915472622032
 30
0.0
 40
15.536042606155936
  1
APPROVAL
 50
0.10822843595894771
  7
PLAT
 72
1
 11
1727.056059266766
 21
484.915472622032
 31
0.0
100
AcDbText
 73
2
  0
TEXT
  5
677
330
17
100
AcDbEntity
  8
PLAT-TEXT-LOWCONF
100
AcDbText
 10
1637.098334282863
 20
488.25043128519803
 30
0.0
 40
4.216111270503682
  1
te
 50
0.6925696274758764
  7
PLAT
 72
1
 11
1637.098334282863
 21
488.25043128519803
 31
0.0
100
AcDbText
 73
2
  0
TEXT
  5
678
330
17
100
AcDbEntity
  8
PLAT-TEXT-LOWCONF
100
AcDbText
 10
1589.8863476271674
 20
480.1470890774805
 30
0.0
 40
17.828127658129855
  1
-Leay
 50
9.521917373799852
  7
PLAT
 72
1
 11
1589.8863476271674
 21
480.1470890774805
 31
0.0
100
AcDbText
 73
2
  0
TEXT
  5
679
330
17
100
AcDbEntity
  8
PLAT-TEXT-LOWCONF
100
AcDbText
 10
1643.0223741898503
 20
482.6332226295802
 30
0.0
 40
12.648333811511046
  1
S,.
 50
0.6925696274759048
  7
PLAT
 72
1
 11
1643.0223741898503
 21
482.6332226295802
 31
0.0
100
AcDbText
 73
2
  0
TEXT
  5
67A
330
17
100
AcDbEntity
  8
PLAT-TEXT-LOWCONF
100
AcDbText
 10
784.5414732623695
 20
466.3995881253551
 30
0.0
 40
15.726764262989922
  1
2,
 50
90.6925696274759
  7
PLAT
 72
1
 11
784.5414732623695
 21
466.3995881253551
 31
0.0
100
AcDbText
 73
2
  0
TEXT
  5
67B
330
17
100
AcDbEntity
  8
PLAT-TEXT-LOWCONF
100
AcDbText
 10
676.5763164649452
 20
470.11402952451897
 30
0.0
 40
3.31265885539575
  1
Meo
 50
0.6925696274759048
  7
PLAT
 72
1
 11
676.5763164649452
 21
470.11402952451897
 31
0.0
100
AcDbText
 73
2
  0
TEXT
  5
67C
330
17
100
AcDbEntity
  8
PLAT-TEXT-LOWCONF
100
AcDbText
 10
897.2161044269118
 20
442.3258500186015
 30
0.0
 40
8.162241750567482
  1
* 40%%dW.
 50
91.04305160665729
  7
PLAT
 72
1
 11
897.2161044269118
 21
442.3258500186015
 31
0.0
100
AcDbText
 73
2
  0
TEXT
  5
67D
330
17
100
AcDbEntity
  8
PLAT-TEXT-LOWCONF
100
AcDbText
 10
1423.886278100116
 20
464.59098288733026
 30
0.0
 40
19.809030731255394
  1
1
 50
90.6925696274759
  7
PLAT
 72
1
 11
1423.886278100116
 21
464.59098288733026
 31
0.0
100
AcDbText
 73
2
  0
TEXT
  5
67E
330
17
100
AcDbEntity
  8
PLAT-TEXT-MISC
100
AcDbText
 10
2528.1822185136057
 20
478.7767616654663
 30
0.0
 40
17.828127658129855
  1
with Chapter Ne,
 50
0.6990615310829753
  7
PLAT
 72
1
 11
2528.1822185136057
 21
478.7767616654663
 31
0.0
100
AcDbText
 73
2
  0
TEXT
  5
67F
330
17
100
AcDbEntity
  8
PLAT-TEXT-LOWCONF
100
AcDbText
 10
1095.9520452342472
 20
463.80589162459574
 30
0.0
 40
9.034524151079317
  1
7
 50
90.6925696274759
  7
PLAT
 72
1
 11
1095.9520452342472
 21
463.80589162459574
 31
0.0
100
AcDbText
 73
2
  0
TEXT
  5
680
330
17
100
AcDbEntity
  8
PLAT-TEXT-MISC
100
AcDbText
 10
2396.554843535055
 20
476.66453483857504
 30
0.0
 40
12.79370544157625
  1
10 Form,
 50
0.04293025069152201
  7
PLAT
 72
1
 11
2396.554843535055
 21
476.66453483857504
 31
0.0
100
AcDbText
 73
2
  0
TEXT
  5
681
330
17
100
AcDbEntity
  8
PLAT-TEXT-MISC
100
AcDbText
 10
1749.7618346057714
 20
465.8257747159083
 30
0.0
 40
15.022469516928778
  1
certify
 50
6.499558494581834
  7
PLAT
 72
1
 11
1749.7618346057714
 21
465.8257747159083
 31
0.0
100
AcDbText
 73
2
  0
TEXT
  5
682
330
17
100
AcDbEntity
  8
PLAT-TEXT-LOWCONF
100
AcDbText
 10
1164.3247721031096
 20
460.4167941102401
 30
0.0
 40
11.055325093808126
  1
fy
 50
289.07371483927614
  7
PLAT
 72
1
 11
1164.3247721031096
 21
460.4167941102401
 31
0.0
100
AcDbText
 73
2
  0
TEXT
  5
683
330
17
100
AcDbEntity
  8
PLAT-TEXT-LOWCONF
100
AcDbText
 10
1402.7971503638976
 20
465.1726442333694
 30
0.0
 40
9.93797656618725
  1
A a
 50
0.6925696274758764
  7
PLAT
 72
1
 11
1402.7971503638976
 21
465.1726442333694
 31
0.0
100
AcDbText
 73
2
  0
TEXT
  5
684
330
17
100
AcDbEntity
  8
PLAT-TEXT-LOWCONF
100
AcDbText
 10
1654.7654947320013
 20
464.95688702632725
 30
0.0
 40
14.66172564191815
  1
ga lay V4
 50
0.9093254059503124
  7
PLAT
 72
1
 11
1654.7654947320013
 21
464.95688702632725
 31
0.0
100
AcDbText
 73
2
  0
TEXT
  5
685
330
17
100
AcDbEntity
  8
PLAT-TEXT-LOWCONF
100
AcDbText
 10
1445.1467441810705
 20
463.67675626276105
 30
0.0
 40
5.688404095124015
  1
1
 50
90.6925696274759
  7
PLAT
 72
1
 11
1445.1467441810705
 21
463.67675626276105
 31
0.0
100
AcDbText
 73
2
  0
TEXT
  5
686
330
17
100
AcDbEntity
  8
PLAT-TEXT-LOWCONF
100
AcDbText
 10
1695.8984314769223
 20
454.66098279534015
 30
0.0
 40
19.809030731255394
  1
4,
 50
0.6925696274758764
  7
PLAT
 72
1
 11
1695.8984314769223
 21
454.66098279534015
 31
0.0
100
AcDbText
 73
2
  0
TEXT
  5
687
330
17
100
AcDbEntity
  8
PLAT-TEXT-LOWCONF
100
AcDbText
 10
1774.6917797439783
 20
455.7807714865074
 30
0.0
 40
17.828127658129855
  1
R
 50
90.6925696274759
  7
PLAT
 72
1
 11
1774.6917797439783
 21
455.7807714865074
 31
0.0
100
AcDbText
 73
2
  0
TEXT
  5
688
330
17
100
AcDbEntity
  8
PLAT-TEXT-LOTNO
100
AcDbText
 10
851.6461507865421
 20
450.6997812219785
 30
0.0
 40
13.89408052388901
  1
15
 50
19.751379421985916
  7
PLAT
 72
1
 11
851.6461507865421
 21
450.6997812219785
 31
0.0
100
AcDbText
 73
2
  0
TEXT
  5
689
330
17
100
AcDbEntity
  8
PLAT-TEXT-LOWCONF
100
AcDbText
 10
941.7106293978304
 20
450.1295741695831
 30
0.0
 40
17.828127658129855
  1
e
 50
326.2798029899277
  7
PLAT
 72
1
 11
941.7106293978304
 21
450.1295741695831
 31
0.0
100
AcDbText
 73
2
  0
TEXT
  5
68A
330
17
100
AcDbEntity
  8
PLAT-TEXT-LOWCONF
100
AcDbText
 10
1014.3536316364183
 20
451.2126690599188
 30
0.0
 40
15.147374402700605
  1
‘7
 50
15.367302918735959
  7
PLAT
 72
1
 11
1014.3536316364183
 21
451.2126690599188
 31
0.0
100
AcDbText
 73
2
  0
TEXT
  5
68B
330
17
100
AcDbEntity
  8
PLAT-TEXT-LOTNO
100
AcDbText
 10
782.8352679441518
 20
441.44854746555234
 30
0.0
 40
19.809030731255394
  1
2
 50
0.6925696274758764
  7
PLAT
 72
1
 11
782.8352679441518
 21
441.44854746555234
 31
0.0
100
AcDbText
 73
2
  0
TEXT
  5
68C
330
17
100
AcDbEntity
  8
PLAT-TEXT-LOTNO
100
AcDbText
 10
1194.3132545980693
 20
451.77676262088863
 30
0.0
 40
14.722928246203333
  1
2
 50
90.6925696274759
  7
PLAT
 72
1
 11
1194.3132545980693
 21
451.77676262088863
 31
0.0
100
AcDbText
 73
2
  0
TEXT
  5
68D
330
17
100
AcDbEntity
  8
PLAT-TEXT-LOWCONF
100
AcDbText
 10
930.4626510207665
 20
450.92973653457284
 30
0.0
 40
5.42071449064759
  1
f
 50
0.6925696274759048
  7
PLAT
 72
1
 11
930.4626510207665
 21
450.92973653457284
 31
0.0
100
AcDbText
 73
2
  0
TEXT
  5
68E
330
17
100
AcDbEntity
  8
PLAT-TEXT-LOWCONF
100
AcDbText
 10
676.2252200237087
 20
442.5215077576249
 30
0.0
 40
9.611622571166054
  1
in
 50
1.1660172167055407
  7
PLAT
 72
1
 11
676.2252200237087
 21
442.5215077576249
 31
0.0
100
AcDbText
 73
2
  0
TEXT
  5
68F
330
17
100
AcDbEntity
  8
PLAT-TEXT-LOWCONF
100
AcDbText
 10
2332.859183121281
 20
460.69639774151244
 30
0.0
 40
16.68254099123282
  1
“in Plat Bookso
 50
0.04293025069152201
  7
PLAT
 72
1
 11
2332.859183121281
 21
460.69639774151244
 31
0.0
100
AcDbText
 73
2
  0
TEXT
  5
690
330
17
100
AcDbEntity
  8
PLAT-TEXT-LOWCONF
100
AcDbText
 10
2502.5924670443446
 20
464.07720679352497
 30
0.0
 40
12.349127878579822
  1
Ce.
 50
0.699061531083089
  7
PLAT
 72
1
 11
2502.5924670443446
 21
464.07720679352497
 31
0.0
100
AcDbText
 73
2
  0
TEXT
  5
691
330
17
100
AcDbEntity
  8
PLAT-TEXT-LOWCONF
100
AcDbText
 10
2627.3962673642363
 20
465.41916868011936
 30
0.0
 40
11.443730591367135
  1
x
 50
90.6925696274759
  7
PLAT
 72
1
 11
2627.3962673642363
 21
465.41916868011936
 31
0.0
100
AcDbText
 73
2
  0
TEXT
  5
692
330
17
100
AcDbEntity
  8
PLAT-TEXT-MISC
100
AcDbText
 10
2448.4335985088073
 20
458.26721519888304
 30
0.0
 40
17.828127658129855
  1
Pages
 50
0.04293025069152201
  7
PLAT
 72
1
 11
2448.4335985088073
 21
458.26721519888304
 31
0.0
100
AcDbText
 73
2
  0
TEXT
  5
693
330
17
100
AcDbEntity
  8
PLAT-TEXT-LOWCONF
100
AcDbText
 10
2561.6563956086743
 20
463.8199914314018
 30
0.0
 40
12.373462975778317
  1
“ond
 50
0.5704932759153449
  7
PLAT
 72
1
 11
2561.6563956086743
 21
463.8199914314018
 31
0.0
100
AcDbText
 73
2
  0
TEXT
  5
694
330
17
100
AcDbEntity
  8
PLAT-TEXT-LOWCONF
100
AcDbText
 10
2054.3265795383104
 20
454.7697108971838
 30
0.0
 40
17.828127658129855
  1
19 plat OPE ecard and recor dey
 50
358.9783999140315
  7
PLAT
 72
1
 11
2054.3265795383104
 21
454.7697108971838
 31
0.0
100
AcDbText
 73
2
  0
TEXT
  5
695
330
17
100
AcDbEntity
  8
PLAT-TEXT-LOWCONF
100
AcDbText
 10
696.9611272664433
 20
438.98295931263493
 30
0.0
 40
11.369055739595678
  1
g
 50
294.84137936431455
  7
PLAT
 72
1
 11
696.9611272664433
 21
438.98295931263493
 31
0.0
100
AcDbText
 73
2
  0
TEXT
  5
696
330
17
100
AcDbEntity
  8
PLAT-TEXT-LOWCONF
100
AcDbText
 10
1824.767377476191
 20
450.05067138582365
 30
0.0
 40
14.183838666304919
  1
of /92:
 50
2.4986417079298917
  7
PLAT
 72
1
 11
1824.767377476191
 21
450.05067138582365
 31
0.0
100
AcDbText
 73
2
  0
TEXT
  5
697
330
17
100
AcDbEntity
  8
PLAT-TEXT-LOWCONF
100
AcDbText
 10
1731.8446602663962
 20
448.05013293291324
 30
0.0
 40
12.357143600446014
  1
‘Flore
 50
359.2086467507083
  7
PLAT
 72
1
 11
1731.8446602663962
 21
448.05013293291324
 31
0.0
100
AcDbText
 73
2
  0
TEXT
  5
698
330
17
100
AcDbEntity
  8
PLAT-TEXT-LOWCONF
100
AcDbText
 10
1648.2906128620696
 20
446.3597106060051
 30
0.0
 40
13.464350661975871
  1
laws
 50
1.2925172542664995
  7
PLAT
 72
1
 11
1648.2906128620696
 21
446.3597106060051
 31
0.0
100
AcDbText
 73
2
  0
TEXT
  5
699
330
17
100
AcDbEntity
  8
PLAT-TEXT-LOWCONF
100
AcDbText
 10
1860.2174186521888
 20
441.63817457012675
 30
0.0
 40
10.139913371624719
  1
ES
 50
84.79834481638204
  7
PLAT
 72
1
 11
1860.2174186521888
 21
441.63817457012675
 31
0.0
100
AcDbText
 73
2
  0
TEXT
  5
69A
330
17
100
AcDbEntity
  8
PLAT-TEXT-LOWCONF
100
AcDbText
 10
1282.568079545921
 20
445.3142852180857
 30
0.0
 40
5.721865295683568
  1
i
 50
0.6925696274758764
  7
PLAT
 72
1
 11
1282.568079545921
 21
445.3142852180857
 31
0.0
100
AcDbText
 73
2
  0
TEXT
  5
69B
330
17
100
AcDbEntity
  8
PLAT-TEXT-MISC
100
AcDbText
 10
1575.2086873476387
 20
444.6459759997188
 30
0.0
 40
11.723553510121686
  1
/02 75
 50
1.9876169083159994
  7
PLAT
 72
1
 11
1575.2086873476387
 21
444.6459759997188
 31
0.0
100
AcDbText
 73
2
  0
TEXT
  5
69C
330
17
100
AcDbEntity
  8
PLAT-TEXT-LOWCONF
100
AcDbText
 10
1779.481164267844
 20
447.1381188091017
 30
0.0
 40
7.227619320863455
  1
Vee
 50
0.6925696274758764
  7
PLAT
 72
1
 11
1779.481164267844
 21
447.1381188091017
 31
0.0
100
AcDbText
 73
2
  0
TEXT
  5
69D
330
17
100
AcDbEntity
  8
PLAT-TEXT-LOWCONF
100
AcDbText
 10
2131.776986078938
 20
437.4867704818184
 30
0.0
 40
17.828127658129855
  1
“Vira Lb olay of
 50
358.9783999140315
  7
PLAT
 72
1
 11
2131.776986078938
 21
437.4867704818184
 31
0.0
100
AcDbText
 73
2
  0
TEXT
  5
69E
330
17
100
AcDbEntity
  8
PLAT-TEXT-LOWCONF
100
AcDbText
 10
667.2944675406134
 20
421.3122247908295
 30
0.0
 40
13.250635421583
  1
A
 50
0.6925696274759048
  7
PLAT
 72
1
 11
667.2944675406134
 21
421.3122247908295
 31
0.0
100
AcDbText
 73
2
  0
TEXT
  5
69F
330
17
100
AcDbEntity
  8
PLAT-TEXT-LOWCONF
100
AcDbText
 10
1662.7167145057495
 20
431.33731934469085
 30
0.0
 40
17.46706693846996
  1
“of fhe Public Records
 50
0.6927826654215323
  7
PLAT
 72
1
 11
1662.7167145057495
 21
431.33731934469085
 31
0.0
100
AcDbText
 73
2
  0
TEXT
  5
6A0
330
17
100
AcDbEntity
  8
PLAT-TEXT-LOWCONF
100
AcDbText
 10
1909.5581025329238
 20
432.97705212539535
 30
0.0
 40
17.828127658129855
  1
‘al County,
 50
359.2599519648551
  7
PLAT
 72
1
 11
1909.5581025329238
 21
432.97705212539535
 31
0.0
100
AcDbText
 73
2
  0
TEXT
  5
6A1
330
17
100
AcDbEntity
  8
PLAT-TEXT-MISC
100
AcDbText
 10
2003.8262866118905
 20
436.47380640860086
 30
0.0
 40
15.217396716249368
  1
“Florida
 50
0.516691341732411
  7
PLAT
 72
1
 11
2003.8262866118905
 21
436.47380640860086
 31
0.0
100
AcDbText
 73
2
  0
TEXT
  5
6A2
330
17
100
AcDbEntity
  8
PLAT-TEXT-LOWCONF
100
AcDbText
 10
1801.8232376052447
 20
431.8639225126985
 30
0.0
 40
10.563202575860846
  1
o a
 50
24.136630906396363
  7
PLAT
 72
1
 11
1801.8232376052447
 21
431.8639225126985
 31
0.0
100
AcDbText
 73
2
  0
TEXT
  5
6A3
330
17
100
AcDbEntity
  8
PLAT-TEXT-LOWCONF
100
AcDbText
 10
2355.511068768849
 20
441.64892908310054
 30
0.0
 40
12.214686593217744
  1
A.O. 1960.
 50
0.04293025069152201
  7
PLAT
 72
1
 11
2355.511068768849
 21
441.64892908310054
 31
0.0
100
AcDbText
 73
2
  0
TEXT
  5
6A4
330
17
100
AcDbEntity
  8
PLAT-TEXT-LOWCONF
100
AcDbText
 10
1240.6142973964136
 20
427.90799829027833
 30
0.0
 40
9.369136156674848
  1
4
 50
0.6925696274759048
  7
PLAT
 72
1
 11
1240.6142973964136
 21
427.90799829027833
 31
0.0
100
AcDbText
 73
2
  0
TEXT
  5
6A5
330
17
100
AcDbEntity
  8
PLAT-TEXT-LOWCONF
100
AcDbText
 10
782.9672719276982
 20
416.68704569018297
 30
0.0
 40
16.86444508201473
  1
X
 50
0.6925696274758764
  7
PLAT
 72
1
 11
782.9672719276982
 21
416.68704569018297
 31
0.0
100
AcDbText
 73
2
  0
TEXT
  5
6A6
330
17
100
AcDbEntity
  8
PLAT-TEXT-LOWCONF
100
AcDbText
 10
1846.1030678537302
 20
430.8769992413052
 30
0.0
 40
8.030688134292728
  1
8
 50
90.6925696274759
  7
PLAT
 72
1
 11
1846.1030678537302
 21
430.8769992413052
 31
0.0
100
AcDbText
 73
2
  0
TEXT
  5
6A7
330
17
100
AcDbEntity
  8
PLAT-TEXT-LOWCONF
100
AcDbText
 10
1233.5596666377455
 20
418.06944559717545
 30
0.0
 40
2.6025833249257166
  1
eo
 50
24.08976867707969
  7
PLAT
 72
1
 11
1233.5596666377455
 21
418.06944559717545
 31
0.0
100
AcDbText
 73
2
  0
TEXT
  5
6A8
330
17
100
AcDbEntity
  8
PLAT-TEXT-LOWCONF
100
AcDbText
 10
1016.1427170172299
 20
408.1019433882692
 30
0.0
 40
13.735617069168358
  1
-—~75- -4
 50
1.1796035311519972
  7
PLAT
 72
1
 11
1016.1427170172299
 21
408.1019433882692
 31
0.0
100
AcDbText
 73
2
  0
TEXT
  5
6A9
330
17
100
AcDbEntity
  8
PLAT-TEXT-LOWCONF
100
AcDbText
 10
2239.0423347618807
 20
424.5839283163094
 30
0.0
 40
10.239127371223226
  1
a
 50
0.6925696274759048
  7
PLAT
 72
1
 11
2239.0423347618807
 21
424.5839283163094
 31
0.0
100
AcDbText
 73
2
  0
TEXT
  5
6AA
330
17
100
AcDbEntity
  8
PLAT-TEXT-LOWCONF
100
AcDbText
 10
954.2227911349067
 20
409.28265586013566
 30
0.0
 40
8.681871609721645
  1
TEL
 50
1.1796035311519972
  7
PLAT
 72
1
 11
954.2227911349067
 21
409.28265586013566
 31
0.0
100
AcDbText
 73
2
  0
TEXT
  5
6AB
330
17
100
AcDbEntity
  8
PLAT-TEXT-LOWCONF
100
AcDbText
 10
1186.147860517162
 20
407.5060459322209
 30
0.0
 40
17.46674669208668
  1
R.
 50
0.6925696274758764
  7
PLAT
 72
1
 11
1186.147860517162
 21
407.5060459322209
 31
0.0
100
AcDbText
 73
2
  0
TEXT
  5
6AC
330
17
100
AcDbEntity
  8
PLAT-TEXT-LOWCONF
100
AcDbText
 10
2675.5258765329586
 20
431.85837287209887
 30
0.0
 40
3.424258053510832
  1
Ad
 50
339.25313499054755
  7
PLAT
 72
1
 11
2675.5258765329586
 21
431.85837287209887
 31
0.0
100
AcDbText
 73
2
  0
TEXT
  5
6AD
330
17
100
AcDbEntity
  8
PLAT-TEXT-LOWCONF
100
AcDbText
 10
708.0377420430032
 20
400.20518172446236
 30
0.0
 40
16.92562848088693
  1
CS .0 85008 N,
 50
0.9451945076927473
  7
PLAT
 72
1
 11
708.0377420430032
 21
400.20518172446236
 31
0.0
100
AcDbText
 73
2
  0
TEXT
  5
6AE
330
17
100
AcDbEntity
  8
PLAT-TEXT-LOTNO
100
AcDbText
 10
1208.9422825719903
 20
404.2679069223181
 30
0.0
 40
16.395988274180983
  1
4
 50
90.6925696274759
  7
PLAT
 72
1
 11
1208.9422825719903
 21
404.2679069223181
 31
0.0
100
AcDbText
 73
2
  0
TEXT
  5
6AF
330
17
100
AcDbEntity
  8
PLAT-TEXT-LOWCONF
100
AcDbText
 10
1303.2574372183024
 20
404.7999757940768
 30
0.0
 40
14.50283775226028
  1
t--
 50
4.272857421360982
  7
PLAT
 72
1
 11
1303.2574372183024
 21
404.7999757940768
 31
0.0
100
AcDbText
 73
2
  0
TEXT
  5
6B0
330
17
100
AcDbEntity
  8
PLAT-TEXT-LOWCONF
100
AcDbText
 10
783.1680335056552
 20
386.2375553825964
 30
0.0
 40
17.828127658129855
  1
IW
 50
90.6925696274759
  7
PLAT
 72
1
 11
783.1680335056552
 21
386.2375553825964
 31
0.0
100
AcDbText
 73
2
  0
TEXT
  5
6B1
330
17
100
AcDbEntity
  8
PLAT-TEXT-LOWCONF
100
AcDbText
 10
2230.156652863532
 20
398.37487305988367
 30
0.0
 40
17.828127658129855
  1
is
 50
0.6925696274759048
  7
PLAT
 72
1
 11
2230.156652863532
 21
398.37487305988367
 31
0.0
100
AcDbText
 73
2
  0
TEXT
  5
6B2
330
17
100
AcDbEntity
  8
PLAT-TEXT-LOWCONF
100
AcDbText
 10
2586.485576490777
 20
411.77666612491095
 30
0.0
 40
7.3328404767394035
  1
AN
 50
37.94251669535538
  7
PLAT
 72
1
 11
2586.485576490777
 21
411.77666612491095
 31
0.0
100
AcDbText
 73
2
  0
TEXT
  5
6B3
330
17
100
AcDbEntity
  8
PLAT-TEXT-LOWCONF
100
AcDbText
 10
750.128047393326
 20
392.706974793305
 30
0.0
 40
4.849723302350395
  1
wt
 50
1.2929996123366436
  7
PLAT
 72
1
 11
750.128047393326
 21
392.706974793305
 31
0.0
100
AcDbText
 73
2
  0
TEXT
  5
6B4
330
17
100
AcDbEntity
  8
PLAT-TEXT-LOWCONF
100
AcDbText
 10
1038.7403505578088
 20
393.67724085604635
 30
0.0
 40
5.3537920895284845
  1
4
 50
90.6925696274759
  7
PLAT
 72
1
 11
1038.7403505578088
 21
393.67724085604635
 31
0.0
100
AcDbText
 73
2
  0
TEXT
  5
6B5
330
17
100
AcDbEntity
  8
PLAT-TEXT-LOWCONF
100
AcDbText
 10
899.7171967970172
 20
392.164018137719
 30
0.0
 40
3.680732061550833
  1
4
 50
90.6925696274759
  7
PLAT
 72
1
 11
899.7171967970172
 21
392.164018137719
 31
0.0
100
AcDbText
 73
2
  0
TEXT
  5
6B6
330
17
100
AcDbEntity
  8
PLAT-TEXT-LOWCONF
100
AcDbText
 10
1008.1126826921867
 20
383.71845482686433
 30
0.0
 40
17.828127658129855
  1
NY AA
 50
91.6832383849503
  7
PLAT
 72
1
 11
1008.1126826921867
 21
383.71845482686433
 31
0.0
100
AcDbText
 73
2
  0
TEXT
  5
6B7
330
17
100
AcDbEntity
  8
PLAT-TEXT-LOWCONF
100
AcDbText
 10
848.9404945165135
 20
384.75360642756107
 30
0.0
 40
14.449306967905807
  1
tra
 50
0.9142465855187538
  7
PLAT
 72
1
 11
848.9404945165135
 21
384.75360642756107
 31
0.0
100
AcDbText
 73
2
  0
TEXT
  5
6B8
330
17
100
AcDbEntity
  8
PLAT-TEXT-LOWCONF
100
AcDbText
 10
956.8215511393083
 20
387.6915542296978
 30
0.0
 40
9.611726457995996
  1
Corre
 50
0.9430087608947133
  7
PLAT
 72
1
 11
956.8215511393083
 21
387.6915542296978
 31
0.0
100
AcDbText
 73
2
  0
TEXT
  5
6B9
330
17
100
AcDbEntity
  8
PLAT-TEXT-LOWCONF
100
AcDbText
 10
972.6877396961901
 20
386.28904955135306
 30
0.0
 40
6.546530236415331
  1
8
 50
281.4222887879823
  7
PLAT
 72
1
 11
972.6877396961901
 21
386.28904955135306
 31
0.0
100
AcDbText
 73
2
  0
TEXT
  5
6BA
330
17
100
AcDbEntity
  8
PLAT-TEXT-LOWCONF
100
AcDbText
 10
987.2670628833284
 20
386.4919309986715
 30
0.0
 40
6.0338525056930665
  1
N
 50
282.0890601825756
  7
PLAT
 72
1
 11
987.2670628833284
 21
386.4919309986715
 31
0.0
100
AcDbText
 73
2
  0
TEXT
  5
6BB
330
17
100
AcDbEntity
  8
PLAT-TEXT-LOWCONF
100
AcDbText
 10
731.2345445431736
 20
378.42692807598826
 30
0.0
 40
11.14380221574532
  1
yo
 50
0.9451945076927473
  7
PLAT
 72
1
 11
731.2345445431736
 21
378.42692807598826
 31
0.0
100
AcDbText
 73
2
  0
TEXT
  5
6BC
330
17
100
AcDbEntity
  8
PLAT-TEXT-LOWCONF
100
AcDbText
 10
720.9496005882331
 20
370.59708446881984
 30
0.0
 40
11.748753592377227
  1
= Pal
 50
90.9451945076928
  7
PLAT
 72
1
 11
720.9496005882331
 21
370.59708446881984
 31
0.0
100
AcDbText
 73
2
  0
TEXT
  5
6BD
330
17
100
AcDbEntity
  8
PLAT-TEXT-LOWCONF
100
AcDbText
 10
898.4650279446757
 20
369.0598334060179
 30
0.0
 40
8.118030212682303
  1
oe
 50
91.04305160665717
  7
PLAT
 72
1
 11
898.4650279446757
 21
369.0598334060179
 31
0.0
100
AcDbText
 73
2
  0
TEXT
  5
6BE
330
17
100
AcDbEntity
  8
PLAT-TEXT-LOWCONF
100
AcDbText
 10
1801.0587732940844
 20
378.46384429243835
 30
0.0
 40
13.852937031654955
  1
Z
 50
0.6925696274759048
  7
PLAT
 72
1
 11
1801.0587732940844
 21
378.46384429243835
 31
0.0
100
AcDbText
 73
2
  0
TEXT
  5
6BF
330
17
100
AcDbEntity
  8
PLAT-TEXT-LOWCONF
100
AcDbText
 10
2228.5244217686936
 20
384.7498760596643
 30
0.0
 40
12.33008046654598
  1
Cae.
 50
358.75230850305405
  7
PLAT
 72
1
 11
2228.5244217686936
 21
384.7498760596643
 31
0.0
100
AcDbText
 73
2
  0
TEXT
  5
6C0
330
17
100
AcDbEntity
  8
PLAT-TEXT-LOWCONF
100
AcDbText
 10
2161.075880463792
 20
383.7453857231179
 30
0.0
 40
8.273040595859516
  1
Ane
 50
353.26115286990705
  7
PLAT
 72
1
 11
2161.075880463792
 21
383.7453857231179
 31
0.0
100
AcDbText
 73
2
  0
TEXT
  5
6C1
330
17
100
AcDbEntity
  8
PLAT-TEXT-LOWCONF
100
AcDbText
 10
2732.786888984835
 20
384.20764711431264
 30
0.0
 40
6.268716756848388
  1
Wes
 50
91.09723258390284
  7
PLAT
 72
1
 11
2732.786888984835
 21
384.20764711431264
 31
0.0
100
AcDbText
 73
2
  0
TEXT
  5
6C2
330
17
100
AcDbEntity
  8
PLAT-TEXT-UNASSOC
100
AcDbText
 10
987.6059963322317
 20
351.2328184506829
 30
0.0
 40
9.580201998755689
  1
/60'
 50
91.02827557200965
  7
PLAT
 72
1
 11
987.6059963322317
 21
351.2328184506829
 31
0.0
100
AcDbText
 73
2
  0
TEXT
  5
6C3
330
17
100
AcDbEntity
  8
PLAT-TEXT-LOWCONF
100
AcDbText
 10
1241.7274635997246
 20
363.50393741631353
 30
0.0
 40
6.9264685158274775
  1
a
 50
0.6925696274758764
  7
PLAT
 72
1
 11
1241.7274635997246
 21
363.50393741631353
 31
0.0
100
AcDbText
 73
2
  0
TEXT
  5
6C4
330
17
100
AcDbEntity
  8
PLAT-TEXT-LOWCONF
100
AcDbText
 10
2161.421528836423
 20
372.8193750581355
 30
0.0
 40
8.084469534529326
  1
ones
 50
358.4692797809631
  7
PLAT
 72
1
 11
2161.421528836423
 21
372.8193750581355
 31
0.0
100
AcDbText
 73
2
  0
TEXT
  5
6C5
330
17
100
AcDbEntity
  8
PLAT-TEXT-LOWCONF
100
AcDbText
 10
855.5509513359383
 20
352.9114015131746
 30
0.0
 40
12.286832537509811
  1
‘Z
 50
27.15732572325976
  7
PLAT
 72
1
 11
855.5509513359383
 21
352.9114015131746
 31
0.0
100
AcDbText
 73
2
  0
TEXT
  5
6C6
330
17
100
AcDbEntity
  8
PLAT-TEXT-LOWCONF
100
AcDbText
 10
943.1713774278944
 20
354.868823030283
 30
0.0
 40
12.622086621933393
  1
3
 50
292.0461383488997
  7
PLAT
 72
1
 11
943.1713774278944
 21
354.868823030283
 31
0.0
100
AcDbText
 73
2
  0
TEXT
  5
6C7
330
17
100
AcDbEntity
  8
PLAT-TEXT-LOWCONF
100
AcDbText
 10
1014.6382408796356
 20
354.8425710859227
 30
0.0
 40
13.450095288838718
  1
ey
 50
22.639552517690277
  7
PLAT
 72
1
 11
1014.6382408796356
 21
354.8425710859227
 31
0.0
100
AcDbText
 73
2
  0
TEXT
  5
6C8
330
17
100
AcDbEntity
  8
PLAT-TEXT-MISC
100
AcDbText
 10
2297.997724574735
 20
365.1162183957349
 30
0.0
 40
17.828127658129855
  1
Deputy
 50
0.9796575947553947
  7
PLAT
 72
1
 11
2297.997724574735
 21
365.1162183957349
 31
0.0
100
AcDbText
 73
2
  0
TEXT
  5
6C9
330
17
100
AcDbEntity
  8
PLAT-TEXT-MISC
100
AcDbText
 10
2366.0412200216983
 20
368.7222505798893
 30
0.0
 40
14.321407280147977
  1
Clerk
 50
0.9796575947553947
  7
PLAT
 72
1
 11
2366.0412200216983
 21
368.7222505798893
 31
0.0
100
AcDbText
 73
2
  0
TEXT
  5
6CA
330
17
100
AcDbEntity
  8
PLAT-TEXT-LOWCONF
100
AcDbText
 10
1082.6513306598715
 20
353.18794295976136
 30
0.0
 40
7.834088107751949
  1
i?
 50
7.741841796548556
  7
PLAT
 72
1
 11
1082.6513306598715
 21
353.18794295976136
 31
0.0
100
AcDbText
 73
2
  0
TEXT
  5
6CB
330
17
100
AcDbEntity
  8
PLAT-TEXT-LOWCONF
100
AcDbText
 10
1164.3003733596229
 20
353.3729774041353
 30
0.0
 40
14.544085592083617
  1
3
 50
299.0055767426029
  7
PLAT
 72
1
 11
1164.3003733596229
 21
353.3729774041353
 31
0.0
100
AcDbText
 73
2
  0
TEXT
  5
6CC
330
17
100
AcDbEntity
  8
PLAT-TEXT-LOWCONF
100
AcDbText
 10
2727.883558421537
 20
375.1068018529801
 30
0.0
 40
7.999361937532086
  1
a
 50
2.1388423745471528
  7
PLAT
 72
1
 11
2727.883558421537
 21
375.1068018529801
 31
0.0
100
AcDbText
 73
2
  0
TEXT
  5
6CD
330
17
100
AcDbEntity
  8
PLAT-TEXT-LOWCONF
100
AcDbText
 10
1240.4756619120349
 20
354.90778173885167
 30
0.0
 40
3.818339324825937
  1
Le”
 50
29.422463324061937
  7
PLAT
 72
1
 11
1240.4756619120349
 21
354.90778173885167
 31
0.0
100
AcDbText
 73
2
  0
TEXT
  5
6CE
330
17
100
AcDbEntity
  8
PLAT-TEXT-LOWCONF
100
AcDbText
 10
1784.7439293371372
 20
358.649169880042
 30
0.0
 40
13.646432313620167
  1
wa lerk
 50
0.9362161717440358
  7
PLAT
 72
1
 11
1784.7439293371372
 21
358.649169880042
 31
0.0
100
AcDbText
 73
2
  0
TEXT
  5
6CF
330
17
100
AcDbEntity
  8
PLAT-TEXT-LOWCONF
100
AcDbText
 10
898.828055751528
 20
343.44234236275497
 30
0.0
 40
9.009799417358769
  1
2
 50
1.0430516066571727
  7
PLAT
 72
1
 11
898.828055751528
 21
343.44234236275497
 31
0.0
100
AcDbText
 73
2
  0
TEXT
  5
6D0
330
17
100
AcDbEntity
  8
PLAT-TEXT-LOWCONF
100
AcDbText
 10
1060.6789552432267
 20
325.9672173198388
 30
0.0
 40
17.828127658129855
  1
sah
 50
276.650011726117
  7
PLAT
 72
1
 11
1060.6789552432267
 21
325.9672173198388
 31
0.0
100
AcDbText
 73
2
  0
TEXT
  5
6D1
330
17
100
AcDbEntity
  8
PLAT-TEXT-LOTNO
100
AcDbText
 10
1167.6179858244132
 20
320.94584825074617
 30
0.0
 40
19.809030731255394
  1
43
 50
90.6925696274759
  7
PLAT
 72
1
 11
1167.6179858244132
 21
320.94584825074617
 31
0.0
100
AcDbText
 73
2
  0
TEXT
  5
6D2
330
17
100
AcDbEntity
  8
PLAT-TEXT-LOWCONF
100
AcDbText
 10
783.0401920803556
 20
307.6100517940191
 30
0.0
 40
10.075503569376073
  1
209
 50
16.835457267037555
  7
PLAT
 72
1
 11
783.0401920803556
 21
307.6100517940191
 31
0.0
100
AcDbText
 73
2
  0
TEXT
  5
6D3
330
17
100
AcDbEntity
  8
PLAT-TEXT-LOWCONF
100
AcDbText
 10
1127.6090382913726
 20
308.7499359003407
 30
0.0
 40
10.84142898129518
  1
L
 50
90.6925696274759
  7
PLAT
 72
1
 11
1127.6090382913726
 21
308.7499359003407
 31
0.0
100
AcDbText
 73
2
  0
TEXT
  5
6D4
330
17
100
AcDbEntity
  8
PLAT-TEXT-LOWCONF
100
AcDbText
 10
752.5667169585836
 20
301.7065725282173
 30
0.0
 40
9.93797656618725
  1
L
 50
90.6925696274759
  7
PLAT
 72
1
 11
752.5667169585836
 21
301.7065725282173
 31
0.0
100
AcDbText
 73
2
  0
TEXT
  5
6D5
330
17
100
AcDbEntity
  8
PLAT-TEXT-LOWCONF
100
AcDbText
 10
1561.7748216854159
 20
310.8191763528057
 30
0.0
 40
9.034524151079317
  1
‘2
 50
0.6925696274759048
  7
PLAT
 72
1
 11
1561.7748216854159
 21
310.8191763528057
 31
0.0
100
AcDbText
 73
2
  0
TEXT
  5
6D6
330
17
100
AcDbEntity
  8
PLAT-TEXT-LOWCONF
100
AcDbText
 10
1303.3109869841746
 20
307.02701280958127
 30
0.0
 40
2.2755073066213685
  1
— a
 50
1.2066497579901352
  7
PLAT
 72
1
 11
1303.3109869841746
 21
307.02701280958127
 31
0.0
100
AcDbText
 73
2
  0
TEXT
  5
6D7
330
17
100
AcDbEntity
  8
PLAT-TEXT-LOWCONF
100
AcDbText
 10
1635.1621177693078
 20
303.3299396803793
 30
0.0
 40
14.336087952844604
  1
“URVEYOR'S
 50
1.3354300979248137
  7
PLAT
 72
1
 11
1635.1621177693078
 21
303.3299396803793
 31
0.0
100
AcDbText
 73
2
  0
TEXT
  5
6D8
330
17
100
AcDbEntity
  8
PLAT-TEXT-LOWCONF
100
AcDbText
 10
1807.1452512338337
 20
307.021244166384
 30
0.0
 40
17.828127658129855
  1
ERTIFICATE,
 50
4.286019733392209
  7
PLAT
 72
1
 11
1807.1452512338337
 21
307.021244166384
 31
0.0
100
AcDbText
 73
2
  0
TEXT
  5
6D9
330
17
100
AcDbEntity
  8
PLAT-TEXT-LOWCONF
100
AcDbText
 10
1325.953282126606
 20
302.78165127580826
 30
0.0
 40
8.432222541007365
  1
N
 50
0.6925696274759048
  7
PLAT
 72
1
 11
1325.953282126606
 21
302.78165127580826
 31
0.0
100
AcDbText
 73
2
  0
TEXT
  5
6DA
330
17
100
AcDbEntity
  8
PLAT-TEXT-LOWCONF
100
AcDbText
 10
1054.9757813060742
 20
296.32697230352676
 30
0.0
 40
8.365300139888257
  1
4
 50
0.6925696274758764
  7
PLAT
 72
1
 11
1054.9757813060742
 21
296.32697230352676
 31
0.0
100
AcDbText
 73
2
  0
TEXT
  5
6DB
330
17
100
AcDbEntity
  8
PLAT-TEXT-LOWCONF
100
AcDbText
 10
668.5809129337176
 20
285.65243829635085
 30
0.0
 40
15.757826873309796
  1
RK” 89%%d88 "20 “Ey
 50
1.2238701082004582
  7
PLAT
 72
1
 11
668.5809129337176
 21
285.65243829635085
 31
0.0
100
AcDbText
 73
2
  0
TEXT
  5
6DC
330
17
100
AcDbEntity
  8
PLAT-TEXT-LOWCONF
100
AcDbText
 10
2557.1505562640787
 20
302.0845377288931
 30
0.0
 40
17.828127658129855
  1
pty pia pihentne
 50
2.081829211275135
  7
PLAT
 72
1
 11
2557.1505562640787
 21
302.0845377288931
 31
0.0
100
AcDbText
 73
2
  0
TEXT
  5
6DD
330
17
100
AcDbEntity
  8
PLAT-TEXT-LOWCONF
100
AcDbText
 10
1716.0495250224662
 20
292.00406636562866
 30
0.0
 40
11.302459164593174
  1
‘oy
 50
353.7610584119309
  7
PLAT
 72
1
 11
1716.0495250224662
 21
292.00406636562866
 31
0.0
100
AcDbText
 73
2
  0
TEXT
  5
6DE
330
17
100
AcDbEntity
  8
PLAT-TEXT-LOWCONF
100
AcDbText
 10
2188.2142868486117
 20
295.5509335896378
 30
0.0
 40
17.79551678298537
  1
correct representstion
 50
1.3872056361819887
  7
PLAT
 72
1
 11
2188.2142868486117
 21
295.5509335896378
 31
0.0
100
AcDbText
 73
2
  0
TEXT
  5
6DF
330
17
100
AcDbEntity
  8
PLAT-TEXT-MISC
100
AcDbText
 10
2376.3989410665627
 20
301.2537834919739
 30
0.0
 40
13.693760996866615
  1
of the lands
 50
0.6156070934822253
  7
PLAT
 72
1
 11
2376.3989410665627
 21
301.2537834919739
 31
0.0
100
AcDbText
 73
2
  0
TEXT
  5
6E0
330
17
100
AcDbEntity
  8
PLAT-TEXT-LOWCONF
100
AcDbText
 10
1054.121667505871
 20
283.935098863805
 30
0.0
 40
12.347183006475067
  1
i
 50
0.6925696274758764
  7
PLAT
 72
1
 11
1054.121667505871
 21
283.935098863805
 31
0.0
100
AcDbText
 73
2
  0
TEXT
  5
6E1
330
17
100
AcDbEntity
  8
PLAT-TEXT-LOWCONF
100
AcDbText
 10
1937.9792820837565
 20
290.9684068823003
 30
0.0
 40
17.828127658129855
  1
“Yhat af in the shove a? pitiss 2 = De ae
 50
0.6630812677215254
  7
PLAT
 72
1
 11
1937.9792820837565
 21
290.9684068823003
 31
0.0
100
AcDbText
 73
2
  0
TEXT
  5
6E2
330
17
100
AcDbEntity
  8
PLAT-TEXT-AREA
100
AcDbText
 10
932.4808886449414
 20
283.97054373596177
 30
0.0
 40
6.023016100719545
  1
sf
 50
0.6925696274759048
  7
PLAT
 72
1
 11
932.4808886449414
 21
283.97054373596177
 31
0.0
100
AcDbText
 73
2
  0
TEXT
  5
6E3
330
17
100
AcDbEntity
  8
PLAT-TEXT-LOWCONF
100
AcDbText
 10
1666.9634553394271
 20
287.7567896678038
 30
0.0
 40
13.724933813187619
  1
‘This 15 te
 50
1.7338314197306772
  7
PLAT
 72
1
 11
1666.9634553394271
 21
287.7567896678038
 31
0.0
100
AcDbText
 73
2
  0
TEXT
  5
6E4
330
17
100
AcDbEntity
  8
PLAT-TEXT-LOWCONF
100
AcDbText
 10
1765.6699663044274
 20
286.2150631025968
 30
0.0
 40
17.828127658129855
  1
cerhily,
 50
359.8625597498618
  7
PLAT
 72
1
 11
1765.6699663044274
 21
286.2150631025968
 31
0.0
100
AcDbText
 73
2
  0
TEXT
  5
6E5
330
17
100
AcDbEntity
  8
PLAT-TEXT-LOWCONF
100
AcDbText
 10
1429.852415160076
 20
286.3857191560095
 30
0.0
 40
6.079746901364953
  1
a
 50
275.65889883254556
  7
PLAT
 72
1
 11
1429.852415160076
 21
286.3857191560095
 31
0.0
100
AcDbText
 73
2
  0
TEXT
  5
6E6
330
17
100
AcDbEntity
  8
PLAT-TEXT-MISC
100
AcDbText
 10
973.4264491334952
 20
273.5142381177395
 30
0.0
 40
16.84562699143469
  1
AVENUE
 50
0.8353884426942386
  7
PLAT
 72
1
 11
973.4264491334952
 21
273.5142381177395
 31
0.0
100
AcDbText
 73
2
  0
TEXT
  5
6E7
330
17
100
AcDbEntity
  8
PLAT-TEXT-LOWCONF
100
AcDbText
 10
723.1676509040929
 20
268.70562723396404
 30
0.0
 40
17.49159498121829
  1
STDS
 50
1.223870108200515
  7
PLAT
 72
1
 11
723.1676509040929
 21
268.70562723396404
 31
0.0
100
AcDbText
 73
2
  0
TEXT
  5
6E8
330
17
100
AcDbEntity
  8
PLAT-TEXT-LOWCONF
100
AcDbText
 10
1130.520208010777
 20
274.73392952148447
 30
0.0
 40
10.860913535327152
  1
"2.24.92 o€ 'N-
 50
0.8353884426942386
  7
PLAT
 72
1
 11
1130.520208010777
 21
274.73392952148447
 31
0.0
100
AcDbText
 73
2
  0
TEXT
  5
6E9
330
17
100
AcDbEntity
  8
PLAT-TEXT-LOWCONF
100
AcDbText
 10
804.0202673577959
 20
267.920789296635
 30
0.0
 40
11.957181583816386
  1
‘00D
 50
2.3872201294213937
  7
PLAT
 72
1
 11
804.0202673577959
 21
267.920789296635
 31
0.0
100
AcDbText
 73
2
  0
TEXT
  5
6EA
330
17
100
AcDbEntity
  8
PLAT-TEXT-LOWCONF
100
AcDbText
 10
2567.860178683921
 20
286.38208377459114
 30
0.0
 40
14.484056031997602
  1
Yo the Laos
 50
359.94070190968887
  7
PLAT
 72
1
 11
2567.860178683921
 21
286.38208377459114
 31
0.0
100
AcDbText
 73
2
  0
TEXT
  5
6EB
330
17
100
AcDbEntity
  8
PLAT-TEXT-LOWCONF
100
AcDbText
 10
2614.012650703641
 20
292.4623476433678
 30
0.0
 40
4.446737918180245
  1
¥ if i ‘
 50
335.80859907639353
  7
PLAT
 72
1
 11
2614.012650703641
 21
292.4623476433678
 31
0.0
100
AcDbText
 73
2
  0
TEXT
  5
6EC
330
17
100
AcDbEntity
  8
PLAT-TEXT-LOWCONF
100
AcDbText
 10
2679.6440472527297
 20
292.61901600399733
 30
0.0
 40
8.19648694961679
  1
' ui *.
 50
25.998008051764714
  7
PLAT
 72
1
 11
2679.6440472527297
 21
292.61901600399733
 31
0.0
100
AcDbText
 73
2
  0
TEXT
  5
6ED
330
17
100
AcDbEntity
  8
PLAT-TEXT-LOWCONF
100
AcDbText
 10
1063.9465993393158
 20
260.1273583571683
 30
0.0
 40
17.828127658129855
  1
ts
 50
0.6925696274758764
  7
PLAT
 72
1
 11
1063.9465993393158
 21
260.1273583571683
 31
0.0
100
AcDbText
 73
2
  0
TEXT
  5
6EE
330
17
100
AcDbEntity
  8
PLAT-TEXT-LOWCONF
100
AcDbText
 10
1053.2958656563078
 20
269.2011124990528
 30
0.0
 40
11.744881396403112
  1
\= a
 50
90.6925696274759
  7
PLAT
 72
1
 11
1053.2958656563078
 21
269.2011124990528
 31
0.0
100
AcDbText
 73
2
  0
TEXT
  5
6EF
330
17
100
AcDbEntity
  8
PLAT-TEXT-LOWCONF
100
AcDbText
 10
2177.930099266664
 20
278.95360983577905
 30
0.0
 40
14.401301799515746
  1
Sf woe,
 50
3.8198744630608417
  7
PLAT
 72
1
 11
2177.930099266664
 21
278.95360983577905
 31
0.0
100
AcDbText
 73
2
  0
TEXT
  5
6F0
330
17
100
AcDbEntity
  8
PLAT-TEXT-MISC
100
AcDbText
 10
2241.987076213474
 20
280.5680397183652
 30
0.0
 40
13.972374721228812
  1
have
 50
0.10643992858334361
  7
PLAT
 72
1
 11
2241.987076213474
 21
280.5680397183652
 31
0.0
100
AcDbText
 73
2
  0
TEXT
  5
6F1
330
17
100
AcDbEntity
  8
PLAT-TEXT-LOWCONF
100
AcDbText
 10
2386.1905692673854
 20
279.8358183677758
 30
0.0
 40
17.828127658129855
  1
vA een, pe cod, gecor Lag
 50
0.5613047995240816
  7
PLAT
 72
1
 11
2386.1905692673854
 21
279.8358183677758
 31
0.0
100
AcDbText
 73
2
  0
TEXT
  5
6F2
330
17
100
AcDbEntity
  8
PLAT-TEXT-MISC
100
AcDbText
 10
1921.9440335491417
 20
274.38212295024084
 30
0.0
 40
17.828127658129855
  1
gad that Permanent? Reference
 50
0.8946188313732364
  7
PLAT
 72
1
 11
1921.9440335491417
 21
274.38212295024084
 31
0.0
100
AcDbText
 73
2
  0
TEXT
  5
6F3
330
17
100
AcDbEntity
  8
PLAT-TEXT-LOWCONF
100
AcDbText
 10
1650.9171216597674
 20
270.13487359540943
 30
0.0
 40
15.205531550292385
  1
ond described sv bore
 50
1.246608303627113
  7
PLAT
 72
1
 11
1650.9171216597674
 21
270.13487359540943
 31
0.0
100
AcDbText
 73
2
  0
TEXT
  5
6F4
330
17
100
AcDbEntity
  8
PLAT-TEXT-LOWCONF
100
AcDbText
 10
2111.4130511044855
 20
275.03582740498075
 30
0.0
 40
17.828127658129855
  1
mor,
 50
338.43979719755555
  7
PLAT
 72
1
 11
2111.4130511044855
 21
275.03582740498075
 31
0.0
100
AcDbText
 73
2
  0
TEXT
  5
6F5
330
17
100
AcDbEntity
  8
PLAT-TEXT-LOWCONF
100
AcDbText
 10
2638.406274659974
 20
284.07364231750523
 30
0.0
 40
8.996871768571323
  1
Ve
 50
16.052910352101776
  7
PLAT
 72
1
 11
2638.406274659974
 21
284.07364231750523
 31
0.0
100
AcDbText
 73
2
  0
TEXT
  5
6F6
330
17
100
AcDbEntity
  8
PLAT-TEXT-LOWCONF
100
AcDbText
 10
2139.623227735502
 20
267.72457542210157
 30
0.0
 40
13.171045410214935
  1
AR
 50
76.1573527622428
  7
PLAT
 72
1
 11
2139.623227735502
 21
267.72457542210157
 31
0.0
100
AcDbText
 73
2
  0
TEXT
  5
6F7
330
17
100
AcDbEntity
  8
PLAT-TEXT-LOWCONF
100
AcDbText
 10
1133.113567573103
 20
261.5573122017647
 30
0.0
 40
9.903043164390045
  1
‘ 4G :
 50
17.060377038011552
  7
PLAT
 72
1
 11
1133.113567573103
 21
261.5573122017647
 31
0.0
100
AcDbText
 73
2
  0
TEXT
  5
6F8
330
17
100
AcDbEntity
  8
PLAT-TEXT-LOWCONF
100
AcDbText
 10
2532.1120679366386
 20
264.674123739022
 30
0.0
 40
17.828127658129855
  1
beentomplied with,
 50
1.2337843509345703
  7
PLAT
 72
1
 11
2532.1120679366386
 21
264.674123739022
 31
0.0
100
AcDbText
 73
2
  0
TEXT
  5
6F9
330
17
100
AcDbEntity
  8
PLAT-TEXT-LOWCONF
100
AcDbText
 10
2292.2269139324108
 20
260.4935376471258
 30
0.0
 40
17.828127658129855
  1
‘rales and regulations have
 50
1.0553614144245103
  7
PLAT
 72
1
 11
2292.2269139324108
 21
260.4935376471258
 31
0.0
100
AcDbText
 73
2
  0
TEXT
  5
6FA
330
17
100
AcDbEntity
  8
PLAT-TEXT-LOWCONF
100
AcDbText
 10
1714.5269411491888
 20
254.05056556949478
 30
0.0
 40
15.621179990438662
  1
‘of the State of Florids and that a
 50
1.1092395573242584
  7
PLAT
 72
1
 11
1714.5269411491888
 21
254.05056556949478
 31
0.0
100
AcDbText
 73
2
  0
TEXT
  5
6FB
330
17
100
AcDbEntity
  8
PLAT-TEXT-LOWCONF
100
AcDbText
 10
2000.3451977413097
 20
256.7828957814854
 30
0.0
 40
17.828127658129855
  1
“Ge Dovel County go.
 50
359.61059482696504
  7
PLAT
 72
1
 11
2000.3451977413097
 21
256.7828957814854
 31
0.0
100
AcDbText
 73
2
  0
TEXT
  5
6FC
330
17
100
AcDbEntity
  8
PLAT-TEXT-LOWCONF
100
AcDbText
 10
1888.4461742149829
 20
256.8255035424776
 30
0.0
 40
8.13487998601053
  1
“a
 50
36.576466529808386
  7
PLAT
 72
1
 11
1888.4461742149829
 21
256.8255035424776
 31
0.0
100
AcDbText
 73
2
  0
TEXT
  5
6FD
330
17
100
AcDbEntity
  8
PLAT-TEXT-LOWCONF
100
AcDbText
 10
831.0284845882334
 20
245.21200345164777
 30
0.0
 40
10.496957277393406
  1
N.8B99 18 2O"E,
 50
1.1122694553723704
  7
PLAT
 72
1
 11
831.0284845882334
 21
245.21200345164777
 31
0.0
100
AcDbText
 73
2
  0
TEXT
  5
6FE
330
17
100
AcDbEntity
  8
PLAT-TEXT-LOWCONF
100
AcDbText
 10
2116.7387708838783
 20
257.42515907752954
 30
0.0
 40
17.026329214090968
  1
Ri 3
 50
68.43979719755555
  7
PLAT
 72
1
 11
2116.7387708838783
 21
257.42515907752954
 31
0.0
100
AcDbText
 73
2
  0
TEXT
  5
6FF
330
17
100
AcDbEntity
  8
PLAT-TEXT-LOWCONF
100
AcDbText
 10
2630.681719996369
 20
262.8365120759139
 30
0.0
 40
3.31265885539575
  1
Ve
 50
0.6925696274758764
  7
PLAT
 72
1
 11
2630.681719996369
 21
262.8365120759139
 31
0.0
100
AcDbText
 73
2
  0
TEXT
  5
700
330
17
100
AcDbEntity
  8
PLAT-TEXT-LOWCONF
100
AcDbText
 10
651.8221476739011
 20
205.154584794917
 30
0.0
 40
17.828127658129855
  1
rage.
 50
92.88642571330058
  7
PLAT
 72
1
 11
651.8221476739011
 21
205.154584794917
 31
0.0
100
AcDbText
 73
2
  0
TEXT
  5
701
330
17
100
AcDbEntity
  8
PLAT-TEXT-LOWCONF
100
AcDbText
 10
598.1848026943893
 20
226.3997736459521
 30
0.0
 40
15.89332106666388
  1
N.89%%d18'20%%dE.
 50
1.1122694553722567
  7
PLAT
 72
1
 11
598.1848026943893
 21
226.3997736459521
 31
0.0
100
AcDbText
 73
2
  0
TEXT
  5
702
330
17
100
AcDbEntity
  8
PLAT-TEXT-LOWCONF
100
AcDbText
 10
1052.839356341439
 20
225.17406326331434
 30
0.0
 40
7.27202763909422
  1
F400
 50
89.97997862695968
  7
PLAT
 72
1
 11
1052.839356341439
 21
225.17406326331434
 31
0.0
100
AcDbText
 73
2
  0
TEXT
  5
703
330
17
100
AcDbEntity
  8
PLAT-TEXT-LOWCONF
100
AcDbText
 10
748.9522827687389
 20
185.55394304710535
 30
0.0
 40
17.828127658129855
  1
ot
 50
91.06942178471252
  7
PLAT
 72
1
 11
748.9522827687389
 21
185.55394304710535
 31
0.0
100
AcDbText
 73
2
  0
TEXT
  5
704
330
17
100
AcDbEntity
  8
PLAT-TEXT-LOWCONF
100
AcDbText
 10
2574.726273333815
 20
235.69283174322163
 30
0.0
 40
17.828127658129855
  1
cee
 50
357.0759181154011
  7
PLAT
 72
1
 11
2574.726273333815
 21
235.69283174322163
 31
0.0
100
AcDbText
 73
2
  0
TEXT
  5
705
330
17
100
AcDbEntity
  8
PLAT-TEXT-LOWCONF
100
AcDbText
 10
1776.2447373894424
 20
230.42189336717036
 30
0.0
 40
17.828127658129855
  1
x
 50
0.6925696274758764
  7
PLAT
 72
1
 11
1776.2447373894424
 21
230.42189336717036
 31
0.0
100
AcDbText
 73
2
  0
TEXT
  5
706
330
17
100
AcDbEntity
  8
PLAT-TEXT-LOWCONF
100
AcDbText
 10
1904.277058701232
 20
227.61930095207003
 30
0.0
 40
17.828127658129855
  1
S
 50
90.6925696274759
  7
PLAT
 72
1
 11
1904.277058701232
 21
227.61930095207003
 31
0.0
100
AcDbText
 73
2
  0
TEXT
  5
707
330
17
100
AcDbEntity
  8
PLAT-TEXT-LOWCONF
100
AcDbText
 10
2582.278782007828
 20
225.80661894079583
 30
0.0
 40
17.828127658129855
  1
SAAST a we Eg 8 “a ee
 50
349.3786899416652
  7
PLAT
 72
1
 11
2582.278782007828
 21
225.80661894079583
 31
0.0
100
AcDbText
 73
2
  0
TEXT
  5
708
330
17
100
AcDbEntity
  8
PLAT-TEXT-LOWCONF
100
AcDbText
 10
591.3500452622166
 20
209.50249748074646
 30
0.0
 40
11.740162468968267
  1
“Bol.
 50
1.1122694553722567
  7
PLAT
 72
1
 11
591.3500452622166
 21
209.50249748074646
 31
0.0
100
AcDbText
 73
2
  0
TEXT
  5
709
330
17
100
AcDbEntity
  8
PLAT-TEXT-LOWCONF
100
AcDbText
 10
1747.7467041861787
 20
221.0422189735242
 30
0.0
 40
15.960992666906794
  1
A
 50
0.6925696274759048
  7
PLAT
 72
1
 11
1747.7467041861787
 21
221.0422189735242
 31
0.0
100
AcDbText
 73
2
  0
TEXT
  5
70A
330
17
100
AcDbEntity
  8
PLAT-TEXT-LOWCONF
100
AcDbText
 10
1846.957271651149
 20
221.4096582574449
 30
0.0
 40
15.793986385687898
  1
of
 50
0.36891682950689175
  7
PLAT
 72
1
 11
1846.957271651149
 21
221.4096582574449
 31
0.0
100
AcDbText
 73
2
  0
TEXT
  5
70B
330
17
100
AcDbEntity
  8
PLAT-TEXT-LOWCONF
100
AcDbText
 10
1919.5782751422146
 20
221.20709719422928
 30
0.0
 40
17.378318062806333
  1
fav
 50
1.1838704189599412
  7
PLAT
 72
1
 11
1919.5782751422146
 21
221.20709719422928
 31
0.0
100
AcDbText
 73
2
  0
TEXT
  5
70C
330
17
100
AcDbEntity
  8
PLAT-TEXT-LOWCONF
100
AcDbText
 10
1800.1022746257913
 20
220.34028985232248
 30
0.0
 40
15.28542067882326
  1
N
 50
91.13944521158055
  7
PLAT
 72
1
 11
1800.1022746257913
 21
220.34028985232248
 31
0.0
100
AcDbText
 73
2
  0
TEXT
  5
70D
330
17
100
AcDbEntity
  8
PLAT-TEXT-LOWCONF
100
AcDbText
 10
1685.2439337369342
 20
213.8629551042044
 30
0.0
 40
17.828127658129855
  1
Signed Sts B
 50
1.139445211580778
  7
PLAT
 72
1
 11
1685.2439337369342
 21
213.8629551042044
 31
0.0
100
AcDbText
 73
2
  0
TEXT
  5
70E
330
17
100
AcDbEntity
  8
PLAT-TEXT-LOWCONF
100
AcDbText
 10
2025.944208268058
 20
222.4888323679105
 30
0.0
 40
12.692765836242787
  1
096/ 0%
 50
1.1838704189599412
  7
PLAT
 72
1
 11
2025.944208268058
 21
222.4888323679105
 31
0.0
100
AcDbText
 73
2
  0
TEXT
  5
70F
330
17
100
AcDbEntity
  8
PLAT-TEXT-LOWCONF
100
AcDbText
 10
933.4070938872982
 20
207.34999233138876
 30
0.0
 40
8.030688134292728
  1
4
 50
90.6925696274759
  7
PLAT
 72
1
 11
933.4070938872982
 21
207.34999233138876
 31
0.0
100
AcDbText
 73
2
  0
TEXT
  5
710
330
17
100
AcDbEntity
  8
PLAT-TEXT-LOWCONF
100
AcDbText
 10
1240.9799322587173
 20
202.52052987321747
 30
0.0
 40
9.015496412047785
  1
SS
 50
62.57247672999034
  7
PLAT
 72
1
 11
1240.9799322587173
 21
202.52052987321747
 31
0.0
100
AcDbText
 73
2
  0
TEXT
  5
711
330
17
100
AcDbEntity
  8
PLAT-TEXT-LOWCONF
100
AcDbText
 10
676.0145043748038
 20
196.0582041350175
 30
0.0
 40
3.564073012110841
  1
Noe
 50
92.88642571330058
  7
PLAT
 72
1
 11
676.0145043748038
 21
196.0582041350175
 31
0.0
100
AcDbText
 73
2
  0
TEXT
  5
712
330
17
100
AcDbEntity
  8
PLAT-TEXT-LOWCONF
100
AcDbText
 10
1063.1433648972488
 20
191.37469949572142
 30
0.0
 40
8.093276184229454
  1
Wal 4 6
 50
89.59757863810626
  7
PLAT
 72
1
 11
1063.1433648972488
 21
191.37469949572142
 31
0.0
100
AcDbText
 73
2
  0
TEXT
  5
713
330
17
100
AcDbEntity
  8
PLAT-TEXT-LOWCONF
100
AcDbText
 10
1007.1619615629791
 20
196.19464430847984
 30
0.0
 40
12.04603220143909
  1
3
 50
0.6925696274758764
  7
PLAT
 72
1
 11
1007.1619615629791
 21
196.19464430847984
 31
0.0
100
AcDbText
 73
2
  0
TEXT
  5
714
330
17
100
AcDbEntity
  8
PLAT-TEXT-LOWCONF
100
AcDbText
 10
932.9409666744895
 20
193.28758353734656
 30
0.0
 40
12.651130741516491
  1
0.
 50
316.5650616832779
  7
PLAT
 72
1
 11
932.9409666744895
 21
193.28758353734656
 31
0.0
100
AcDbText
 73
2
  0
TEXT
  5
715
330
17
100
AcDbEntity
  8
PLAT-TEXT-LOWCONF
100
AcDbText
 10
786.3994070141243
 20
190.59975087467058
 30
0.0
 40
12.244643917089489
  1
42
 50
20.740276612380853
  7
PLAT
 72
1
 11
786.3994070141243
 21
190.59975087467058
 31
0.0
100
AcDbText
 73
2
  0
TEXT
  5
716
330
17
100
AcDbEntity
  8
PLAT-TEXT-LOWCONF
100
AcDbText
 10
703.0425498211724
 20
188.563155086444
 30
0.0
 40
12.623565982425282
  1
“3
 50
27.769444921715035
  7
PLAT
 72
1
 11
703.0425498211724
 21
188.563155086444
 31
0.0
100
AcDbText
 73
2
  0
TEXT
  5
717
330
17
100
AcDbEntity
  8
PLAT-TEXT-LOWCONF
100
AcDbText
 10
1164.0916166687846
 20
197.4223698799043
 30
0.0
 40
4.818412880575636
  1
i ra
 50
0.6925696274758764
  7
PLAT
 72
1
 11
1164.0916166687846
 21
197.4223698799043
 31
0.0
100
AcDbText
 73
2
  0
TEXT
  5
718
330
17
100
AcDbEntity
  8
PLAT-TEXT-LOWCONF
100
AcDbText
 10
664.6408195687495
 20
176.06301760845724
 30
0.0
 40
11.861384486970028
  1
“foot
 50
275.0189357079669
  7
PLAT
 72
1
 11
664.6408195687495
 21
176.06301760845724
 31
0.0
100
AcDbText
 73
2
  0
TEXT
  5
719
330
17
100
AcDbEntity
  8
PLAT-TEXT-LOWCONF
100
AcDbText
 10
2554.6240491807894
 20
198.32318570162113
 30
0.0
 40
17.828127658129855
  1
# gray
 50
18.54751863495369
  7
PLAT
 72
1
 11
2554.6240491807894
 21
198.32318570162113
 31
0.0
100
AcDbText
 73
2
  0
TEXT
  5
71A
330
17
100
AcDbEntity
  8
PLAT-TEXT-LOWCONF
100
AcDbText
 10
2641.5162425868903
 20
202.34333741977593
 30
0.0
 40
8.839691278546576
  1
2M
 50
46.16336685550914
  7
PLAT
 72
1
 11
2641.5162425868903
 21
202.34333741977593
 31
0.0
100
AcDbText
 73
2
  0
TEXT
  5
71B
330
17
100
AcDbEntity
  8
PLAT-TEXT-LOTNO
100
AcDbText
 10
951.062201987115
 20
178.01745728388892
 30
0.0
 40
15.923303094515205
  1
8
 50
280.67553483757854
  7
PLAT
 72
1
 11
951.062201987115
 21
178.01745728388892
 31
0.0
100
AcDbText
 73
2
  0
TEXT
  5
71C
330
17
100
AcDbEntity
  8
PLAT-TEXT-LOWCONF
100
AcDbText
 10
620.8852229189542
 20
177.3032011223819
 30
0.0
 40
5.119563685611613
  1
r
 50
90.6925696274759
  7
PLAT
 72
1
 11
620.8852229189542
 21
177.3032011223819
 31
0.0
100
AcDbText
 73
2
  0
TEXT
  5
71D
330
17
100
AcDbEntity
  8
PLAT-TEXT-LOWCONF
100
AcDbText
 10
1074.4773076565652
 20
177.9340885051256
 30
0.0
 40
9.369136156674848
  1
0/
 50
90.6925696274759
  7
PLAT
 72
1
 11
1074.4773076565652
 21
177.9340885051256
 31
0.0
100
AcDbText
 73
2
  0
TEXT
  5
71E
330
17
100
AcDbEntity
  8
PLAT-TEXT-LOWCONF
100
AcDbText
 10
2651.981034294249
 20
181.75302960609827
 30
0.0
 40
17.828127658129855
  1
ok
 50
309.9354089669248
  7
PLAT
 72
1
 11
2651.981034294249
 21
181.75302960609827
 31
0.0
100
AcDbText
 73
2
  0
TEXT
  5
71F
330
17
100
AcDbEntity
  8
PLAT-TEXT-LOTNO
100
AcDbText
 10
1151.5811596329852
 20
170.77845261726543
 30
0.0
 40
19.809030731255394
  1
10
 50
5.877742123739267
  7
PLAT
 72
1
 11
1151.5811596329852
 21
170.77845261726543
 31
0.0
100
AcDbText
 73
2
  0
TEXT
  5
720
330
17
100
AcDbEntity
  8
PLAT-TEXT-AREA
100
AcDbText
 10
2081.8397539504026
 20
189.76466238848798
 30
0.0
 40
6.378629160673275
  1
sf
 50
329.0671284966787
  7
PLAT
 72
1
 11
2081.8397539504026
 21
189.76466238848798
 31
0.0
100
AcDbText
 73
2
  0
TEXT
  5
721
330
17
100
AcDbEntity
  8
PLAT-TEXT-LOWCONF
100
AcDbText
 10
2348.6008948485405
 20
192.16473319062186
 30
0.0
 40
3.680732061550833
  1
7
 50
0.6925696274759048
  7
PLAT
 72
1
 11
2348.6008948485405
 21
192.16473319062186
 31
0.0
100
AcDbText
 73
2
  0
TEXT
  5
722
330
17
100
AcDbEntity
  8
PLAT-TEXT-LOWCONF
100
AcDbText
 10
2098.7185886107927
 20
184.6265115312234
 30
0.0
 40
7.829920930935409
  1
"27
 50
0.6925696274759048
  7
PLAT
 72
1
 11
2098.7185886107927
 21
184.6265115312234
 31
0.0
100
AcDbText
 73
2
  0
TEXT
  5
723
330
17
100
AcDbEntity
  8
PLAT-TEXT-MISC
100
AcDbText
 10
2306.0911968255186
 20
182.4358816907627
 30
0.0
 40
15.102912475354094
  1
BELLE
 50
359.014645754754
  7
PLAT
 72
1
 11
2306.0911968255186
 21
182.4358816907627
 31
0.0
100
AcDbText
 73
2
  0
TEXT
  5
724
330
17
100
AcDbEntity
  8
PLAT-TEXT-MISC
100
AcDbText
 10
2389.619910667322
 20
182.50266651077527
 30
0.0
 40
17.327188368676996
  1
AKEL
 50
357.84353604860195
  7
PLAT
 72
1
 11
2389.619910667322
 21
182.50266651077527
 31
0.0
100
AcDbText
 73
2
  0
TEXT
  5
725
330
17
100
AcDbEntity
  8
PLAT-TEXT-LOWCONF
100
AcDbText
 10
2433.9492245508327
 20
191.19008071413054
 30
0.0
 40
4.369712112681232
  1
3
 50
91.17938314479875
  7
PLAT
 72
1
 11
2433.9492245508327
 21
191.19008071413054
 31
0.0
100
AcDbText
 73
2
  0
TEXT
  5
726
330
17
100
AcDbEntity
  8
PLAT-TEXT-LOWCONF
100
AcDbText
 10
1073.8910461048586
 20
171.06695438163888
 30
0.0
 40
6.9264685158274775
  1
“Ke
 50
90.6925696274759
  7
PLAT
 72
1
 11
1073.8910461048586
 21
171.06695438163888
 31
0.0
100
AcDbText
 73
2
  0
TEXT
  5
727
330
17
100
AcDbEntity
  8
PLAT-TEXT-LOWCONF
100
AcDbText
 10
2212.068031571116
 20
179.20670077045406
 30
0.0
 40
12.211431708360278
  1
'ERSON,
 50
1.9510234058892593
  7
PLAT
 72
1
 11
2212.068031571116
 21
179.20670077045406
 31
0.0
100
AcDbText
 73
2
  0
TEXT
  5
728
330
17
100
AcDbEntity
  8
PLAT-TEXT-LOWCONF
100
AcDbText
 10
2124.463205844383
 20
177.04548592430694
 30
0.0
 40
12.744493895878737
  1
LI 7
 50
6.431472260003829
  7
PLAT
 72
1
 11
2124.463205844383
 21
177.04548592430694
 31
0.0
100
AcDbText
 73
2
  0
TEXT
  5
729
330
17
100
AcDbEntity
  8
PLAT-TEXT-LOWCONF
100
AcDbText
 10
2154.850985447464
 20
177.94304972857776
 30
0.0
 40
10.84142898129518
  1
M7 |
 50
0.6925696274758764
  7
PLAT
 72
1
 11
2154.850985447464
 21
177.94304972857776
 31
0.0
100
AcDbText
 73
2
  0
TEXT
  5
72A
330
17
100
AcDbEntity
  8
PLAT-TEXT-LOWCONF
100
AcDbText
 10
933.9167089988133
 20
165.19195968083773
 30
0.0
 40
4.015344067146364
  1
\4
 50
0.6925696274759048
  7
PLAT
 72
1
 11
933.9167089988133
 21
165.19195968083773
 31
0.0
100
AcDbText
 73
2
  0
TEXT
  5
72B
330
17
100
AcDbEntity
  8
PLAT-TEXT-LOWCONF
100
AcDbText
 10
924.7963976863481
 20
158.26141929803407
 30
0.0
 40
7.962648774432441
  1
We,
 50
23.682973090177768
  7
PLAT
 72
1
 11
924.7963976863481
 21
158.26141929803407
 31
0.0
100
AcDbText
 73
2
  0
TEXT
  5
72C
330
17
100
AcDbEntity
  8
PLAT-TEXT-LOWCONF
100
AcDbText
 10
774.5679411221981
 20
156.82562186265216
 30
0.0
 40
6.827857629030972
  1
Cs.
 50
36.49282364836256
  7
PLAT
 72
1
 11
774.5679411221981
 21
156.82562186265216
 31
0.0
100
AcDbText
 73
2
  0
TEXT
  5
72D
330
17
100
AcDbEntity
  8
PLAT-TEXT-LOWCONF
100
AcDbText
 10
876.4505621249344
 20
157.6372496132434
 30
0.0
 40
8.73337334604334
  1
fe
 50
0.6925696274758764
  7
PLAT
 72
1
 11
876.4505621249344
 21
157.6372496132434
 31
0.0
100
AcDbText
 73
2
  0
TEXT
  5
72E
330
17
100
AcDbEntity
  8
PLAT-TEXT-LOWCONF
100
AcDbText
 10
892.8611814129182
 20
156.2039885471171
 30
0.0
 40
6.044498560252428
  1
‘ PEE
 50
6.044944065905497
  7
PLAT
 72
1
 11
892.8611814129182
 21
156.2039885471171
 31
0.0
100
AcDbText
 73
2
  0
TEXT
  5
72F
330
17
100
AcDbEntity
  8
PLAT-TEXT-LOWCONF
100
AcDbText
 10
909.7922030398285
 20
156.9430527174577
 30
0.0
 40
6.76427469872738
  1
3
 50
280.6431151005995
  7
PLAT
 72
1
 11
909.7922030398285
 21
156.9430527174577
 31
0.0
100
AcDbText
 73
2
  0
TEXT
  5
730
330
17
100
AcDbEntity
  8
PLAT-TEXT-MISC
100
AcDbText
 10
884.7188505913389
 20
150.688630804127
 30
0.0
 40
11.682646668280436
  1
fon
 50
1.0729772472284367
  7
PLAT
 72
1
 11
884.7188505913389
 21
150.688630804127
 31
0.0
100
AcDbText
 73
2
  0
TEXT
  5
731
330
17
100
AcDbEntity
  8
PLAT-TEXT-LOWCONF
100
AcDbText
 10
2251.7868864343045
 20
173.0913750228135
 30
0.0
 40
4.818412880575636
  1
Vv,
 50
0.6925696274758764
  7
PLAT
 72
1
 11
2251.7868864343045
 21
173.0913750228135
 31
0.0
100
AcDbText
 73
2
  0
TEXT
  5
732
330
17
100
AcDbEntity
  8
PLAT-TEXT-LOWCONF
100
AcDbText
 10
2496.8702523785337
 20
176.2213122094014
 30
0.0
 40
3.31265885539575
  1
ia .
 50
0.6925696274759048
  7
PLAT
 72
1
 11
2496.8702523785337
 21
176.2213122094014
 31
0.0
100
AcDbText
 73
2
  0
TEXT
  5
733
330
17
100
AcDbEntity
  8
PLAT-TEXT-LOWCONF
100
AcDbText
 10
971.3833581648971
 20
145.48285913578263
 30
0.0
 40
17.72008048978578
  1
Ee
 50
352.56120120294815
  7
PLAT
 72
1
 11
971.3833581648971
 21
145.48285913578263
 31
0.0
100
AcDbText
 73
2
  0
TEXT
  5
734
330
17
100
AcDbEntity
  8
PLAT-TEXT-LOWCONF
100
AcDbText
 10
2336.3066465951597
 20
171.1013394815643
 30
0.0
 40
5.3537920895284845
  1
4
 50
0.6925696274759048
  7
PLAT
 72
1
 11
2336.3066465951597
 21
171.1013394815643
 31
0.0
100
AcDbText
 73
2
  0
TEXT
  5
735
330
17
100
AcDbEntity
  8
PLAT-TEXT-LOWCONF
100
AcDbText
 10
1066.2102438249397
 20
155.91546688643723
 30
0.0
 40
3.31265885539575
  1
x
 50
0.6925696274759048
  7
PLAT
 72
1
 11
1066.2102438249397
 21
155.91546688643723
 31
0.0
100
AcDbText
 73
2
  0
TEXT
  5
736
330
17
100
AcDbEntity
  8
PLAT-TEXT-LOWCONF
100
AcDbText
 10
1057.133839226174
 20
141.74904065116357
 30
0.0
 40
17.828127658129855
  1
75 ~ PRM.
 50
1.2258958131850477
  7
PLAT
 72
1
 11
1057.133839226174
 21
141.74904065116357
 31
0.0
100
AcDbText
 73
2
  0
TEXT
  5
737
330
17
100
AcDbEntity
  8
PLAT-TEXT-LOWCONF
100
AcDbText
 10
1026.2512977053225
 20
153.42461607906137
 30
0.0
 40
3.31265885539575
  1
Oe (
 50
0.6925696274759048
  7
PLAT
 72
1
 11
1026.2512977053225
 21
153.42461607906137
 31
0.0
100
AcDbText
 73
2
  0
TEXT
  5
738
330
17
100
AcDbEntity
  8
PLAT-TEXT-LOWCONF
100
AcDbText
 10
1282.0859558006973
 20
153.00351615781142
 30
0.0
 40
10.707584179056969
  1
1
 50
0.6925696274758764
  7
PLAT
 72
1
 11
1282.0859558006973
 21
153.00351615781142
 31
0.0
100
AcDbText
 73
2
  0
TEXT
  5
739
330
17
100
AcDbEntity
  8
PLAT-TEXT-LOWCONF
100
AcDbText
 10
865.6049505821618
 20
145.58203567330338
 30
0.0
 40
11.377679858403939
  1
15.
 50
355.25841666184834
  7
PLAT
 72
1
 11
865.6049505821618
 21
145.58203567330338
 31
0.0
100
AcDbText
 73
2
  0
TEXT
  5
73A
330
17
100
AcDbEntity
  8
PLAT-TEXT-LOWCONF
100
AcDbText
 10
929.2709622088877
 20
147.5342402713951
 30
0.0
 40
8.632458145923106
  1
mS
 50
24.249279857435113
  7
PLAT
 72
1
 11
929.2709622088877
 21
147.5342402713951
 31
0.0
100
AcDbText
 73
2
  0
TEXT
  5
73B
330
17
100
AcDbEntity
  8
PLAT-TEXT-LOWCONF
100
AcDbText
 10
798.0949378102135
 20
147.98952268812718
 30
0.0
 40
3.9149604654677046
  1
wi | .
 50
90.6925696274759
  7
PLAT
 72
1
 11
798.0949378102135
 21
147.98952268812718
 31
0.0
100
AcDbText
 73
2
  0
TEXT
  5
73C
330
17
100
AcDbEntity
  8
PLAT-TEXT-LOWCONF
100
AcDbText
 10
2619.68430875223
 20
165.15197528651493
 30
0.0
 40
6.224810062360083
  1
ta
 50
15.057091059420031
  7
PLAT
 72
1
 11
2619.68430875223
 21
165.15197528651493
 31
0.0
100
AcDbText
 73
2
  0
TEXT
  5
73D
330
17
100
AcDbEntity
  8
PLAT-TEXT-LOWCONF
100
AcDbText
 10
661.4997112977651
 20
134.83499029393533
 30
0.0
 40
11.564228183683573
  1
we
 50
2.541261266953711
  7
PLAT
 72
1
 11
661.4997112977651
 21
134.83499029393533
 31
0.0
100
AcDbText
 73
2
  0
TEXT
  5
73E
330
17
100
AcDbEntity
  8
PLAT-TEXT-LOWCONF
100
AcDbText
 10
810.5939922059284
 20
138.26883852887966
 30
0.0
 40
7.829920930935409
  1
we ——* wee
 50
0.6925696274759048
  7
PLAT
 72
1
 11
810.5939922059284
 21
138.26883852887966
 31
0.0
100
AcDbText
 73
2
  0
TEXT
  5
73F
330
17
100
AcDbEntity
  8
PLAT-TEXT-LOWCONF
100
AcDbText
 10
935.2614247629798
 20
134.77935557788737
 30
0.0
 40
17.828127658129855
  1
Sn.
 50
24.249279857435113
  7
PLAT
 72
1
 11
935.2614247629798
 21
134.77935557788737
 31
0.0
100
AcDbText
 73
2
  0
TEXT
  5
740
330
17
100
AcDbEntity
  8
PLAT-TEXT-LOWCONF
100
AcDbText
 10
2150.964044841702
 20
146.93336784038888
 30
0.0
 40
17.828127658129855
  1
a,
 50
291.36066252213027
  7
PLAT
 72
1
 11
2150.964044841702
 21
146.93336784038888
 31
0.0
100
AcDbText
 73
2
  0
TEXT
  5
741
330
17
100
AcDbEntity
  8
PLAT-TEXT-LOWCONF
100
AcDbText
 10
866.3583413134318
 20
128.40095443759174
 30
0.0
 40
11.250369768732305
  1
\s
 50
85.25841666184829
  7
PLAT
 72
1
 11
866.3583413134318
 21
128.40095443759174
 31
0.0
100
AcDbText
 73
2
  0
TEXT
  5
742
330
17
100
AcDbEntity
  8
PLAT-TEXT-LOWCONF
100
AcDbText
 10
2356.986006971366
 20
135.21057906876388
 30
0.0
 40
17.828127658129855
  1
re
 50
0.6925696274759048
  7
PLAT
 72
1
 11
2356.986006971366
 21
135.21057906876388
 31
0.0
100
AcDbText
 73
2
  0
TEXT
  5
743
330
17
100
AcDbEntity
  8
PLAT-TEXT-LOWCONF
100
AcDbText
 10
651.7756908592137
 20
127.64324117182002
 30
0.0
 40
3.446927508269848
  1
‘Wa
 50
2.541261266953711
  7
PLAT
 72
1
 11
651.7756908592137
 21
127.64324117182002
 31
0.0
100
AcDbText
 73
2
  0
TEXT
  5
744
330
17
100
AcDbEntity
  8
PLAT-TEXT-LOWCONF
100
AcDbText
 10
797.8599977180244
 20
125.90067683413008
 30
0.0
 40
8.131071735971386
  1
22)
 50
0.6925696274759048
  7
PLAT
 72
1
 11
797.8599977180244
 21
125.90067683413008
 31
0.0
100
AcDbText
 73
2
  0
TEXT
  5
745
330
17
100
AcDbEntity
  8
PLAT-TEXT-LOWCONF
100
AcDbText
 10
892.3881584791291
 20
127.54163106486556
 30
0.0
 40
7.868552244376931
  1
PS ill
 50
356.0811230669287
  7
PLAT
 72
1
 11
892.3881584791291
 21
127.54163106486556
 31
0.0
100
AcDbText
 73
2
  0
TEXT
  5
746
330
17
100
AcDbEntity
  8
PLAT-TEXT-LOWCONF
100
AcDbText
 10
2649.231050263028
 20
149.8433168592461
 30
0.0
 40
3.865826294685622
  1
2
 50
350.4165163307071
  7
PLAT
 72
1
 11
2649.231050263028
 21
149.8433168592461
 31
0.0
100
AcDbText
 73
2
  0
TEXT
  5
747
330
17
100
AcDbEntity
  8
PLAT-TEXT-LOWCONF
100
AcDbText
 10
2222.135086308615
 20
134.58438230694696
 30
0.0
 40
12.648333811511046
  1
r- 4
 50
0.6925696274759048
  7
PLAT
 72
1
 11
2222.135086308615
 21
134.58438230694696
 31
0.0
100
AcDbText
 73
2
  0
TEXT
  5
748
330
17
100
AcDbEntity
  8
PLAT-TEXT-LOWCONF
100
AcDbText
 10
2385.6357113387708
 20
132.04321993546034
 30
0.0
 40
11.744881396403112
  1
Q,
 50
90.6925696274759
  7
PLAT
 72
1
 11
2385.6357113387708
 21
132.04321993546034
 31
0.0
100
AcDbText
 73
2
  0
TEXT
  5
749
330
17
100
AcDbEntity
  8
PLAT-TEXT-LOWCONF
100
AcDbText
 10
2274.0972723294344
 20
126.8466007674316
 30
0.0
 40
17.46674669208668
  1
A
 50
0.6925696274758764
  7
PLAT
 72
1
 11
2274.0972723294344
 21
126.8466007674316
 31
0.0
100
AcDbText
 73
2
  0
TEXT
  5
74A
330
17
100
AcDbEntity
  8
PLAT-TEXT-LOWCONF
100
AcDbText
 10
2570.970930308457
 20
136.4587277450471
 30
0.0
 40
5.42071449064759
  1
i
 50
0.6925696274759048
  7
PLAT
 72
1
 11
2570.970930308457
 21
136.4587277450471
 31
0.0
100
AcDbText
 73
2
  0
TEXT
  5
74B
330
17
100
AcDbEntity
  8
PLAT-TEXT-MISC
100
AcDbText
 10
2600.3876882614168
 20
130.32465788321144
 30
0.0
 40
8.640756982962223
  1
2 fy
 50
9.555369493615217
  7
PLAT
 72
1
 11
2600.3876882614168
 21
130.32465788321144
 31
0.0
100
AcDbText
 73
2
  0
TEXT
  5
74C
330
17
100
AcDbEntity
  8
PLAT-TEXT-LOWCONF
100
AcDbText
 10
2240.027987319599
 20
121.58253557054638
 30
0.0
 40
8.73337334604334
  1
Ss IN
 50
90.6925696274759
  7
PLAT
 72
1
 11
2240.027987319599
 21
121.58253557054638
 31
0.0
100
AcDbText
 73
2
  0
TEXT
  5
74D
330
17
100
AcDbEntity
  8
PLAT-TEXT-LOWCONF
100
AcDbText
 10
2327.526679011906
 20
122.30560159444042
 30
0.0
 40
8.365300139888257
  1
4
 50
0.6925696274759048
  7
PLAT
 72
1
 11
2327.526679011906
 21
122.30560159444042
 31
0.0
100
AcDbText
 73
2
  0
TEXT
  5
74E
330
17
100
AcDbEntity
  8
PLAT-TEXT-LOWCONF
100
AcDbText
 10
2279.0256386830197
 20
120.54808329724494
 30
0.0
 40
6.023016100719545
  1
7
 50
90.6925696274759
  7
PLAT
 72
1
 11
2279.0256386830197
 21
120.54808329724494
 31
0.0
100
AcDbText
 73
2
  0
TEXT
  5
74F
330
17
100
AcDbEntity
  8
PLAT-TEXT-LOWCONF
100
AcDbText
 10
2406.1709340382995
 20
121.9177239801852
 30
0.0
 40
5.019180083932954
  1
“7
 50
0.6925696274759048
  7
PLAT
 72
1
 11
2406.1709340382995
 21
121.9177239801852
 31
0.0
100
AcDbText
 73
2
  0
TEXT
  5
750
330
17
100
AcDbEntity
  8
PLAT-TEXT-LOWCONF
100
AcDbText
 10
1415.203470477172
 20
103.24597308083025
 30
0.0
 40
4.517262075539659
  1
rt
 50
0.6925696274758764
  7
PLAT
 72
1
 11
1415.203470477172
 21
103.24597308083025
 31
0.0
100
AcDbText
 73
2
  0
TEXT
  5
751
330
17
100
AcDbEntity
  8
PLAT-TEXT-LOWCONF
100
AcDbText
 10
2382.6058788602777
 20
105.62470647558109
 30
0.0
 40
16.5683634257926
  1
LEE/S oN SALI“ SIR
 50
0.9158777785710299
  7
PLAT
 72
1
 11
2382.6058788602777
 21
105.62470647558109
 31
0.0
100
AcDbText
 73
2
  0
TEXT
  5
752
330
17
100
AcDbEntity
  8
PLAT-TEXT-LOWCONF
100
AcDbText
 10
2261.394265625455
 20
103.39167536572256
 30
0.0
 40
17.097160793392415
  1
8, 5
 50
71.80395301569638
  7
PLAT
 72
1
 11
2261.394265625455
 21
103.39167536572256
 31
0.0
100
AcDbText
 73
2
  0
TEXT
  5
753
330
17
100
AcDbEntity
  8
PLAT-TEXT-LOWCONF
100
AcDbText
 10
2139.0635968118227
 20
100.01054182188602
 30
0.0
 40
15.279937386828655
  1
USSETED |
 50
0.9158777785710299
  7
PLAT
 72
1
 11
2139.0635968118227
 21
100.01054182188602
 31
0.0
100
AcDbText
 73
2
  0
TEXT
  5
754
330
17
100
AcDbEntity
  8
PLAT-TEXT-LOWCONF
100
AcDbText
 10
2209.318439604594
 20
100.70091558508852
 30
0.0
 40
13.215325439201056
  1
BAIN E
 50
0.9158777785710299
  7
PLAT
 72
1
 11
2209.318439604594
 21
100.70091558508852
 31
0.0
100
AcDbText
 73
2
  0
TEXT
  5
755
330
17
100
AcDbEntity
  8
PLAT-TEXT-LOWCONF
100
AcDbText
 10
2081.112933615775
 20
95.2293342472218
 30
0.0
 40
17.828127658129855
  1
a
 50
319.5984671330374
  7
PLAT
 72
1
 11
2081.112933615775
 21
95.2293342472218
 31
0.0
100
AcDbText
 73
2
  0
TEXT
  5
756
330
17
100
AcDbEntity
  8
PLAT-TEXT-LOWCONF
100
AcDbText
 10
2245.2986706806482
 20
99.65152268564736
 30
0.0
 40
6.785979073867034
  1
2 vs.
 50
23.972114231371734
  7
PLAT
 72
1
 11
2245.2986706806482
 21
99.65152268564736
 31
0.0
100
AcDbText
 73
2
  0
TEXT
  5
757
330
17
100
AcDbEntity
  8
PLAT-TEXT-LOWCONF
100
AcDbText
 10
2502.2573392727354
 20
98.40230074013141
 30
0.0
 40
2.8769676301190796
  1
so
 50
312.5653634209368
  7
PLAT
 72
1
 11
2502.2573392727354
 21
98.40230074013141
 31
0.0
100
AcDbText
 73
2
  0
TEXT
  5
758
330
17
100
AcDbEntity
  8
PLAT-TEXT-LOWCONF
100
AcDbText
 10
2609.8411494363445
 20
93.2248203331925
 30
0.0
 40
10.151562864532554
  1
ee wt
 50
11.586459079712881
  7
PLAT
 72
1
 11
2609.8411494363445
 21
93.2248203331925
 31
0.0
100
AcDbText
 73
2
  0
TEXT
  5
759
330
17
100
AcDbEntity
  8
PLAT-TEXT-LOWCONF
100
AcDbText
 10
2576.3420539508124
 20
79.92246809028347
 30
0.0
 40
10.124521374376073
  1
wae
 50
1.1109212166562088
  7
PLAT
 72
1
 11
2576.3420539508124
 21
79.92246809028347
 31
0.0
100
AcDbText
 73
2
  0
TEXT
  5
75A
330
17
100
AcDbEntity
  8
PLAT-TEXT-LOWCONF
100
AcDbText
 10
512.2466213994873
 20
24.602753476132307
 30
0.0
 40
4.218937251180166
  1
IN
 50
323.9124343765995
  7
PLAT
 72
1
 11
512.2466213994873
 21
24.602753476132307
 31
0.0
100
AcDbText
 73
2
  0
TEXT
  5
75B
330
17
100
AcDbEntity
  8
PLAT-TEXT-CURVE
100
AcDbText
 10
890.8520040903269
 20
1198.211133655049
 30
0.0
 40
9.146472975309536
  1
%%c=36%%d19'48"  R=327.01'  T=107.29'*  L=207.35'*  (UNCHECKED)
  7
PLAT
 72
1
 11
890.8520040903269
 21
1198.211133655049
 31
0.0
100
AcDbText
 73
3
  0
TEXT
  5
75C
330
17
100
AcDbEntity
  8
PLAT-TEXT-CURVE
100
AcDbText
 10
896.8281309719033
 20
882.9556043974793
 30
0.0
 40
9.146472975309536
  1
%%c=36%%d19'48"  R=269.96'  T=88.59'  L=171.18'*
  7
PLAT
 72
1
 11
896.8281309719033
 21
882.9556043974793
 31
0.0
100
AcDbText
 73
3
  0
CIRCLE
  5
75D
330
17
100
AcDbEntity
  8
PLAT-QA
100
AcDbCircle
 10
1124.8899031626884
 20
1366.8832550419231
 30
0.0
 40
28.154890188089144
  0
TEXT
  5
75E
330
17
100
AcDbEntity
  8
PLAT-QA
100
AcDbText
 10
1124.8899031626884
 20
1340.7947376122222
 30
0.0
 40
6.402531082716674
  1
MEAS 24.43
 72
1
 11
1124.8899031626884
 21
1340.7947376122222
 31
0.0
100
AcDbText
 73
3
  0
CIRCLE
  5
75F
330
17
100
AcDbEntity
  8
PLAT-QA
100
AcDbCircle
 10
871.4408268629699
 20
1194.7108436266053
 30
0.0
 40
36.96822103255205
  0
TEXT
  5
760
330
17
100
AcDbEntity
  8
PLAT-QA
100
AcDbText
 10
871.4408268629699
 20
1168.2625739172054
 30
0.0
 40
6.402531082716674
  1
MEAS 54.54
 72
1
 11
871.4408268629699
 21
1168.2625739172054
 31
0.0
100
AcDbText
 73
3
  0
CIRCLE
  5
761
330
17
100
AcDbEntity
  8
PLAT-QA
100
AcDbCircle
 10
731.323399226844
 20
1147.9127661318023
 30
0.0
 40
27.38160617217787
  0
TEXT
  5
762
330
17
100
AcDbEntity
  8
PLAT-QA
100
AcDbText
 10
731.323399226844
 20
1124.6011932752278
 30
0.0
 40
6.402531082716674
  1
MEAS 82.47
 72
1
 11
731.323399226844
 21
1124.6011932752278
 31
0.0
100
AcDbText
 73
3
  0
CIRCLE
  5
763
330
17
100
AcDbEntity
  8
PLAT-QA
100
AcDbCircle
 10
900.8758014970585
 20
1130.8658492106927
 30
0.0
 40
33.31326181884617
  0
TEXT
  5
764
330
17
100
AcDbEntity
  8
PLAT-QA
100
AcDbText
 10
900.8758014970585
 20
1105.5559562109115
 30
0.0
 40
6.402531082716674
  1
MEAS 124.97
 72
1
 11
900.8758014970585
 21
1105.5559562109115
 31
0.0
100
AcDbText
 73
3
  0
CIRCLE
  5
765
330
17
100
AcDbEntity
  8
PLAT-QA
100
AcDbCircle
 10
2309.8632304199655
 20
1154.2768502463769
 30
0.0
 40
34.56606353928414
  0
TEXT
  5
766
330
17
100
AcDbEntity
  8
PLAT-QA
100
AcDbText
 10
2309.8632304199655
 20
1127.578831561607
 30
0.0
 40
6.402531082716674
  1
MEAS 177.34
 72
1
 11
2309.8632304199655
 21
1127.578831561607
 31
0.0
100
AcDbText
 73
3
  0
CIRCLE
  5
767
330
17
100
AcDbEntity
  8
PLAT-QA
100
AcDbCircle
 10
1032.5938391456996
 20
1111.9143276739424
 30
0.0
 40
33.21143132073574
  0
TEXT
  5
768
330
17
100
AcDbEntity
  8
PLAT-QA
100
AcDbText
 10
1032.5938391456996
 20
1087.3598002435442
 30
0.0
 40
6.402531082716674
  1
MEAS 85.61
 72
1
 11
1032.5938391456996
 21
1087.3598002435442
 31
0.0
100
AcDbText
 73
3
  0
CIRCLE
  5
769
330
17
100
AcDbEntity
  8
PLAT-QA
100
AcDbCircle
 10
809.3970903893144
 20
1011.1534938174498
 30
0.0
 40
25.55049862914668
  0
TEXT
  5
76A
330
17
100
AcDbEntity
  8
PLAT-QA
100
AcDbText
 10
809.3970903893144
 20
986.8896408586376
 30
0.0
 40
6.402531082716674
  1
MEAS 85.53
 72
1
 11
809.3970903893144
 21
986.8896408586376
 31
0.0
100
AcDbText
 73
3
  0
CIRCLE
  5
76B
330
17
100
AcDbEntity
  8
PLAT-QA
100
AcDbCircle
 10
1066.3707957859026
 20
718.0627313315283
 30
0.0
 40
33.75789029950102
  0
TEXT
  5
76C
330
17
100
AcDbEntity
  8
PLAT-QA
100
AcDbText
 10
1066.3707957859026
 20
692.0900936934775
 30
0.0
 40
6.402531082716674
  1
MEAS 37.92
 72
1
 11
1066.3707957859026
 21
692.0900936934775
 31
0.0
100
AcDbText
 73
3
  0
CIRCLE
  5
76D
330
17
100
AcDbEntity
  8
PLAT-QA
100
AcDbCircle
 10
1044.353039635587
 20
455.49204474229634
 30
0.0
 40
27.894838517475765
  0
TEXT
  5
76E
330
17
100
AcDbEntity
  8
PLAT-QA
100
AcDbText
 10
1044.353039635587
 20
429.0980073173555
 30
0.0
 40
6.402531082716674
  1
MEAS 88.83
 72
1
 11
1044.353039635587
 21
429.0980073173555
 31
0.0
100
AcDbText
 73
3
  0
CIRCLE
  5
76F
330
17
100
AcDbEntity
  8
PLAT-QA
100
AcDbCircle
 10
1018.8493720833142
 20
309.77687126552587
 30
0.0
 40
21.016599289960592
  0
TEXT
  5
770
330
17
100
AcDbEntity
  8
PLAT-QA
100
AcDbText
 10
1018.8493720833142
 20
285.14338589648065
 30
0.0
 40
6.402531082716674
  1
MEAS 133.02
 72
1
 11
1018.8493720833142
 21
285.14338589648065
 31
0.0
100
AcDbText
 73
3
  0
CIRCLE
  5
771
330
17
100
AcDbEntity
  8
PLAT-QA
100
AcDbCircle
 10
870.9674863813646
 20
306.8179957425258
 30
0.0
 40
34.074350656382265
  0
TEXT
  5
772
330
17
100
AcDbEntity
  8
PLAT-QA
100
AcDbText
 10
870.9674863813646
 20
281.9132889262369
 30
0.0
 40
6.402531082716674
  1
MEAS 83.58
 72
1
 11
870.9674863813646
 21
281.9132889262369
 31
0.0
100
AcDbText
 73
3
  0
CIRCLE
  5
773
330
17
100
AcDbEntity
  8
PLAT-QA
100
AcDbCircle
 10
704.1303850910116
 20
227.13284034737887
 30
0.0
 40
33.572506240510684
  0
TEXT
  5
774
330
17
100
AcDbEntity
  8
PLAT-QA
100
AcDbText
 10
704.1303850910116
 20
201.12932482239853
 30
0.0
 40
6.402531082716674
  1
MEAS 94.33
 72
1
 11
704.1303850910116
 21
201.12932482239853
 31
0.0
100
AcDbText
 73
3
  0
CIRCLE
  5
775
330
17
100
AcDbEntity
  8
PLAT-QA
100
AcDbCircle
 10
1043.8959165710198
 20
191.27430714465982
 30
0.0
 40
26.967099675017284
  0
TEXT
  5
776
330
17
100
AcDbEntity
  8
PLAT-QA
100
AcDbText
 10
1043.8959165710198
 20
164.22953370866549
 30
0.0
 40
6.402531082716674
  1
MEAS 42.09
 72
1
 11
1043.8959165710198
 21
164.22953370866549
 31
0.0
100
AcDbText
 73
3
  0
ENDSEC
  0
SECTION
  2
OBJECTS
  0
DICTIONARY
  5
A
330
0
100
AcDbDictionary
281
1
  3
ACAD_COLOR
350
B
  3
ACAD_GROUP
350
C
  3
ACAD_LAYOUT
350
D
  3
ACAD_MATERIAL
350
E
  3
ACAD_MLEADERSTYLE
350
F
  3
ACAD_MLINESTYLE
350
10
  3
ACAD_PLOTSETTINGS
350
11
  3
ACAD_PLOTSTYLENAME
350
12
  3
ACAD_SCALELIST
350
14
  3
ACAD_TABLESTYLE
350
15
  3
ACAD_VISUALSTYLE
350
16
  3
EZDXF_META
350
2D
  0
DICTIONARY
  5
B
330
A
100
AcDbDictionary
281
1
  0
DICTIONARY
  5
C
330
A
100
AcDbDictionary
281
1
  0
DICTIONARY
  5
D
330
A
100
AcDbDictionary
281
1
  3
Model
350
1A
  3
Layout1
350
1E
  0
DICTIONARY
  5
E
330
A
100
AcDbDictionary
281
1
  3
ByBlock
350
1F
  3
ByLayer
350
20
  3
Global
350
21
  0
DICTIONARY
  5
F
330
A
100
AcDbDictionary
281
1
  3
Standard
350
2C
  0
DICTIONARY
  5
10
330
A
100
AcDbDictionary
281
1
  3
Standard
350
22
  0
DICTIONARY
  5
11
330
A
100
AcDbDictionary
281
1
  0
ACDBDICTIONARYWDFLT
  5
12
330
A
100
AcDbDictionary
281
1
  3
Normal
350
13
100
AcDbDictionaryWithDefault
340
13
  0
ACDBPLACEHOLDER
  5
13
330
12
  0
DICTIONARY
  5
14
330
A
100
AcDbDictionary
281
1
  0
DICTIONARY
  5
15
330
A
100
AcDbDictionary
281
1
  0
DICTIONARY
  5
16
330
A
100
AcDbDictionary
281
1
  3
2dWireframe
350
5A
  3
Basic
350
5B
  3
Brighten
350
5C
  3
ColorChange
350
5D
  3
Conceptual
350
5E
  3
Dim
350
5F
  3
EdgeColorOff
350
60
  3
Facepattern
350
61
  3
Flat
350
62
  3
FlatWithEdges
350
63
  3
Gouraud
350
64
  3
GouraudWithEdges
350
65
  3
Hidden
350
66
  3
JitterOff
350
67
  3
Linepattern
350
68
  3
Modeling
350
69
  3
OverhangOff
350
6A
  3
Realistic
350
6B
  3
Shaded
350
6C
  3
Shaded with edges
350
6D
  3
Shades of Gray
350
6E
  3
Sketchy
350
6F
  3
Thicken
350
70
  3
Wireframe
350
71
  3
X-Ray
350
72
  0
LAYOUT
  5
1A
330
D
100
AcDbPlotSettings
  1

  4
A3
  6

 40
7.5
 41
20.0
 42
7.5
 43
20.0
 44
420.0
 45
297.0
 46
0.0
 47
0.0
 48
0.0
 49
0.0
140
0.0
141
0.0
142
1.0
143
1.0
 70
1024
 72
1
 73
0
 74
5
  7

 75
16
 76
0
 77
2
 78
300
147
1.0
148
0.0
149
0.0
100
AcDbLayout
  1
Model
 70
1
 71
0
 10
0.0
 20
0.0
 11
420.0
 21
297.0
 12
0.0
 22
0.0
 32
0.0
 14
1e+20
 24
1e+20
 34
1e+20
 15
-1e+20
 25
-1e+20
 35
-1e+20
146
0.0
 13
0.0
 23
0.0
 33
0.0
 16
1.0
 26
0.0
 36
0.0
 17
0.0
 27
1.0
 37
0.0
 76
1
330
17
  0
LAYOUT
  5
1E
330
D
100
AcDbPlotSettings
  1

  4
A3
  6

 40
7.5
 41
20.0
 42
7.5
 43
20.0
 44
420.0
 45
297.0
 46
0.0
 47
0.0
 48
0.0
 49
0.0
140
0.0
141
0.0
142
1.0
143
1.0
 70
0
 72
1
 73
0
 74
5
  7

 75
16
 76
0
 77
2
 78
300
147
1.0
148
0.0
149
0.0
100
AcDbLayout
  1
Layout1
 70
1
 71
1
 10
0.0
 20
0.0
 11
420.0
 21
297.0
 12
0.0
 22
0.0
 32
0.0
 14
1e+20
 24
1e+20
 34
1e+20
 15
-1e+20
 25
-1e+20
 35
-1e+20
146
0.0
 13
0.0
 23
0.0
 33
0.0
 16
1.0
 26
0.0
 36
0.0
 17
0.0
 27
1.0
 37
0.0
 76
1
330
1B
  0
MATERIAL
  5
1F
102
{ACAD_REACTORS
330
E
102
}
330
E
100
AcDbMaterial
  1
ByBlock
  2

 70
0
 40
1.0
 71
1
 41
1.0
 91
-1023410177
 42
1.0
 72
1
  3

 73
1
 74
1
 75
1
 44
0.5
 73
0
 45
1.0
 46
1.0
 77
1
  4

 78
1
 79
1
170
1
 48
1.0
171
1
  6

172
1
173
1
174
1
140
1.0
141
1.0
175
1
  7

176
1
177
1
178
1
143
1.0
179
1
  8

270
1
271
1
272
1
145
1.0
146
1.0
273
1
  9

274
1
275
1
276
1
 42
1.0
 72
1
  3

 73
1
 74
1
 75
1
 94
63
  0
MATERIAL
  5
20
102
{ACAD_REACTORS
330
E
102
}
330
E
100
AcDbMaterial
  1
ByLayer
  2

 70
0
 40
1.0
 71
1
 41
1.0
 91
-1023410177
 42
1.0
 72
1
  3

 73
1
 74
1
 75
1
 44
0.5
 73
0
 45
1.0
 46
1.0
 77
1
  4

 78
1
 79
1
170
1
 48
1.0
171
1
  6

172
1
173
1
174
1
140
1.0
141
1.0
175
1
  7

176
1
177
1
178
1
143
1.0
179
1
  8

270
1
271
1
272
1
145
1.0
146
1.0
273
1
  9

274
1
275
1
276
1
 42
1.0
 72
1
  3

 73
1
 74
1
 75
1
 94
63
  0
MATERIAL
  5
21
102
{ACAD_REACTORS
330
E
102
}
330
E
100
AcDbMaterial
  1
Global
  2

 70
0
 40
1.0
 71
1
 41
1.0
 91
-1023410177
 42
1.0
 72
1
  3

 73
1
 74
1
 75
1
 44
0.5
 73
0
 45
1.0
 46
1.0
 77
1
  4

 78
1
 79
1
170
1
 48
1.0
171
1
  6

172
1
173
1
174
1
140
1.0
141
1.0
175
1
  7

176
1
177
1
178
1
143
1.0
179
1
  8

270
1
271
1
272
1
145
1.0
146
1.0
273
1
  9

274
1
275
1
276
1
 42
1.0
 72
1
  3

 73
1
 74
1
 75
1
 94
63
  0
MLINESTYLE
  5
22
102
{ACAD_REACTORS
330
10
102
}
330
10
100
AcDbMlineStyle
  2
Standard
 70
0
  3

 62
256
 51
90.0
 52
90.0
 71
2
 49
0.5
 62
256
  6
BYLAYER
 49
-0.5
 62
256
  6
BYLAYER
  0
MLEADERSTYLE
  5
2C
102
{ACAD_REACTORS
330
F
102
}
330
F
100
AcDbMLeaderStyle
179
2
170
2
171
1
172
0
 90
2
 40
0.0
 41
0.0
173
1
 91
-1056964608
 92
-2
290
1
 42
2.0
291
1
 43
8.0
  3
Standard
 44
4.0
300

342
29
174
1
175
1
176
0
178
1
 93
-1056964608
 45
4.0
292
0
297
0
 46
4.0
 94
-1056964608
 47
1.0
 49
1.0
140
1.0
294
1
141
0.0
177
0
142
1.0
295
0
296
0
143
3.75
271
0
272
9
273
9
  0
DICTIONARY
  5
2D
330
A
100
AcDbDictionary
280
1
281
1
  3
CREATED_BY_EZDXF
350
2E
  3
WRITTEN_BY_EZDXF
350
779
  0
DICTIONARYVAR
  5
2E
330
2D
100
DictionaryVariables
280
0
  1
1.4.4 @ 2026-09-24T07:02:51.275542+00:00
  0
VISUALSTYLE
  5
5A
102
{ACAD_REACTORS
330
16
102
}
330
16
100
AcDbVisualStyle
  2
2dWireframe
 70
4
 90
0
 40
0.6
 62
7
290
0
291
0
  0
VISUALSTYLE
  5
5B
102
{ACAD_REACTORS
330
16
102
}
330
16
100
AcDbVisualStyle
  2
Basic
 70
7
 90
1
 40
0.6
 62
7
290
0
291
1
  0
VISUALSTYLE
  5
5C
102
{ACAD_REACTORS
330
16
102
}
330
16
100
AcDbVisualStyle
  2
Brighten
 70
12
 90
2
 40
0.6
 62
7
290
0
291
1
  0
VISUALSTYLE
  5
5D
102
{ACAD_REACTORS
330
16
102
}
330
16
100
AcDbVisualStyle
  2
ColorChange
 70
16
 90
2
 40
0.6
 62
8
290
0
291
1
  0
VISUALSTYLE
  5
5E
102
{ACAD_REACTORS
330
16
102
}
330
16
100
AcDbVisualStyle
  2
Conceptual
 70
9
 90
3
 40
0.6
 62
7
290
0
291
0
  0
VISUALSTYLE
  5
5F
102
{ACAD_REACTORS
330
16
102
}
330
16
100
AcDbVisualStyle
  2
Dim
 70
11
 90
2
 40
0.6
 62
7
290
0
291
1
  0
VISUALSTYLE
  5
60
102
{ACAD_REACTORS
330
16
102
}
330
16
100
AcDbVisualStyle
  2
EdgeColorOff
 70
22
 90
2
 40
0.6
 62
7
290
0
291
1
  0
VISUALSTYLE
  5
61
102
{ACAD_REACTORS
330
16
102
}
330
16
100
AcDbVisualStyle
  2
Facepattern
 70
15
 90
2
 40
0.6
 62
7
290
0
291
1
  0
VISUALSTYLE
  5
62
102
{ACAD_REACTORS
330
16
102
}
330
16
100
AcDbVisualStyle
  2
Flat
 70
0
 90
2
 40
0.6
 62
7
290
0
291
1
  0
VISUALSTYLE
  5
63
102
{ACAD_REACTORS
330
16
102
}
330
16
100
AcDbVisualStyle
  2
FlatWithEdges
 70
1
 90
2
 40
0.6
 62
7
290
0
291
1
  0
VISUALSTYLE
  5
64
102
{ACAD_REACTORS
330
16
102
}
330
16
100
AcDbVisualStyle
  2
Gouraud
 70
2
 90
2
 40
0.6
 62
7
290
0
291
1
  0
VISUALSTYLE
  5
65
102
{ACAD_REACTORS
330
16
102
}
330
16
100
AcDbVisualStyle
  2
GouraudWithEdges
 70
3
 90
2
 40
0.6
 62
7
290
0
291
1
  0
VISUALSTYLE
  5
66
102
{ACAD_REACTORS
330
16
102
}
330
16
100
AcDbVisualStyle
  2
Hidden
 70
6
 90
1
 40
0.6
 62
7
290
0
291
0
  0
VISUALSTYLE
  5
67
102
{ACAD_REACTORS
330
16
102
}
330
16
100
AcDbVisualStyle
  2
JitterOff
 70
20
 90
2
 40
0.6
 62
7
290
0
291
1
  0
VISUALSTYLE
  5
68
102
{ACAD_REACTORS
330
16
102
}
330
16
100
AcDbVisualStyle
  2
Linepattern
 70
14
 90
2
 40
0.6
 62
7
290
0
291
1
  0
VISUALSTYLE
  5
69
102
{ACAD_REACTORS
330
16
102
}
330
16
100
AcDbVisualStyle
  2
Modeling
 70
10
 90
2
 40
0.6
 62
7
290
0
291
0
  0
VISUALSTYLE
  5
6A
102
{ACAD_REACTORS
330
16
102
}
330
16
100
AcDbVisualStyle
  2
OverhangOff
 70
21
 90
2
 40
0.6
 62
7
290
0
291
1
  0
VISUALSTYLE
  5
6B
102
{ACAD_REACTORS
330
16
102
}
330
16
100
AcDbVisualStyle
  2
Realistic
 70
8
 90
2
 40
0.6
 62
7
290
0
291
0
  0
VISUALSTYLE
  5
6C
102
{ACAD_REACTORS
330
16
102
}
330
16
100
AcDbVisualStyle
  2
Shaded
 70
27
 90
2
 40
0.6
 62
7
290
0
291
0
  0
VISUALSTYLE
  5
6D
102
{ACAD_REACTORS
330
16
102
}
330
16
100
AcDbVisualStyle
  2
Shaded with edges
 70
26
 90
2
 40
0.6
 62
7
290
0
291
0
  0
VISUALSTYLE
  5
6E
102
{ACAD_REACTORS
330
16
102
}
330
16
100
AcDbVisualStyle
  2
Shades of Gray
 70
23
 90
2
 40
0.6
 62
7
290
0
291
0
  0
VISUALSTYLE
  5
6F
102
{ACAD_REACTORS
330
16
102
}
330
16
100
AcDbVisualStyle
  2
Sketchy
 70
24
 90
1
 40
0.6
 62
7
290
0
291
0
  0
VISUALSTYLE
  5
70
102
{ACAD_REACTORS
330
16
102
}
330
16
100
AcDbVisualStyle
  2
Thicken
 70
13
 90
2
 40
0.6
 62
7
290
0
291
1
  0
VISUALSTYLE
  5
71
102
{ACAD_REACTORS
330
16
102
}
330
16
100
AcDbVisualStyle
  2
Wireframe
 70
5
 90
0
 40
0.6
 62
7
290
0
291
0
  0
VISUALSTYLE
  5
72
102
{ACAD_REACTORS
330
16
102
}
330
16
100
AcDbVisualStyle
  2
X-Ray
 70
25
 90
2
 40
0.5
 62
7
290
0
291
0
  0
DICTIONARYVAR
  5
779
330
2D
100
DictionaryVariables
280
0
  1
1.4.4 @ 2026-09-24T07:02:51.336500+00:00
  0
ENDSEC
  0
EOF
