  0
SECTION
  2
HEADER
  9
$ACADVER
  1
AC1024
  9
$ACADMAINTVER
 70
6
  9
$DWGCODEPAGE
  3
ANSI_1252
  9
$LASTSAVEDBY
  1
ezdxf
  9
$INSBASE
 10
0.0
 20
0.0
 30
0.0
  9
$EXTMIN
 10
1e+20
 20
1e+20
 30
1e+20
  9
$EXTMAX
 10
-1e+20
 20
-1e+20
 30
-1e+20
  9
$LIMMIN
 10
0.0
 20
0.0
  9
$LIMMAX
 10
420.0
 20
297.0
  9
$ORTHOMODE
 70
0
  9
$REGENMODE
 70
1
  9
$FILLMODE
 70
1
  9
$QTEXTMODE
 70
0
  9
$MIRRTEXT
 70
1
  9
$LTSCALE
 40
1.0
  9
$ATTMODE
 70
1
  9
$TEXTSIZE
 40
2.5
  9
$TRACEWID
 40
1.0
  9
$TEXTSTYLE
  7
OpenSans
  9
$CLAYER
  8
0
  9
$CELTYPE
  6
ByLayer
  9
$CECOLOR
 62
256
  9
$CELTSCALE
 40
1.0
  9
$DISPSILH
 70
0
  9
$DIMSCALE
 40
1.0
  9
$DIMASZ
 40
0.175
  9
$DIMEXO
 40
0.125
  9
$DIMDLI
 40
3.75
  9
$DIMRND
 40
0.0
  9
$DIMDLE
 40
0.0
  9
$DIMEXE
 40
0.375
  9
$DIMTP
 40
0.0
  9
$DIMTM
 40
0.0
  9
$DIMTXT
 40
0.25
  9
$DIMCEN
 40
2.5
  9
$DIMTSZ
 40
0.0
  9
$DIMTOL
 70
0
  9
$DIMLIM
 70
0
  9
$DIMTIH
 70
0
  9
$DIMTOH
 70
0
  9
$DIMSE1
 70
0
  9
$DIMSE2
 70
0
  9
$DIMTAD
 70
1
  9
$DIMZIN
 70
12
  9
$DIMBLK
  1
ARCHTICK
  9
$DIMASO
 70
1
  9
$DIMSHO
 70
1
  9
$DIMPOST
  1

  9
$DIMAPOST
  1

  9
$DIMALT
 70
0
  9
$DIMALTD
 70
3
  9
$DIMALTF
 40
0.03937007874
  9
$DIMLFAC
 40
100.0
  9
$DIMTOFL
 70
1
  9
$DIMTVP
 40
0.0
  9
$DIMTIX
 70
0
  9
$DIMSOXD
 70
0
  9
$DIMSAH
 70
0
  9
$DIMBLK1
  1

  9
$DIMBLK2
  1

  9
$DIMSTYLE
  2
EZDXF
  9
$DIMCLRD
 70
0
  9
$DIMCLRE
 70
0
  9
$DIMCLRT
 70
0
  9
$DIMTFAC
 40
0.5
  9
$DIMGAP
 40
0.1
  9
$DIMJUST
 70
0
  9
$DIMSD1
 70
0
  9
$DIMSD2
 70
0
  9
$DIMTOLJ
 70
0
  9
$DIMTZIN
 70
8
  9
$DIMALTZ
 70
0
  9
$DIMALTTZ
 70
0
  9
$DIMUPT
 70
1
  9
$DIMDEC
 70
2
  9
$DIMTDEC
 70
2
  9
$DIMALTU
 70
2
  9
$DIMALTTD
 70
3
  9
$DIMTXSTY
  7
OpenSansCondensed-Light
  9
$DIMAUNIT
 70
0
  9
$DIMADEC
 70
2
  9
$DIMALTRND
 40
0.0
  9
$DIMAZIN
 70
3
  9
$DIMDSEP
 70
46
  9
$DIMATFIT
 70
3
  9
$DIMFRAC
 70
0
  9
$DIMLDRBLK
  1

  9
$DIMLUNIT
 70
2
  9
$DIMLWD
 70
-2
  9
$DIMLWE
 70
-2
  9
$DIMTMOVE
 70
2
  9
$DIMFXL
 40
1.0
  9
$DIMFXLON
 70
0
  9
$DIMJOGANG
 40
0.785398163397
  9
$DIMTFILL
 70
0
  9
$DIMTFILLCLR
 70
0
  9
$DIMARCSYM
 70
0
  9
$DIMLTYPE
  6

  9
$DIMLTEX1
  6

  9
$DIMLTEX2
  6

  9
$DIMTXTDIRECTION
 70
0
  9
$LUNITS
 70
2
  9
$LUPREC
 70
4
  9
$SKETCHINC
 40
1.0
  9
$FILLETRAD
 40
10.0
  9
$AUNITS
 70
0
  9
$AUPREC
 70
2
  9
$MENU
  1
.
  9
$ELEVATION
 40
0.0
  9
$PELEVATION
 40
0.0
  9
$THICKNESS
 40
0.0
  9
$LIMCHECK
 70
0
  9
$CHAMFERA
 40
0.0
  9
$CHAMFERB
 40
0.0
  9
$CHAMFERC
 40
0.0
  9
$CHAMFERD
 40
0.0
  9
$SKPOLY
 70
0
  9
$TDCREATE
 40
2461308.125810185
  9
$TDUCREATE
 40
2458532.153996898
  9
$TDUPDATE
 40
2461308.125810185
  9
$TDUUPDATE
 40
2458532.1544311
  9
$TDINDWG
 40
0.0
  9
$TDUSRTIMER
 40
0.0
  9
$USRTIMER
 70
1
  9
$ANGBASE
 50
0.0
  9
$ANGDIR
 70
0
  9
$PDMODE
 70
0
  9
$PDSIZE
 40
0.0
  9
$PLINEWID
 40
0.0
  9
$SPLFRAME
 70
0
  9
$SPLINETYPE
 70
6
  9
$SPLINESEGS
 70
8
  9
$HANDSEED
  5
3E8
  9
$SURFTAB1
 70
6
  9
$SURFTAB2
 70
6
  9
$SURFTYPE
 70
6
  9
$SURFU
 70
6
  9
$SURFV
 70
6
  9
$UCSBASE
  2

  9
$UCSNAME
  2

  9
$UCSORG
 10
0.0
 20
0.0
 30
0.0
  9
$UCSXDIR
 10
1.0
 20
0.0
 30
0.0
  9
$UCSYDIR
 10
0.0
 20
1.0
 30
0.0
  9
$UCSORTHOREF
  2

  9
$UCSORTHOVIEW
 70
0
  9
$UCSORGTOP
 10
0.0
 20
0.0
 30
0.0
  9
$UCSORGBOTTOM
 10
0.0
 20
0.0
 30
0.0
  9
$UCSORGLEFT
 10
0.0
 20
0.0
 30
0.0
  9
$UCSORGRIGHT
 10
0.0
 20
0.0
 30
0.0
  9
$UCSORGFRONT
 10
0.0
 20
0.0
 30
0.0
  9
$UCSORGBACK
 10
0.0
 20
0.0
 30
0.0
  9
$PUCSBASE
  2

  9
$PUCSNAME
  2

  9
$PUCSORG
 10
0.0
 20
0.0
 30
0.0
  9
$PUCSXDIR
 10
1.0
 20
0.0
 30
0.0
  9
$PUCSYDIR
 10
0.0
 20
1.0
 30
0.0
  9
$PUCSORTHOREF
  2

  9
$PUCSORTHOVIEW
 70
0
  9
$PUCSORGTOP
 10
0.0
 20
0.0
 30
0.0
  9
$PUCSORGBOTTOM
 10
0.0
 20
0.0
 30
0.0
  9
$PUCSORGLEFT
 10
0.0
 20
0.0
 30
0.0
  9
$PUCSORGRIGHT
 10
0.0
 20
0.0
 30
0.0
  9
$PUCSORGFRONT
 10
0.0
 20
0.0
 30
0.0
  9
$PUCSORGBACK
 10
0.0
 20
0.0
 30
0.0
  9
$USERI1
 70
0
  9
$USERI2
 70
0
  9
$USERI3
 70
0
  9
$USERI4
 70
0
  9
$USERI5
 70
0
  9
$USERR1
 40
0.0
  9
$USERR2
 40
0.0
  9
$USERR3
 40
0.0
  9
$USERR4
 40
0.0
  9
$USERR5
 40
0.0
  9
$WORLDVIEW
 70
1
  9
$SHADEDGE
 70
3
  9
$SHADEDIF
 70
70
  9
$TILEMODE
 70
1
  9
$MAXACTVP
 70
64
  9
$PINSBASE
 10
0.0
 20
0.0
 30
0.0
  9
$PLIMCHECK
 70
0
  9
$PEXTMIN
 10
1e+20
 20
1e+20
 30
1e+20
  9
$PEXTMAX
 10
-1e+20
 20
-1e+20
 30
-1e+20
  9
$PLIMMIN
 10
0.0
 20
0.0
  9
$PLIMMAX
 10
420.0
 20
297.0
  9
$UNITMODE
 70
0
  9
$VISRETAIN
 70
1
  9
$PLINEGEN
 70
0
  9
$PSLTSCALE
 70
1
  9
$TREEDEPTH
 70
3020
  9
$CMLSTYLE
  2
Standard
  9
$CMLJUST
 70
0
  9
$CMLSCALE
 40
20.0
  9
$PROXYGRAPHICS
 70
1
  9
$MEASUREMENT
 70
0
  9
$CELWEIGHT
370
-1
  9
$ENDCAPS
280
0
  9
$JOINSTYLE
280
0
  9
$LWDISPLAY
290
0
  9
$INSUNITS
 70
0
  9
$HYPERLINKBASE
  1

  9
$STYLESHEET
  1

  9
$XEDIT
290
1
  9
$CEPSNTYPE
380
0
  9
$PSTYLEMODE
290
1
  9
$FINGERPRINTGUID
  2
{293EFFB2-D172-44F2-AA64-1FDF496164BB}
  9
$VERSIONGUID
  2
{9EA31123-A579-470F-AE6E-AC1958E6BF91}
  9
$EXTNAMES
290
1
  9
$PSVPSCALE
 40
0.0
  9
$OLESTARTUP
290
0
  9
$SORTENTS
280
127
  9
$INDEXCTL
280
0
  9
$HIDETEXT
280
1
  9
$XCLIPFRAME
280
1
  9
$HALOGAP
280
0
  9
$OBSCOLOR
 70
257
  9
$OBSLTYPE
280
0
  9
$INTERSECTIONDISPLAY
280
0
  9
$INTERSECTIONCOLOR
 70
257
  9
$DIMASSOC
280
2
  9
$PROJECTNAME
  1

  9
$CAMERADISPLAY
290
0
  9
$LENSLENGTH
 40
50.0
  9
$CAMERAHEIGHT
 40
0.0
  9
$STEPSPERSEC
 40
24.0
  9
$STEPSIZE
 40
100.0
  9
$3DDWFPREC
 40
2.0
  9
$PSOLWIDTH
 40
0.005
  9
$PSOLHEIGHT
 40
0.08
  9
$LOFTANG1
 40
1.570796326795
  9
$LOFTANG2
 40
1.570796326795
  9
$LOFTMAG1
 40
0.0
  9
$LOFTMAG2
 40
0.0
  9
$LOFTPARAM
 70
7
  9
$LOFTNORMALS
280
1
  9
$LATITUDE
 40
37.795
  9
$LONGITUDE
 40
-122.394
  9
$NORTHDIRECTION
 40
0.0
  9
$TIMEZONE
 70
-8000
  9
$LIGHTGLYPHDISPLAY
280
1
  9
$TILEMODELIGHTSYNCH
280
1
  9
$CMATERIAL
347
20
  9
$SOLIDHIST
280
0
  9
$SHOWHIST
280
1
  9
$DWFFRAME
280
2
  9
$DGNFRAME
280
2
  9
$REALWORLDSCALE
290
1
  9
$INTERFERECOLOR
 62
256
  9
$CSHADOW
280
0
  9
$SHADOWPLANELOCATION
 40
0.0
  0
ENDSEC
  0
SECTION
  2
CLASSES
  0
CLASS
  1
ACDBDICTIONARYWDFLT
  2
AcDbDictionaryWithDefault
  3
ObjectDBX Classes
 90
0
 91
0
280
0
281
0
  0
CLASS
  1
SUN
  2
AcDbSun
  3
SCENEOE
 90
1153
 91
0
280
0
281
0
  0
CLASS
  1
VISUALSTYLE
  2
AcDbVisualStyle
  3
ObjectDBX Classes
 90
4095
 91
0
280
0
281
0
  0
CLASS
  1
MATERIAL
  2
AcDbMaterial
  3
ObjectDBX Classes
 90
1153
 91
0
280
0
281
0
  0
CLASS
  1
SCALE
  2
AcDbScale
  3
ObjectDBX Classes
 90
1153
 91
0
280
0
281
0
  0
CLASS
  1
TABLESTYLE
  2
AcDbTableStyle
  3
ObjectDBX Classes
 90
4095
 91
0
280
0
281
0
  0
CLASS
  1
MLEADERSTYLE
  2
AcDbMLeaderStyle
  3
ACDB_MLEADERSTYLE_CLASS
 90
4095
 91
0
280
0
281
0
  0
CLASS
  1
DICTIONARYVAR
  2
AcDbDictionaryVar
  3
ObjectDBX Classes
 90
0
 91
0
280
0
281
0
  0
CLASS
  1
CELLSTYLEMAP
  2
AcDbCellStyleMap
  3
ObjectDBX Classes
 90
1152
 91
0
280
0
281
0
  0
CLASS
  1
MENTALRAYRENDERSETTINGS
  2
AcDbMentalRayRenderSettings
  3
SCENEOE
 90
1024
 91
0
280
0
281
0
  0
CLASS
  1
ACDBDETAILVIEWSTYLE
  2
AcDbDetailViewStyle
  3
ObjectDBX Classes
 90
1025
 91
0
280
0
281
0
  0
CLASS
  1
ACDBSECTIONVIEWSTYLE
  2
AcDbSectionViewStyle
  3
ObjectDBX Classes
 90
1025
 91
0
280
0
281
0
  0
CLASS
  1
RASTERVARIABLES
  2
AcDbRasterVariables
  3
ISM
 90
0
 91
0
280
0
281
0
  0
CLASS
  1
LAYOUT
  2
AcDbLayout
  3
ObjectDBX Classes
 90
0
 91
0
280
0
281
0
  0
CLASS
  1
ACDBPLACEHOLDER
  2
AcDbPlaceHolder
  3
ObjectDBX Classes
 90
0
 91
0
280
0
281
0
  0
ENDSEC
  0
SECTION
  2
TABLES
  0
TABLE
  2
VPORT
  5
8
330
0
100
AcDbSymbolTable
 70
1
  0
VPORT
  5
23
330
8
100
AcDbSymbolTableRecord
100
AcDbViewportTableRecord
  2
*Active
 70
0
 10
0.0
 20
0.0
 11
1.0
 21
1.0
 12
0.0
 22
0.0
 13
0.0
 23
0.0
 14
0.5
 24
0.5
 15
0.5
 25
0.5
 16
0.0
 26
0.0
 36
1.0
 17
0.0
 27
0.0
 37
0.0
 40
1000.0
 41
1.34
 42
50.0
 43
0.0
 44
0.0
 50
0.0
 51
0.0
 71
0
 72
1000
 73
1
 74
3
 75
0
 76
0
 77
0
 78
0
281
0
 65
0
146
0.0
  0
ENDTAB
  0
TABLE
  2
LTYPE
  5
2
330
0
100
AcDbSymbolTable
 70
21
  0
LTYPE
  5
24
330
2
100
AcDbSymbolTableRecord
100
AcDbLinetypeTableRecord
  2
ByBlock
 70
0
  3

 72
65
 73
0
 40
0.0
  0
LTYPE
  5
25
330
2
100
AcDbSymbolTableRecord
100
AcDbLinetypeTableRecord
  2
ByLayer
 70
0
  3

 72
65
 73
0
 40
0.0
  0
LTYPE
  5
26
330
2
100
AcDbSymbolTableRecord
100
AcDbLinetypeTableRecord
  2
Continuous
 70
0
  3

 72
65
 73
0
 40
0.0
  0
LTYPE
  5
2F
330
2
100
AcDbSymbolTableRecord
100
AcDbLinetypeTableRecord
  2
CENTER
 70
0
  3
Center ____ _ ____ _ ____ _ ____ _ ____ _ ____
 72
65
 73
4
 40
5.08
 49
3.175
 74
0
 49
-0.635
 74
0
 49
0.635
 74
0
 49
-0.635
 74
0
  0
LTYPE
  5
30
330
2
100
AcDbSymbolTableRecord
100
AcDbLinetypeTableRecord
  2
CENTERX2
 70
0
  3
Center (2x) ________  __  ________  __  ________
 72
65
 73
4
 40
8.89
 49
6.35
 74
0
 49
-0.635
 74
0
 49
1.27
 74
0
 49
-0.635
 74
0
  0
LTYPE
  5
31
330
2
100
AcDbSymbolTableRecord
100
AcDbLinetypeTableRecord
  2
CENTER2
 70
0
  3
Center (.5x) ____ _ ____ _ ____ _ ____ _ ____
 72
65
 73
4
 40
2.54
 49
1.587
 74
0
 49
-0.318
 74
0
 49
0.318
 74
0
 49
-0.318
 74
0
  0
LTYPE
  5
32
330
2
100
AcDbSymbolTableRecord
100
AcDbLinetypeTableRecord
  2
DASHED
 70
0
  3
Dashed __ __ __ __ __ __ __ __ __ __ __ __ __ _
 72
65
 73
2
 40
1.524
 49
1.27
 74
0
 49
-0.254
 74
0
  0
LTYPE
  5
33
330
2
100
AcDbSymbolTableRecord
100
AcDbLinetypeTableRecord
  2
DASHEDX2
 70
0
  3
Dashed (2x) ____  ____  ____  ____  ____  ____
 72
65
 73
2
 40
3.048
 49
2.54
 74
0
 49
-0.508
 74
0
  0
LTYPE
  5
34
330
2
100
AcDbSymbolTableRecord
100
AcDbLinetypeTableRecord
  2
DASHED2
 70
0
  3
Dashed (.5x) _ _ _ _ _ _ _ _ _ _ _ _ _ _
 72
65
 73
2
 40
0.762
 49
0.635
 74
0
 49
-0.127
 74
0
  0
LTYPE
  5
35
330
2
100
AcDbSymbolTableRecord
100
AcDbLinetypeTableRecord
  2
PHANTOM
 70
0
  3
Phantom ______  __  __  ______  __  __  ______
 72
65
 73
6
 40
6.35
 49
3.175
 74
0
 49
-0.635
 74
0
 49
0.635
 74
0
 49
-0.635
 74
0
 49
0.635
 74
0
 49
-0.635
 74
0
  0
LTYPE
  5
36
330
2
100
AcDbSymbolTableRecord
100
AcDbLinetypeTableRecord
  2
PHANTOMX2
 70
0
  3
Phantom (2x)____________    ____    ____    ____________
 72
65
 73
6
 40
10.795
 49
6.35
 74
0
 49
-0.635
 74
0
 49
1.27
 74
0
 49
-0.635
 74
0
 49
1.27
 74
0
 49
-0.635
 74
0
  0
LTYPE
  5
37
330
2
100
AcDbSymbolTableRecord
100
AcDbLinetypeTableRecord
  2
PHANTOM2
 70
0
  3
Phantom (.5x) ___ _ _ ___ _ _ ___ _ _ ___ _ _ ___
 72
65
 73
6
 40
3.175
 49
1.587
 74
0
 49
-0.318
 74
0
 49
0.318
 74
0
 49
-0.318
 74
0
 49
0.318
 74
0
 49
-0.318
 74
0
  0
LTYPE
  5
38
330
2
100
AcDbSymbolTableRecord
100
AcDbLinetypeTableRecord
  2
DASHDOT
 70
0
  3
Dash dot __ . __ . __ . __ . __ . __ . __ . __
 72
65
 73
4
 40
3.556
 49
2.54
 74
0
 49
-0.508
 74
0
 49
0.0
 74
0
 49
-0.508
 74
0
  0
LTYPE
  5
39
330
2
100
AcDbSymbolTableRecord
100
AcDbLinetypeTableRecord
  2
DASHDOTX2
 70
0
  3
Dash dot (2x) ____  .  ____  .  ____  .  ____
 72
65
 73
4
 40
6.096
 49
5.08
 74
0
 49
-0.508
 74
0
 49
0.0
 74
0
 49
-0.508
 74
0
  0
LTYPE
  5
3A
330
2
100
AcDbSymbolTableRecord
100
AcDbLinetypeTableRecord
  2
DASHDOT2
 70
0
  3
Dash dot (.5x) _ . _ . _ . _ . _ . _ . _ . _
 72
65
 73
4
 40
1.778
 49
1.27
 74
0
 49
-0.254
 74
0
 49
0.0
 74
0
 49
-0.254
 74
0
  0
LTYPE
  5
3B
330
2
100
AcDbSymbolTableRecord
100
AcDbLinetypeTableRecord
  2
DOT
 70
0
  3
Dot .  .  .  .  .  .  .  .  .  .  .  .  .  .  .  .
 72
65
 73
2
 40
0.508
 49
0.0
 74
0
 49
-0.508
 74
0
  0
LTYPE
  5
3C
330
2
100
AcDbSymbolTableRecord
100
AcDbLinetypeTableRecord
  2
DOTX2
 70
0
  3
Dot (2x) .    .    .    .    .    .    .    . 
 72
65
 73
2
 40
1.016
 49
0.0
 74
0
 49
-1.016
 74
0
  0
LTYPE
  5
3D
330
2
100
AcDbSymbolTableRecord
100
AcDbLinetypeTableRecord
  2
DOT2
 70
0
  3
Dot (.5) . . . . . . . . . . . . . . . . . . . 
 72
65
 73
2
 40
0.254
 49
0.0
 74
0
 49
-0.254
 74
0
  0
LTYPE
  5
3E
330
2
100
AcDbSymbolTableRecord
100
AcDbLinetypeTableRecord
  2
DIVIDE
 70
0
  3
Divide __ . . __ . . __ . . __ . . __ . . __
 72
65
 73
6
 40
4.064
 49
2.54
 74
0
 49
-0.508
 74
0
 49
0.0
 74
0
 49
-0.508
 74
0
 49
0.0
 74
0
 49
-0.508
 74
0
  0
LTYPE
  5
3F
330
2
100
AcDbSymbolTableRecord
100
AcDbLinetypeTableRecord
  2
DIVIDEX2
 70
0
  3
Divide (2x) ____  . .  ____  . .  ____  . .  ____
 72
65
 73
6
 40
6.604
 49
5.08
 74
0
 49
-0.508
 74
0
 49
0.0
 74
0
 49
-0.508
 74
0
 49
0.0
 74
0
 49
-0.508
 74
0
  0
LTYPE
  5
40
330
2
100
AcDbSymbolTableRecord
100
AcDbLinetypeTableRecord
  2
DIVIDE2
 70
0
  3
Divide(.5x) _ . _ . _ . _ . _ . _ . _ . _
 72
65
 73
6
 40
2.032
 49
1.27
 74
0
 49
-0.254
 74
0
 49
0.0
 74
0
 49
-0.254
 74
0
 49
0.0
 74
0
 49
-0.254
 74
0
  0
ENDTAB
  0
TABLE
  2
LAYER
  5
1
330
0
100
AcDbSymbolTable
 70
18
  0
LAYER
  5
27
330
1
100
AcDbSymbolTableRecord
100
AcDbLayerTableRecord
  2
0
 70
0
 62
7
  6
Continuous
370
-3
390
13
347
21
  0
LAYER
  5
28
330
1
100
AcDbSymbolTableRecord
100
AcDbLayerTableRecord
  2
Defpoints
 70
0
 62
7
  6
Continuous
290
0
370
-3
390
13
347
21
  0
LAYER
  5
8B
330
1
100
AcDbSymbolTableRecord
100
AcDbLayerTableRecord
  2
PLAT-LINE
 70
0
 62
7
  6
CONTINUOUS
370
-3
390
13
347
21
  0
LAYER
  5
8C
330
1
100
AcDbSymbolTableRecord
100
AcDbLayerTableRecord
  2
PLAT-LINE-DASH
 70
0
 62
8
  6
DASHED
370
-3
390
13
347
21
  0
LAYER
  5
8D
330
1
100
AcDbSymbolTableRecord
100
AcDbLayerTableRecord
  2
PLAT-CURVE
 70
0
 62
4
  6
CONTINUOUS
370
-3
390
13
347
21
  0
LAYER
  5
8E
330
1
100
AcDbSymbolTableRecord
100
AcDbLayerTableRecord
  2
PLAT-TEXT-BRG
 70
0
 62
3
  6
CONTINUOUS
370
-3
390
13
347
21
  0
LAYER
  5
8F
330
1
100
AcDbSymbolTableRecord
100
AcDbLayerTableRecord
  2
PLAT-TEXT-DIST
 70
0
 62
2
  6
CONTINUOUS
370
-3
390
13
347
21
  0
LAYER
  5
90
330
1
100
AcDbSymbolTableRecord
100
AcDbLayerTableRecord
  2
PLAT-TEXT-CURVE
 70
0
 62
6
  6
CONTINUOUS
370
-3
390
13
347
21
  0
LAYER
  5
91
330
1
100
AcDbSymbolTableRecord
100
AcDbLayerTableRecord
  2
PLAT-TEXT-LOTNO
 70
0
 62
5
  6
CONTINUOUS
370
-3
390
13
347
21
  0
LAYER
  5
92
330
1
100
AcDbSymbolTableRecord
100
AcDbLayerTableRecord
  2
PLAT-TEXT-AREA
 70
0
 62
5
  6
CONTINUOUS
370
-3
390
13
347
21
  0
LAYER
  5
93
330
1
100
AcDbSymbolTableRecord
100
AcDbLayerTableRecord
  2
PLAT-TEXT-MISC
 70
0
 62
9
  6
CONTINUOUS
370
-3
390
13
347
21
  0
LAYER
  5
94
330
1
100
AcDbSymbolTableRecord
100
AcDbLayerTableRecord
  2
PLAT-TEXT-UNASSOC
 70
0
 62
30
  6
CONTINUOUS
370
-3
390
13
347
21
  0
LAYER
  5
95
330
1
100
AcDbSymbolTableRecord
100
AcDbLayerTableRecord
  2
PLAT-TABLE-CURVE
 70
0
 62
6
  6
CONTINUOUS
370
-3
390
13
347
21
  0
LAYER
  5
96
330
1
100
AcDbSymbolTableRecord
100
AcDbLayerTableRecord
  2
PLAT-TABLE
 70
0
 62
6
  6
CONTINUOUS
370
-3
390
13
347
21
  0
LAYER
  5
97
330
1
100
AcDbSymbolTableRecord
100
AcDbLayerTableRecord
  2
PLAT-NOTES
 70
0
 62
7
  6
CONTINUOUS
370
-3
390
13
347
21
  0
LAYER
  5
98
330
1
100
AcDbSymbolTableRecord
100
AcDbLayerTableRecord
  2
PLAT-QA
 70
0
 62
1
  6
CONTINUOUS
370
-3
390
13
347
21
  0
LAYER
  5
99
330
1
100
AcDbSymbolTableRecord
100
AcDbLayerTableRecord
  2
PLAT-MON
 70
0
 62
1
  6
CONTINUOUS
370
-3
390
13
347
21
  0
LAYER
  5
9A
330
1
100
AcDbSymbolTableRecord
100
AcDbLayerTableRecord
  2
PLAT-TEXT-LOWCONF
 70
1
 62
8
  6
CONTINUOUS
370
-3
390
13
347
21
  0
ENDTAB
  0
TABLE
  2
STYLE
  5
5
330
0
100
AcDbSymbolTable
 70
27
  0
STYLE
  5
29
330
5
100
AcDbSymbolTableRecord
100
AcDbTextStyleTableRecord
  2
Standard
 70
0
 40
0.0
 41
1.0
 50
0.0
 71
0
 42
2.5
  3
txt
  4

  0
STYLE
  5
41
330
5
100
AcDbSymbolTableRecord
100
AcDbTextStyleTableRecord
  2
OpenSans-Light
 70
0
 40
0.0
 41
1.0
 50
0.0
 71
0
 42
2.5
  3
OpenSans-Light.ttf
  4

  0
STYLE
  5
42
330
5
100
AcDbSymbolTableRecord
100
AcDbTextStyleTableRecord
  2
OpenSans-Light-Italic
 70
0
 40
0.0
 41
1.0
 50
0.0
 71
0
 42
2.5
  3
OpenSans-LightItalic.ttf
  4

  0
STYLE
  5
43
330
5
100
AcDbSymbolTableRecord
100
AcDbTextStyleTableRecord
  2
OpenSans
 70
0
 40
0.0
 41
1.0
 50
0.0
 71
0
 42
2.5
  3
OpenSans-Regular.ttf
  4

  0
STYLE
  5
44
330
5
100
AcDbSymbolTableRecord
100
AcDbTextStyleTableRecord
  2
OpenSans-Italic
 70
0
 40
0.0
 41
1.0
 50
0.0
 71
0
 42
2.5
  3
OpenSans-Italic.ttf
  4

  0
STYLE
  5
45
330
5
100
AcDbSymbolTableRecord
100
AcDbTextStyleTableRecord
  2
OpenSans-SemiBold
 70
0
 40
0.0
 41
1.0
 50
0.0
 71
0
 42
2.5
  3
OpenSans-SemiBold.ttf
  4

  0
STYLE
  5
46
330
5
100
AcDbSymbolTableRecord
100
AcDbTextStyleTableRecord
  2
OpenSans-SemiBoldItalic
 70
0
 40
0.0
 41
1.0
 50
0.0
 71
0
 42
2.5
  3
OpenSans-SemiBoldItalic.ttf
  4

  0
STYLE
  5
47
330
5
100
AcDbSymbolTableRecord
100
AcDbTextStyleTableRecord
  2
OpenSans-Bold
 70
0
 40
0.0
 41
1.0
 50
0.0
 71
0
 42
2.5
  3
OpenSans-Bold.ttf
  4

  0
STYLE
  5
48
330
5
100
AcDbSymbolTableRecord
100
AcDbTextStyleTableRecord
  2
OpenSans-BoldItalic
 70
0
 40
0.0
 41
1.0
 50
0.0
 71
0
 42
2.5
  3
OpenSans-BoldItalic.ttf
  4

  0
STYLE
  5
49
330
5
100
AcDbSymbolTableRecord
100
AcDbTextStyleTableRecord
  2
OpenSans-ExtraBold
 70
0
 40
0.0
 41
1.0
 50
0.0
 71
0
 42
2.5
  3
OpenSans-ExtraBold.ttf
  4

  0
STYLE
  5
4A
330
5
100
AcDbSymbolTableRecord
100
AcDbTextStyleTableRecord
  2
OpenSans-ExtraBoldItalic
 70
0
 40
0.0
 41
1.0
 50
0.0
 71
0
 42
2.5
  3
OpenSans-ExtraBoldItalic.ttf
  4

  0
STYLE
  5
4B
330
5
100
AcDbSymbolTableRecord
100
AcDbTextStyleTableRecord
  2
OpenSansCondensed-Bold
 70
0
 40
0.0
 41
1.0
 50
0.0
 71
0
 42
2.5
  3
OpenSansCondensed-Bold.ttf
  4

  0
STYLE
  5
4C
330
5
100
AcDbSymbolTableRecord
100
AcDbTextStyleTableRecord
  2
OpenSansCondensed-Light
 70
0
 40
0.0
 41
1.0
 50
0.0
 71
0
 42
2.5
  3
OpenSansCondensed-Light.ttf
  4

  0
STYLE
  5
4D
330
5
100
AcDbSymbolTableRecord
100
AcDbTextStyleTableRecord
  2
OpenSansCondensed-Italic
 70
0
 40
0.0
 41
1.0
 50
0.0
 71
0
 42
2.5
  3
OpenSansCondensed-LightItalic.ttf
  4

  0
STYLE
  5
4E
330
5
100
AcDbSymbolTableRecord
100
AcDbTextStyleTableRecord
  2
LiberationSans
 70
0
 40
0.0
 41
1.0
 50
0.0
 71
0
 42
2.5
  3
LiberationSans-Regular.ttf
  4

  0
STYLE
  5
4F
330
5
100
AcDbSymbolTableRecord
100
AcDbTextStyleTableRecord
  2
LiberationSans-Bold
 70
0
 40
0.0
 41
1.0
 50
0.0
 71
0
 42
2.5
  3
LiberationSans-Bold.ttf
  4

  0
STYLE
  5
50
330
5
100
AcDbSymbolTableRecord
100
AcDbTextStyleTableRecord
  2
LiberationSans-BoldItalic
 70
0
 40
0.0
 41
1.0
 50
0.0
 71
0
 42
2.5
  3
LiberationSans-BoldItalic.ttf
  4

  0
STYLE
  5
51
330
5
100
AcDbSymbolTableRecord
100
AcDbTextStyleTableRecord
  2
LiberationSans-Italic
 70
0
 40
0.0
 41
1.0
 50
0.0
 71
0
 42
2.5
  3
LiberationSans-Italic.ttf
  4

  0
STYLE
  5
52
330
5
100
AcDbSymbolTableRecord
100
AcDbTextStyleTableRecord
  2
LiberationSerif
 70
0
 40
0.0
 41
1.0
 50
0.0
 71
0
 42
2.5
  3
LiberationSerif-Regular.ttf
  4

  0
STYLE
  5
53
330
5
100
AcDbSymbolTableRecord
100
AcDbTextStyleTableRecord
  2
LiberationSerif-Bold
 70
0
 40
0.0
 41
1.0
 50
0.0
 71
0
 42
2.5
  3
LiberationSerif-Bold.ttf
  4

  0
STYLE
  5
54
330
5
100
AcDbSymbolTableRecord
100
AcDbTextStyleTableRecord
  2
LiberationSerif-BoldItalic
 70
0
 40
0.0
 41
1.0
 50
0.0
 71
0
 42
2.5
  3
LiberationSerif-BoldItalic.ttf
  4

  0
STYLE
  5
55
330
5
100
AcDbSymbolTableRecord
100
AcDbTextStyleTableRecord
  2
LiberationSerif-Italic
 70
0
 40
0.0
 41
1.0
 50
0.0
 71
0
 42
2.5
  3
LiberationSerif-Italic.ttf
  4

  0
STYLE
  5
56
330
5
100
AcDbSymbolTableRecord
100
AcDbTextStyleTableRecord
  2
LiberationMono
 70
0
 40
0.0
 41
1.0
 50
0.0
 71
0
 42
2.5
  3
LiberationMono-Regular.ttf
  4

  0
STYLE
  5
57
330
5
100
AcDbSymbolTableRecord
100
AcDbTextStyleTableRecord
  2
LiberationMono-Bold
 70
0
 40
0.0
 41
1.0
 50
0.0
 71
0
 42
2.5
  3
LiberationMono-Bold.ttf
  4

  0
STYLE
  5
58
330
5
100
AcDbSymbolTableRecord
100
AcDbTextStyleTableRecord
  2
LiberationMono-BoldItalic
 70
0
 40
0.0
 41
1.0
 50
0.0
 71
0
 42
2.5
  3
LiberationMono-BoldItalic.ttf
  4

  0
STYLE
  5
59
330
5
100
AcDbSymbolTableRecord
100
AcDbTextStyleTableRecord
  2
LiberationMono-Italic
 70
0
 40
0.0
 41
1.0
 50
0.0
 71
0
 42
2.5
  3
LiberationMono-Italic.ttf
  4

  0
STYLE
  5
9B
330
5
100
AcDbSymbolTableRecord
100
AcDbTextStyleTableRecord
  2
PLAT
 70
0
 40
0.0
 41
1.0
 50
0.0
 71
0
 42
2.5
  3
arial.ttf
  4

  0
ENDTAB
  0
TABLE
  2
VIEW
  5
7
330
0
100
AcDbSymbolTable
 70
0
  0
ENDTAB
  0
TABLE
  2
UCS
  5
6
330
0
100
AcDbSymbolTable
 70
0
  0
ENDTAB
  0
TABLE
  2
APPID
  5
3
330
0
100
AcDbSymbolTable
 70
4
  0
APPID
  5
2A
330
3
100
AcDbSymbolTableRecord
100
AcDbRegAppTableRecord
  2
ACAD
 70
0
  0
APPID
  5
8A
330
3
100
AcDbSymbolTableRecord
100
AcDbRegAppTableRecord
  2
RASTER2DXF
 70
0
  0
APPID
  5
3E5
330
3
100
AcDbSymbolTableRecord
100
AcDbRegAppTableRecord
  2
HATCHBACKGROUNDCOLOR
 70
0
  0
APPID
  5
3E6
330
3
100
AcDbSymbolTableRecord
100
AcDbRegAppTableRecord
  2
EZDXF
 70
0
  0
ENDTAB
  0
TABLE
  2
DIMSTYLE
  5
4
330
0
100
AcDbSymbolTable
 70
12
100
AcDbDimStyleTable
  0
DIMSTYLE
105
2B
330
4
100
AcDbSymbolTableRecord
100
AcDbDimStyleTableRecord
  2
Standard
 70
0
 40
1.0
 41
2.5
 42
0.625
 43
3.75
 44
1.25
 45
0.0
 46
0.0
 47
0.0
 48
0.0
 49
2.5
140
2.5
141
2.5
142
0.0
143
0.03937007874
144
1.0
145
0.0
146
1.0
147
0.625
148
0.0
 69
0
 70
0
 71
0
 72
0
 73
0
 74
0
 75
0
 76
0
 77
1
 78
8
 79
3
170
0
171
3
172
1
173
0
174
0
175
0
176
0
177
0
178
0
179
2
271
2
272
2
273
2
274
3
275
0
276
0
277
2
278
44
279
0
280
0
281
0
282
0
283
0
284
8
285
0
286
0
288
0
289
3
290
0
371
-2
372
-2
  0
DIMSTYLE
105
73
330
4
100
AcDbSymbolTableRecord
100
AcDbDimStyleTableRecord
  2
EZDXF
 70
0
 40
1.0
 41
0.175
 42
0.125
 43
3.75
 44
0.375
 45
0.0
 46
0.0
 47
0.0
 48
0.0
 49
2.5
140
0.25
141
2.5
142
0.0
143
0.03937007874
144
100.0
145
0.0
146
0.5
147
0.1
148
0.0
 69
0
 70
0
 71
0
 72
0
 73
0
 74
0
 75
0
 76
0
 77
1
 78
12
 79
3
170
0
171
3
172
1
173
0
174
0
175
0
176
0
177
0
178
0
179
2
271
2
272
2
273
2
274
3
275
0
276
0
277
2
278
46
279
2
280
0
281
0
282
0
283
0
284
8
285
0
286
0
288
1
289
3
290
0
340
4C
342
74
371
-2
372
-2
  0
DIMSTYLE
105
7C
330
4
100
AcDbSymbolTableRecord
100
AcDbDimStyleTableRecord
  2
EZ_M_100_H25_CM
 70
0
 40
1.0
 41
0.25
 42
0.125
 43
3.75
 44
0.375
 45
0.0
 46
0.0
 47
0.0
 48
0.0
 49
2.5
140
0.25
141
2.5
142
0.125
143
0.03937007874
144
100.0
145
0.0
146
0.5
147
0.1
148
0.0
 69
0
 70
0
 71
0
 72
0
 73
0
 74
0
 75
0
 76
0
 77
1
 78
12
 79
3
170
0
171
3
172
1
173
0
174
0
175
0
176
0
177
0
178
0
179
2
271
2
272
2
273
2
274
3
275
0
276
0
277
2
278
46
279
2
280
0
281
0
282
0
283
0
284
8
285
0
286
0
288
1
289
3
290
0
340
4C
371
-2
372
-2
  0
DIMSTYLE
105
7D
330
4
100
AcDbSymbolTableRecord
100
AcDbDimStyleTableRecord
  2
EZ_M_50_H25_CM
 70
0
 40
1.0
 41
0.125
 42
0.0625
 43
3.75
 44
0.1875
 45
0.0
 46
0.0
 47
0.0
 48
0.0
 49
2.5
140
0.125
141
2.5
142
0.0625
143
0.03937007874
144
100.0
145
0.0
146
0.5
147
0.05
148
0.0
 69
0
 70
0
 71
0
 72
0
 73
0
 74
0
 75
0
 76
0
 77
1
 78
12
 79
3
170
0
171
3
172
1
173
0
174
0
175
0
176
0
177
0
178
0
179
2
271
2
272
2
273
2
274
3
275
0
276
0
277
2
278
46
279
2
280
0
281
0
282
0
283
0
284
8
285
0
286
0
288
1
289
3
290
0
340
4C
371
-2
372
-2
  0
DIMSTYLE
105
7E
330
4
100
AcDbSymbolTableRecord
100
AcDbDimStyleTableRecord
  2
EZ_M_25_H25_CM
 70
0
 40
1.0
 41
0.0625
 42
0.03125
 43
3.75
 44
0.09375
 45
0.0
 46
0.0
 47
0.0
 48
0.0
 49
2.5
140
0.0625
141
2.5
142
0.03125
143
0.03937007874
144
100.0
145
0.0
146
0.5
147
0.025
148
0.0
 69
0
 70
0
 71
0
 72
0
 73
0
 74
0
 75
0
 76
0
 77
1
 78
12
 79
3
170
0
171
3
172
1
173
0
174
0
175
0
176
0
177
0
178
0
179
2
271
2
272
2
273
2
274
3
275
0
276
0
277
2
278
46
279
2
280
0
281
0
282
0
283
0
284
8
285
0
286
0
288
1
289
3
290
0
340
4C
371
-2
372
-2
  0
DIMSTYLE
105
7F
330
4
100
AcDbSymbolTableRecord
100
AcDbDimStyleTableRecord
  2
EZ_M_20_H25_CM
 70
0
 40
1.0
 41
0.05
 42
0.025
 43
3.75
 44
0.07500000000000001
 45
0.0
 46
0.0
 47
0.0
 48
0.0
 49
2.5
140
0.05
141
2.5
142
0.025
143
0.03937007874
144
100.0
145
0.0
146
0.5
147
0.020000000000000004
148
0.0
 69
0
 70
0
 71
0
 72
0
 73
0
 74
0
 75
0
 76
0
 77
1
 78
12
 79
3
170
0
171
3
172
1
173
0
174
0
175
0
176
0
177
0
178
0
179
2
271
2
272
2
273
2
274
3
275
0
276
0
277
2
278
46
279
2
280
0
281
0
282
0
283
0
284
8
285
0
286
0
288
1
289
3
290
0
340
4C
371
-2
372
-2
  0
DIMSTYLE
105
80
330
4
100
AcDbSymbolTableRecord
100
AcDbDimStyleTableRecord
  2
EZ_M_10_H25_CM
 70
0
 40
1.0
 41
0.025
 42
0.0125
 43
3.75
 44
0.037500000000000006
 45
0.0
 46
0.0
 47
0.0
 48
0.0
 49
2.5
140
0.025
141
2.5
142
0.0125
143
0.03937007874
144
100.0
145
0.0
146
0.5
147
0.010000000000000002
148
0.0
 69
0
 70
0
 71
0
 72
0
 73
0
 74
0
 75
0
 76
0
 77
1
 78
12
 79
3
170
0
171
3
172
1
173
0
174
0
175
0
176
0
177
0
178
0
179
2
271
2
272
2
273
2
274
3
275
0
276
0
277
2
278
46
279
2
280
0
281
0
282
0
283
0
284
8
285
0
286
0
288
1
289
3
290
0
340
4C
371
-2
372
-2
  0
DIMSTYLE
105
81
330
4
100
AcDbSymbolTableRecord
100
AcDbDimStyleTableRecord
  2
EZ_M_5_H25_CM
 70
0
 40
1.0
 41
0.0125
 42
0.00625
 43
3.75
 44
0.018750000000000003
 45
0.0
 46
0.0
 47
0.0
 48
0.0
 49
2.5
140
0.0125
141
2.5
142
0.00625
143
0.03937007874
144
100.0
145
0.0
146
0.5
147
0.005000000000000001
148
0.0
 69
0
 70
0
 71
0
 72
0
 73
0
 74
0
 75
0
 76
0
 77
1
 78
12
 79
3
170
0
171
3
172
1
173
0
174
0
175
0
176
0
177
0
178
0
179
2
271
2
272
2
273
2
274
3
275
0
276
0
277
2
278
46
279
2
280
0
281
0
282
0
283
0
284
8
285
0
286
0
288
1
289
3
290
0
340
4C
371
-2
372
-2
  0
DIMSTYLE
105
82
330
4
100
AcDbSymbolTableRecord
100
AcDbDimStyleTableRecord
  2
EZ_M_1_H25_CM
 70
0
 40
1.0
 41
0.0025
 42
0.00125
 43
3.75
 44
0.00375
 45
0.0
 46
0.0
 47
0.0
 48
0.0
 49
2.5
140
0.0025
141
2.5
142
0.00125
143
0.03937007874
144
100.0
145
0.0
146
0.5
147
0.001
148
0.0
 69
0
 70
0
 71
0
 72
0
 73
0
 74
0
 75
0
 76
0
 77
1
 78
12
 79
3
170
0
171
3
172
1
173
0
174
0
175
0
176
0
177
0
178
0
179
2
271
2
272
2
273
2
274
3
275
0
276
0
277
2
278
46
279
2
280
0
281
0
282
0
283
0
284
8
285
0
286
0
288
1
289
3
290
0
340
4C
371
-2
372
-2
  0
DIMSTYLE
105
83
330
4
100
AcDbSymbolTableRecord
100
AcDbDimStyleTableRecord
  2
EZ_RADIUS
 70
0
 40
1.0
 41
0.25
 42
0.125
 43
3.75
 44
0.375
 45
0.0
 46
0.0
 47
0.0
 48
0.0
 49
2.5
140
0.25
141
0.0
142
0.0
143
0.03937007874
144
100.0
145
0.0
146
0.5
147
0.1
148
0.0
 69
0
 70
0
 71
0
 72
0
 73
0
 74
0
 75
0
 76
0
 77
1
 78
12
 79
3
170
0
171
3
172
0
173
0
174
0
175
0
176
0
177
0
178
0
179
2
271
2
272
2
273
2
274
3
275
0
276
0
277
2
278
46
279
1
280
0
281
0
282
0
283
0
284
8
285
0
286
0
288
1
289
3
290
0
340
4C
342
84
371
-2
372
-2
  0
DIMSTYLE
105
88
330
4
100
AcDbSymbolTableRecord
100
AcDbDimStyleTableRecord
  2
EZ_RADIUS_INSIDE
 70
0
 40
1.0
 41
0.25
 42
0.125
 43
3.75
 44
0.375
 45
0.0
 46
0.0
 47
0.0
 48
0.0
 49
2.5
140
0.25
141
0.0
142
0.0
143
0.03937007874
144
100.0
145
0.0
146
0.5
147
0.1
148
0.0
 69
0
 70
0
 71
0
 72
0
 73
0
 74
0
 75
0
 76
0
 77
0
 78
12
 79
3
170
0
171
3
172
0
173
0
174
1
175
0
176
0
177
0
178
0
179
2
271
2
272
2
273
2
274
3
275
0
276
0
277
2
278
46
279
0
280
0
281
0
282
0
283
0
284
8
285
0
286
0
288
1
289
0
290
0
340
4C
342
84
371
-2
372
-2
  0
DIMSTYLE
105
89
330
4
100
AcDbSymbolTableRecord
100
AcDbDimStyleTableRecord
  2
EZ_CURVED
 70
0
 40
1.0
 41
0.25
 42
0.125
 43
3.75
 44
0.375
 45
0.0
 46
0.0
 47
0.0
 48
0.0
 49
2.5
140
0.25
141
2.5
142
0.0
143
0.03937007874
144
100.0
145
0.0
146
0.5
147
0.1
148
0.0
 69
0
 70
0
 71
0
 72
0
 73
0
 74
0
 75
0
 76
0
 77
1
 78
12
 79
2
 90
2
170
0
171
3
172
1
173
0
174
0
175
0
176
0
177
0
178
0
179
2
271
2
272
2
273
2
274
3
275
0
276
0
277
2
278
46
279
2
280
0
281
0
282
0
283
0
284
8
285
0
286
0
288
1
289
3
290
0
340
4C
371
-2
372
-2
  0
ENDTAB
  0
TABLE
  2
BLOCK_RECORD
  5
9
330
0
100
AcDbSymbolTable
 70
5
  0
BLOCK_RECORD
  5
17
330
9
100
AcDbSymbolTableRecord
100
AcDbBlockTableRecord
  2
*Model_Space
340
1A
 70
0
280
1
281
0
  0
BLOCK_RECORD
  5
1B
330
9
100
AcDbSymbolTableRecord
100
AcDbBlockTableRecord
  2
*Paper_Space
340
1E
 70
0
280
1
281
0
  0
BLOCK_RECORD
  5
74
330
9
100
AcDbSymbolTableRecord
100
AcDbBlockTableRecord
  2
_ARCHTICK
340
0
 70
0
280
1
281
0
  0
BLOCK_RECORD
  5
78
330
9
100
AcDbSymbolTableRecord
100
AcDbBlockTableRecord
  2
_CLOSEDFILLED
340
0
 70
0
280
1
281
0
  0
BLOCK_RECORD
  5
84
330
9
100
AcDbSymbolTableRecord
100
AcDbBlockTableRecord
  2
_CLOSEDBLANK
340
0
 70
0
280
1
281
0
  0
ENDTAB
  0
ENDSEC
  0
SECTION
  2
BLOCKS
  0
BLOCK
  5
18
330
17
100
AcDbEntity
  8
0
100
AcDbBlockBegin
  2
*Model_Space
 70
0
 10
0.0
 20
0.0
 30
0.0
  3
*Model_Space
  1

  0
ENDBLK
  5
19
330
17
100
AcDbEntity
  8
0
100
AcDbBlockEnd
  0
BLOCK
  5
1C
330
1B
100
AcDbEntity
  8
0
100
AcDbBlockBegin
  2
*Paper_Space
 70
0
 10
0.0
 20
0.0
 30
0.0
  3
*Paper_Space
  1

  0
ENDBLK
  5
1D
330
1B
100
AcDbEntity
  8
0
100
AcDbBlockEnd
  0
BLOCK
  5
75
330
74
100
AcDbEntity
  8
0
100
AcDbBlockBegin
  2
_ARCHTICK
 70
0
 10
0.0
 20
0.0
 30
0.0
  3
_ARCHTICK
  1

  0
LWPOLYLINE
  5
77
330
74
100
AcDbEntity
  8
0
  6
BYBLOCK
 62
0
100
AcDbPolyline
 90
2
 70
0
 43
0.15
 10
-0.5
 20
-0.5
 10
0.5
 20
0.5
  0
ENDBLK
  5
76
330
74
100
AcDbEntity
  8
0
100
AcDbBlockEnd
  0
BLOCK
  5
79
330
78
100
AcDbEntity
  8
0
100
AcDbBlockBegin
  2
_CLOSEDFILLED
 70
0
 10
0.0
 20
0.0
 30
0.0
  3
_CLOSEDFILLED
  1

  0
SOLID
  5
7B
330
78
100
AcDbEntity
  8
0
  6
BYBLOCK
 62
0
100
AcDbTrace
 10
-1.0
 20
0.16439898372402537
 30
0.0
 11
0.0
 21
0.0
 31
0.0
 12
-1.0
 22
-0.16439898372402537
 32
0.0
 13
-1.0
 23
-0.16439898372402537
 33
0.0
  0
ENDBLK
  5
7A
330
78
100
AcDbEntity
  8
0
100
AcDbBlockEnd
  0
BLOCK
  5
85
330
84
100
AcDbEntity
  8
0
100
AcDbBlockBegin
  2
_CLOSEDBLANK
 70
0
 10
0.0
 20
0.0
 30
0.0
  3
_CLOSEDBLANK
  1

  0
LWPOLYLINE
  5
87
330
84
100
AcDbEntity
  8
0
  6
BYBLOCK
 62
0
100
AcDbPolyline
 90
3
 70
1
 10
-1.0
 20
0.16439898372402537
 10
0.0
 20
0.0
 10
-1.0
 20
-0.16439898372402537
  0
ENDBLK
  5
86
330
84
100
AcDbEntity
  8
0
100
AcDbBlockEnd
  0
ENDSEC
  0
SECTION
  2
ENTITIES
  0
LINE
  5
9C
330
17
100
AcDbEntity
  8
PLAT-LINE
420
16579836
100
AcDbLine
 10
1425.9821845494807
 20
2598.000009370422
 30
0.0
 11
1426.0034977769603
 21
364.0000095737587
 31
0.0
1001
RASTER2DXF
1000
line 0
1040
2234.0
1040
1.0
  0
LINE
  5
9D
330
17
100
AcDbEntity
  8
PLAT-LINE
420
609082
100
AcDbLine
 10
978.0
 20
2579.0
 30
0.0
 11
1176.0
 21
2579.0
 31
0.0
1001
RASTER2DXF
1000
line 1
1040
198.0
1040
1.0
  0
LINE
  5
9E
330
17
100
AcDbEntity
  8
PLAT-LINE
420
609082
100
AcDbLine
 10
981.0
 20
2550.0
 30
0.0
 11
1173.0
 21
2550.0
 31
0.0
1001
RASTER2DXF
1000
line 2
1040
192.0
1040
1.0
  0
LINE
  5
9F
330
17
100
AcDbEntity
  8
PLAT-LINE
420
737614
100
AcDbLine
 10
806.0
 20
2412.0
 30
0.0
 11
1366.0
 21
2412.0
 31
0.0
1001
RASTER2DXF
1000
line 3
1040
560.0
1040
1.0
  0
LINE
  5
A0
330
17
100
AcDbEntity
  8
PLAT-LINE
420
737614
100
AcDbLine
 10
797.0
 20
2403.0
 30
0.0
 11
797.0
 21
2367.0
 31
0.0
1001
RASTER2DXF
1000
line 4
1040
36.0
1040
1.0
  0
LINE
  5
A1
330
17
100
AcDbEntity
  8
PLAT-LINE
420
737614
100
AcDbLine
 10
1375.0
 20
2402.0
 30
0.0
 11
1375.0
 21
2367.0
 31
0.0
1001
RASTER2DXF
1000
line 5
1040
35.0
1040
1.0
  0
LINE
  5
A2
330
17
100
AcDbEntity
  8
PLAT-LINE
420
737614
100
AcDbLine
 10
807.0
 20
2357.0
 30
0.0
 11
1366.0
 21
2357.0
 31
0.0
1001
RASTER2DXF
1000
line 6
1040
559.0
1040
1.0
  0
LINE
  5
A3
330
17
100
AcDbEntity
  8
PLAT-LINE
420
737614
100
AcDbLine
 10
806.0
 20
2342.0
 30
0.0
 11
1366.0
 21
2342.0
 31
0.0
1001
RASTER2DXF
1000
line 7
1040
560.0
1040
1.0
  0
LINE
  5
A4
330
17
100
AcDbEntity
  8
PLAT-LINE
420
737614
100
AcDbLine
 10
797.0
 20
2333.0
 30
0.0
 11
797.0
 21
2297.0
 31
0.0
1001
RASTER2DXF
1000
line 8
1040
36.0
1040
1.0
  0
LINE
  5
A5
330
17
100
AcDbEntity
  8
PLAT-LINE
420
737614
100
AcDbLine
 10
1375.0
 20
2332.0
 30
0.0
 11
1375.0
 21
2297.0
 31
0.0
1001
RASTER2DXF
1000
line 9
1040
35.0
1040
1.0
  0
LINE
  5
A6
330
17
100
AcDbEntity
  8
PLAT-LINE
420
737614
100
AcDbLine
 10
807.0
 20
2287.0
 30
0.0
 11
1366.0
 21
2287.0
 31
0.0
1001
RASTER2DXF
1000
line 10
1040
559.0
1040
1.0
1000
distance=«80.60
1000
curve_data=T=25 .60'
  0
LINE
  5
A7
330
17
100
AcDbEntity
  8
PLAT-LINE
420
61695
100
AcDbLine
 10
341.0
 20
2279.0
 30
0.0
 11
445.0
 21
2279.0
 31
0.0
1001
RASTER2DXF
1000
line 11
1040
104.0
1040
1.0
  0
LINE
  5
A8
330
17
100
AcDbEntity
  8
PLAT-LINE
420
737614
100
AcDbLine
 10
806.0
 20
2272.0
 30
0.0
 11
1366.0
 21
2272.0
 31
0.0
1001
RASTER2DXF
1000
line 12
1040
560.0
1040
1.0
  0
LINE
  5
A9
330
17
100
AcDbEntity
  8
PLAT-LINE
420
737614
100
AcDbLine
 10
797.0
 20
2263.0
 30
0.0
 11
797.0
 21
2226.0
 31
0.0
1001
RASTER2DXF
1000
line 13
1040
37.0
1040
1.0
  0
LINE
  5
AA
330
17
100
AcDbEntity
  8
PLAT-LINE
420
737614
100
AcDbLine
 10
1375.0
 20
2262.0
 30
0.0
 11
1375.0
 21
2226.0
 31
0.0
1001
RASTER2DXF
1000
line 14
1040
36.0
1040
1.0
  0
LINE
  5
AB
330
17
100
AcDbEntity
  8
PLAT-LINE
420
737614
100
AcDbLine
 10
807.0
 20
2216.0
 30
0.0
 11
1366.0
 21
2216.0
 31
0.0
1001
RASTER2DXF
1000
line 15
1040
559.0
1040
1.0
  0
LINE
  5
AC
330
17
100
AcDbEntity
  8
PLAT-LINE
420
6317684
100
AcDbLine
 10
835.045714250891
 20
1895.6568235241148
 30
0.0
 11
814.8462101490768
 21
1892.966064502818
 31
0.0
1001
RASTER2DXF
1000
line 16
1040
20.378
1040
0.899
  0
LINE
  5
AD
330
17
100
AcDbEntity
  8
PLAT-LINE
420
116180
100
AcDbLine
 10
617.1650958168823
 20
1784.5338139888113
 30
0.0
 11
549.0454124794505
 21
1791.5315177305106
 31
0.0
1001
RASTER2DXF
1000
line 17
1040
68.478
1040
1.0
  0
LINE
  5
AE
330
17
100
AcDbEntity
  8
PLAT-LINE
420
57583
100
AcDbLine
 10
549.0454124794505
 20
1791.5315177305106
 30
0.0
 11
525.4011462576416
 21
1766.030162066783
 31
0.0
1001
RASTER2DXF
1000
line 18
1040
34.776
1040
1.0
  0
LINE
  5
AF
330
17
100
AcDbEntity
  8
PLAT-LINE
420
59382
100
AcDbLine
 10
528.8514748462757
 20
1575.163274337909
 30
0.0
 11
527.3597968019152
 21
1657.6806168189871
 31
0.0
1001
RASTER2DXF
1000
line 19
1040
82.531
1040
1.0
  0
LINE
  5
B0
330
17
100
AcDbEntity
  8
PLAT-LINE
420
53471
100
AcDbLine
 10
527.3597968019152
 20
1657.6806168189871
 30
0.0
 11
525.4011462576416
 21
1766.030162066783
 31
0.0
1001
RASTER2DXF
1000
line 20
1040
108.367
1040
1.0
  0
LINE
  5
B1
330
17
100
AcDbEntity
  8
PLAT-LINE
420
61695
100
AcDbLine
 10
617.3549073374753
 20
1784.4516246169283
 30
0.0
 11
712.2479462916463
 21
1743.3624470825457
 31
0.0
1001
RASTER2DXF
1000
line 21
1040
103.407
1040
1.0
  0
LINE
  5
B2
330
17
100
AcDbEntity
  8
PLAT-LINE
420
61181
100
AcDbLine
 10
617.3549073374753
 20
1784.4516246169283
 30
0.0
 11
611.5308253388106
 21
1674.3367140438424
 31
0.0
1001
RASTER2DXF
1000
line 22
1040
110.269
1040
1.0
  0
LINE
  5
B3
330
17
100
AcDbEntity
  8
PLAT-LINE
420
61695
100
AcDbLine
 10
712.1957060326503
 20
1743.2447575768808
 30
0.0
 11
781.8542197974417
 21
1693.9487086198478
 31
0.0
1001
RASTER2DXF
1000
line 23
1040
85.337
1040
0.987
  0
LINE
  5
B4
330
17
100
AcDbEntity
  8
PLAT-LINE
420
59896
100
AcDbLine
 10
781.8542197974417
 20
1693.9487086198478
 30
0.0
 11
840.1827361481135
 21
1652.6706904392881
 31
0.0
1001
RASTER2DXF
1000
line 24
1040
71.457
1040
0.987
  0
LINE
  5
B5
330
17
100
AcDbEntity
  8
PLAT-LINE
420
56811
100
AcDbLine
 10
840.1827361481135
 20
1652.6706904392881
 30
0.0
 11
882.5065498436608
 21
1622.7189059520542
 31
0.0
1001
RASTER2DXF
1000
line 25
1040
51.85
1040
0.987
  0
LINE
  5
B6
330
17
100
AcDbEntity
  8
PLAT-LINE
420
61695
100
AcDbLine
 10
712.1957060326503
 20
1743.2447575768808
 30
0.0
 11
669.0110490552472
 21
1645.9561715388613
 31
0.0
1001
RASTER2DXF
1000
line 26
1040
106.442
1040
1.0
  0
LINE
  5
B7
330
17
100
AcDbEntity
  8
PLAT-LINE
420
61695
100
AcDbLine
 10
781.8542197974417
 20
1693.9487086198478
 30
0.0
 11
726.8462026657403
 21
1616.218925002714
 31
0.0
1001
RASTER2DXF
1000
line 27
1040
95.225
1040
1.0
  0
LINE
  5
B8
330
17
100
AcDbEntity
  8
PLAT-LINE
420
61695
100
AcDbLine
 10
611.5389134026696
 20
1674.4896336676982
 30
0.0
 11
527.3597968019152
 21
1657.6806168189871
 31
0.0
1001
RASTER2DXF
1000
line 28
1040
85.841
1040
1.0
  0
LINE
  5
B9
330
17
100
AcDbEntity
  8
PLAT-LINE
420
61695
100
AcDbLine
 10
611.5308253388106
 20
1674.3367140438424
 30
0.0
 11
636.9302458582034
 21
1661.7393420072945
 31
0.0
1001
RASTER2DXF
1000
line 29
1040
28.352
1040
0.979
  0
LINE
  5
BA
330
17
100
AcDbEntity
  8
PLAT-LINE
420
61438
100
AcDbLine
 10
636.9302458582034
 20
1661.7393420072945
 30
0.0
 11
668.9644936235813
 21
1645.8512891006026
 31
0.0
1001
RASTER2DXF
1000
line 30
1040
35.758
1040
0.979
  0
LINE
  5
BB
330
17
100
AcDbEntity
  8
PLAT-LINE
420
59381
100
AcDbLine
 10
636.9302458582034
 20
1661.7393420072945
 30
0.0
 11
617.4972343162937
 21
1548.502944734561
 31
0.0
1001
RASTER2DXF
1000
line 31
1040
114.892
1040
1.0
  0
LINE
  5
BC
330
17
100
AcDbEntity
  8
PLAT-LINE
420
60667
100
AcDbLine
 10
528.8514748462757
 20
1575.163274337909
 30
0.0
 11
553.0376067534861
 21
1554.702501952304
 31
0.0
1001
RASTER2DXF
1000
line 32
1040
31.68
1040
1.0
  0
LINE
  5
BD
330
17
100
AcDbEntity
  8
PLAT-LINE
420
57069
100
AcDbLine
 10
553.0376067534861
 20
1554.702501952304
 30
0.0
 11
617.4860127238935
 21
1548.4375563776246
 31
0.0
1001
RASTER2DXF
1000
line 33
1040
64.752
1040
1.0
  0
LINE
  5
BE
330
17
100
AcDbEntity
  8
PLAT-LINE
420
61695
100
AcDbLine
 10
840.1827361481135
 20
1652.6706904392881
 30
0.0
 11
730.4760531478669
 21
1497.669130865483
 31
0.0
1001
RASTER2DXF
1000
line 34
1040
189.897
1040
0.981
  0
LINE
  5
BF
330
17
100
AcDbEntity
  8
PLAT-LINE
420
61439
100
AcDbLine
 10
669.0110490552472
 20
1645.9561715388613
 30
0.0
 11
706.9941980231041
 21
1625.8339730918128
 31
0.0
1001
RASTER2DXF
1000
line 35
1040
42.984
1040
1.0
  0
LINE
  5
C0
330
17
100
AcDbEntity
  8
PLAT-LINE
420
61181
100
AcDbLine
 10
706.9930495973584
 20
1625.8301950121927
 30
0.0
 11
727.0627318392488
 21
1616.5248943264824
 31
0.0
1001
RASTER2DXF
1000
line 36
1040
22.122
1040
1.0
  0
LINE
  5
C1
330
17
100
AcDbEntity
  8
PLAT-LINE
420
58354
100
AcDbLine
 10
706.9930495973584
 20
1625.8301950121927
 30
0.0
 11
677.430081316082
 21
1528.574235363566
 31
0.0
1001
RASTER2DXF
1000
line 37
1040
101.65
1040
1.0
  0
LINE
  5
C2
330
17
100
AcDbEntity
  8
PLAT-LINE
420
61438
100
AcDbLine
 10
726.8462026657403
 20
1616.218925002714
 30
0.0
 11
835.9604164735401
 21
1538.9440653583426
 31
0.0
1001
RASTER2DXF
1000
line 38
1040
133.706
1040
0.983
  0
LINE
  5
C3
330
17
100
AcDbEntity
  8
PLAT-LINE
420
126973
100
AcDbLine
 10
895.2524418253028
 20
1606.432576600824
 30
0.0
 11
788.405370507621
 21
1455.7641108928779
 31
0.0
1001
RASTER2DXF
1000
line 39
1040
184.709
1040
0.978
  0
LINE
  5
C4
330
17
100
AcDbEntity
  8
PLAT-LINE
420
60153
100
AcDbLine
 10
617.4972343162937
 20
1548.502944734561
 30
0.0
 11
677.4185494269727
 21
1528.5362978692247
 31
0.0
1001
RASTER2DXF
1000
line 40
1040
63.16
1040
1.0
  0
LINE
  5
C5
330
17
100
AcDbEntity
  8
PLAT-LINE
420
61181
100
AcDbLine
 10
788.405370507621
 20
1455.7641108928779
 30
0.0
 11
730.1985207835104
 21
1497.2770130096605
 31
0.0
1001
RASTER2DXF
1000
line 41
1040
71.494
1040
1.0
  0
LINE
  5
C6
330
17
100
AcDbEntity
  8
PLAT-LINE
420
61181
100
AcDbLine
 10
677.430081316082
 20
1528.574235363566
 30
0.0
 11
730.4760531478669
 21
1497.669130865483
 31
0.0
1001
RASTER2DXF
1000
line 42
1040
61.392
1040
1.0
  0
LINE
  5
C7
330
17
100
AcDbEntity
  8
PLAT-LINE
420
737356
100
AcDbLine
 10
38.0
 20
1354.0
 30
0.0
 11
1387.0
 21
1354.0
 31
0.0
1001
RASTER2DXF
1000
line 43
1040
1349.0
1040
1.0
  0
LINE
  5
C8
330
17
100
AcDbEntity
  8
PLAT-LINE
420
802896
100
AcDbLine
 10
24.0
 20
1341.0
 30
0.0
 11
24.0
 21
1233.0
 31
0.0
1001
RASTER2DXF
1000
line 44
1040
108.0
1040
1.0
  0
LINE
  5
C9
330
17
100
AcDbEntity
  8
PLAT-LINE
420
671306
100
AcDbLine
 10
1400.0
 20
1339.0
 30
0.0
 11
1400.0
 21
1235.0
 31
0.0
1001
RASTER2DXF
1000
line 45
1040
104.0
1040
1.0
  0
LINE
  5
CA
330
17
100
AcDbEntity
  8
PLAT-LINE
420
1004358
100
AcDbLine
 10
989.0
 20
1331.0
 30
0.0
 11
1129.0
 21
1331.0
 31
0.0
1001
RASTER2DXF
1000
line 46
1040
140.0
1040
1.0
  0
LINE
  5
CB
330
17
100
AcDbEntity
  8
PLAT-LINE
420
2169660
100
AcDbLine
 10
836.5971655037865
 20
1330.0757761151099
 30
0.0
 11
965.0006667121968
 21
1330.9390568907752
 31
0.0
1001
RASTER2DXF
1000
line 47
1040
128.406
1040
1.0
  0
LINE
  5
CC
330
17
100
AcDbEntity
  8
PLAT-LINE
420
2169917
100
AcDbLine
 10
815.8657686073225
 20
1326.1338461900332
 30
0.0
 11
815.272834682084
 21
1296.988891659578
 31
0.0
1001
RASTER2DXF
1000
line 48
1040
29.151
1040
1.0
  0
LINE
  5
CD
330
17
100
AcDbEntity
  8
PLAT-LINE
420
4795507
100
AcDbLine
 10
970.0684335323631
 20
1322.999414756016
 30
0.0
 11
969.8545758847515
 21
1297.992691661849
 31
0.0
1001
RASTER2DXF
1000
line 49
1040
25.008
1040
1.0
  0
LINE
  5
CE
330
17
100
AcDbEntity
  8
PLAT-LINE
420
938822
100
AcDbLine
 10
981.0
 20
1323.0
 30
0.0
 11
981.0
 21
1300.0
 31
0.0
1001
RASTER2DXF
1000
line 50
1040
23.0
1040
1.0
  0
LINE
  5
CF
330
17
100
AcDbEntity
  8
PLAT-LINE
420
1004358
100
AcDbLine
 10
1137.0
 20
1323.0
 30
0.0
 11
1137.0
 21
1300.0
 31
0.0
1001
RASTER2DXF
1000
line 51
1040
23.0
1040
1.0
  0
LINE
  5
D0
330
17
100
AcDbEntity
  8
PLAT-LINE
420
798267
100
AcDbLine
 10
785.5123515856006
 20
1330.0764667425613
 30
0.0
 11
665.8661538100565
 21
1330.1342313925898
 31
0.0
1001
RASTER2DXF
1000
line 52
1040
119.646
1040
1.0
  0
LINE
  5
D1
330
17
100
AcDbEntity
  8
PLAT-LINE
420
2827551
100
AcDbLine
 10
1261.5123515845223
 20
1330.0764667439735
 30
0.0
 11
1152.866153810069
 21
1330.1342313925772
 31
0.0
1001
RASTER2DXF
1000
line 53
1040
108.646
1040
1.0
  0
LINE
  5
D2
330
17
100
AcDbEntity
  8
PLAT-LINE
420
798268
100
AcDbLine
 10
669.0
 20
1292.0
 30
0.0
 11
799.3816765223849
 21
1293.6116437312226
 31
0.0
1001
RASTER2DXF
1000
line 54
1040
130.392
1040
1.0
  0
LINE
  5
D3
330
17
100
AcDbEntity
  8
PLAT-LINE
420
4795507
100
AcDbLine
 10
823.0
 20
1292.0
 30
0.0
 11
962.0
 21
1292.0
 31
0.0
1001
RASTER2DXF
1000
line 55
1040
139.0
1040
1.0
  0
LINE
  5
D4
330
17
100
AcDbEntity
  8
PLAT-LINE
420
1004358
100
AcDbLine
 10
989.0
 20
1292.0
 30
0.0
 11
1129.0
 21
1292.0
 31
0.0
1001
RASTER2DXF
1000
line 56
1040
140.0
1040
1.0
  0
LINE
  5
D5
330
17
100
AcDbEntity
  8
PLAT-LINE
420
2893344
100
AcDbLine
 10
1156.0
 20
1292.0
 30
0.0
 11
1275.3816765224335
 21
1293.6116437311819
 31
0.0
1001
RASTER2DXF
1000
line 57
1040
119.393
1040
1.0
  0
LINE
  5
D6
330
17
100
AcDbEntity
  8
PLAT-LINE
420
737099
100
AcDbLine
 10
37.0
 20
1220.0
 30
0.0
 11
1387.0
 21
1220.0
 31
0.0
1001
RASTER2DXF
1000
line 58
1040
1350.0
1040
1.0
  0
LINE
  5
D7
330
17
100
AcDbEntity
  8
PLAT-LINE
420
366501
100
AcDbLine
 10
26.008355968330193
 20
1122.9999052090195
 30
0.0
 11
26.031966630221405
 21
875.9999074659563
 31
0.0
1001
RASTER2DXF
1000
line 59
1040
247.0
1040
1.0
  0
LINE
  5
D8
330
17
100
AcDbEntity
  8
PLAT-LINE
420
366501
100
AcDbLine
 10
375.00835596833014
 20
1122.9999052090195
 30
0.0
 11
375.03196663022135
 21
875.9999074659563
 31
0.0
1001
RASTER2DXF
1000
line 60
1040
247.0
1040
1.0
  0
LINE
  5
D9
330
17
100
AcDbEntity
  8
PLAT-LINE
420
366501
100
AcDbLine
 10
724.0083559683301
 20
1122.9999052090195
 30
0.0
 11
724.0319666302213
 21
875.9999074659563
 31
0.0
1001
RASTER2DXF
1000
line 61
1040
247.0
1040
1.0
  0
LINE
  5
DA
330
17
100
AcDbEntity
  8
PLAT-LINE
420
366501
100
AcDbLine
 10
1072.0083559683303
 20
1122.9999052090195
 30
0.0
 11
1072.0319666302214
 21
875.9999074659563
 31
0.0
1001
RASTER2DXF
1000
line 62
1040
247.0
1040
1.0
  0
LINE
  5
DB
330
17
100
AcDbEntity
  8
PLAT-LINE
420
366501
100
AcDbLine
 10
26.008355968330193
 20
850.9999052090195
 30
0.0
 11
26.031966630221405
 21
603.9999074659563
 31
0.0
1001
RASTER2DXF
1000
line 63
1040
247.0
1040
1.0
  0
LINE
  5
DC
330
17
100
AcDbEntity
  8
PLAT-LINE
420
366501
100
AcDbLine
 10
375.00835596833014
 20
850.9999052090195
 30
0.0
 11
375.03196663022135
 21
603.9999074659563
 31
0.0
1001
RASTER2DXF
1000
line 64
1040
247.0
1040
1.0
  0
LINE
  5
DD
330
17
100
AcDbEntity
  8
PLAT-LINE
420
366501
100
AcDbLine
 10
724.0083559683301
 20
850.9999052090195
 30
0.0
 11
724.0319666302213
 21
603.9999074659563
 31
0.0
1001
RASTER2DXF
1000
line 65
1040
247.0
1040
1.0
  0
LINE
  5
DE
330
17
100
AcDbEntity
  8
PLAT-LINE
420
366501
100
AcDbLine
 10
1072.0083559683303
 20
850.9999052090195
 30
0.0
 11
1072.0319666302214
 21
603.9999074659563
 31
0.0
1001
RASTER2DXF
1000
line 66
1040
247.0
1040
1.0
  0
LINE
  5
DF
330
17
100
AcDbEntity
  8
PLAT-LINE
420
366501
100
AcDbLine
 10
26.008355968330193
 20
578.9999052090195
 30
0.0
 11
26.031966630221405
 21
331.9999074659563
 31
0.0
1001
RASTER2DXF
1000
line 67
1040
247.0
1040
1.0
  0
LINE
  5
E0
330
17
100
AcDbEntity
  8
PLAT-LINE
420
61695
100
AcDbLine
 10
31.00118877494424
 20
2586.1080380502794
 30
0.0
 11
62.2435417339816
 21
2585.208408079728
 31
0.0
1001
RASTER2DXF
1000
line 68
1040
31.255
1040
1.0
  0
LINE
  5
E1
330
17
100
AcDbEntity
  8
PLAT-LINE
420
338738
100
AcDbLine
 10
367.1062310237832
 20
2582.6069223205186
 30
0.0
 11
414.0249214896708
 21
2582.047646516293
 31
0.0
1001
RASTER2DXF
1000
line 69
1040
46.922
1040
1.0
  0
LINE
  5
E2
330
17
100
AcDbEntity
  8
PLAT-LINE
420
338738
100
AcDbLine
 10
404.4619004279461
 20
2563.87268338253
 30
0.0
 11
366.15400172640557
 21
2564.398886513601
 31
0.0
1001
RASTER2DXF
1000
line 70
1040
38.312
1040
1.0
  0
LINE
  5
E3
330
17
100
AcDbEntity
  8
PLAT-LINE
420
676706
100
AcDbLine
 10
52.61916105943169
 20
2478.313393008939
 30
0.0
 11
75.58578318955279
 21
2476.570875285111
 31
0.0
1001
RASTER2DXF
1000
line 71
1040
23.033
1040
1.0
1000
distance=61
  0
LINE
  5
E4
330
17
100
AcDbEntity
  8
PLAT-LINE
420
675935
100
AcDbLine
 10
800.6191610594326
 20
2478.3133930089375
 30
0.0
 11
823.5857831895572
 21
2476.5708752851165
 31
0.0
1001
RASTER2DXF
1000
line 72
1040
23.033
1040
1.0
1000
distance=62
  0
LINE
  5
E5
330
17
100
AcDbEntity
  8
PLAT-LINE
420
928814
100
AcDbLine
 10
1230.075927879728
 20
2476.702268545348
 30
0.0
 11
1368.9735690988348
 21
2475.9527051326727
 31
0.0
1001
RASTER2DXF
1000
line 73
1040
138.9
1040
1.0
  0
LINE
  5
E6
330
17
100
AcDbEntity
  8
PLAT-LINE
420
928814
100
AcDbLine
 10
1358.4101792556248
 20
2455.8334598555975
 30
0.0
 11
1228.1630533130553
 21
2456.348955246289
 31
0.0
1001
RASTER2DXF
1000
line 74
1040
130.248
1040
1.0
  0
LINE
  5
E7
330
17
100
AcDbEntity
  8
PLAT-LINE
420
870978
100
AcDbLine
 10
1316.736623026308
 20
2395.2634739849887
 30
0.0
 11
1356.6999661425953
 21
2393.6309055577044
 31
0.0
1001
RASTER2DXF
1000
line 75
1040
39.997
1040
1.0
  0
LINE
  5
E8
330
17
100
AcDbEntity
  8
PLAT-LINE
420
865076
100
AcDbLine
 10
1343.53635761509
 20
2374.8904536566606
 30
0.0
 11
1315.9458019644494
 21
2374.9536272402197
 31
0.0
1001
RASTER2DXF
1000
line 76
1040
27.591
1040
1.0
  0
LINE
  5
E9
330
17
100
AcDbEntity
  8
PLAT-LINE
420
870978
100
AcDbLine
 10
1286.7786482990707
 20
2324.2390179185627
 30
0.0
 11
1356.7633700707202
 21
2322.7049951383824
 31
0.0
1001
RASTER2DXF
1000
line 77
1040
70.002
1040
1.0
  0
LINE
  5
EA
330
17
100
AcDbEntity
  8
PLAT-LINE
420
865076
100
AcDbLine
 10
1344.4670996786076
 20
2304.801603207535
 30
0.0
 11
1285.958533617467
 21
2304.9622349779647
 31
0.0
1001
RASTER2DXF
1000
line 78
1040
58.509
1040
1.0
  0
LINE
  5
EB
330
17
100
AcDbEntity
  8
PLAT-LINE
420
870978
100
AcDbLine
 10
1285.7786482991141
 20
2254.2390179185195
 30
0.0
 11
1356.7633700707572
 21
2252.70499513843
 31
0.0
1001
RASTER2DXF
1000
line 79
1040
71.001
1040
1.0
  0
LINE
  5
EC
330
17
100
AcDbEntity
  8
PLAT-LINE
420
865076
100
AcDbLine
 10
1344.4670996785953
 20
2234.8016032075175
 30
0.0
 11
1284.9585336175555
 21
2234.9622349780443
 31
0.0
1001
RASTER2DXF
1000
line 80
1040
59.509
1040
1.0
  0
LINE
  5
ED
330
17
100
AcDbEntity
  8
PLAT-LINE
420
1132351
100
AcDbLine
 10
1298.778648299101
 20
2184.239017918533
 30
0.0
 11
1356.763370070719
 21
2182.704995138382
 31
0.0
1001
RASTER2DXF
1000
line 81
1040
58.005
1040
1.0
  0
LINE
  5
EE
330
17
100
AcDbEntity
  8
PLAT-LINE
420
1126194
100
AcDbLine
 10
1344.4670996786288
 20
2164.8016032075725
 30
0.0
 11
1297.9585336175328
 21
2164.962234978024
 31
0.0
1001
RASTER2DXF
1000
line 82
1040
46.509
1040
1.0
  0
LINE
  5
EF
330
17
100
AcDbEntity
  8
PLAT-LINE
420
675935
100
AcDbLine
 10
52.619161059398834
 20
1907.3133930089648
 30
0.0
 11
75.58578318955881
 21
1905.5708752851183
 31
0.0
1001
RASTER2DXF
1000
line 83
1040
23.033
1040
1.0
1000
distance=63
  0
LINE
  5
F0
330
17
100
AcDbEntity
  8
PLAT-LINE
420
215120
100
AcDbLine
 10
27.619161059380986
 20
1182.3133930089784
 30
0.0
 11
50.58578319009018
 21
1180.5708752860814
 31
0.0
1001
RASTER2DXF
1000
line 84
1040
23.033
1040
1.0
1000
distance=04
  0
LINE
  5
F1
330
17
100
AcDbEntity
  8
PLAT-LINE
420
928814
100
AcDbLine
 10
297.6566858705801
 20
1104.3000757768266
 30
0.0
 11
331.5345738733275
 21
1102.4624166253268
 31
0.0
1001
RASTER2DXF
1000
line 85
1040
33.928
1040
1.0
  0
LINE
  5
F2
330
17
100
AcDbEntity
  8
PLAT-LINE
420
940360
100
AcDbLine
 10
326.23626994004576
 20
1080.0704108246387
 30
0.0
 11
296.92197417873734
 21
1081.9403635283843
 31
0.0
1001
RASTER2DXF
1000
line 86
1040
29.374
1040
1.0
  0
LINE
  5
F3
330
17
100
AcDbEntity
  8
PLAT-LINE
420
928814
100
AcDbLine
 10
645.6566858687363
 20
1104.3000757782113
 30
0.0
 11
680.5345738733191
 21
1102.4624166253013
 31
0.0
1001
RASTER2DXF
1000
line 87
1040
34.926
1040
1.0
  0
LINE
  5
F4
330
17
100
AcDbEntity
  8
PLAT-LINE
420
940360
100
AcDbLine
 10
675.2362699399532
 20
1080.070410824896
 30
0.0
 11
644.9219741786235
 21
1081.9403635283238
 31
0.0
1001
RASTER2DXF
1000
line 88
1040
30.372
1040
1.0
  0
LINE
  5
F5
330
17
100
AcDbEntity
  8
PLAT-LINE
420
928814
100
AcDbLine
 10
994.6566858688725
 20
1104.3000757780983
 30
0.0
 11
1028.5345738733743
 21
1102.4624166253675
 31
0.0
1001
RASTER2DXF
1000
line 89
1040
33.928
1040
1.0
  0
LINE
  5
F6
330
17
100
AcDbEntity
  8
PLAT-LINE
420
940360
100
AcDbLine
 10
1023.2362699399625
 20
1080.0704108248617
 30
0.0
 11
993.9219741788697
 21
1081.9403635285098
 31
0.0
1001
RASTER2DXF
1000
line 90
1040
29.374
1040
1.0
  0
LINE
  5
F7
330
17
100
AcDbEntity
  8
PLAT-LINE
420
928814
100
AcDbLine
 10
1343.6566858687727
 20
1104.3000757781872
 30
0.0
 11
1377.5345738734595
 21
1102.4624166254666
 31
0.0
1001
RASTER2DXF
1000
line 91
1040
33.928
1040
1.0
  0
LINE
  5
F8
330
17
100
AcDbEntity
  8
PLAT-LINE
420
940360
100
AcDbLine
 10
1372.2362699399916
 20
1080.0704108247464
 30
0.0
 11
1342.9219741787679
 21
1081.9403635284316
 31
0.0
1001
RASTER2DXF
1000
line 92
1040
29.374
1040
1.0
  0
LINE
  5
F9
330
17
100
AcDbEntity
  8
PLAT-LINE
420
613224
100
AcDbLine
 10
47.000004734701974
 20
925.0144881195495
 30
0.0
 11
181.39020308798956
 21
924.1715340770666
 31
0.0
1001
RASTER2DXF
1000
line 93
1040
134.393
1040
1.0
  0
LINE
  5
FA
330
17
100
AcDbEntity
  8
PLAT-LINE
420
797239
100
AcDbLine
 10
181.39020308800343
 20
892.8284659229278
 30
0.0
 11
45.82655644501938
 21
892.877637159215
 31
0.0
1001
RASTER2DXF
1000
line 94
1040
135.564
1040
1.0
  0
LINE
  5
FB
330
17
100
AcDbEntity
  8
PLAT-LINE
420
613224
100
AcDbLine
 10
396.000004734702
 20
925.0144881195495
 30
0.0
 11
530.39020308799
 21
924.1715340770663
 31
0.0
1001
RASTER2DXF
1000
line 95
1040
134.393
1040
1.0
  0
LINE
  5
FC
330
17
100
AcDbEntity
  8
PLAT-LINE
420
797239
100
AcDbLine
 10
530.3902030880548
 20
892.8284659229071
 30
0.0
 11
394.82655644507935
 21
892.8776371592551
 31
0.0
1001
RASTER2DXF
1000
line 96
1040
135.564
1040
1.0
  0
LINE
  5
FD
330
17
100
AcDbEntity
  8
PLAT-LINE
420
613224
100
AcDbLine
 10
745.000004734702
 20
925.0144881195495
 30
0.0
 11
879.3902030879805
 21
924.1715340770627
 31
0.0
1001
RASTER2DXF
1000
line 97
1040
134.393
1040
1.0
  0
LINE
  5
FE
330
17
100
AcDbEntity
  8
PLAT-LINE
420
797239
100
AcDbLine
 10
879.3902030879968
 20
892.8284659229305
 30
0.0
 11
743.8265564449707
 21
892.8776371591835
 31
0.0
1001
RASTER2DXF
1000
line 98
1040
135.564
1040
1.0
  0
LINE
  5
FF
330
17
100
AcDbEntity
  8
PLAT-LINE
420
613224
100
AcDbLine
 10
1093.0000046320379
 20
925.0143839549253
 30
0.0
 11
1228.3902030880918
 21
924.1715340771059
 31
0.0
1001
RASTER2DXF
1000
line 99
1040
135.393
1040
1.0
  0
LINE
  5
100
330
17
100
AcDbEntity
  8
PLAT-LINE
420
797239
100
AcDbLine
 10
1228.3902030880658
 20
892.8284659229048
 30
0.0
 11
1091.8265564450624
 21
892.8776371592421
 31
0.0
1001
RASTER2DXF
1000
line 100
1040
136.564
1040
1.0
  0
LINE
  5
101
330
17
100
AcDbEntity
  8
PLAT-LINE
420
928814
100
AcDbLine
 10
297.6958866037479
 20
832.2836183675888
 30
0.0
 11
331.48738617948334
 21
830.3314397917222
 31
0.0
1001
RASTER2DXF
1000
line 101
1040
33.848
1040
1.0
  0
LINE
  5
102
330
17
100
AcDbEntity
  8
PLAT-LINE
420
1007179
100
AcDbLine
 10
323.9794439290064
 20
809.4148448331837
 30
0.0
 11
296.93360384357965
 21
810.9464045335656
 31
0.0
1001
RASTER2DXF
1000
line 102
1040
27.089
1040
1.0
  0
LINE
  5
103
330
17
100
AcDbEntity
  8
PLAT-LINE
420
928814
100
AcDbLine
 10
645.6958866017475
 20
832.2836183692057
 30
0.0
 11
680.4873861796351
 21
830.3314397919237
 31
0.0
1001
RASTER2DXF
1000
line 103
1040
34.846
1040
1.0
  0
LINE
  5
104
330
17
100
AcDbEntity
  8
PLAT-LINE
420
1007179
100
AcDbLine
 10
672.979443929002
 20
809.4148448330816
 30
0.0
 11
644.9336038433119
 21
810.9464045333789
 31
0.0
1001
RASTER2DXF
1000
line 104
1040
28.088
1040
1.0
  0
LINE
  5
105
330
17
100
AcDbEntity
  8
PLAT-LINE
420
928814
100
AcDbLine
 10
994.6958866016431
 20
832.2836183692859
 30
0.0
 11
1028.4873861793708
 21
830.3314397915528
 31
0.0
1001
RASTER2DXF
1000
line 105
1040
33.848
1040
1.0
  0
LINE
  5
106
330
17
100
AcDbEntity
  8
PLAT-LINE
420
1007179
100
AcDbLine
 10
1020.9794439290038
 20
809.4148448334436
 30
0.0
 11
993.9336038432025
 21
810.9464045332938
 31
0.0
1001
RASTER2DXF
1000
line 106
1040
27.089
1040
1.0
  0
LINE
  5
107
330
17
100
AcDbEntity
  8
PLAT-LINE
420
928814
100
AcDbLine
 10
1343.6958866016223
 20
832.2836183693089
 30
0.0
 11
1377.4873861795704
 21
830.3314397918316
 31
0.0
1001
RASTER2DXF
1000
line 107
1040
33.848
1040
1.0
  0
LINE
  5
108
330
17
100
AcDbEntity
  8
PLAT-LINE
420
941643
100
AcDbLine
 10
1369.9794439290017
 20
809.4148448331662
 30
0.0
 11
1342.9336038432054
 21
810.9464045332954
 31
0.0
1001
RASTER2DXF
1000
line 108
1040
27.089
1040
1.0
  0
LINE
  5
109
330
17
100
AcDbEntity
  8
PLAT-LINE
420
613224
100
AcDbLine
 10
47.000004734701974
 20
653.0144881195495
 30
0.0
 11
181.39020308803754
 21
652.1715340770875
 31
0.0
1001
RASTER2DXF
1000
line 109
1040
134.393
1040
1.0
  0
LINE
  5
10A
330
17
100
AcDbEntity
  8
PLAT-LINE
420
797239
100
AcDbLine
 10
181.3902030880488
 20
620.828465922908
 30
0.0
 11
45.82655644497606
 21
620.8776371591848
 31
0.0
1001
RASTER2DXF
1000
line 110
1040
135.564
1040
1.0
  0
LINE
  5
10B
330
17
100
AcDbEntity
  8
PLAT-LINE
420
613224
100
AcDbLine
 10
396.000004734702
 20
653.0144881195495
 30
0.0
 11
530.3902030880521
 21
652.1715340770934
 31
0.0
1001
RASTER2DXF
1000
line 111
1040
134.393
1040
1.0
  0
LINE
  5
10C
330
17
100
AcDbEntity
  8
PLAT-LINE
420
797239
100
AcDbLine
 10
530.3902030881568
 20
620.8284659228636
 30
0.0
 11
394.82655644502626
 21
620.877637159223
 31
0.0
1001
RASTER2DXF
1000
line 112
1040
135.564
1040
1.0
  0
LINE
  5
10D
330
17
100
AcDbEntity
  8
PLAT-LINE
420
613224
100
AcDbLine
 10
745.000004734702
 20
653.0144881195495
 30
0.0
 11
879.3902030880499
 21
652.1715340770925
 31
0.0
1001
RASTER2DXF
1000
line 113
1040
134.393
1040
1.0
  0
LINE
  5
10E
330
17
100
AcDbEntity
  8
PLAT-LINE
420
797239
100
AcDbLine
 10
879.3902030880618
 20
620.8284659229025
 30
0.0
 11
743.8265564450336
 21
620.8776371592207
 31
0.0
1001
RASTER2DXF
1000
line 114
1040
135.564
1040
1.0
1000
distance=107
  0
LINE
  5
10F
330
17
100
AcDbEntity
  8
PLAT-LINE
420
613225
100
AcDbLine
 10
1093.0000046320379
 20
653.0143839549253
 30
0.0
 11
1228.3902030880588
 21
652.1715340770952
 31
0.0
1001
RASTER2DXF
1000
line 115
1040
135.393
1040
1.0
  0
LINE
  5
110
330
17
100
AcDbEntity
  8
PLAT-LINE
420
862777
100
AcDbLine
 10
1228.3902030880615
 20
620.8284659229037
 30
0.0
 11
1091.8265564452001
 21
620.8776371593356
 31
0.0
1001
RASTER2DXF
1000
line 116
1040
136.564
1040
1.0
  0
LINE
  5
111
330
17
100
AcDbEntity
  8
PLAT-LINE
420
928814
100
AcDbLine
 10
297.69588660362376
 20
560.2836183677091
 30
0.0
 11
331.48738617955644
 21
558.3314397918211
 31
0.0
1001
RASTER2DXF
1000
line 117
1040
33.848
1040
1.0
  0
LINE
  5
112
330
17
100
AcDbEntity
  8
PLAT-LINE
420
1007179
100
AcDbLine
 10
323.9794439290048
 20
537.4148448331207
 30
0.0
 11
296.9336038435244
 21
538.9464045335194
 31
0.0
1001
RASTER2DXF
1000
line 118
1040
27.089
1040
1.0
  0
LINE
  5
113
330
17
100
AcDbEntity
  8
PLAT-LINE
420
613224
100
AcDbLine
 10
47.000004734701974
 20
382.0144881195497
 30
0.0
 11
181.40451270125448
 21
381.17173270140074
 31
0.0
1001
RASTER2DXF
1000
line 119
1040
134.407
1040
1.0
  0
LINE
  5
114
330
17
100
AcDbEntity
  8
PLAT-LINE
420
797239
100
AcDbLine
 10
181.40451270124856
 20
348.828267298602
 30
0.0
 11
45.826556445009714
 21
348.87763715920664
 31
0.0
1001
RASTER2DXF
1000
line 120
1040
135.578
1040
1.0
  0
LINE
  5
115
330
17
100
AcDbEntity
  8
PLAT-LINE
420
739415
100
AcDbLine
 10
1278.6191610594133
 20
195.3133930089607
 30
0.0
 11
1313.585783189536
 21
193.57087528509373
 31
0.0
1001
RASTER2DXF
1000
line 121
1040
35.01
1040
1.0
  0
LINE
  5
116
330
17
100
AcDbEntity
  8
PLAT-LINE
420
677477
100
AcDbLine
 10
1309.4333274813073
 20
170.02596441965397
 30
0.0
 11
1277.910925354633
 21
171.93532968014097
 31
0.0
1001
RASTER2DXF
1000
line 122
1040
31.58
1040
1.0
  0
LINE
  5
117
330
17
100
AcDbEntity
  8
PLAT-LINE
420
673622
100
AcDbLine
 10
1278.5833764223812
 20
141.32404301097677
 30
0.0
 11
1313.6810125632753
 21
139.70917062616581
 31
0.0
1001
RASTER2DXF
1000
line 123
1040
35.135
1040
1.0
  0
LINE
  5
118
330
17
100
AcDbEntity
  8
PLAT-LINE
420
611940
100
AcDbLine
 10
1310.5789580102773
 20
115.11744113822488
 30
0.0
 11
1277.9004542921707
 21
116.93115392219852
 31
0.0
1001
RASTER2DXF
1000
line 124
1040
32.729
1040
1.0
  0
LINE
  5
119
330
17
100
AcDbEntity
  8
PLAT-LINE
420
673621
100
AcDbLine
 10
1278.5833764224521
 20
86.3240430109222
 30
0.0
 11
1313.681012563536
 21
84.70917062641638
 31
0.0
1001
RASTER2DXF
1000
line 125
1040
35.135
1040
1.0
  0
LINE
  5
11A
330
17
100
AcDbEntity
  8
PLAT-LINE
420
611940
100
AcDbLine
 10
1310.5789580104224
 20
60.11744113803752
 30
0.0
 11
1277.9004542922453
 21
61.931153922249905
 31
0.0
1001
RASTER2DXF
1000
line 126
1040
32.729
1040
1.0
  0
LINE
  5
11B
330
17
100
AcDbEntity
  8
PLAT-LINE
420
673621
100
AcDbLine
 10
1278.5833764224412
 20
31.324043010927653
 30
0.0
 11
1313.6810125631528
 21
29.709170626048945
 31
0.0
1001
RASTER2DXF
1000
line 127
1040
35.135
1040
1.0
  0
LINE
  5
11C
330
17
100
AcDbEntity
  8
PLAT-LINE
420
611940
100
AcDbLine
 10
1310.578958010201
 20
5.117441138327649
 30
0.0
 11
1277.9004542922196
 21
6.931153922233079
 31
0.0
1001
RASTER2DXF
1000
line 128
1040
32.729
1040
1.0
  0
LINE
  5
11D
330
17
100
AcDbEntity
  8
PLAT-LINE
420
5527646
100
AcDbLine
 10
559.0
 20
998.9999999999995
 30
0.0
 11
585.0
 21
999.0000000000005
 31
0.0
1001
RASTER2DXF
1000
line 129
1040
26.0
1040
0.846
  0
ARC
  5
11E
330
17
100
AcDbEntity
  8
PLAT-CURVE
420
8452095
100
AcDbCircle
 10
270.6688579656281
 20
2574.1459338659233
 30
0.0
 40
4.876265024635123
100
AcDbArc
 50
58.83224344079966
 51
-53.46149498250895
1001
RASTER2DXF
1000
arc 0
1040
4.876
1040
21.082
  0
ARC
  5
11F
330
17
100
AcDbEntity
  8
PLAT-CURVE
420
16777215
100
AcDbCircle
 10
90.29298873635571
 20
2574.0775331748455
 30
0.0
 40
4.927538250067018
100
AcDbArc
 50
38.250903466173334
 51
-29.267729535795116
1001
RASTER2DXF
1000
arc 1
1040
4.928
1040
25.154
  0
ARC
  5
120
330
17
100
AcDbEntity
  8
PLAT-CURVE
420
11008767
100
AcDbCircle
 10
244.59308510638135
 20
2573.999999999999
 30
0.0
 40
4.877649665098904
100
AcDbArc
 50
41.36592123539434
 51
-41.36592123537926
1001
RASTER2DXF
1000
arc 2
1040
4.878
1040
23.604
  0
ARC
  5
121
330
17
100
AcDbEntity
  8
PLAT-CURVE
420
6747903
100
AcDbCircle
 10
282.77713441167833
 20
2573.9071004618127
 30
0.0
 40
4.915152286952706
100
AcDbArc
 50
-125.40489722119253
 51
131.92087153764032
1001
RASTER2DXF
1000
arc 3
1040
4.915
1040
22.075
  0
ARC
  5
122
330
17
100
AcDbEntity
  8
PLAT-CURVE
420
61695
100
AcDbCircle
 10
45.499999999999886
 20
2565.094594594594
 30
0.0
 40
8.71714849403536
100
AcDbArc
 50
33.18685529986372
 51
146.81314470013297
1001
RASTER2DXF
1000
arc 4
1040
8.717
1040
17.287
  0
ARC
  5
123
330
17
100
AcDbEntity
  8
PLAT-CURVE
420
61695
100
AcDbCircle
 10
45.49999999999977
 20
2568.0739644970413
 30
0.0
 40
12.464665931436743
100
AcDbArc
 50
-136.31397670926447
 51
-43.68602329073518
1001
RASTER2DXF
1000
arc 5
1040
12.465
1040
20.151
  0
ARC
  5
124
330
17
100
AcDbEntity
  8
PLAT-CURVE
420
16777215
100
AcDbCircle
 10
98.71898803046872
 20
2467.485310119697
 30
0.0
 40
5.506255188098026
100
AcDbArc
 50
136.26748110433547
 51
-63.04431127866431
1001
RASTER2DXF
1000
arc 6
1040
5.506
1040
15.443
  0
ARC
  5
125
330
17
100
AcDbEntity
  8
PLAT-CURVE
420
241597
100
AcDbCircle
 10
533.5507364960448
 20
2098.5255448473754
 30
0.0
 40
11.634735792226689
100
AcDbArc
 50
92.74790210135248
 51
-92.73573992351038
1001
RASTER2DXF
1000
arc 7
1040
11.635
1040
35.438
  0
ARC
  5
126
330
17
100
AcDbEntity
  8
PLAT-CURVE
420
58097
100
AcDbCircle
 10
553.3562585372432
 20
2098.5205154649257
 30
0.0
 40
11.577130906526373
100
AcDbArc
 50
-86.80176177106816
 51
91.77756772408208
1001
RASTER2DXF
1000
arc 8
1040
11.577
1040
36.084
  0
ARC
  5
127
330
17
100
AcDbEntity
  8
PLAT-CURVE
420
58616
100
AcDbCircle
 10
58.925057318358654
 20
2027.2016936617379
 30
0.0
 40
10.065508302108016
100
AcDbArc
 50
-178.83581476576254
 51
-89.5791069338174
1001
RASTER2DXF
1000
arc 9
1040
10.066
1040
15.68
  0
ARC
  5
128
330
17
100
AcDbEntity
  8
PLAT-CURVE
420
37877
100
AcDbCircle
 10
711.7180243870455
 20
2027.4808989493272
 30
0.0
 40
10.407031217330202
100
AcDbArc
 50
-88.45889972379432
 51
-2.6778331476763584
1001
RASTER2DXF
1000
arc 10
1040
10.407
1040
15.581
  0
ARC
  5
129
330
17
100
AcDbEntity
  8
PLAT-CURVE
420
16777215
100
AcDbCircle
 10
259.3935479589217
 20
1895.6667329090847
 30
0.0
 40
4.815080306062072
100
AcDbArc
 50
26.86319520826127
 51
-30.067088764747854
1001
RASTER2DXF
1000
arc 11
1040
4.815
1040
25.47
  0
ARC
  5
12A
330
17
100
AcDbEntity
  8
PLAT-CURVE
420
14415085
100
AcDbCircle
 10
897.8829061037239
 20
1610.9400598389277
 30
0.0
 40
5.218883737145021
100
AcDbArc
 50
-120.266859557904
 51
125.37802240911546
1001
RASTER2DXF
1000
arc 12
1040
5.219
1040
22.375
  0
ARC
  5
12B
330
17
100
AcDbEntity
  8
PLAT-CURVE
420
4335977
100
AcDbCircle
 10
829.1190119941127
 20
1312.9186355189538
 30
0.0
 40
18.716042673346074
100
AcDbArc
 50
66.44942034083155
 51
135.08232866903182
1001
RASTER2DXF
1000
arc 13
1040
18.716
1040
22.419
  0
ARC
  5
12C
330
17
100
AcDbEntity
  8
PLAT-CURVE
420
1096065
100
AcDbCircle
 10
1005.0111621791859
 20
1312.3653975588848
 30
0.0
 40
5.46947186801946
100
AcDbArc
 50
-34.00303069134381
 51
-146.11547043327127
1001
RASTER2DXF
1000
arc 14
1040
5.469
1040
23.663
  0
ARC
  5
12D
330
17
100
AcDbEntity
  8
PLAT-CURVE
420
739929
100
AcDbCircle
 10
787.0141336882746
 20
1306.1956317611653
 30
0.0
 40
17.644060487634246
100
AcDbArc
 50
-45.49700698662192
 51
24.67700600776133
1001
RASTER2DXF
1000
arc 15
1040
17.644
1040
21.61
  0
ARC
  5
12E
330
17
100
AcDbEntity
  8
PLAT-CURVE
420
613739
100
AcDbCircle
 10
791.6878548062537
 20
1318.9448868548805
 30
0.0
 40
12.729843314986887
100
AcDbArc
 50
-21.881714289433738
 51
119.02034317898503
1001
RASTER2DXF
1000
arc 16
1040
12.73
1040
31.305
  0
ARC
  5
12F
330
17
100
AcDbEntity
  8
PLAT-CURVE
420
613482
100
AcDbCircle
 10
679.081364480812
 20
1316.8809880058982
 30
0.0
 40
18.716042673047507
100
AcDbArc
 50
134.91767133047932
 51
-156.4494203405304
1001
RASTER2DXF
1000
arc 17
1040
18.716
1040
22.419
  0
ARC
  5
130
330
17
100
AcDbEntity
  8
PLAT-CURVE
420
4798235
100
AcDbCircle
 10
1263.0141336879865
 20
1306.1956317611823
 30
0.0
 40
17.64406048791136
100
AcDbArc
 50
-45.49700698597348
 51
24.677006007345163
1001
RASTER2DXF
1000
arc 18
1040
17.644
1040
21.61
  0
ARC
  5
131
330
17
100
AcDbEntity
  8
PLAT-CURVE
420
5980697
100
AcDbCircle
 10
1267.6878548036634
 20
1318.9448868526092
 30
0.0
 40
12.729843317474346
100
AcDbArc
 50
-21.881714276163063
 51
119.02034316499169
1001
RASTER2DXF
1000
arc 19
1040
12.73
1040
31.305
  0
ARC
  5
132
330
17
100
AcDbEntity
  8
PLAT-CURVE
420
5980697
100
AcDbCircle
 10
1166.0813644808245
 20
1316.8809880059032
 30
0.0
 40
18.71604267303507
100
AcDbArc
 50
134.91767133051744
 51
-156.44942034053196
1001
RASTER2DXF
1000
arc 20
1040
18.716
1040
22.419
  0
ARC
  5
133
330
17
100
AcDbEntity
  8
PLAT-CURVE
420
16711422
100
AcDbCircle
 10
140.9600798402347
 20
1178.9999999999886
 30
0.0
 40
5.1204646751075495
100
AcDbArc
 50
36.597170885572915
 51
-36.59717088536658
1001
RASTER2DXF
1000
arc 21
1040
5.12
1040
25.632
  0
ARC
  5
134
330
17
100
AcDbEntity
  8
PLAT-CURVE
420
16711422
100
AcDbCircle
 10
345.23475496547667
 20
1179.1976455164463
 30
0.0
 40
4.881530274597067
100
AcDbArc
 50
12.029507512168474
 51
-92.58604282482356
1001
RASTER2DXF
1000
arc 22
1040
4.882
1040
21.758
  0
ARC
  5
135
330
17
100
AcDbEntity
  8
PLAT-CURVE
420
242370
100
AcDbCircle
 10
45.22320782409315
 20
2570.6434501626636
 30
0.0
 40
22.401557212166104
100
AcDbArc
 50
-21.648676545990877
 51
40.55488311763651
1001
RASTER2DXF
1000
arc 23
1040
22.402
1040
24.32
  0
ARC
  5
136
330
17
100
AcDbEntity
  8
PLAT-CURVE
420
357261
100
AcDbCircle
 10
53.8928739000354
 20
2555.9824362900176
 30
0.0
 40
13.641111843064081
100
AcDbArc
 50
-117.96554869131978
 51
24.66015174495207
1001
RASTER2DXF
1000
arc 24
1040
13.641
1040
33.957
  0
ARC
  5
137
330
17
100
AcDbEntity
  8
PLAT-CURVE
420
181973
100
AcDbCircle
 10
45.75453798205376
 20
2558.143513403241
 30
0.0
 40
22.41414085136614
100
AcDbArc
 50
157.8482777583706
 51
-143.48781037883873
1001
RASTER2DXF
1000
arc 25
1040
22.414
1040
22.949
  0
ARC
  5
138
330
17
100
AcDbEntity
  8
PLAT-CURVE
420
282455
100
AcDbCircle
 10
409.2656090578433
 20
2572.948485096911
 30
0.0
 40
10.268680215086796
100
AcDbArc
 50
-117.89171070459982
 51
62.388202899383884
1001
RASTER2DXF
1000
arc 26
1040
10.269
1040
32.31
  0
ARC
  5
139
330
17
100
AcDbEntity
  8
PLAT-CURVE
420
218976
100
AcDbCircle
 10
369.60873153162225
 20
2573.347131183322
 30
0.0
 40
9.591988359888623
100
AcDbArc
 50
105.12316688160728
 51
-111.11053010899748
1001
RASTER2DXF
1000
arc 27
1040
9.592
1040
24.068
  0
ARC
  5
13A
330
17
100
AcDbEntity
  8
PLAT-CURVE
420
9017259
100
AcDbCircle
 10
1221.3776413868595
 20
2564.5418434006097
 30
0.0
 40
5.756393909126955
100
AcDbArc
 50
113.53854458604455
 51
113.53854458604455
1001
RASTER2DXF
1000
arc 28
1040
5.756
1040
36.168
  0
ARC
  5
13B
330
17
100
AcDbEntity
  8
PLAT-CURVE
420
799808
100
AcDbCircle
 10
65.57333811653871
 20
2466.1980764779896
 30
0.0
 40
14.416796157022882
100
AcDbArc
 50
-66.01674733916279
 51
46.012722635820786
1001
RASTER2DXF
1000
arc 29
1040
14.417
1040
28.189
  0
ARC
  5
13C
330
17
100
AcDbEntity
  8
PLAT-CURVE
420
675677
100
AcDbCircle
 10
67.38027525088842
 20
2466.1664471508016
 30
0.0
 40
19.11645327600692
100
AcDbArc
 50
140.54897782521545
 51
-144.01945430358577
1001
RASTER2DXF
1000
arc 30
1040
19.116
1040
25.167
  0
ARC
  5
13D
330
17
100
AcDbEntity
  8
PLAT-CURVE
420
798781
100
AcDbCircle
 10
813.5733381165109
 20
2466.198076477979
 30
0.0
 40
14.416796157056568
100
AcDbArc
 50
-66.0167473390358
 51
46.01272263577239
1001
RASTER2DXF
1000
arc 31
1040
14.417
1040
28.189
  0
ARC
  5
13E
330
17
100
AcDbEntity
  8
PLAT-CURVE
420
674906
100
AcDbCircle
 10
815.3802752509174
 20
2466.166447150799
 30
0.0
 40
19.11645327602928
100
AcDbArc
 50
140.54897782526572
 51
-144.01945430364424
1001
RASTER2DXF
1000
arc 32
1040
19.116
1040
25.167
  0
ARC
  5
13F
330
17
100
AcDbEntity
  8
PLAT-CURVE
420
874055
100
AcDbCircle
 10
1363.4288813249254
 20
2466.0311640169066
 30
0.0
 40
11.365761770421688
100
AcDbArc
 50
-116.20366166483956
 51
60.80120631898715
1001
RASTER2DXF
1000
arc 33
1040
11.366
1040
35.112
  0
ARC
  5
140
330
17
100
AcDbEntity
  8
PLAT-CURVE
420
940104
100
AcDbCircle
 10
1232.7584095046843
 20
2466.183613749002
 30
0.0
 40
10.855312358146435
100
AcDbArc
 50
104.30670082135843
 51
-115.04486845800729
1001
RASTER2DXF
1000
arc 34
1040
10.855
1040
26.647
  0
ARC
  5
141
330
17
100
AcDbEntity
  8
PLAT-CURVE
420
119777
100
AcDbCircle
 10
825.4401899644702
 20
2384.6006112960686
 30
0.0
 40
13.63506613120556
100
AcDbArc
 50
108.33378065964689
 51
108.33378065964689
1001
RASTER2DXF
1000
arc 35
1040
13.635
1040
85.672
  0
ARC
  5
142
330
17
100
AcDbEntity
  8
PLAT-CURVE
420
865332
100
AcDbCircle
 10
1349.4592292270306
 20
2384.7235249814694
 30
0.0
 40
11.479098388388593
100
AcDbArc
 50
-121.06232028782517
 51
50.89262068815485
1001
RASTER2DXF
1000
arc 36
1040
11.479
1040
34.451
  0
ARC
  5
143
330
17
100
AcDbEntity
  8
PLAT-CURVE
420
872517
100
AcDbCircle
 10
1327.314943115898
 20
2384.681257516259
 30
0.0
 40
14.962759147592848
100
AcDbArc
 50
134.98944988578344
 51
-139.44914190049366
1001
RASTER2DXF
1000
arc 37
1040
14.963
1040
22.344
  0
ARC
  5
144
330
17
100
AcDbEntity
  8
PLAT-CURVE
420
119777
100
AcDbCircle
 10
825.4401899645308
 20
2314.6006112969594
 30
0.0
 40
13.635066131222636
100
AcDbArc
 50
108.33378066101812
 51
108.33378066101812
1001
RASTER2DXF
1000
arc 38
1040
13.635
1040
85.672
  0
ARC
  5
145
330
17
100
AcDbEntity
  8
PLAT-CURVE
420
865332
100
AcDbCircle
 10
1349.9496772175937
 20
2314.210412380584
 30
0.0
 40
10.889644003631926
100
AcDbArc
 50
-120.22964813562326
 51
51.26612860964102
1001
RASTER2DXF
1000
arc 39
1040
10.89
1040
32.595
  0
ARC
  5
146
330
17
100
AcDbEntity
  8
PLAT-CURVE
420
871490
100
AcDbCircle
 10
1296.0875746089494
 20
2314.1871403802434
 30
0.0
 40
13.700231789576328
100
AcDbArc
 50
132.8024107945711
 51
-137.67467507982585
1001
RASTER2DXF
1000
arc 40
1040
13.7
1040
21.406
  0
ARC
  5
147
330
17
100
AcDbEntity
  8
PLAT-CURVE
420
119777
100
AcDbCircle
 10
825.4401899645997
 20
2244.6006112975206
 30
0.0
 40
13.63506613120983
100
AcDbArc
 50
108.33378066200014
 51
108.33378066200014
1001
RASTER2DXF
1000
arc 41
1040
13.635
1040
85.672
  0
ARC
  5
148
330
17
100
AcDbEntity
  8
PLAT-CURVE
420
865332
100
AcDbCircle
 10
1349.9496772175862
 20
2244.2104123806125
 30
0.0
 40
10.889644003674686
100
AcDbArc
 50
-120.2296481355221
 51
51.266128609521
1001
RASTER2DXF
1000
arc 42
1040
10.89
1040
32.595
  0
ARC
  5
149
330
17
100
AcDbEntity
  8
PLAT-CURVE
420
871490
100
AcDbCircle
 10
1295.087574608755
 20
2244.1871403802925
 30
0.0
 40
13.700231789346901
100
AcDbArc
 50
132.80241079410365
 51
-137.67467507912355
1001
RASTER2DXF
1000
arc 43
1040
13.7
1040
21.406
  0
ARC
  5
14A
330
17
100
AcDbEntity
  8
PLAT-CURVE
420
119521
100
AcDbCircle
 10
825.4401899646717
 20
2173.600611297909
 30
0.0
 40
13.635066131218368
100
AcDbArc
 50
108.33378066277352
 51
108.33378066277352
1001
RASTER2DXF
1000
arc 44
1040
13.635
1040
85.672
  0
ARC
  5
14B
330
17
100
AcDbEntity
  8
PLAT-CURVE
420
1126706
100
AcDbCircle
 10
1349.9496772175992
 20
2174.2104123806052
 30
0.0
 40
10.889644003610544
100
AcDbArc
 50
-120.2296481355941
 51
51.26612860959623
1001
RASTER2DXF
1000
arc 45
1040
10.89
1040
32.595
  0
ARC
  5
14C
330
17
100
AcDbEntity
  8
PLAT-CURVE
420
1132863
100
AcDbCircle
 10
1308.0875746088034
 20
2174.1871403802825
 30
0.0
 40
13.700231789406383
100
AcDbArc
 50
132.80241079422552
 51
-137.6746750792916
1001
RASTER2DXF
1000
arc 46
1040
13.7
1040
21.406
  0
ARC
  5
14D
330
17
100
AcDbEntity
  8
PLAT-CURVE
420
16777215
100
AcDbCircle
 10
553.2338134957065
 20
2098.8017277348104
 30
0.0
 40
8.001447602039466
100
AcDbArc
 50
98.55860008383678
 51
98.55860008383678
1001
RASTER2DXF
1000
arc 47
1040
8.001
1040
50.275
  0
ARC
  5
14E
330
17
100
AcDbEntity
  8
PLAT-CURVE
420
1027192
100
AcDbCircle
 10
1010.9052544073726
 20
2020.879326872633
 30
0.0
 40
4.925354638861829
100
AcDbArc
 50
-103.1351167612724
 51
77.93243441731889
1001
RASTER2DXF
1000
arc 48
1040
4.925
1040
15.565
  0
ARC
  5
14F
330
17
100
AcDbEntity
  8
PLAT-CURVE
420
798781
100
AcDbCircle
 10
65.57333811652575
 20
1895.1980764779933
 30
0.0
 40
14.4167961570384
100
AcDbArc
 50
-66.01674733911877
 51
46.01272263577654
1001
RASTER2DXF
1000
arc 49
1040
14.417
1040
28.189
  0
ARC
  5
150
330
17
100
AcDbEntity
  8
PLAT-CURVE
420
674906
100
AcDbCircle
 10
67.38027525094469
 20
1895.166447150802
 30
0.0
 40
19.1164532760917
100
AcDbArc
 50
140.54897782532623
 51
-144.01945430368428
1001
RASTER2DXF
1000
arc 50
1040
19.116
1040
25.167
  0
ARC
  5
151
330
17
100
AcDbEntity
  8
PLAT-CURVE
420
8799944
100
AcDbCircle
 10
838.9389225307679
 20
1309.854875756921
 30
0.0
 40
5.544928897888155
100
AcDbArc
 50
139.99403585289537
 51
1.6424820317265134
1001
RASTER2DXF
1000
arc 51
1040
5.545
1040
21.451
  0
ARC
  5
152
330
17
100
AcDbEntity
  8
PLAT-CURVE
420
16777215
100
AcDbCircle
 10
89.21484941081053
 20
1306.8140966117999
 30
0.0
 40
4.967837984235857
100
AcDbArc
 50
-120.14377470420577
 51
103.18436131724614
1001
RASTER2DXF
1000
arc 52
1040
4.968
1040
19.364
  0
ARC
  5
153
330
17
100
AcDbEntity
  8
PLAT-CURVE
420
16777215
100
AcDbCircle
 10
304.5552826346
 20
1306.9233249652543
 30
0.0
 40
4.927368895484457
100
AcDbArc
 50
-131.15675408037174
 51
107.03289158771018
1001
RASTER2DXF
1000
arc 53
1040
4.927
1040
20.484
  0
ARC
  5
154
330
17
100
AcDbEntity
  8
PLAT-CURVE
420
337709
100
AcDbCircle
 10
40.573338106135566
 20
1170.1980764776217
 30
0.0
 40
14.416796165583747
100
AcDbArc
 50
-66.01674729772994
 51
46.01272260823087
1001
RASTER2DXF
1000
arc 54
1040
14.417
1040
28.189
  0
ARC
  5
155
330
17
100
AcDbEntity
  8
PLAT-CURVE
420
279629
100
AcDbCircle
 10
42.380275251005514
 20
1170.1664471507938
 30
0.0
 40
19.1164532761663
100
AcDbArc
 50
140.54897782542554
 51
-144.019454303812
1001
RASTER2DXF
1000
arc 55
1040
19.116
1040
25.167
  0
ARC
  5
156
330
17
100
AcDbEntity
  8
PLAT-CURVE
420
928814
100
AcDbCircle
 10
323.0390264456737
 20
1092.649763673278
 30
0.0
 40
12.979309845013733
100
AcDbArc
 50
-75.73932558735274
 51
49.11481198015249
1001
RASTER2DXF
1000
arc 56
1040
12.979
1040
28.283
  0
ARC
  5
157
330
17
100
AcDbEntity
  8
PLAT-CURVE
420
935485
100
AcDbCircle
 10
310.96144475835683
 20
1092.6709713601654
 30
0.0
 40
17.670672839354005
100
AcDbArc
 50
138.84472243571594
 51
-142.60870098701324
1001
RASTER2DXF
1000
arc 57
1040
17.671
1040
24.225
  0
ARC
  5
158
330
17
100
AcDbEntity
  8
PLAT-CURVE
420
928814
100
AcDbCircle
 10
672.0390264459971
 20
1092.6497636733448
 30
0.0
 40
12.979309844726716
100
AcDbArc
 50
-75.73932558892525
 51
49.11481198099308
1001
RASTER2DXF
1000
arc 58
1040
12.979
1040
28.283
  0
ARC
  5
159
330
17
100
AcDbEntity
  8
PLAT-CURVE
420
935485
100
AcDbCircle
 10
658.961444766492
 20
1092.6709713616149
 30
0.0
 40
17.670672846824857
100
AcDbArc
 50
138.84472245716773
 51
-142.60870099936554
1001
RASTER2DXF
1000
arc 59
1040
17.671
1040
24.225
  0
ARC
  5
15A
330
17
100
AcDbEntity
  8
PLAT-CURVE
420
928814
100
AcDbCircle
 10
1020.0390264459808
 20
1092.649763673378
 30
0.0
 40
12.97930984479847
100
AcDbArc
 50
-75.73932558888878
 51
49.11481198084969
1001
RASTER2DXF
1000
arc 60
1040
12.979
1040
28.283
  0
ARC
  5
15B
330
17
100
AcDbEntity
  8
PLAT-CURVE
420
935485
100
AcDbCircle
 10
1007.9614447660944
 20
1092.670971361732
 30
0.0
 40
17.670672846271458
100
AcDbArc
 50
138.84472245659026
 51
-142.60870099827517
1001
RASTER2DXF
1000
arc 61
1040
17.671
1040
24.225
  0
ARC
  5
15C
330
17
100
AcDbEntity
  8
PLAT-CURVE
420
928814
100
AcDbCircle
 10
1369.0390264459807
 20
1092.6497636733848
 30
0.0
 40
12.97930984492404
100
AcDbArc
 50
-75.73932558889655
 51
49.11481198083148
1001
RASTER2DXF
1000
arc 62
1040
12.979
1040
28.283
  0
ARC
  5
15D
330
17
100
AcDbEntity
  8
PLAT-CURVE
420
935485
100
AcDbCircle
 10
1356.9614447660274
 20
1092.6709713617383
 30
0.0
 40
17.670672846350516
100
AcDbArc
 50
138.8447224564589
 51
-142.60870099812598
1001
RASTER2DXF
1000
arc 63
1040
17.671
1040
24.225
  0
ARC
  5
15E
330
17
100
AcDbEntity
  8
PLAT-CURVE
420
797497
100
AcDbCircle
 10
145.7408376966672
 20
908.4999999999814
 30
0.0
 40
38.941934121628485
100
AcDbArc
 50
-23.730389056838558
 51
23.73038905688934
1001
RASTER2DXF
1000
arc 64
1040
38.942
1040
32.257
  0
ARC
  5
15F
330
17
100
AcDbEntity
  8
PLAT-CURVE
420
611940
100
AcDbCircle
 10
61.410256410262036
 20
903.8717948717951
 30
0.0
 40
19.071528738299605
100
AcDbArc
 50
156.1783412477372
 51
-144.79738142664397
1001
RASTER2DXF
1000
arc 65
1040
19.072
1040
19.647
  0
ARC
  5
160
330
17
100
AcDbEntity
  8
PLAT-CURVE
420
797497
100
AcDbCircle
 10
494.7408376964168
 20
908.4999999999129
 30
0.0
 40
38.94193412188557
100
AcDbArc
 50
-23.73038905659556
 51
23.73038905683269
1001
RASTER2DXF
1000
arc 66
1040
38.942
1040
32.257
  0
ARC
  5
161
330
17
100
AcDbEntity
  8
PLAT-CURVE
420
611940
100
AcDbCircle
 10
410.4102564099671
 20
903.8717948717876
 30
0.0
 40
19.071528737982188
100
AcDbArc
 50
156.17834124737817
 51
-144.7973814261459
1001
RASTER2DXF
1000
arc 67
1040
19.072
1040
19.647
  0
ARC
  5
162
330
17
100
AcDbEntity
  8
PLAT-CURVE
420
797497
100
AcDbCircle
 10
843.7408376966775
 20
908.499999999978
 30
0.0
 40
38.941934121610544
100
AcDbArc
 50
-23.73038905684032
 51
23.73038905690024
1001
RASTER2DXF
1000
arc 68
1040
38.942
1040
32.257
  0
ARC
  5
163
330
17
100
AcDbEntity
  8
PLAT-CURVE
420
611940
100
AcDbCircle
 10
759.4102564105207
 20
903.8717948717303
 30
0.0
 40
19.071528738531562
100
AcDbArc
 50
156.1783412478657
 51
-144.79738142725762
1001
RASTER2DXF
1000
arc 69
1040
19.072
1040
19.647
  0
ARC
  5
164
330
17
100
AcDbEntity
  8
PLAT-CURVE
420
797497
100
AcDbCircle
 10
1192.740837695607
 20
908.5000000000348
 30
0.0
 40
38.94193412268675
100
AcDbArc
 50
-23.730389056276795
 51
23.730389056182126
1001
RASTER2DXF
1000
arc 70
1040
38.942
1040
32.257
  0
ARC
  5
165
330
17
100
AcDbEntity
  8
PLAT-CURVE
420
611940
100
AcDbCircle
 10
1107.4102564098398
 20
903.8717948717826
 30
0.0
 40
19.07152873789673
100
AcDbArc
 50
156.17834124721864
 51
-144.7973814259354
1001
RASTER2DXF
1000
arc 71
1040
19.072
1040
19.647
  0
ARC
  5
166
330
17
100
AcDbEntity
  8
PLAT-CURVE
420
6516351
100
AcDbCircle
 10
229.49357784074016
 20
909.112266617572
 30
0.0
 40
5.265062150539481
100
AcDbArc
 50
104.23431214052032
 51
104.23431214052032
1001
RASTER2DXF
1000
arc 72
1040
5.265
1040
33.081
  0
ARC
  5
167
330
17
100
AcDbEntity
  8
PLAT-CURVE
420
6516351
100
AcDbCircle
 10
578.4935778406832
 20
909.1122666175929
 30
0.0
 40
5.265062150893256
100
AcDbArc
 50
104.23431214004792
 51
104.23431214004792
1001
RASTER2DXF
1000
arc 73
1040
5.265
1040
33.081
  0
ARC
  5
168
330
17
100
AcDbEntity
  8
PLAT-CURVE
420
6516607
100
AcDbCircle
 10
927.4935778406574
 20
909.1122666175729
 30
0.0
 40
5.265062150495259
100
AcDbArc
 50
104.23431213976522
 51
104.23431213976522
1001
RASTER2DXF
1000
arc 74
1040
5.265
1040
33.081
  0
ARC
  5
169
330
17
100
AcDbEntity
  8
PLAT-CURVE
420
6516351
100
AcDbCircle
 10
1276.493577840678
 20
909.1122666175502
 30
0.0
 40
5.265062150849033
100
AcDbArc
 50
104.23431213990075
 51
104.23431213990075
1001
RASTER2DXF
1000
arc 75
1040
5.265
1040
33.081
  0
ARC
  5
16A
330
17
100
AcDbEntity
  8
PLAT-CURVE
420
928814
100
AcDbCircle
 10
324.38900764935175
 20
821.0736062363267
 30
0.0
 40
11.66595302135413
100
AcDbArc
 50
-92.01193128299342
 51
52.5210681313211
1001
RASTER2DXF
1000
arc 76
1040
11.666
1040
29.428
  0
ARC
  5
16B
330
17
100
AcDbEntity
  8
PLAT-CURVE
420
935485
100
AcDbCircle
 10
309.60628960585234
 20
821.1758898083951
 30
0.0
 40
16.286170004554986
100
AcDbArc
 50
136.99717470224113
 51
-141.08927578797602
1001
RASTER2DXF
1000
arc 77
1040
16.286
1040
23.284
  0
ARC
  5
16C
330
17
100
AcDbEntity
  8
PLAT-CURVE
420
928814
100
AcDbCircle
 10
673.3890076493709
 20
821.0736062364035
 30
0.0
 40
11.665953021533753
100
AcDbArc
 50
-92.01193128307835
 51
52.52106813117659
1001
RASTER2DXF
1000
arc 78
1040
11.666
1040
29.428
  0
ARC
  5
16D
330
17
100
AcDbEntity
  8
PLAT-CURVE
420
935485
100
AcDbCircle
 10
657.6062896145379
 20
821.1758898097946
 30
0.0
 40
16.28617001251798
100
AcDbArc
 50
136.9971747273223
 51
-141.0892758034184
1001
RASTER2DXF
1000
arc 79
1040
16.286
1040
23.284
  0
ARC
  5
16E
330
17
100
AcDbEntity
  8
PLAT-CURVE
420
928814
100
AcDbCircle
 10
1021.3890076495722
 20
821.0736062362791
 30
0.0
 40
11.665953021054758
100
AcDbArc
 50
-92.01193128414154
 51
52.52106813225497
1001
RASTER2DXF
1000
arc 80
1040
11.666
1040
29.428
  0
ARC
  5
16F
330
17
100
AcDbEntity
  8
PLAT-CURVE
420
935485
100
AcDbCircle
 10
1006.6062896152673
 20
821.175889809763
 30
0.0
 40
16.2861700132042
100
AcDbArc
 50
136.99717472903507
 51
-141.08927580512557
1001
RASTER2DXF
1000
arc 81
1040
16.286
1040
23.284
  0
ARC
  5
170
330
17
100
AcDbEntity
  8
PLAT-CURVE
420
928814
100
AcDbCircle
 10
1370.3890076494313
 20
821.0736062363662
 30
0.0
 40
11.665953021414005
100
AcDbArc
 50
-92.01193128339679
 51
52.52106813150024
1001
RASTER2DXF
1000
arc 82
1040
11.666
1040
29.428
  0
ARC
  5
171
330
17
100
AcDbEntity
  8
PLAT-CURVE
420
935485
100
AcDbCircle
 10
1355.6062896150797
 20
821.1758898097958
 30
0.0
 40
16.286170013075534
100
AcDbArc
 50
136.99717472866004
 51
-141.0892758046193
1001
RASTER2DXF
1000
arc 83
1040
16.286
1040
23.284
  0
ARC
  5
172
330
17
100
AcDbEntity
  8
PLAT-CURVE
420
797497
100
AcDbCircle
 10
145.74083769661183
 20
636.499999999985
 30
0.0
 40
38.94193412173012
100
AcDbArc
 50
-23.730389056810463
 51
23.73038905685143
1001
RASTER2DXF
1000
arc 84
1040
38.942
1040
32.257
  0
ARC
  5
173
330
17
100
AcDbEntity
  8
PLAT-CURVE
420
611940
100
AcDbCircle
 10
61.41025641028659
 20
631.8717948717956
 30
0.0
 40
19.07152873837285
100
AcDbArc
 50
156.17834124776638
 51
-144.79738142668614
1001
RASTER2DXF
1000
arc 85
1040
19.072
1040
19.647
  0
ARC
  5
174
330
17
100
AcDbEntity
  8
PLAT-CURVE
420
797497
100
AcDbCircle
 10
494.74083769622695
 20
636.4999999998595
 30
0.0
 40
38.94193412214865
100
AcDbArc
 50
-23.73038905640929
 51
23.730389056791932
1001
RASTER2DXF
1000
arc 86
1040
38.942
1040
32.257
  0
ARC
  5
175
330
17
100
AcDbEntity
  8
PLAT-CURVE
420
611940
100
AcDbCircle
 10
410.41025641067154
 20
631.8717948718042
 30
0.0
 40
19.071528738629226
100
AcDbArc
 50
156.17834124823125
 51
-144.79738142733845
1001
RASTER2DXF
1000
arc 87
1040
19.072
1040
19.647
  0
ARC
  5
176
330
17
100
AcDbEntity
  8
PLAT-CURVE
420
797497
100
AcDbCircle
 10
843.7408376965484
 20
636.4999999999841
 30
0.0
 40
38.94193412180187
100
AcDbArc
 50
-23.73038905677135
 51
23.73038905681449
1001
RASTER2DXF
1000
arc 88
1040
38.942
1040
32.257
  0
ARC
  5
177
330
17
100
AcDbEntity
  8
PLAT-CURVE
420
611940
100
AcDbCircle
 10
759.4102564094858
 20
631.8717948716294
 30
0.0
 40
19.0715287375549
100
AcDbArc
 50
156.17834124641274
 51
-144.79738142569582
1001
RASTER2DXF
1000
arc 89
1040
19.072
1040
19.647
  0
ARC
  5
178
330
17
100
AcDbEntity
  8
PLAT-CURVE
420
863035
100
AcDbCircle
 10
1192.7408376963049
 20
636.4999999999964
 30
0.0
 40
38.94193412202907
100
AcDbArc
 50
-23.730389056642306
 51
23.73038905665219
1001
RASTER2DXF
1000
arc 90
1040
38.942
1040
32.257
  0
ARC
  5
179
330
17
100
AcDbEntity
  8
PLAT-CURVE
420
611941
100
AcDbCircle
 10
1107.4102564093653
 20
631.8717948717699
 30
0.0
 40
19.07152873733515
100
AcDbArc
 50
156.17834124664012
 51
-144.7973814251356
1001
RASTER2DXF
1000
arc 91
1040
19.072
1040
19.647
  0
ARC
  5
17A
330
17
100
AcDbEntity
  8
PLAT-CURVE
420
6516351
100
AcDbCircle
 10
229.49357784074834
 20
637.1122666175406
 30
0.0
 40
5.265062150627925
100
AcDbArc
 50
104.23431214052239
 51
104.23431214052239
1001
RASTER2DXF
1000
arc 92
1040
5.265
1040
33.081
  0
ARC
  5
17B
330
17
100
AcDbEntity
  8
PLAT-CURVE
420
6516351
100
AcDbCircle
 10
578.4935778407107
 20
637.1122666176047
 30
0.0
 40
5.265062150451037
100
AcDbArc
 50
104.23431214032681
 51
104.23431214032681
1001
RASTER2DXF
1000
arc 93
1040
5.265
1040
33.081
  0
ARC
  5
17C
330
17
100
AcDbEntity
  8
PLAT-CURVE
420
6516351
100
AcDbCircle
 10
927.493577840702
 20
637.1122666175229
 30
0.0
 40
5.265062150406815
100
AcDbArc
 50
104.23431214005662
 51
104.23431214005662
1001
RASTER2DXF
1000
arc 94
1040
5.265
1040
33.081
  0
ARC
  5
17D
330
17
100
AcDbEntity
  8
PLAT-CURVE
420
6516352
100
AcDbCircle
 10
1276.4935778407014
 20
637.1122666175402
 30
0.0
 40
5.265062150583702
100
AcDbArc
 50
104.23431214009196
 51
104.23431214009196
1001
RASTER2DXF
1000
arc 95
1040
5.265
1040
33.081
  0
ARC
  5
17E
330
17
100
AcDbEntity
  8
PLAT-CURVE
420
928814
100
AcDbCircle
 10
324.38900764934107
 20
549.073606236364
 30
0.0
 40
11.665953021453921
100
AcDbArc
 50
-92.01193128293149
 51
52.52106813117869
1001
RASTER2DXF
1000
arc 96
1040
11.666
1040
29.428
  0
ARC
  5
17F
330
17
100
AcDbEntity
  8
PLAT-CURVE
420
935485
100
AcDbCircle
 10
309.6062896055796
 20
549.1758898084818
 30
0.0
 40
16.28617000446921
100
AcDbArc
 50
136.997174701798
 51
-141.08927578713195
1001
RASTER2DXF
1000
arc 97
1040
16.286
1040
23.284
  0
ARC
  5
180
330
17
100
AcDbEntity
  8
PLAT-CURVE
420
736330
100
AcDbCircle
 10
143.31234256909227
 20
365.0000000000082
 30
0.0
 40
41.38282692063069
100
AcDbArc
 50
-23.003270008736653
 51
23.00327000871607
1001
RASTER2DXF
1000
arc 98
1040
41.383
1040
33.229
  0
ARC
  5
181
330
17
100
AcDbEntity
  8
PLAT-CURVE
420
611940
100
AcDbCircle
 10
61.410256410084685
 20
359.87179487179174
 30
0.0
 40
19.071528738165313
100
AcDbArc
 50
156.17834124752406
 51
-144.79738142634125
1001
RASTER2DXF
1000
arc 99
1040
19.072
1040
19.647
  0
ARC
  5
182
330
17
100
AcDbEntity
  8
PLAT-CURVE
420
6516351
100
AcDbCircle
 10
229.49357784073857
 20
365.1122666176034
 30
0.0
 40
5.265062151202808
100
AcDbArc
 50
104.23431214057757
 51
104.23431214057757
1001
RASTER2DXF
1000
arc 100
1040
5.265
1040
33.081
  0
ARC
  5
183
330
17
100
AcDbEntity
  8
PLAT-CURVE
420
863034
100
AcDbCircle
 10
1303.573338116539
 20
183.19807647798734
 30
0.0
 40
14.416796157000045
100
AcDbArc
 50
-66.01674733915964
 51
46.012722635828126
1001
RASTER2DXF
1000
arc 101
1040
14.417
1040
28.189
  0
ARC
  5
184
330
17
100
AcDbEntity
  8
PLAT-CURVE
420
803922
100
AcDbCircle
 10
1293.3802752505242
 20
183.16644715086113
 30
0.0
 40
19.116453275715656
100
AcDbArc
 50
140.54897782464414
 51
-144.01945430279534
1001
RASTER2DXF
1000
arc 102
1040
19.116
1040
25.167
  0
ARC
  5
185
330
17
100
AcDbEntity
  8
PLAT-CURVE
420
797497
100
AcDbCircle
 10
1301.645278127315
 20
128.73586977900504
 30
0.0
 40
16.28718007806344
100
AcDbArc
 50
-56.73515262969895
 51
42.35626666527821
1001
RASTER2DXF
1000
arc 103
1040
16.287
1040
28.168
  0
ARC
  5
186
330
17
100
AcDbEntity
  8
PLAT-CURVE
420
736331
100
AcDbCircle
 10
1294.8626746250177
 20
128.66227087527477
 30
0.0
 40
20.623676286899048
100
AcDbArc
 50
142.1248063617102
 51
-145.33216217941484
1001
RASTER2DXF
1000
arc 104
1040
20.624
1040
26.112
  0
ARC
  5
187
330
17
100
AcDbEntity
  8
PLAT-CURVE
420
797241
100
AcDbCircle
 10
1301.645278126908
 20
73.7358697791392
 30
0.0
 40
16.287180078635252
100
AcDbArc
 50
-56.73515262869548
 51
42.35626666399863
1001
RASTER2DXF
1000
arc 105
1040
16.287
1040
28.168
  0
ARC
  5
188
330
17
100
AcDbEntity
  8
PLAT-CURVE
420
736587
100
AcDbCircle
 10
1294.8626746249895
 20
73.66227087527659
 30
0.0
 40
20.623676286786154
100
AcDbArc
 50
142.12480636166478
 51
-145.33216217936567
1001
RASTER2DXF
1000
arc 106
1040
20.624
1040
26.112
  0
ARC
  5
189
330
17
100
AcDbEntity
  8
PLAT-CURVE
420
797497
100
AcDbCircle
 10
1301.645278127478
 20
18.73586977895684
 30
0.0
 40
16.287180077806124
100
AcDbArc
 50
-56.735152630111884
 51
42.356266665776566
1001
RASTER2DXF
1000
arc 107
1040
16.287
1040
28.168
  0
ARC
  5
18A
330
17
100
AcDbEntity
  8
PLAT-CURVE
420
736330
100
AcDbCircle
 10
1294.8626746251584
 20
18.662270875255672
 30
0.0
 40
20.623676286944207
100
AcDbArc
 50
142.1248063619137
 51
-145.3321621796826
1001
RASTER2DXF
1000
arc 108
1040
20.624
1040
26.112
  0
TEXT
  5
18B
330
17
100
AcDbEntity
  8
PLAT-TEXT-DIST
100
AcDbText
 10
65.02574323002113
 20
2473.4293677397077
 30
0.0
 40
7.86283362191751
  1
61'
 50
355.6611819207165
  7
PLAT
 72
1
 11
65.02574323002113
 21
2473.4293677397077
 31
0.0
100
AcDbText
 73
3
  0
TEXT
  5
18C
330
17
100
AcDbEntity
  8
PLAT-TEXT-DIST
100
AcDbText
 10
812.6040425055927
 20
2473.461362910019
 30
0.0
 40
7.86283362191751
  1
62'
 50
355.6611819207341
  7
PLAT
 72
1
 11
812.6040425055927
 21
2473.461362910019
 31
0.0
100
AcDbText
 73
3
  0
TEXT
  5
18D
330
17
100
AcDbEntity
  8
PLAT-TEXT-DIST
100
AcDbText
 10
946.0
 20
2290.9314168109586
 30
0.0
 40
7.86283362191751
  1
80.60'
  7
PLAT
 72
1
 11
946.0
 21
2290.9314168109586
 31
0.0
100
AcDbText
 73
1
  0
TEXT
  5
18E
330
17
100
AcDbEntity
  8
PLAT-TEXT-CURVE
100
AcDbText
 10
1003.0
 20
2301.939383881643
 30
0.0
 40
7.86283362191751
  1
T=25 .60'
  7
PLAT
 72
1
 11
1003.0
 21
2301.939383881643
 31
0.0
100
AcDbText
 73
1
  0
TEXT
  5
18F
330
17
100
AcDbEntity
  8
PLAT-TEXT-DIST
100
AcDbText
 10
64.98802448573535
 20
1902.4322295267139
 30
0.0
 40
7.86283362191751
  1
63'
 50
355.66118192067756
  7
PLAT
 72
1
 11
64.98802448573535
 21
1902.4322295267139
 31
0.0
100
AcDbText
 73
3
  0
TEXT
  5
190
330
17
100
AcDbEntity
  8
PLAT-TEXT-DIST
100
AcDbText
 10
40.02574322977181
 20
1177.429367740302
 30
0.0
 40
7.86283362191751
  1
4'
 50
355.66118192313616
  7
PLAT
 72
1
 11
40.02574322977181
 21
1177.429367740302
 31
0.0
100
AcDbText
 73
3
  0
TEXT
  5
191
330
17
100
AcDbEntity
  8
PLAT-TEXT-DIST
100
AcDbText
 10
808.4957509873605
 20
624.7855976139423
 30
0.0
 40
7.86283362191751
  1
107'
 50
359.97921784887995
  7
PLAT
 72
1
 11
808.4957509873605
 21
624.7855976139423
 31
0.0
100
AcDbText
 73
1
  0
TEXT
  5
192
330
17
100
AcDbEntity
  8
PLAT-TEXT-LOWCONF
100
AcDbText
 10
1433.0
 20
2592.0
 30
0.0
 40
5.0
  1
4
 50
90.0
  7
PLAT
 72
1
 11
1433.0
 21
2592.0
 31
0.0
100
AcDbText
 73
2
  0
TEXT
  5
193
330
17
100
AcDbEntity
  8
PLAT-TEXT-LOWCONF
100
AcDbText
 10
327.0
 20
2580.0
 30
0.0
 40
2.7
  1
a
 50
90.0
  7
PLAT
 72
1
 11
327.0
 21
2580.0
 31
0.0
100
AcDbText
 73
2
  0
TEXT
  5
194
330
17
100
AcDbEntity
  8
PLAT-TEXT-LOWCONF
100
AcDbText
 10
1433.0
 20
2579.0
 30
0.0
 40
6.3
  1
a
  7
PLAT
 72
1
 11
1433.0
 21
2579.0
 31
0.0
100
AcDbText
 73
2
  0
TEXT
  5
195
330
17
100
AcDbEntity
  8
PLAT-TEXT-MISC
100
AcDbText
 10
164.98010457200508
 20
2573.930251258838
 30
0.0
 40
12.576390639964842
  1
adastral Plat Al &
 50
0.46904557160615923
  7
PLAT
 72
1
 11
164.98010457200508
 21
2573.930251258838
 31
0.0
100
AcDbText
 73
2
  0
TEXT
  5
196
330
17
100
AcDbEntity
  8
PLAT-TEXT-LOTNO
100
AcDbText
 10
256.5
 20
2574.0
 30
0.0
 40
13.0
  1
9
  7
PLAT
 72
1
 11
256.5
 21
2574.0
 31
0.0
100
AcDbText
 73
2
  0
TEXT
  5
197
330
17
100
AcDbEntity
  8
PLAT-TEXT-MISC
100
AcDbText
 10
321.9236475188968
 20
2571.722248591094
 30
0.0
 40
12.96
  1
Engine
 50
358.66558400099615
  7
PLAT
 72
1
 11
321.9236475188968
 21
2571.722248591094
 31
0.0
100
AcDbText
 73
2
  0
TEXT
  5
198
330
17
100
AcDbEntity
  8
PLAT-TEXT-LOWCONF
100
AcDbText
 10
389.99992896561935
 20
2573.494040793306
 30
0.0
 40
7.617918496859154
  1
2626-R6
 50
359.31706053022975
  7
PLAT
 72
1
 11
389.99992896561935
 21
2573.494040793306
 31
0.0
100
AcDbText
 73
2
  0
TEXT
  5
199
330
17
100
AcDbEntity
  8
PLAT-TEXT-LOWCONF
100
AcDbText
 10
1102.5
 20
2564.0
 30
0.0
 40
9.9
  1
SJ-17 { 61G617-6 Compliant
  7
PLAT
 72
1
 11
1102.5
 21
2564.0
 31
0.0
100
AcDbText
 73
2
  0
TEXT
  5
19A
330
17
100
AcDbEntity
  8
PLAT-TEXT-LOWCONF
100
AcDbText
 10
1012.0
 20
2564.5
 30
0.0
 40
7.2
  1
F.A.C
  7
PLAT
 72
1
 11
1012.0
 21
2564.5
 31
0.0
100
AcDbText
 73
2
  0
TEXT
  5
19B
330
17
100
AcDbEntity
  8
PLAT-TEXT-MISC
100
AcDbText
 10
1285.496585606037
 20
2564.499988341778
 30
0.0
 40
7.491895662043164
  1
Beachwood Unit 2
 50
0.1956318841584448
  7
PLAT
 72
1
 11
1285.496585606037
 21
2564.499988341778
 31
0.0
100
AcDbText
 73
2
  0
TEXT
  5
19C
330
17
100
AcDbEntity
  8
PLAT-TEXT-MISC
100
AcDbText
 10
1360.9954247341586
 20
2564.404451066853
 30
0.0
 40
8.2259006741492
  1
Block
 50
357.2585424545074
  7
PLAT
 72
1
 11
1360.9954247341586
 21
2564.404451066853
 31
0.0
100
AcDbText
 73
2
  0
TEXT
  5
19D
330
17
100
AcDbEntity
  8
PLAT-TEXT-LOWCONF
100
AcDbText
 10
1382.0
 20
2564.5
 30
0.0
 40
8.0
  1
9
  7
PLAT
 72
1
 11
1382.0
 21
2564.5
 31
0.0
100
AcDbText
 73
2
  0
TEXT
  5
19E
330
17
100
AcDbEntity
  8
PLAT-TEXT-LOWCONF
100
AcDbText
 10
1340.0
 20
2564.0
 30
0.0
 40
2.7
  1
e
  7
PLAT
 72
1
 11
1340.0
 21
2564.0
 31
0.0
100
AcDbText
 73
2
  0
TEXT
  5
19F
330
17
100
AcDbEntity
  8
PLAT-TEXT-LOWCONF
100
AcDbText
 10
130.8615501504089
 20
2551.652173797881
 30
0.0
 40
12.96
  1
Netonomous bis
 50
11.985375964532466
  7
PLAT
 72
1
 11
130.8615501504089
 21
2551.652173797881
 31
0.0
100
AcDbText
 73
2
  0
TEXT
  5
1A0
330
17
100
AcDbEntity
  8
PLAT-TEXT-LOWCONF
100
AcDbText
 10
212.91479499286754
 20
2551.2875174679125
 30
0.0
 40
12.96
  1
Mapcheck.
 50
353.1804472587768
  7
PLAT
 72
1
 11
212.91479499286754
 21
2551.2875174679125
 31
0.0
100
AcDbText
 73
2
  0
TEXT
  5
1A1
330
17
100
AcDbEntity
  8
PLAT-TEXT-MISC
100
AcDbText
 10
263.9315695730248
 20
2550.2486933276946
 30
0.0
 40
10.616752531693294
  1
Dyna
 50
357.76236728385186
  7
PLAT
 72
1
 11
263.9315695730248
 21
2550.2486933276946
 31
0.0
100
AcDbText
 73
2
  0
TEXT
  5
1A2
330
17
100
AcDbEntity
  8
PLAT-TEXT-LOWCONF
100
AcDbText
 10
350.6307074704265
 20
2551.393978327856
 30
0.0
 40
12.96
  1
ie curve Decompositl
 50
354.64327849589813
  7
PLAT
 72
1
 11
350.6307074704265
 21
2551.393978327856
 31
0.0
100
AcDbText
 73
2
  0
TEXT
  5
1A3
330
17
100
AcDbEntity
  8
PLAT-TEXT-MISC
100
AcDbText
 10
486.00465292035085
 20
2550.7097518913074
 30
0.0
 40
10.740787239089384
  1
& Vector CAD Engine
 50
359.62439144897814
  7
PLAT
 72
1
 11
486.00465292035085
 21
2550.7097518913074
 31
0.0
100
AcDbText
 73
2
  0
TEXT
  5
1A4
330
17
100
AcDbEntity
  8
PLAT-TEXT-LOTNO
100
AcDbText
 10
285.5
 20
2551.0
 30
0.0
 40
9.8089572186703
  1
3
 50
286.0602565305742
  7
PLAT
 72
1
 11
285.5
 21
2551.0
 31
0.0
100
AcDbText
 73
2
  0
TEXT
  5
1A5
330
17
100
AcDbEntity
  8
PLAT-TEXT-MISC
100
AcDbText
 10
416.68469976608316
 20
2550.9025293113796
 30
0.0
 40
8.717219683036953
  1
lon
 50
17.17826769639612
  7
PLAT
 72
1
 11
416.68469976608316
 21
2550.9025293113796
 31
0.0
100
AcDbText
 73
2
  0
TEXT
  5
1A6
330
17
100
AcDbEntity
  8
PLAT-TEXT-MISC
100
AcDbText
 10
926.9581170793933
 20
2466.4655928384136
 30
0.0
 40
12.031155377453512
  1
Inference
 50
358.8206020470201
  7
PLAT
 72
1
 11
926.9581170793933
 21
2466.4655928384136
 31
0.0
100
AcDbText
 73
2
  0
TEXT
  5
1A7
330
17
100
AcDbEntity
  8
PLAT-TEXT-LOWCONF
100
AcDbText
 10
1009.0
 20
2472.0
 30
0.0
 40
2.7
  1
rm
  7
PLAT
 72
1
 11
1009.0
 21
2472.0
 31
0.0
100
AcDbText
 73
2
  0
TEXT
  5
1A8
330
17
100
AcDbEntity
  8
PLAT-TEXT-MISC
100
AcDbText
 10
1024.502150956681
 20
2466.6406935894697
 30
0.0
 40
12.111472196350157
  1
Verification
 50
359.1241168851175
  7
PLAT
 72
1
 11
1024.502150956681
 21
2466.6406935894697
 31
0.0
100
AcDbText
 73
2
  0
TEXT
  5
1A9
330
17
100
AcDbEntity
  8
PLAT-TEXT-MISC
100
AcDbText
 10
1047.0
 20
2472.0
 30
0.0
 40
2.7
  1
L Be
 50
90.0
  7
PLAT
 72
1
 11
1047.0
 21
2472.0
 31
0.0
100
AcDbText
 73
2
  0
TEXT
  5
1AA
330
17
100
AcDbEntity
  8
PLAT-TEXT-LOTNO
100
AcDbText
 10
110.5
 20
2465.0
 30
0.0
 40
13.117172984605977
  1
8
 50
296.9556887213362
  7
PLAT
 72
1
 11
110.5
 21
2465.0
 31
0.0
100
AcDbText
 73
2
  0
TEXT
  5
1AB
330
17
100
AcDbEntity
  8
PLAT-TEXT-MISC
100
AcDbText
 10
166.50269029870515
 20
2465.1457944125086
 30
0.0
 40
12.96
  1
load Plat Map
 50
359.7613143335286
  7
PLAT
 72
1
 11
166.50269029870515
 21
2465.1457944125086
 31
0.0
100
AcDbText
 73
2
  0
TEXT
  5
1AC
330
17
100
AcDbEntity
  8
PLAT-TEXT-MISC
100
AcDbText
 10
863.5
 20
2466.5
 30
0.0
 40
11.4061364621976
  1
Model
 50
359.1408857038966
  7
PLAT
 72
1
 11
863.5
 21
2466.5
 31
0.0
100
AcDbText
 73
2
  0
TEXT
  5
1AD
330
17
100
AcDbEntity
  8
PLAT-TEXT-LOWCONF
100
AcDbText
 10
1345.5
 20
2466.5
 30
0.0
 40
9.140729086663796
  1
(PASS)
 50
359.690805381939
  7
PLAT
 72
1
 11
1345.5
 21
2466.5
 31
0.0
100
AcDbText
 73
2
  0
TEXT
  5
1AE
330
17
100
AcDbEntity
  8
PLAT-TEXT-MISC
100
AcDbText
 10
592.282671807971
 20
2466.8028704427043
 30
0.0
 40
7.445040224202463
  1
POF
 50
13.285601706830278
  7
PLAT
 72
1
 11
592.282671807971
 21
2466.8028704427043
 31
0.0
100
AcDbText
 73
2
  0
TEXT
  5
1AF
330
17
100
AcDbEntity
  8
PLAT-TEXT-LOWCONF
100
AcDbText
 10
633.0
 20
2470.0
 30
0.0
 40
0.9
  1
3344
  7
PLAT
 72
1
 11
633.0
 21
2470.0
 31
0.0
100
AcDbText
 73
2
  0
TEXT
  5
1B0
330
17
100
AcDbEntity
  8
PLAT-TEXT-MISC
100
AcDbText
 10
673.5
 20
2466.5
 30
0.0
 40
8.295369137368777
  1
PRG
 50
355.2540066094785
  7
PLAT
 72
1
 11
673.5
 21
2466.5
 31
0.0
100
AcDbText
 73
2
  0
TEXT
  5
1B1
330
17
100
AcDbEntity
  8
PLAT-TEXT-LOTNO
100
AcDbText
 10
713.0800523123994
 20
2466.9401390783355
 30
0.0
 40
9.49751017338778
  1
3
 50
79.69174806978447
  7
PLAT
 72
1
 11
713.0800523123994
 21
2466.9401390783355
 31
0.0
100
AcDbText
 73
2
  0
TEXT
  5
1B2
330
17
100
AcDbEntity
  8
PLAT-TEXT-MISC
100
AcDbText
 10
1247.9999563176866
 20
2466.4919054609823
 30
0.0
 40
7.331041707982735
  1
Model
 50
359.690805381939
  7
PLAT
 72
1
 11
1247.9999563176866
 21
2466.4919054609823
 31
0.0
100
AcDbText
 73
2
  0
TEXT
  5
1B3
330
17
100
AcDbEntity
  8
PLAT-TEXT-MISC
100
AcDbText
 10
1295.0000291215422
 20
2466.5053963593455
 30
0.0
 40
7.423320796451803
  1
Verified
 50
359.690805381939
  7
PLAT
 72
1
 11
1295.0000291215422
 21
2466.5053963593455
 31
0.0
100
AcDbText
 73
2
  0
TEXT
  5
1B4
330
17
100
AcDbEntity
  8
PLAT-TEXT-LOWCONF
100
AcDbText
 10
639.5
 20
2466.0
 30
0.0
 40
0.9
  1
aa
  7
PLAT
 72
1
 11
639.5
 21
2466.0
 31
0.0
100
AcDbText
 73
2
  0
TEXT
  5
1B5
330
17
100
AcDbEntity
  8
PLAT-TEXT-MISC
100
AcDbText
 10
948.0
 20
2391.5
 30
0.0
 40
10.8
  1
Plat OCR & Corridor Recognition
  7
PLAT
 72
1
 11
948.0
 21
2391.5
 31
0.0
100
AcDbText
 73
2
  0
TEXT
  5
1B6
330
17
100
AcDbEntity
  8
PLAT-TEXT-MISC
100
AcDbText
 10
1336.8572574488046
 20
2385.505831268461
 30
0.0
 40
8.223353262656742
  1
READY
 50
357.66067373660644
  7
PLAT
 72
1
 11
1336.8572574488046
 21
2385.505831268461
 31
0.0
100
AcDbText
 73
2
  0
TEXT
  5
1B7
330
17
100
AcDbEntity
  8
PLAT-TEXT-LOWCONF
100
AcDbText
 10
825.5
 20
2384.5
 30
0.0
 40
8.0
  1
1
  7
PLAT
 72
1
 11
825.5
 21
2384.5
 31
0.0
100
AcDbText
 73
2
  0
TEXT
  5
1B8
330
17
100
AcDbEntity
  8
PLAT-TEXT-LOWCONF
100
AcDbText
 10
1077.0
 20
2376.5
 30
0.0
 40
10.0
  1
5
 50
90.0
  7
PLAT
 72
1
 11
1077.0
 21
2376.5
 31
0.0
100
AcDbText
 73
2
  0
TEXT
  5
1B9
330
17
100
AcDbEntity
  8
PLAT-TEXT-MISC
100
AcDbText
 10
865.9088752755289
 20
2375.2915141198355
 30
0.0
 40
8.509155620504204
  1
Cape
 50
356.94693431186266
  7
PLAT
 72
1
 11
865.9088752755289
 21
2375.2915141198355
 31
0.0
100
AcDbText
 73
2
  0
TEXT
  5
1BA
330
17
100
AcDbEntity
  8
PLAT-TEXT-MISC
100
AcDbText
 10
897.0
 20
2376.5
 30
0.0
 40
7.2
  1
Horn
  7
PLAT
 72
1
 11
897.0
 21
2376.5
 31
0.0
100
AcDbText
 73
2
  0
TEXT
  5
1BB
330
17
100
AcDbEntity
  8
PLAT-TEXT-LOWCONF
100
AcDbText
 10
919.5
 20
2379.0
 30
0.0
 40
2.7
  1
A
  7
PLAT
 72
1
 11
919.5
 21
2379.0
 31
0.0
100
AcDbText
 73
2
  0
TEXT
  5
1BC
330
17
100
AcDbEntity
  8
PLAT-TEXT-LOWCONF
100
AcDbText
 10
944.5
 20
2378.0
 30
0.0
 40
5.0
  1
8
  7
PLAT
 72
1
 11
944.5
 21
2378.0
 31
0.0
100
AcDbText
 73
2
  0
TEXT
  5
1BD
330
17
100
AcDbEntity
  8
PLAT-TEXT-MISC
100
AcDbText
 10
963.0
 20
2376.5
 30
0.0
 40
7.2
  1
San
  7
PLAT
 72
1
 11
963.0
 21
2376.5
 31
0.0
100
AcDbText
 73
2
  0
TEXT
  5
1BE
330
17
100
AcDbEntity
  8
PLAT-TEXT-MISC
100
AcDbText
 10
1007.5
 20
2376.5
 30
0.0
 40
7.2
  1
Salvadore
  7
PLAT
 72
1
 11
1007.5
 21
2376.5
 31
0.0
100
AcDbText
 73
2
  0
TEXT
  5
1BF
330
17
100
AcDbEntity
  8
PLAT-TEXT-LOWCONF
100
AcDbText
 10
1045.5
 20
2379.0
 30
0.0
 40
2.7
  1
A
  7
PLAT
 72
1
 11
1045.5
 21
2379.0
 31
0.0
100
AcDbText
 73
2
  0
TEXT
  5
1C0
330
17
100
AcDbEntity
  8
PLAT-TEXT-MISC
100
AcDbText
 10
925.5
 20
2375.5
 30
0.0
 40
5.4
  1
Ave
  7
PLAT
 72
1
 11
925.5
 21
2375.5
 31
0.0
100
AcDbText
 73
2
  0
TEXT
  5
1C1
330
17
100
AcDbEntity
  8
PLAT-TEXT-MISC
100
AcDbText
 10
1051.5
 20
2375.5
 30
0.0
 40
5.4
  1
Ave
  7
PLAT
 72
1
 11
1051.5
 21
2375.5
 31
0.0
100
AcDbText
 73
2
  0
TEXT
  5
1C2
330
17
100
AcDbEntity
  8
PLAT-TEXT-LOWCONF
100
AcDbText
 10
945.0
 20
2374.5
 30
0.0
 40
4.0
  1
9
  7
PLAT
 72
1
 11
945.0
 21
2374.5
 31
0.0
100
AcDbText
 73
2
  0
TEXT
  5
1C3
330
17
100
AcDbEntity
  8
PLAT-TEXT-LOWCONF
100
AcDbText
 10
385.5
 20
2349.0
 30
0.0
 40
6.3
  1
Ly
  7
PLAT
 72
1
 11
385.5
 21
2349.0
 31
0.0
100
AcDbText
 73
2
  0
TEXT
  5
1C4
330
17
100
AcDbEntity
  8
PLAT-TEXT-MISC
100
AcDbText
 10
958.0
 20
2321.5
 30
0.0
 40
10.8
  1
Corner Return & P.|. Decomposition
  7
PLAT
 72
1
 11
958.0
 21
2321.5
 31
0.0
100
AcDbText
 73
2
  0
TEXT
  5
1C5
330
17
100
AcDbEntity
  8
PLAT-TEXT-LOWCONF
100
AcDbText
 10
825.0
 20
2314.5
 30
0.0
 40
8.0
  1
2
  7
PLAT
 72
1
 11
825.0
 21
2314.5
 31
0.0
100
AcDbText
 73
2
  0
TEXT
  5
1C6
330
17
100
AcDbEntity
  8
PLAT-TEXT-MISC
100
AcDbText
 10
1321.0000037686925
 20
2314.501372709763
 30
0.0
 40
7.340816809646838
  1
CALCULATED
 50
359.84269825775374
  7
PLAT
 72
1
 11
1321.0000037686925
 21
2314.501372709763
 31
0.0
100
AcDbText
 73
2
  0
TEXT
  5
1C7
330
17
100
AcDbEntity
  8
PLAT-TEXT-MISC
100
AcDbText
 10
265.4659430191056
 20
2306.7986223059775
 30
0.0
 40
12.96
  1
Drag &
 50
358.3761985760567
  7
PLAT
 72
1
 11
265.4659430191056
 21
2306.7986223059775
 31
0.0
100
AcDbText
 73
2
  0
TEXT
  5
1C8
330
17
100
AcDbEntity
  8
PLAT-TEXT-MISC
100
AcDbText
 10
363.0002102309061
 20
2306.501050007817
 30
0.0
 40
12.620034733089469
  1
drop your survey plat
 50
359.9879672909743
  7
PLAT
 72
1
 11
363.0002102309061
 21
2306.501050007817
 31
0.0
100
AcDbText
 73
2
  0
TEXT
  5
1C9
330
17
100
AcDbEntity
  8
PLAT-TEXT-LOWCONF
100
AcDbText
 10
440.5
 20
2313.0
 30
0.0
 40
2.7
  1
e
 50
90.0
  7
PLAT
 72
1
 11
440.5
 21
2313.0
 31
0.0
100
AcDbText
 73
2
  0
TEXT
  5
1CA
330
17
100
AcDbEntity
  8
PLAT-TEXT-MISC
100
AcDbText
 10
484.05576335029
 20
2306.448105072843
 30
0.0
 40
11.525949357730662
  1
image or PDF
 50
2.0578910119439797
  7
PLAT
 72
1
 11
484.05576335029
 21
2306.448105072843
 31
0.0
100
AcDbText
 73
2
  0
TEXT
  5
1CB
330
17
100
AcDbEntity
  8
PLAT-TEXT-CURVE
100
AcDbText
 10
865.9338271071125
 20
2305.211737728098
 30
0.0
 40
8.307240997894093
  1
R=25
 50
355.2013958732229
  7
PLAT
 72
1
 11
865.9338271071125
 21
2305.211737728098
 31
0.0
100
AcDbText
 73
2
  0
TEXT
  5
1CC
330
17
100
AcDbEntity
  8
PLAT-TEXT-LOWCONF
100
AcDbText
 10
878.0855771454028
 20
2308.5787790025524
 30
0.0
 40
2.680641039688726
  1
v3
 50
351.5892950549796
  7
PLAT
 72
1
 11
878.0855771454028
 21
2308.5787790025524
 31
0.0
100
AcDbText
 73
2
  0
TEXT
  5
1CD
330
17
100
AcDbEntity
  8
PLAT-TEXT-LOWCONF
100
AcDbText
 10
909.5
 20
2305.5
 30
0.0
 40
7.2
  1
4=90
  7
PLAT
 72
1
 11
909.5
 21
2305.5
 31
0.0
100
AcDbText
 73
2
  0
TEXT
  5
1CE
330
17
100
AcDbEntity
  8
PLAT-TEXT-CURVE
100
AcDbText
 10
1066.5
 20
2305.5
 30
0.0
 40
7.2
  1
L=39.27'
  7
PLAT
 72
1
 11
1066.5
 21
2305.5
 31
0.0
100
AcDbText
 73
2
  0
TEXT
  5
1CF
330
17
100
AcDbEntity
  8
PLAT-TEXT-LOWCONF
100
AcDbText
 10
969.5
 20
2301.0
 30
0.0
 40
2.7
  1
a
  7
PLAT
 72
1
 11
969.5
 21
2301.0
 31
0.0
100
AcDbText
 73
2
  0
TEXT
  5
1D0
330
17
100
AcDbEntity
  8
PLAT-TEXT-LOWCONF
100
AcDbText
 10
1032.5
 20
2301.0
 30
0.0
 40
2.7
  1
a
  7
PLAT
 72
1
 11
1032.5
 21
2301.0
 31
0.0
100
AcDbText
 73
2
  0
TEXT
  5
1D1
330
17
100
AcDbEntity
  8
PLAT-TEXT-MISC
100
AcDbText
 10
385.5
 20
2285.0
 30
0.0
 40
8.1
  1
or hrawee Ineal file
  7
PLAT
 72
1
 11
385.5
 21
2285.0
 31
0.0
100
AcDbText
 73
2
  0
TEXT
  5
1D2
330
17
100
AcDbEntity
  8
PLAT-TEXT-MISC
100
AcDbText
 10
939.5
 20
2251.5
 30
0.0
 40
10.8
  1
Surveyor MapCheck & Gauss
  7
PLAT
 72
1
 11
939.5
 21
2251.5
 31
0.0
100
AcDbText
 73
2
  0
TEXT
  5
1D3
330
17
100
AcDbEntity
  8
PLAT-TEXT-MISC
100
AcDbText
 10
1043.0
 20
2253.0
 30
0.0
 40
8.1
  1
Area
  7
PLAT
 72
1
 11
1043.0
 21
2253.0
 31
0.0
100
AcDbText
 73
2
  0
TEXT
  5
1D4
330
17
100
AcDbEntity
  8
PLAT-TEXT-LOWCONF
100
AcDbText
 10
1336.03240077568
 20
2244.4992997996364
 30
0.0
 40
9.425899335231277
  1
(#:T)
 50
358.7619962427727
  7
PLAT
 72
1
 11
1336.03240077568
 21
2244.4992997996364
 31
0.0
100
AcDbText
 73
2
  0
TEXT
  5
1D5
330
17
100
AcDbEntity
  8
PLAT-TEXT-LOWCONF
100
AcDbText
 10
825.0
 20
2244.5
 30
0.0
 40
8.0
  1
3
  7
PLAT
 72
1
 11
825.0
 21
2244.5
 31
0.0
100
AcDbText
 73
2
  0
TEXT
  5
1D6
330
17
100
AcDbEntity
  8
PLAT-TEXT-MISC
100
AcDbText
 10
1302.988966341319
 20
2244.489433141561
 30
0.0
 40
7.606874500084753
  1
PASS
 50
358.7619962427727
  7
PLAT
 72
1
 11
1302.988966341319
 21
2244.489433141561
 31
0.0
100
AcDbText
 73
2
  0
TEXT
  5
1D7
330
17
100
AcDbEntity
  8
PLAT-TEXT-MISC
100
AcDbText
 10
909.999670892836
 20
2234.998021333584
 30
0.0
 40
9.904748049341261
  1
Latitude/Oeparture
 50
0.0188938354176571
  7
PLAT
 72
1
 11
909.999670892836
 21
2234.998021333584
 31
0.0
100
AcDbText
 73
2
  0
TEXT
  5
1D8
330
17
100
AcDbEntity
  8
PLAT-TEXT-MISC
100
AcDbText
 10
995.0
 20
2235.5
 30
0.0
 40
7.2
  1
Closure
  7
PLAT
 72
1
 11
995.0
 21
2235.5
 31
0.0
100
AcDbText
 73
2
  0
TEXT
  5
1D9
330
17
100
AcDbEntity
  8
PLAT-TEXT-LOWCONF
100
AcDbText
 10
1026.0
 20
2235.5
 30
0.0
 40
8.0
  1
8
  7
PLAT
 72
1
 11
1026.0
 21
2235.5
 31
0.0
100
AcDbText
 73
2
  0
TEXT
  5
1DA
330
17
100
AcDbEntity
  8
PLAT-TEXT-MISC
100
AcDbText
 10
1045.0
 20
2235.5
 30
0.0
 40
7.2
  1
Net
  7
PLAT
 72
1
 11
1045.0
 21
2235.5
 31
0.0
100
AcDbText
 73
2
  0
TEXT
  5
1DB
330
17
100
AcDbEntity
  8
PLAT-TEXT-MISC
100
AcDbText
 10
1083.0
 20
2234.5
 30
0.0
 40
9.0
  1
Acreage
  7
PLAT
 72
1
 11
1083.0
 21
2234.5
 31
0.0
100
AcDbText
 73
2
  0
TEXT
  5
1DC
330
17
100
AcDbEntity
  8
PLAT-TEXT-MISC
100
AcDbText
 10
143.5003631390225
 20
2215.4873320558804
 30
0.0
 40
7.3012650952828215
  1
Select Ground-Truthed Plat Dataset:
 50
359.9573056414808
  7
PLAT
 72
1
 11
143.5003631390225
 21
2215.4873320558804
 31
0.0
100
AcDbText
 73
2
  0
TEXT
  5
1DD
330
17
100
AcDbEntity
  8
PLAT-TEXT-MISC
100
AcDbText
 10
272.0030944730777
 20
2182.0907619790873
 30
0.0
 40
10.794251000421937
  1
(Lots
 50
358.04729251914455
  7
PLAT
 72
1
 11
272.0030944730777
 21
2182.0907619790873
 31
0.0
100
AcDbText
 73
2
  0
TEXT
  5
1DE
330
17
100
AcDbEntity
  8
PLAT-TEXT-MISC
100
AcDbText
 10
369.5000906285826
 20
2182.557514650754
 30
0.0
 40
10.799987709266786
  1
PB 30 PG 82)
 50
359.9097163779941
  7
PLAT
 72
1
 11
369.5000906285826
 21
2182.557514650754
 31
0.0
100
AcDbText
 73
2
  0
TEXT
  5
1DF
330
17
100
AcDbEntity
  8
PLAT-TEXT-MISC
100
AcDbText
 10
137.49227677167528
 20
2182.0322731191427
 30
0.0
 40
8.510376424015638
  1
Beachwood Unit Two —
 50
0.21773956109001347
  7
PLAT
 72
1
 11
137.49227677167528
 21
2182.0322731191427
 31
0.0
100
AcDbText
 73
2
  0
TEXT
  5
1E0
330
17
100
AcDbEntity
  8
PLAT-TEXT-MISC
100
AcDbText
 10
232.49688101353007
 20
2181.9979300176224
 30
0.0
 40
8.172868025613178
  1
Block 9
 50
359.8810278440122
  7
PLAT
 72
1
 11
232.49688101353007
 21
2181.9979300176224
 31
0.0
100
AcDbText
 73
2
  0
TEXT
  5
1E1
330
17
100
AcDbEntity
  8
PLAT-TEXT-MISC
100
AcDbText
 10
306.5000240762318
 20
2181.9965304847265
 30
0.0
 40
8.287184984745423
  1
23-31
 50
0.39758992761682066
  7
PLAT
 72
1
 11
306.5000240762318
 21
2181.9965304847265
 31
0.0
100
AcDbText
 73
2
  0
TEXT
  5
1E2
330
17
100
AcDbEntity
  8
PLAT-TEXT-MISC
100
AcDbText
 10
962.996697808174
 20
2180.634193659354
 30
0.0
 40
10.967521337192691
  1
Vector CAD DXF & Report Generation
 50
359.86147283074746
  7
PLAT
 72
1
 11
962.996697808174
 21
2180.634193659354
 31
0.0
100
AcDbText
 73
2
  0
TEXT
  5
1E3
330
17
100
AcDbEntity
  8
PLAT-TEXT-LOWCONF
100
AcDbText
 10
825.0
 20
2174.5
 30
0.0
 40
8.0
  1
4
  7
PLAT
 72
1
 11
825.0
 21
2174.5
 31
0.0
100
AcDbText
 73
2
  0
TEXT
  5
1E4
330
17
100
AcDbEntity
  8
PLAT-TEXT-MISC
100
AcDbText
 10
1327.0003497056186
 20
2174.5132185670686
 30
0.0
 40
8.268875029501467
  1
COMPILED
 50
358.4845571137482
  7
PLAT
 72
1
 11
1327.0003497056186
 21
2174.5132185670686
 31
0.0
100
AcDbText
 73
2
  0
TEXT
  5
1E5
330
17
100
AcDbEntity
  8
PLAT-TEXT-MISC
100
AcDbText
 10
874.9939759073429
 20
2165.4938271190395
 30
0.0
 40
7.627676926105123
  1
AUTOCAD
 50
0.6989044383706187
  7
PLAT
 72
1
 11
874.9939759073429
 21
2165.4938271190395
 31
0.0
100
AcDbText
 73
2
  0
TEXT
  5
1E6
330
17
100
AcDbEntity
  8
PLAT-TEXT-LOWCONF
100
AcDbText
 10
916.0001594950012
 20
2165.4910712788187
 30
0.0
 40
7.536554605344389
  1
2688
 50
1.0233737201760391
  7
PLAT
 72
1
 11
916.0001594950012
 21
2165.4910712788187
 31
0.0
100
AcDbText
 73
2
  0
TEXT
  5
1E7
330
17
100
AcDbEntity
  8
PLAT-TEXT-LOWCONF
100
AcDbText
 10
944.4824358871412
 20
2165.4835913695674
 30
0.0
 40
7.68584956223162
  1
sty
 50
358.0520043764632
  7
PLAT
 72
1
 11
944.4824358871412
 21
2165.4835913695674
 31
0.0
100
AcDbText
 73
2
  0
TEXT
  5
1E8
330
17
100
AcDbEntity
  8
PLAT-TEXT-LOWCONF
100
AcDbText
 10
963.0
 20
2165.5
 30
0.0
 40
8.0
  1
8
  7
PLAT
 72
1
 11
963.0
 21
2165.5
 31
0.0
100
AcDbText
 73
2
  0
TEXT
  5
1E9
330
17
100
AcDbEntity
  8
PLAT-TEXT-MISC
100
AcDbText
 10
1007.5034192703897
 20
2165.3709070847153
 30
0.0
 40
7.506701019041056
  1
Checksheets
 50
359.4718240201546
  7
PLAT
 72
1
 11
1007.5034192703897
 21
2165.3709070847153
 31
0.0
100
AcDbText
 73
2
  0
TEXT
  5
1EA
330
17
100
AcDbEntity
  8
PLAT-TEXT-LOWCONF
100
AcDbText
 10
66.4867248798106
 20
2135.4111127451224
 30
0.0
 40
7.217031249142665
  1
Comer
 50
359.6358835939267
  7
PLAT
 72
1
 11
66.4867248798106
 21
2135.4111127451224
 31
0.0
100
AcDbText
 73
2
  0
TEXT
  5
1EB
330
17
100
AcDbEntity
  8
PLAT-TEXT-MISC
100
AcDbText
 10
113.50454778181961
 20
2135.2060830521154
 30
0.0
 40
9.124346980640412
  1
Radius (R)
 50
0.8864678088627329
  7
PLAT
 72
1
 11
113.50454778181961
 21
2135.2060830521154
 31
0.0
100
AcDbText
 73
2
  0
TEXT
  5
1EC
330
17
100
AcDbEntity
  8
PLAT-TEXT-MISC
100
AcDbText
 10
309.5010028465239
 20
2135.5010008391437
 30
0.0
 40
7.27663785362311
  1
Closure Standard
 50
359.942598595479
  7
PLAT
 72
1
 11
309.5010028465239
 21
2135.5010008391437
 31
0.0
100
AcDbText
 73
2
  0
TEXT
  5
1ED
330
17
100
AcDbEntity
  8
PLAT-TEXT-LOWCONF
100
AcDbText
 10
525.5
 20
2135.5
 30
0.0
 40
7.2
  1
a
 50
90.0
  7
PLAT
 72
1
 11
525.5
 21
2135.5
 31
0.0
100
AcDbText
 73
2
  0
TEXT
  5
1EE
330
17
100
AcDbEntity
  8
PLAT-TEXT-MISC
100
AcDbText
 10
561.4682103358715
 20
2134.301851091658
 30
0.0
 40
8.662960891554263
  1
Tangent
 50
358.4801669046105
  7
PLAT
 72
1
 11
561.4682103358715
 21
2134.301851091658
 31
0.0
100
AcDbText
 73
2
  0
TEXT
  5
1EF
330
17
100
AcDbEntity
  8
PLAT-TEXT-MISC
100
AcDbText
 10
596.8885455152875
 20
2135.2803770865276
 30
0.0
 40
7.9435373155911435
  1
Rule
 50
356.291656648662
  7
PLAT
 72
1
 11
596.8885455152875
 21
2135.2803770865276
 31
0.0
100
AcDbText
 73
2
  0
TEXT
  5
1F0
330
17
100
AcDbEntity
  8
PLAT-TEXT-UNASSOC
100
AcDbText
 10
74.49999409252791
 20
2103.998281366483
 30
0.0
 40
8.180389989828889
  1
25.6
 50
359.8030575546376
  7
PLAT
 72
1
 11
74.49999409252791
 21
2103.998281366483
 31
0.0
100
AcDbText
 73
2
  0
TEXT
  5
1F1
330
17
100
AcDbEntity
  8
PLAT-TEXT-LOWCONF
100
AcDbText
 10
231.25764569207524
 20
2105.5156352329113
 30
0.0
 40
6.500754419446497
  1
Fp
 50
20.2186484645772
  7
PLAT
 72
1
 11
231.25764569207524
 21
2105.5156352329113
 31
0.0
100
AcDbText
 73
2
  0
TEXT
  5
1F2
330
17
100
AcDbEntity
  8
PLAT-TEXT-LOWCONF
100
AcDbText
 10
352.0085991080899
 20
2104.4642516806434
 30
0.0
 40
8.19952333228465
  1
“A
 50
58.52529850354307
  7
PLAT
 72
1
 11
352.0085991080899
 21
2104.4642516806434
 31
0.0
100
AcDbText
 73
2
  0
TEXT
  5
1F3
330
17
100
AcDbEntity
  8
PLAT-TEXT-LOWCONF
100
AcDbText
 10
294.5
 20
2103.0
 30
0.0
 40
2.7
  1
A
  7
PLAT
 72
1
 11
294.5
 21
2103.0
 31
0.0
100
AcDbText
 73
2
  0
TEXT
  5
1F4
330
17
100
AcDbEntity
  8
PLAT-TEXT-MISC
100
AcDbText
 10
844.9999537695118
 20
2082.4999999957254
 30
0.0
 40
7.205325725332271
  1
MAX LINEAR
 50
0.005297623745889268
  7
PLAT
 72
1
 11
844.9999537695118
 21
2082.4999999957254
 31
0.0
100
AcDbText
 73
2
  0
TEXT
  5
1F5
330
17
100
AcDbEntity
  8
PLAT-TEXT-MISC
100
AcDbText
 10
981.4993463797208
 20
2082.525557641906
 30
0.0
 40
8.049288509597753
  1
SURVEY
 50
1.4649834330858766
  7
PLAT
 72
1
 11
981.4993463797208
 21
2082.525557641906
 31
0.0
100
AcDbText
 73
2
  0
TEXT
  5
1F6
330
17
100
AcDbEntity
  8
PLAT-TEXT-MISC
100
AcDbText
 10
1125.4953012574556
 20
2082.4316138584
 30
0.0
 40
8.850882732671115
  1
TOTAL
 50
356.06944252631894
  7
PLAT
 72
1
 11
1125.4953012574556
 21
2082.4316138584
 31
0.0
100
AcDbText
 73
2
  0
TEXT
  5
1F7
330
17
100
AcDbEntity
  8
PLAT-TEXT-MISC
100
AcDbText
 10
1156.4951818714114
 20
2082.5692453191587
 30
0.0
 40
8.246819504043845
  1
NET
 50
3.980257699925346
  7
PLAT
 72
1
 11
1156.4951818714114
 21
2082.5692453191587
 31
0.0
100
AcDbText
 73
2
  0
TEXT
  5
1F8
330
17
100
AcDbEntity
  8
PLAT-TEXT-MISC
100
AcDbText
 10
1185.5202159655103
 20
2082.4931092891106
 30
0.0
 40
7.35182163852161
  1
AREA
 50
359.6130205155016
  7
PLAT
 72
1
 11
1185.5202159655103
 21
2082.4931092891106
 31
0.0
100
AcDbText
 73
2
  0
TEXT
  5
1F9
330
17
100
AcDbEntity
  8
PLAT-TEXT-MISC
100
AcDbText
 10
1299.5011152968752
 20
2082.5011103433762
 30
0.0
 40
7.3642370538119994
  1
CERTIFIED LOTS
 50
359.8724797857761
  7
PLAT
 72
1
 11
1299.5011152968752
 21
2082.5011103433762
 31
0.0
100
AcDbText
 73
2
  0
TEXT
  5
1FA
330
17
100
AcDbEntity
  8
PLAT-TEXT-MISC
100
AcDbText
 10
829.4999574550712
 20
2067.4999999963798
 30
0.0
 40
7.20252714597079
  1
ERROR
 50
0.004875289739175059
  7
PLAT
 72
1
 11
829.4999574550712
 21
2067.4999999963798
 31
0.0
100
AcDbText
 73
2
  0
TEXT
  5
1FB
330
17
100
AcDbEntity
  8
PLAT-TEXT-MISC
100
AcDbText
 10
988.5
 20
2067.5
 30
0.0
 40
7.78323637982716
  1
PRECISION
 50
359.3243868171182
  7
PLAT
 72
1
 11
988.5
 21
2067.5
 31
0.0
100
AcDbText
 73
2
  0
TEXT
  5
1FC
330
17
100
AcDbEntity
  8
PLAT-TEXT-LOTNO
100
AcDbText
 10
1117.5907220514448
 20
2059.4917006298365
 30
0.0
 40
13.13856978729812
  1
81
 50
354.7730569904523
  7
PLAT
 72
1
 11
1117.5907220514448
 21
2059.4917006298365
 31
0.0
100
AcDbText
 73
2
  0
TEXT
  5
1FD
330
17
100
AcDbEntity
  8
PLAT-TEXT-LOTNO
100
AcDbText
 10
1151.5169966918877
 20
2059.4735145981203
 30
0.0
 40
12.417278501626136
  1
291
 50
358.9997686914753
  7
PLAT
 72
1
 11
1151.5169966918877
 21
2059.4735145981203
 31
0.0
100
AcDbText
 73
2
  0
TEXT
  5
1FE
330
17
100
AcDbEntity
  8
PLAT-TEXT-LOTNO
100
AcDbText
 10
1180.5
 20
2059.5
 30
0.0
 40
12.0
  1
9
  7
PLAT
 72
1
 11
1180.5
 21
2059.5
 31
0.0
100
AcDbText
 73
2
  0
TEXT
  5
1FF
330
17
100
AcDbEntity
  8
PLAT-TEXT-LOTNO
100
AcDbText
 10
1261.5
 20
2059.5
 30
0.0
 40
12.0
  1
9
  7
PLAT
 72
1
 11
1261.5
 21
2059.5
 31
0.0
100
AcDbText
 73
2
  0
TEXT
  5
200
330
17
100
AcDbEntity
  8
PLAT-TEXT-LOTNO
100
AcDbText
 10
1299.5
 20
2059.5
 30
0.0
 40
12.0
  1
9
  7
PLAT
 72
1
 11
1299.5
 21
2059.5
 31
0.0
100
AcDbText
 73
2
  0
TEXT
  5
201
330
17
100
AcDbEntity
  8
PLAT-TEXT-MISC
100
AcDbText
 10
1333.4793927127125
 20
2059.462454130619
 30
0.0
 40
11.930472838955133
  1
PASS
 50
357.80459164604525
  7
PLAT
 72
1
 11
1333.4793927127125
 21
2059.462454130619
 31
0.0
100
AcDbText
 73
2
  0
TEXT
  5
202
330
17
100
AcDbEntity
  8
PLAT-TEXT-LOWCONF
100
AcDbText
 10
54.0
 20
2059.0
 30
0.0
 40
11.0
  1
7
  7
PLAT
 72
1
 11
54.0
 21
2059.0
 31
0.0
100
AcDbText
 73
2
  0
TEXT
  5
203
330
17
100
AcDbEntity
  8
PLAT-TEXT-LOWCONF
100
AcDbText
 10
1131.5
 20
2053.0
 30
0.0
 40
5.0
  1
8
  7
PLAT
 72
1
 11
1131.5
 21
2053.0
 31
0.0
100
AcDbText
 73
2
  0
TEXT
  5
204
330
17
100
AcDbEntity
  8
PLAT-TEXT-LOWCONF
100
AcDbText
 10
1170.5
 20
2055.0
 30
0.0
 40
2.7
  1
e
  7
PLAT
 72
1
 11
1170.5
 21
2055.0
 31
0.0
100
AcDbText
 73
2
  0
TEXT
  5
205
330
17
100
AcDbEntity
  8
PLAT-TEXT-LOTNO
100
AcDbText
 10
297.5
 20
2040.5
 30
0.0
 40
14.4
  1
4
  7
PLAT
 72
1
 11
297.5
 21
2040.5
 31
0.0
100
AcDbText
 73
2
  0
TEXT
  5
206
330
17
100
AcDbEntity
  8
PLAT-TEXT-LOTNO
100
AcDbText
 10
816.0
 20
2044.5
 30
0.0
 40
12.0
  1
6
  7
PLAT
 72
1
 11
816.0
 21
2044.5
 31
0.0
100
AcDbText
 73
2
  0
TEXT
  5
207
330
17
100
AcDbEntity
  8
PLAT-TEXT-MISC
100
AcDbText
 10
854.5000733301285
 20
2044.4999266913746
 30
0.0
 40
10.805542838521152
  1
00008
 50
0.008401781837449107
  7
PLAT
 72
1
 11
854.5000733301285
 21
2044.4999266913746
 31
0.0
100
AcDbText
 73
2
  0
TEXT
  5
208
330
17
100
AcDbEntity
  8
PLAT-TEXT-LOTNO
100
AcDbText
 10
898.3306567587141
 20
2044.2483377240274
 30
0.0
 40
13.666717419207764
  1
44
 50
349.29035218700267
  7
PLAT
 72
1
 11
898.3306567587141
 21
2044.2483377240274
 31
0.0
100
AcDbText
 73
2
  0
TEXT
  5
209
330
17
100
AcDbEntity
  8
PLAT-TEXT-MISC
100
AcDbText
 10
983.4982522729493
 20
2044.5511716330225
 30
0.0
 40
12.084507875038645
  1
EXACT
 50
1.956132098163323
  7
PLAT
 72
1
 11
983.4982522729493
 21
2044.5511716330225
 31
0.0
100
AcDbText
 73
2
  0
TEXT
  5
20A
330
17
100
AcDbEntity
  8
PLAT-TEXT-MISC
100
AcDbText
 10
351.9929583201946
 20
2040.9431808776008
 30
0.0
 40
8.770887083054523
  1
Re-Send to
 50
359.2754612561343
  7
PLAT
 72
1
 11
351.9929583201946
 21
2040.9431808776008
 31
0.0
100
AcDbText
 73
2
  0
TEXT
  5
20B
330
17
100
AcDbEntity
  8
PLAT-TEXT-MISC
100
AcDbText
 10
403.5
 20
2041.0
 30
0.0
 40
8.1
  1
Cad.
  7
PLAT
 72
1
 11
403.5
 21
2041.0
 31
0.0
100
AcDbText
 73
2
  0
TEXT
  5
20C
330
17
100
AcDbEntity
  8
PLAT-TEXT-MISC
100
AcDbText
 10
454.5004181371611
 20
2040.9421646954686
 30
0.0
 40
8.483703702243668
  1
lastral Model
 50
0.4142292908858849
  7
PLAT
 72
1
 11
454.5004181371611
 21
2040.9421646954686
 31
0.0
100
AcDbText
 73
2
  0
TEXT
  5
20D
330
17
100
AcDbEntity
  8
PLAT-TEXT-LOWCONF
100
AcDbText
 10
825.5
 20
2040.0
 30
0.0
 40
2.7
  1
e
  7
PLAT
 72
1
 11
825.5
 21
2040.0
 31
0.0
100
AcDbText
 73
2
  0
TEXT
  5
20E
330
17
100
AcDbEntity
  8
PLAT-TEXT-AREA
100
AcDbText
 10
1117.6121642395453
 20
2036.1144146156594
 30
0.0
 40
12.668430158966586
  1
SF
 50
16.219364281772016
  7
PLAT
 72
1
 11
1117.6121642395453
 21
2036.1144146156594
 31
0.0
100
AcDbText
 73
2
  0
TEXT
  5
20F
330
17
100
AcDbEntity
  8
PLAT-TEXT-LOWCONF
100
AcDbText
 10
1260.2867822795083
 20
2038.5858817772194
 30
0.0
 40
5.523920612707872
  1
NY
 50
318.170095872955
  7
PLAT
 72
1
 11
1260.2867822795083
 21
2038.5858817772194
 31
0.0
100
AcDbText
 73
2
  0
TEXT
  5
210
330
17
100
AcDbEntity
  8
PLAT-TEXT-MISC
100
AcDbText
 10
1296.9497596200156
 20
2037.2439486473945
 30
0.0
 40
7.248899912626489
  1
Dete:
 50
358.3612229079394
  7
PLAT
 72
1
 11
1296.9497596200156
 21
2037.2439486473945
 31
0.0
100
AcDbText
 73
2
  0
TEXT
  5
211
330
17
100
AcDbEntity
  8
PLAT-TEXT-LOWCONF
100
AcDbText
 10
1324.9993252602308
 20
2036.4816447661178
 30
0.0
 40
6.18030147657469
  1
5
 50
87.89475079834892
  7
PLAT
 72
1
 11
1324.9993252602308
 21
2036.4816447661178
 31
0.0
100
AcDbText
 73
2
  0
TEXT
  5
212
330
17
100
AcDbEntity
  8
PLAT-TEXT-LOWCONF
100
AcDbText
 10
1338.0
 20
2037.5
 30
0.0
 40
5.4
  1
X
  7
PLAT
 72
1
 11
1338.0
 21
2037.5
 31
0.0
100
AcDbText
 73
2
  0
TEXT
  5
213
330
17
100
AcDbEntity
  8
PLAT-TEXT-LOWCONF
100
AcDbText
 10
970.011313602967
 20
2020.3808342100529
 30
0.0
 40
14.4
  1
(8
 50
5.423406848007119
  7
PLAT
 72
1
 11
970.011313602967
 21
2020.3808342100529
 31
0.0
100
AcDbText
 73
2
  0
TEXT
  5
214
330
17
100
AcDbEntity
  8
PLAT-TEXT-LOWCONF
100
AcDbText
 10
1040.6215346142142
 20
2020.6528403469147
 30
0.0
 40
14.4
  1
(34
 50
355.79456591220304
  7
PLAT
 72
1
 11
1040.6215346142142
 21
2020.6528403469147
 31
0.0
100
AcDbText
 73
2
  0
TEXT
  5
215
330
17
100
AcDbEntity
  8
PLAT-TEXT-LOTNO
100
AcDbText
 10
1000.5131207033492
 20
2019.9135545501424
 30
0.0
 40
14.4
  1
489
 50
346.8648832387276
  7
PLAT
 72
1
 11
1000.5131207033492
 21
2019.9135545501424
 31
0.0
100
AcDbText
 73
2
  0
TEXT
  5
216
330
17
100
AcDbEntity
  8
PLAT-TEXT-LOWCONF
100
AcDbText
 10
891.8885856757163
 20
2019.7915234810257
 30
0.0
 40
4.518574480045292
  1
cG
 50
333.1634129760601
  7
PLAT
 72
1
 11
891.8885856757163
 21
2019.7915234810257
 31
0.0
100
AcDbText
 73
2
  0
TEXT
  5
217
330
17
100
AcDbEntity
  8
PLAT-TEXT-LOWCONF
100
AcDbText
 10
984.0
 20
2016.0
 30
0.0
 40
2.7
  1
e
  7
PLAT
 72
1
 11
984.0
 21
2016.0
 31
0.0
100
AcDbText
 73
2
  0
TEXT
  5
218
330
17
100
AcDbEntity
  8
PLAT-TEXT-LOWCONF
100
AcDbText
 10
1119.0854534613402
 20
2014.2320619786874
 30
0.0
 40
4.900232195577683
  1
98
 50
339.78450137253037
  7
PLAT
 72
1
 11
1119.0854534613402
 21
2014.2320619786874
 31
0.0
100
AcDbText
 73
2
  0
TEXT
  5
219
330
17
100
AcDbEntity
  8
PLAT-TEXT-LOWCONF
100
AcDbText
 10
1134.0433767370273
 20
2016.3872170428594
 30
0.0
 40
2.876242568652305
  1
2%
 50
353.60827302928783
  7
PLAT
 72
1
 11
1134.0433767370273
 21
2016.3872170428594
 31
0.0
100
AcDbText
 73
2
  0
TEXT
  5
21A
330
17
100
AcDbEntity
  8
PLAT-TEXT-LOWCONF
100
AcDbText
 10
1132.9267183733314
 20
2011.6068602436135
 30
0.0
 40
4.708723357768755
  1
362
 50
349.4411887391239
  7
PLAT
 72
1
 11
1132.9267183733314
 21
2011.6068602436135
 31
0.0
100
AcDbText
 73
2
  0
TEXT
  5
21B
330
17
100
AcDbEntity
  8
PLAT-TEXT-AREA
100
AcDbText
 10
1153.5063244449907
 20
2011.918498357732
 30
0.0
 40
4.519362844170575
  1
Acre
 50
0.6231275933963616
  7
PLAT
 72
1
 11
1153.5063244449907
 21
2011.918498357732
 31
0.0
100
AcDbText
 73
2
  0
TEXT
  5
21C
330
17
100
AcDbEntity
  8
PLAT-TEXT-LOWCONF
100
AcDbText
 10
985.4594434407584
 20
1998.32620117743
 30
0.0
 40
12.96
  1
sees OFF
 50
346.8648832387276
  7
PLAT
 72
1
 11
985.4594434407584
 21
1998.32620117743
 31
0.0
100
AcDbText
 73
2
  0
TEXT
  5
21D
330
17
100
AcDbEntity
  8
PLAT-TEXT-MISC
100
AcDbText
 10
1038.5282074798379
 20
1997.789528543662
 30
0.0
 40
6.3387623246613565
  1
ation
 50
354.43548801716287
  7
PLAT
 72
1
 11
1038.5282074798379
 21
1997.789528543662
 31
0.0
100
AcDbText
 73
2
  0
TEXT
  5
21E
330
17
100
AcDbEntity
  8
PLAT-TEXT-MISC
100
AcDbText
 10
170.5
 20
1895.5
 30
0.0
 40
10.886478466306995
  1
Interactive Cadastral
 50
359.9644805702328
  7
PLAT
 72
1
 11
170.5
 21
1895.5
 31
0.0
100
AcDbText
 73
2
  0
TEXT
  5
21F
330
17
100
AcDbEntity
  8
PLAT-TEXT-MISC
100
AcDbText
 10
152.0
 20
1901.0
 30
0.0
 40
2.7
  1
w ae
 50
90.0
  7
PLAT
 72
1
 11
152.0
 21
1901.0
 31
0.0
100
AcDbText
 73
2
  0
TEXT
  5
220
330
17
100
AcDbEntity
  8
PLAT-TEXT-LOWCONF
100
AcDbText
 10
301.4914315615273
 20
1895.459441140726
 30
0.0
 40
10.896371237779947
  1
ordinate
 50
0.16588739778171657
  7
PLAT
 72
1
 11
301.4914315615273
 21
1895.459441140726
 31
0.0
100
AcDbText
 73
2
  0
TEXT
  5
221
330
17
100
AcDbEntity
  8
PLAT-TEXT-LOWCONF
100
AcDbText
 10
301.0
 20
1901.0
 30
0.0
 40
2.7
  1
ne
  7
PLAT
 72
1
 11
301.0
 21
1901.0
 31
0.0
100
AcDbText
 73
2
  0
TEXT
  5
222
330
17
100
AcDbEntity
  8
PLAT-TEXT-MISC
100
AcDbText
 10
378.4433378402686
 20
1894.0009175549294
 30
0.0
 40
12.638589679877096
  1
Geometry
 50
359.07226567752076
  7
PLAT
 72
1
 11
378.4433378402686
 21
1894.0009175549294
 31
0.0
100
AcDbText
 73
2
  0
TEXT
  5
223
330
17
100
AcDbEntity
  8
PLAT-TEXT-MISC
100
AcDbText
 10
448.0112654631189
 20
1895.0450877003682
 30
0.0
 40
10.872272568855411
  1
Canvas
 50
358.81602242349214
  7
PLAT
 72
1
 11
448.0112654631189
 21
1895.0450877003682
 31
0.0
100
AcDbText
 73
2
  0
TEXT
  5
224
330
17
100
AcDbEntity
  8
PLAT-TEXT-LOWCONF
100
AcDbText
 10
795.5
 20
1898.5
 30
0.0
 40
5.4
  1
a
  7
PLAT
 72
1
 11
795.5
 21
1898.5
 31
0.0
100
AcDbText
 73
2
  0
TEXT
  5
225
330
17
100
AcDbEntity
  8
PLAT-TEXT-MISC
100
AcDbText
 10
970.4966304236734
 20
1895.4292806862513
 30
0.0
 40
9.176169431392237
  1
Parcels (Lots 23-31)
 50
0.20775386704633547
  7
PLAT
 72
1
 11
970.4966304236734
 21
1895.4292806862513
 31
0.0
100
AcDbText
 73
2
  0
TEXT
  5
226
330
17
100
AcDbEntity
  8
PLAT-TEXT-MISC
100
AcDbText
 10
1088.498830521293
 20
1895.4997069035303
 30
0.0
 40
7.232632155323316
  1
Curved Fillets
 50
0.03350800378893837
  7
PLAT
 72
1
 11
1088.498830521293
 21
1895.4997069035303
 31
0.0
100
AcDbText
 73
2
  0
TEXT
  5
227
330
17
100
AcDbEntity
  8
PLAT-TEXT-LOWCONF
100
AcDbText
 10
1201.9948467279662
 20
1895.3480540804817
 30
0.0
 40
9.185790502317916
  1
Matchiine (200.0')
 50
0.348158343843636
  7
PLAT
 72
1
 11
1201.9948467279662
 21
1895.3480540804817
 31
0.0
100
AcDbText
 73
2
  0
TEXT
  5
228
330
17
100
AcDbEntity
  8
PLAT-TEXT-LOWCONF
100
AcDbText
 10
1285.0
 20
1895.5
 30
0.0
 40
7.2
  1
a
 50
90.0
  7
PLAT
 72
1
 11
1285.0
 21
1895.5
 31
0.0
100
AcDbText
 73
2
  0
TEXT
  5
229
330
17
100
AcDbEntity
  8
PLAT-TEXT-LOWCONF
100
AcDbText
 10
1301.0
 20
1895.5
 30
0.0
 40
7.427059856451733
  1
RM
 50
359.0933816134996
  7
PLAT
 72
1
 11
1301.0
 21
1895.5
 31
0.0
100
AcDbText
 73
2
  0
TEXT
  5
22A
330
17
100
AcDbEntity
  8
PLAT-TEXT-MISC
100
AcDbText
 10
1341.9943326888795
 20
1895.1509798420207
 30
0.0
 40
7.301454123107622
  1
Monument
 50
359.06972572512
  7
PLAT
 72
1
 11
1341.9943326888795
 21
1895.1509798420207
 31
0.0
100
AcDbText
 73
2
  0
TEXT
  5
22B
330
17
100
AcDbEntity
  8
PLAT-TEXT-LOWCONF
100
AcDbText
 10
809.5
 20
1894.5
 30
0.0
 40
7.2
  1
R
  7
PLAT
 72
1
 11
809.5
 21
1894.5
 31
0.0
100
AcDbText
 73
2
  0
TEXT
  5
22C
330
17
100
AcDbEntity
  8
PLAT-TEXT-LOWCONF
100
AcDbText
 10
850.4737251618733
 20
1893.6972449767197
 30
0.0
 40
11.304185049104516
  1
-- Extents
 50
7.587653051931454
  7
PLAT
 72
1
 11
850.4737251618733
 21
1893.6972449767197
 31
0.0
100
AcDbText
 73
2
  0
TEXT
  5
22D
330
17
100
AcDbEntity
  8
PLAT-TEXT-LOWCONF
100
AcDbText
 10
913.5
 20
1894.5
 30
0.0
 40
5.4
  1
e
 50
90.0
  7
PLAT
 72
1
 11
913.5
 21
1894.5
 31
0.0
100
AcDbText
 73
2
  0
TEXT
  5
22E
330
17
100
AcDbEntity
  8
PLAT-TEXT-LOWCONF
100
AcDbText
 10
1046.5
 20
1894.5
 30
0.0
 40
5.4
  1
e
 50
90.0
  7
PLAT
 72
1
 11
1046.5
 21
1894.5
 31
0.0
100
AcDbText
 73
2
  0
TEXT
  5
22F
330
17
100
AcDbEntity
  8
PLAT-TEXT-LOWCONF
100
AcDbText
 10
1148.5
 20
1894.5
 30
0.0
 40
5.4
  1
e
 50
90.0
  7
PLAT
 72
1
 11
1148.5
 21
1894.5
 31
0.0
100
AcDbText
 73
2
  0
TEXT
  5
230
330
17
100
AcDbEntity
  8
PLAT-TEXT-LOWCONF
100
AcDbText
 10
1273.5
 20
1894.5
 30
0.0
 40
5.4
  1
e
 50
90.0
  7
PLAT
 72
1
 11
1273.5
 21
1894.5
 31
0.0
100
AcDbText
 73
2
  0
TEXT
  5
231
330
17
100
AcDbEntity
  8
PLAT-TEXT-LOWCONF
100
AcDbText
 10
788.5
 20
1891.5
 30
0.0
 40
5.4
  1
a
  7
PLAT
 72
1
 11
788.5
 21
1891.5
 31
0.0
100
AcDbText
 73
2
  0
TEXT
  5
232
330
17
100
AcDbEntity
  8
PLAT-TEXT-LOTNO
100
AcDbText
 10
555.9652380158309
 20
1743.225686908593
 30
0.0
 40
11.494706144062468
  1
107
 50
8.756310591614692
  7
PLAT
 72
1
 11
555.9652380158309
 21
1743.225686908593
 31
0.0
100
AcDbText
 73
2
  0
TEXT
  5
233
330
17
100
AcDbEntity
  8
PLAT-TEXT-LOTNO
100
AcDbText
 10
580.891670404576
 20
1743.3107962261342
 30
0.0
 40
11.187341014474542
  1
27
 50
19.216258628274318
  7
PLAT
 72
1
 11
580.891670404576
 21
1743.3107962261342
 31
0.0
100
AcDbText
 73
2
  0
TEXT
  5
234
330
17
100
AcDbEntity
  8
PLAT-TEXT-LOWCONF
100
AcDbText
 10
548.048077173235
 20
1727.9401315302528
 30
0.0
 40
6.952171833382115
  1
41
 50
353.7660888318934
  7
PLAT
 72
1
 11
548.048077173235
 21
1727.9401315302528
 31
0.0
100
AcDbText
 73
2
  0
TEXT
  5
235
330
17
100
AcDbEntity
  8
PLAT-TEXT-LOWCONF
100
AcDbText
 10
566.573773867285
 20
1728.7776163552817
 30
0.0
 40
7.736878773029375
  1
19%
 50
345.1181447131452
  7
PLAT
 72
1
 11
566.573773867285
 21
1728.7776163552817
 31
0.0
100
AcDbText
 73
2
  0
TEXT
  5
236
330
17
100
AcDbEntity
  8
PLAT-TEXT-LOWCONF
100
AcDbText
 10
584.7121676133138
 20
1728.5906785057914
 30
0.0
 40
7.725559259923126
  1
Sp
 50
25.97956263415108
  7
PLAT
 72
1
 11
584.7121676133138
 21
1728.5906785057914
 31
0.0
100
AcDbText
 73
2
  0
TEXT
  5
237
330
17
100
AcDbEntity
  8
PLAT-TEXT-MISC
100
AcDbText
 10
642.4808895622645
 20
1720.1369132166928
 30
0.0
 40
10.14595031238136
  1
Lor
 50
7.946044732597272
  7
PLAT
 72
1
 11
642.4808895622645
 21
1720.1369132166928
 31
0.0
100
AcDbText
 73
2
  0
TEXT
  5
238
330
17
100
AcDbEntity
  8
PLAT-TEXT-LOTNO
100
AcDbText
 10
666.9692302975005
 20
1719.9980992249243
 30
0.0
 40
9.601346441416448
  1
28
 50
3.534911491591231
  7
PLAT
 72
1
 11
666.9692302975005
 21
1719.9980992249243
 31
0.0
100
AcDbText
 73
2
  0
TEXT
  5
239
330
17
100
AcDbEntity
  8
PLAT-TEXT-LOWCONF
100
AcDbText
 10
634.5
 20
1705.0
 30
0.0
 40
7.0
  1
9
  7
PLAT
 72
1
 11
634.5
 21
1705.0
 31
0.0
100
AcDbText
 73
2
  0
TEXT
  5
23A
330
17
100
AcDbEntity
  8
PLAT-TEXT-LOWCONF
100
AcDbText
 10
647.5599842668745
 20
1704.4779298654753
 30
0.0
 40
7.947728022411554
  1
”,633
 50
10.069275542735454
  7
PLAT
 72
1
 11
647.5599842668745
 21
1704.4779298654753
 31
0.0
100
AcDbText
 73
2
  0
TEXT
  5
23B
330
17
100
AcDbEntity
  8
PLAT-TEXT-LOWCONF
100
AcDbText
 10
668.2508294867525
 20
1705.4325327369984
 30
0.0
 40
8.694874175331925
  1
9
 50
299.9450911836635
  7
PLAT
 72
1
 11
668.2508294867525
 21
1705.4325327369984
 31
0.0
100
AcDbText
 73
2
  0
TEXT
  5
23C
330
17
100
AcDbEntity
  8
PLAT-TEXT-MISC
100
AcDbText
 10
711.4642983612015
 20
1696.1855452284096
 30
0.0
 40
10.861222233955226
  1
Lot
 50
10.891442151833814
  7
PLAT
 72
1
 11
711.4642983612015
 21
1696.1855452284096
 31
0.0
100
AcDbText
 73
2
  0
TEXT
  5
23D
330
17
100
AcDbEntity
  8
PLAT-TEXT-LOTNO
100
AcDbText
 10
735.8789095495332
 20
1696.0792147141901
 30
0.0
 40
10.672426336099605
  1
29
 50
11.808169327341318
  7
PLAT
 72
1
 11
735.8789095495332
 21
1696.0792147141901
 31
0.0
100
AcDbText
 73
2
  0
TEXT
  5
23E
330
17
100
AcDbEntity
  8
PLAT-TEXT-LOWCONF
100
AcDbText
 10
703.5
 20
1680.0
 30
0.0
 40
7.0
  1
8
  7
PLAT
 72
1
 11
703.5
 21
1680.0
 31
0.0
100
AcDbText
 73
2
  0
TEXT
  5
23F
330
17
100
AcDbEntity
  8
PLAT-TEXT-LOWCONF
100
AcDbText
 10
718.7278364784719
 20
1680.7786756843318
 30
0.0
 40
8.076265754377472
  1
<82
 50
19.2655941246403
  7
PLAT
 72
1
 11
718.7278364784719
 21
1680.7786756843318
 31
0.0
100
AcDbText
 73
2
  0
TEXT
  5
240
330
17
100
AcDbEntity
  8
PLAT-TEXT-AREA
100
AcDbText
 10
736.8302659089986
 20
1680.9267758608694
 30
0.0
 40
6.250324134096368
  1
SF
 50
21.68833373745474
  7
PLAT
 72
1
 11
736.8302659089986
 21
1680.9267758608694
 31
0.0
100
AcDbText
 73
2
  0
TEXT
  5
241
330
17
100
AcDbEntity
  8
PLAT-TEXT-LOTNO
100
AcDbText
 10
773.4414561179965
 20
1642.1456040324613
 30
0.0
 40
11.50430670666816
  1
407
 50
8.791615122240273
  7
PLAT
 72
1
 11
773.4414561179965
 21
1642.1456040324613
 31
0.0
100
AcDbText
 73
2
  0
TEXT
  5
242
330
17
100
AcDbEntity
  8
PLAT-TEXT-LOTNO
100
AcDbText
 10
797.9958577656599
 20
1642.0453206251582
 30
0.0
 40
9.968002830641606
  1
38
 50
5.222235375243372
  7
PLAT
 72
1
 11
797.9958577656599
 21
1642.0453206251582
 31
0.0
100
AcDbText
 73
2
  0
TEXT
  5
243
330
17
100
AcDbEntity
  8
PLAT-TEXT-LOWCONF
100
AcDbText
 10
765.5
 20
1627.0
 30
0.0
 40
7.0
  1
7
  7
PLAT
 72
1
 11
765.5
 21
1627.0
 31
0.0
100
AcDbText
 73
2
  0
TEXT
  5
244
330
17
100
AcDbEntity
  8
PLAT-TEXT-LOWCONF
100
AcDbText
 10
778.8265762915171
 20
1626.6807862583348
 30
0.0
 40
7.812057972406606
  1
7,880
 50
8.355373519931732
  7
PLAT
 72
1
 11
778.8265762915171
 21
1626.6807862583348
 31
0.0
100
AcDbText
 73
2
  0
TEXT
  5
245
330
17
100
AcDbEntity
  8
PLAT-TEXT-LOWCONF
100
AcDbText
 10
796.5
 20
1627.0
 30
0.0
 40
6.3
  1
iS
  7
PLAT
 72
1
 11
796.5
 21
1627.0
 31
0.0
100
AcDbText
 73
2
  0
TEXT
  5
246
330
17
100
AcDbEntity
  8
PLAT-TEXT-MISC
100
AcDbText
 10
568.96544740354
 20
1620.2250222494952
 30
0.0
 40
10.338718582293717
  1
Lor
 50
8.729692470073132
  7
PLAT
 72
1
 11
568.96544740354
 21
1620.2250222494952
 31
0.0
100
AcDbText
 73
2
  0
TEXT
  5
247
330
17
100
AcDbEntity
  8
PLAT-TEXT-LOTNO
100
AcDbText
 10
593.9937196761002
 20
1619.9443158956108
 30
0.0
 40
10.182415895045434
  1
26
 50
353.56509650715645
  7
PLAT
 72
1
 11
593.9937196761002
 21
1619.9443158956108
 31
0.0
100
AcDbText
 73
2
  0
TEXT
  5
248
330
17
100
AcDbEntity
  8
PLAT-TEXT-LOWCONF
100
AcDbText
 10
876.7357660434194
 20
1618.3331527075347
 30
0.0
 40
8.393305336509938
  1
a ‘+
 50
54.713659540618266
  7
PLAT
 72
1
 11
876.7357660434194
 21
1618.3331527075347
 31
0.0
100
AcDbText
 73
2
  0
TEXT
  5
249
330
17
100
AcDbEntity
  8
PLAT-TEXT-LOWCONF
100
AcDbText
 10
889.0
 20
1618.0
 30
0.0
 40
6.3
  1
x
 50
90.0
  7
PLAT
 72
1
 11
889.0
 21
1618.0
 31
0.0
100
AcDbText
 73
2
  0
TEXT
  5
24A
330
17
100
AcDbEntity
  8
PLAT-TEXT-MISC
100
AcDbText
 10
925.9999102474374
 20
1618.0094733577523
 30
0.0
 40
6.623761038163581
  1
MOMUMENT
 50
0.5428158968229013
  7
PLAT
 72
1
 11
925.9999102474374
 21
1618.0094733577523
 31
0.0
100
AcDbText
 73
2
  0
TEXT
  5
24B
330
17
100
AcDbEntity
  8
PLAT-TEXT-LOWCONF
100
AcDbText
 10
561.0243702298153
 20
1603.8923375329725
 30
0.0
 40
7.557623115872837
  1
12
 50
12.754404736937772
  7
PLAT
 72
1
 11
561.0243702298153
 21
1603.8923375329725
 31
0.0
100
AcDbText
 73
2
  0
TEXT
  5
24C
330
17
100
AcDbEntity
  8
PLAT-TEXT-LOWCONF
100
AcDbText
 10
579.573328094379
 20
1603.943753305709
 30
0.0
 40
7.429944045647617
  1
449
 50
7.509803532716717
  7
PLAT
 72
1
 11
579.573328094379
 21
1603.943753305709
 31
0.0
100
AcDbText
 73
2
  0
TEXT
  5
24D
330
17
100
AcDbEntity
  8
PLAT-TEXT-LOWCONF
100
AcDbText
 10
597.7121676133138
 20
1604.5906785057914
 30
0.0
 40
8.583954733247918
  1
9
 50
295.9795626341511
  7
PLAT
 72
1
 11
597.7121676133138
 21
1604.5906785057914
 31
0.0
100
AcDbText
 73
2
  0
TEXT
  5
24E
330
17
100
AcDbEntity
  8
PLAT-TEXT-LOTNO
100
AcDbText
 10
831.4826335866087
 20
1601.1306323890817
 30
0.0
 40
11.170518808953751
  1
407
 50
7.572561420495958
  7
PLAT
 72
1
 11
831.4826335866087
 21
1601.1306323890817
 31
0.0
100
AcDbText
 73
2
  0
TEXT
  5
24F
330
17
100
AcDbEntity
  8
PLAT-TEXT-LOTNO
100
AcDbText
 10
856.4987718967047
 20
1600.9752503856612
 30
0.0
 40
9.485770443847986
  1
31
 50
357.1592499364266
  7
PLAT
 72
1
 11
856.4987718967047
 21
1600.9752503856612
 31
0.0
100
AcDbText
 73
2
  0
TEXT
  5
250
330
17
100
AcDbEntity
  8
PLAT-TEXT-LOWCONF
100
AcDbText
 10
641.4856955150992
 20
1591.9166475905442
 30
0.0
 40
7.677896132168225
  1
2 &
 50
80.26207108609646
  7
PLAT
 72
1
 11
641.4856955150992
 21
1591.9166475905442
 31
0.0
100
AcDbText
 73
2
  0
TEXT
  5
251
330
17
100
AcDbEntity
  8
PLAT-TEXT-LOWCONF
100
AcDbText
 10
653.0871782964975
 20
1599.1436477721388
 30
0.0
 40
10.909537575968667
  1
49
 50
13.746884193071082
  7
PLAT
 72
1
 11
653.0871782964975
 21
1599.1436477721388
 31
0.0
100
AcDbText
 73
2
  0
TEXT
  5
252
330
17
100
AcDbEntity
  8
PLAT-TEXT-LOTNO
100
AcDbText
 10
670.5
 20
1599.0
 30
0.0
 40
9.0
  1
2
  7
PLAT
 72
1
 11
670.5
 21
1599.0
 31
0.0
100
AcDbText
 73
2
  0
TEXT
  5
253
330
17
100
AcDbEntity
  8
PLAT-TEXT-LOWCONF
100
AcDbText
 10
676.9960540813557
 20
1591.6972286806902
 30
0.0
 40
8.53235994885022
  1
OS
 50
73.09226163295205
  7
PLAT
 72
1
 11
676.9960540813557
 21
1591.6972286806902
 31
0.0
100
AcDbText
 73
2
  0
TEXT
  5
254
330
17
100
AcDbEntity
  8
PLAT-TEXT-LOWCONF
100
AcDbText
 10
823.5
 20
1586.0
 30
0.0
 40
7.0
  1
7
  7
PLAT
 72
1
 11
823.5
 21
1586.0
 31
0.0
100
AcDbText
 73
2
  0
TEXT
  5
255
330
17
100
AcDbEntity
  8
PLAT-TEXT-LOWCONF
100
AcDbText
 10
839.4750532238934
 20
1585.977326117101
 30
0.0
 40
6.808748290816286
  1
500
 50
357.26739535280126
  7
PLAT
 72
1
 11
839.4750532238934
 21
1585.977326117101
 31
0.0
100
AcDbText
 73
2
  0
TEXT
  5
256
330
17
100
AcDbEntity
  8
PLAT-TEXT-LOWCONF
100
AcDbText
 10
856.8346191600187
 20
1586.4718571582239
 30
0.0
 40
7.694388464420166
  1
Se
 50
54.65750643762908
  7
PLAT
 72
1
 11
856.8346191600187
 21
1586.4718571582239
 31
0.0
100
AcDbText
 73
2
  0
TEXT
  5
257
330
17
100
AcDbEntity
  8
PLAT-TEXT-LOWCONF
100
AcDbText
 10
657.4962100699693
 20
1583.9566340981216
 30
0.0
 40
7.2197692796776005
  1
301
 50
355.0053690256399
  7
PLAT
 72
1
 11
657.4962100699693
 21
1583.9566340981216
 31
0.0
100
AcDbText
 73
2
  0
TEXT
  5
258
330
17
100
AcDbEntity
  8
PLAT-TEXT-LOWCONF
100
AcDbText
 10
673.0
 20
1585.5
 30
0.0
 40
3.6
  1
IS
  7
PLAT
 72
1
 11
673.0
 21
1585.5
 31
0.0
100
AcDbText
 73
2
  0
TEXT
  5
259
330
17
100
AcDbEntity
  8
PLAT-TEXT-LOTNO
100
AcDbText
 10
714.480921206267
 20
1565.1368020225095
 30
0.0
 40
11.271459424666972
  1
407
 50
7.939420812833646
  7
PLAT
 72
1
 11
714.480921206267
 21
1565.1368020225095
 31
0.0
100
AcDbText
 73
2
  0
TEXT
  5
25A
330
17
100
AcDbEntity
  8
PLAT-TEXT-LOTNO
100
AcDbText
 10
739.5
 20
1565.0
 30
0.0
 40
9.888854487737497
  1
24
 50
355.2197302803708
  7
PLAT
 72
1
 11
739.5
 21
1565.0
 31
0.0
100
AcDbText
 73
2
  0
TEXT
  5
25B
330
17
100
AcDbEntity
  8
PLAT-TEXT-LOWCONF
100
AcDbText
 10
706.5
 20
1550.0
 30
0.0
 40
7.0
  1
8
  7
PLAT
 72
1
 11
706.5
 21
1550.0
 31
0.0
100
AcDbText
 73
2
  0
TEXT
  5
25C
330
17
100
AcDbEntity
  8
PLAT-TEXT-LOWCONF
100
AcDbText
 10
722.5
 20
1550.0
 30
0.0
 40
6.640238174861106
  1
38
 50
1.6777481404037644
  7
PLAT
 72
1
 11
722.5
 21
1550.0
 31
0.0
100
AcDbText
 73
2
  0
TEXT
  5
25D
330
17
100
AcDbEntity
  8
PLAT-TEXT-LOWCONF
100
AcDbText
 10
740.6876545442319
 20
1550.4634498592395
 30
0.0
 40
8.211011311053001
  1
9
 50
303.9782911622558
  7
PLAT
 72
1
 11
740.6876545442319
 21
1550.4634498592395
 31
0.0
100
AcDbText
 73
2
  0
TEXT
  5
25E
330
17
100
AcDbEntity
  8
PLAT-TEXT-LOWCONF
100
AcDbText
 10
851.1796428955596
 20
1533.1634520999532
 30
0.0
 40
6.472715532350552
  1
4
 50
324.6575064376291
  7
PLAT
 72
1
 11
851.1796428955596
 21
1533.1634520999532
 31
0.0
100
AcDbText
 73
2
  0
TEXT
  5
25F
330
17
100
AcDbEntity
  8
PLAT-TEXT-LOWCONF
100
AcDbText
 10
863.5158095262259
 20
1534.9070956391774
 30
0.0
 40
5.30482749876248
  1
a
 50
324.6575064376291
  7
PLAT
 72
1
 11
863.5158095262259
 21
1534.9070956391774
 31
0.0
100
AcDbText
 73
2
  0
TEXT
  5
260
330
17
100
AcDbEntity
  8
PLAT-TEXT-UNASSOC
100
AcDbText
 10
872.4939836663999
 20
1533.5322318440867
 30
0.0
 40
7.199157860929512
  1
"002.
 50
10.573047089703778
  7
PLAT
 72
1
 11
872.4939836663999
 21
1533.5322318440867
 31
0.0
100
AcDbText
 73
2
  0
TEXT
  5
261
330
17
100
AcDbEntity
  8
PLAT-TEXT-UNASSOC
100
AcDbText
 10
891.0
 20
1534.0
 30
0.0
 40
6.3
  1
.60
  7
PLAT
 72
1
 11
891.0
 21
1534.0
 31
0.0
100
AcDbText
 73
2
  0
TEXT
  5
262
330
17
100
AcDbEntity
  8
PLAT-TEXT-LOTNO
100
AcDbText
 10
776.481151862177
 20
1523.1359885492373
 30
0.0
 40
11.258153654664866
  1
407
 50
7.8909748312539705
  7
PLAT
 72
1
 11
776.481151862177
 21
1523.1359885492373
 31
0.0
100
AcDbText
 73
2
  0
TEXT
  5
263
330
17
100
AcDbEntity
  8
PLAT-TEXT-LOTNO
100
AcDbText
 10
801.0
 20
1523.0
 30
0.0
 40
9.56125637204277
  1
23
 50
3.293271175555958
  7
PLAT
 72
1
 11
801.0
 21
1523.0
 31
0.0
100
AcDbText
 73
2
  0
TEXT
  5
264
330
17
100
AcDbEntity
  8
PLAT-TEXT-LOWCONF
100
AcDbText
 10
768.5
 20
1508.0
 30
0.0
 40
7.0
  1
7
  7
PLAT
 72
1
 11
768.5
 21
1508.0
 31
0.0
100
AcDbText
 73
2
  0
TEXT
  5
265
330
17
100
AcDbEntity
  8
PLAT-TEXT-MISC
100
AcDbText
 10
781.8972884675834
 20
1506.8743615948251
 30
0.0
 40
7.536322351799076
  1
7,499
 50
15.342394390138509
  7
PLAT
 72
1
 11
781.8972884675834
 21
1506.8743615948251
 31
0.0
100
AcDbText
 73
2
  0
TEXT
  5
266
330
17
100
AcDbEntity
  8
PLAT-TEXT-LOWCONF
100
AcDbText
 10
685.0
 20
1314.0
 30
0.0
 40
6.3
  1
Ss
  7
PLAT
 72
1
 11
685.0
 21
1314.0
 31
0.0
100
AcDbText
 73
2
  0
TEXT
  5
267
330
17
100
AcDbEntity
  8
PLAT-TEXT-LOWCONF
100
AcDbText
 10
838.0151561168617
 20
1314.3265568512593
 30
0.0
 40
9.52953959415578
  1
a
 50
49.994035852895365
  7
PLAT
 72
1
 11
838.0151561168617
 21
1314.3265568512593
 31
0.0
100
AcDbText
 73
2
  0
TEXT
  5
268
330
17
100
AcDbEntity
  8
PLAT-TEXT-MISC
100
AcDbText
 10
743.9992758068668
 20
1312.5000003496373
 30
0.0
 40
7.236498603930429
  1
Production DXF
 50
359.9723378556439
  7
PLAT
 72
1
 11
743.9992758068668
 21
1312.5000003496373
 31
0.0
100
AcDbText
 73
2
  0
TEXT
  5
269
330
17
100
AcDbEntity
  8
PLAT-TEXT-MISC
100
AcDbText
 10
904.0043027330454
 20
1312.5043400828765
 30
0.0
 40
7.557757094013546
  1
CheckSheets DXF
 50
0.24760152034849625
  7
PLAT
 72
1
 11
904.0043027330454
 21
1312.5043400828765
 31
0.0
100
AcDbText
 73
2
  0
TEXT
  5
26A
330
17
100
AcDbEntity
  8
PLAT-TEXT-MISC
100
AcDbText
 10
1070.4964552863496
 20
1311.4774791164627
 30
0.0
 40
9.155949273399784
  1
MapCheck Report
 50
359.80137685064096
  7
PLAT
 72
1
 11
1070.4964552863496
 21
1311.4774791164627
 31
0.0
100
AcDbText
 73
2
  0
TEXT
  5
26B
330
17
100
AcDbEntity
  8
PLAT-TEXT-MISC
100
AcDbText
 10
1225.0005319591994
 20
1312.5005313938395
 30
0.0
 40
7.234451752882266
  1
GIS GeoJSON
 50
359.9695371736334
  7
PLAT
 72
1
 11
1225.0005319591994
 21
1312.5005313938395
 31
0.0
100
AcDbText
 73
2
  0
TEXT
  5
26C
330
17
100
AcDbEntity
  8
PLAT-TEXT-LOWCONF
100
AcDbText
 10
204.0
 20
1312.0
 30
0.0
 40
2.7
  1
Ps
  7
PLAT
 72
1
 11
204.0
 21
1312.0
 31
0.0
100
AcDbText
 73
2
  0
TEXT
  5
26D
330
17
100
AcDbEntity
  8
PLAT-TEXT-MISC
100
AcDbText
 10
196.00002322269847
 20
1305.5359006855367
 30
0.0
 40
12.96
  1
ownload Certified Survey
 50
359.96293768762746
  7
PLAT
 72
1
 11
196.00002322269847
 21
1305.5359006855367
 31
0.0
100
AcDbText
 73
2
  0
TEXT
  5
26E
330
17
100
AcDbEntity
  8
PLAT-TEXT-LOWCONF
100
AcDbText
 10
319.23303923346407
 20
1305.0894105760913
 30
0.0
 40
10.846114828884048
  1
g
 50
290.99039835721317
  7
PLAT
 72
1
 11
319.23303923346407
 21
1305.0894105760913
 31
0.0
100
AcDbText
 73
2
  0
TEXT
  5
26F
330
17
100
AcDbEntity
  8
PLAT-TEXT-MISC
100
AcDbText
 10
363.4992137895465
 20
1306.4716614629665
 30
0.0
 40
10.84349216296832
  1
iverables
 50
0.09550599870374299
  7
PLAT
 72
1
 11
363.4992137895465
 21
1306.4716614629665
 31
0.0
100
AcDbText
 73
2
  0
TEXT
  5
270
330
17
100
AcDbEntity
  8
PLAT-TEXT-LOWCONF
100
AcDbText
 10
685.0
 20
1308.0
 30
0.0
 40
6.3
  1
Vw
  7
PLAT
 72
1
 11
685.0
 21
1308.0
 31
0.0
100
AcDbText
 73
2
  0
TEXT
  5
271
330
17
100
AcDbEntity
  8
PLAT-TEXT-LOWCONF
100
AcDbText
 10
87.0
 20
1307.5
 30
0.0
 40
3.6
  1
a
  7
PLAT
 72
1
 11
87.0
 21
1307.5
 31
0.0
100
AcDbText
 73
2
  0
TEXT
  5
272
330
17
100
AcDbEntity
  8
PLAT-TEXT-LOWCONF
100
AcDbText
 10
1004.7719946535744
 20
1305.339505734068
 30
0.0
 40
8.371465664334439
  1
h
 50
303.88452956672876
  7
PLAT
 72
1
 11
1004.7719946535744
 21
1305.339505734068
 31
0.0
100
AcDbText
 73
2
  0
TEXT
  5
273
330
17
100
AcDbEntity
  8
PLAT-TEXT-MISC
100
AcDbText
 10
70.99991897392374
 20
1282.4628861652352
 30
0.0
 40
7.199984986326806
  1
Instant
 50
359.8749133617401
  7
PLAT
 72
1
 11
70.99991897392374
 21
1282.4628861652352
 31
0.0
100
AcDbText
 73
2
  0
TEXT
  5
274
330
17
100
AcDbEntity
  8
PLAT-TEXT-MISC
100
AcDbText
 10
140.00002898056323
 20
1281.5161500535448
 30
0.0
 40
8.964456783732903
  1
one-click exports.
 50
359.89718534517317
  7
PLAT
 72
1
 11
140.00002898056323
 21
1281.5161500535448
 31
0.0
100
AcDbText
 73
2
  0
TEXT
  5
275
330
17
100
AcDbEntity
  8
PLAT-TEXT-MISC
100
AcDbText
 10
236.99817666101188
 20
1282.5018167139733
 30
0.0
 40
7.334307742338795
  1
Production CAD
 50
0.10428006623567398
  7
PLAT
 72
1
 11
236.99817666101188
 21
1282.5018167139733
 31
0.0
100
AcDbText
 73
2
  0
TEXT
  5
276
330
17
100
AcDbEntity
  8
PLAT-TEXT-MISC
100
AcDbText
 10
294.97451767303147
 20
1282.724310733023
 30
0.0
 40
8.785162051680148
  1
OXF
 50
6.481175053245124
  7
PLAT
 72
1
 11
294.97451767303147
 21
1282.724310733023
 31
0.0
100
AcDbText
 73
2
  0
TEXT
  5
277
330
17
100
AcDbEntity
  8
PLAT-TEXT-MISC
100
AcDbText
 10
324.9973574798065
 20
1281.5481915810708
 30
0.0
 40
9.043289276762488
  1
layers.
 50
0.2761882650050893
  7
PLAT
 72
1
 11
324.9973574798065
 21
1281.5481915810708
 31
0.0
100
AcDbText
 73
2
  0
TEXT
  5
278
330
17
100
AcDbEntity
  8
PLAT-TEXT-MISC
100
AcDbText
 10
412.00061786163565
 20
1281.6722120110717
 30
0.0
 40
8.90307798806662
  1
individual Checksheets,
 50
359.79443528979755
  7
PLAT
 72
1
 11
412.00061786163565
 21
1281.6722120110717
 31
0.0
100
AcDbText
 73
2
  0
TEXT
  5
279
330
17
100
AcDbEntity
  8
PLAT-TEXT-AREA
100
AcDbText
 10
494.4811591348489
 20
1282.4824827961122
 30
0.0
 40
7.981683652431013
  1
FAC
 50
357.9149958751086
  7
PLAT
 72
1
 11
494.4811591348489
 21
1282.4824827961122
 31
0.0
100
AcDbText
 73
2
  0
TEXT
  5
27A
330
17
100
AcDbEntity
  8
PLAT-TEXT-MISC
100
AcDbText
 10
536.4744531304265
 20
1281.3319243371245
 30
0.0
 40
8.847447773698276
  1
Reports
 50
359.1225737455036
  7
PLAT
 72
1
 11
536.4744531304265
 21
1281.3319243371245
 31
0.0
100
AcDbText
 73
2
  0
TEXT
  5
27B
330
17
100
AcDbEntity
  8
PLAT-TEXT-LOWCONF
100
AcDbText
 10
590.5147314438343
 20
1282.485690338029
 30
0.0
 40
7.839759574904472
  1
GeoJSON
 50
0.8320833867030615
  7
PLAT
 72
1
 11
590.5147314438343
 21
1282.485690338029
 31
0.0
100
AcDbText
 73
2
  0
TEXT
  5
27C
330
17
100
AcDbEntity
  8
PLAT-TEXT-MISC
100
AcDbText
 10
76.50533277405941
 20
1264.3068653838989
 30
0.0
 40
7.818626233682722
  1
and CSV.
 50
1.581631705933546
  7
PLAT
 72
1
 11
76.50533277405941
 21
1264.3068653838989
 31
0.0
100
AcDbText
 73
2
  0
TEXT
  5
27D
330
17
100
AcDbEntity
  8
PLAT-TEXT-LOTNO
100
AcDbText
 10
685.0
 20
1262.0
 30
0.0
 40
13.0
  1
8
  7
PLAT
 72
1
 11
685.0
 21
1262.0
 31
0.0
100
AcDbText
 73
2
  0
TEXT
  5
27E
330
17
100
AcDbEntity
  8
PLAT-TEXT-MISC
100
AcDbText
 10
734.9999698641868
 20
1262.5054895268488
 30
0.0
 40
7.516106582496001
  1
Parcels CSV
 50
0.314533039125763
  7
PLAT
 72
1
 11
734.9999698641868
 21
1262.5054895268488
 31
0.0
100
AcDbText
 73
2
  0
TEXT
  5
27F
330
17
100
AcDbEntity
  8
PLAT-TEXT-MISC
100
AcDbText
 10
90.99691343495897
 20
1178.9038222050608
 30
0.0
 40
12.84917046899744
  1
Block
 50
358.1618784756347
  7
PLAT
 72
1
 11
90.99691343495897
 21
1178.9038222050608
 31
0.0
100
AcDbText
 73
2
  0
TEXT
  5
280
330
17
100
AcDbEntity
  8
PLAT-TEXT-LOTNO
100
AcDbText
 10
124.5
 20
1179.0
 30
0.0
 40
13.0
  1
9
  7
PLAT
 72
1
 11
124.5
 21
1179.0
 31
0.0
100
AcDbText
 73
2
  0
TEXT
  5
281
330
17
100
AcDbEntity
  8
PLAT-TEXT-MISC
100
AcDbText
 10
241.0044068426571
 20
1179.3599402598586
 30
0.0
 40
12.653759287512846
  1
ertified Parcel Results
 50
359.89300865109016
  7
PLAT
 72
1
 11
241.0044068426571
 21
1179.3599402598586
 31
0.0
100
AcDbText
 73
2
  0
TEXT
  5
282
330
17
100
AcDbEntity
  8
PLAT-TEXT-MISC
100
AcDbText
 10
174.0
 20
1185.0
 30
0.0
 40
2.7
  1
ww ae
 50
90.0
  7
PLAT
 72
1
 11
174.0
 21
1185.0
 31
0.0
100
AcDbText
 73
2
  0
TEXT
  5
283
330
17
100
AcDbEntity
  8
PLAT-TEXT-LOWCONF
100
AcDbText
 10
186.0
 20
1185.0
 30
0.0
 40
2.7
  1
re
  7
PLAT
 72
1
 11
186.0
 21
1185.0
 31
0.0
100
AcDbText
 73
2
  0
TEXT
  5
284
330
17
100
AcDbEntity
  8
PLAT-TEXT-LOWCONF
100
AcDbText
 10
369.0
 20
1179.0
 30
0.0
 40
11.700000000000001
  1
id
  7
PLAT
 72
1
 11
369.0
 21
1179.0
 31
0.0
100
AcDbText
 73
2
  0
TEXT
  5
285
330
17
100
AcDbEntity
  8
PLAT-TEXT-LOWCONF
100
AcDbText
 10
352.8723593198134
 20
1177.6802201659973
 30
0.0
 40
9.988275801061869
  1
x
 50
305.30798046180723
  7
PLAT
 72
1
 11
352.8723593198134
 21
1177.6802201659973
 31
0.0
100
AcDbText
 73
2
  0
TEXT
  5
286
330
17
100
AcDbEntity
  8
PLAT-TEXT-LOWCONF
100
AcDbText
 10
1062.925766311059
 20
1169.1860021130892
 30
0.0
 40
8.397195361759023
  1
Fifter
 50
354.78924400746547
  7
PLAT
 72
1
 11
1062.925766311059
 21
1169.1860021130892
 31
0.0
100
AcDbText
 73
2
  0
TEXT
  5
287
330
17
100
AcDbEntity
  8
PLAT-TEXT-LOWCONF
100
AcDbText
 10
1159.3825115267687
 20
1172.4650784852115
 30
0.0
 40
3.0522471339991473
  1
<e
 50
32.61242971558403
  7
PLAT
 72
1
 11
1159.3825115267687
 21
1172.4650784852115
 31
0.0
100
AcDbText
 73
2
  0
TEXT
  5
288
330
17
100
AcDbEntity
  8
PLAT-TEXT-MISC
100
AcDbText
 10
1300.4628422891403
 20
1169.560815826521
 30
0.0
 40
7.783961586066659
  1
Showing
 50
357.7343419074649
  7
PLAT
 72
1
 11
1300.4628422891403
 21
1169.560815826521
 31
0.0
100
AcDbText
 73
2
  0
TEXT
  5
289
330
17
100
AcDbEntity
  8
PLAT-TEXT-LOWCONF
100
AcDbText
 10
1333.0
 20
1170.5
 30
0.0
 40
8.0
  1
9
  7
PLAT
 72
1
 11
1333.0
 21
1170.5
 31
0.0
100
AcDbText
 73
2
  0
TEXT
  5
28A
330
17
100
AcDbEntity
  8
PLAT-TEXT-MISC
100
AcDbText
 10
1365.4964778862602
 20
1170.374154433755
 30
0.0
 40
8.053618979205003
  1
Parcels
 50
358.39684788177965
  7
PLAT
 72
1
 11
1365.4964778862602
 21
1170.374154433755
 31
0.0
100
AcDbText
 73
2
  0
TEXT
  5
28B
330
17
100
AcDbEntity
  8
PLAT-TEXT-MISC
100
AcDbText
 10
1134.8697345881283
 20
1167.4972765647622
 30
0.0
 40
5.397569560961556
  1
fra)
 50
352.598068360112
  7
PLAT
 72
1
 11
1134.8697345881283
 21
1167.4972765647622
 31
0.0
100
AcDbText
 73
2
  0
TEXT
  5
28C
330
17
100
AcDbEntity
  8
PLAT-TEXT-LOWCONF
100
AcDbText
 10
1158.087322068315
 20
1166.4154804283473
 30
0.0
 40
2.680244119401867
  1
<i
 50
8.496647321016326
  7
PLAT
 72
1
 11
1158.087322068315
 21
1166.4154804283473
 31
0.0
100
AcDbText
 73
2
  0
TEXT
  5
28D
330
17
100
AcDbEntity
  8
PLAT-TEXT-MISC
100
AcDbText
 10
110.99463110912109
 20
1156.680114589516
 30
0.0
 40
9.182521190725863
  1
individual parcel
 50
359.62481294668027
  7
PLAT
 72
1
 11
110.99463110912109
 21
1156.680114589516
 31
0.0
100
AcDbText
 73
2
  0
TEXT
  5
28E
330
17
100
AcDbEntity
  8
PLAT-TEXT-MISC
100
AcDbText
 10
189.00267881972957
 20
1157.4521646696976
 30
0.0
 40
7.250616060138188
  1
verification
 50
359.83880450040897
  7
PLAT
 72
1
 11
189.00267881972957
 21
1157.4521646696976
 31
0.0
100
AcDbText
 73
2
  0
TEXT
  5
28F
330
17
100
AcDbEntity
  8
PLAT-TEXT-MISC
100
AcDbText
 10
250.49523213075128
 20
1157.35015341076
 30
0.0
 40
7.579281602391281
  1
cards with
 50
0.7801206425337455
  7
PLAT
 72
1
 11
250.49523213075128
 21
1157.35015341076
 31
0.0
100
AcDbText
 73
2
  0
TEXT
  5
290
330
17
100
AcDbEntity
  8
PLAT-TEXT-MISC
100
AcDbText
 10
335.5010178909069
 20
1157.522536844312
 30
0.0
 40
11.416782220572383
  1
dedicated CAD DXF
 50
357.4139571751764
  7
PLAT
 72
1
 11
335.5010178909069
 21
1157.522536844312
 31
0.0
100
AcDbText
 73
2
  0
TEXT
  5
291
330
17
100
AcDbEntity
  8
PLAT-TEXT-MISC
100
AcDbText
 10
427.4973970900132
 20
1157.4973902971685
 30
0.0
 40
7.273883500070742
  1
downloads &
 50
0.07466526321201172
  7
PLAT
 72
1
 11
427.4973970900132
 21
1157.4973902971685
 31
0.0
100
AcDbText
 73
2
  0
TEXT
  5
292
330
17
100
AcDbEntity
  8
PLAT-TEXT-MISC
100
AcDbText
 10
525.4979680847574
 20
1156.5532468340102
 30
0.0
 40
8.914004533875643
  1
surveyor checksheets
 50
0.21042984273390175
  7
PLAT
 72
1
 11
525.4979680847574
 21
1156.5532468340102
 31
0.0
100
AcDbText
 73
2
  0
TEXT
  5
293
330
17
100
AcDbEntity
  8
PLAT-TEXT-LOTNO
100
AcDbText
 10
81.92357276738983
 20
1093.7656804673395
 30
0.0
 40
14.4
  1
27
 50
16.048726948100864
  7
PLAT
 72
1
 11
81.92357276738983
 21
1093.7656804673395
 31
0.0
100
AcDbText
 73
2
  0
TEXT
  5
294
330
17
100
AcDbEntity
  8
PLAT-TEXT-LOTNO
100
AcDbText
 10
430.9600140891416
 20
1093.4983985623303
 30
0.0
 40
14.4
  1
28
 50
2.2934730247988
  7
PLAT
 72
1
 11
430.9600140891416
 21
1093.4983985623303
 31
0.0
100
AcDbText
 73
2
  0
TEXT
  5
295
330
17
100
AcDbEntity
  8
PLAT-TEXT-LOTNO
100
AcDbText
 10
779.7907563943531
 20
1093.662459600183
 30
0.0
 40
14.4
  1
29
 50
7.173746008213698
  7
PLAT
 72
1
 11
779.7907563943531
 21
1093.662459600183
 31
0.0
100
AcDbText
 73
2
  0
TEXT
  5
296
330
17
100
AcDbEntity
  8
PLAT-TEXT-LOTNO
100
AcDbText
 10
1127.9997955538113
 20
1093.5101084764483
 30
0.0
 40
14.341100414346371
  1
30
 50
1.1586619381805008
  7
PLAT
 72
1
 11
1127.9997955538113
 21
1093.5101084764483
 31
0.0
100
AcDbText
 73
2
  0
TEXT
  5
297
330
17
100
AcDbEntity
  8
PLAT-TEXT-MISC
100
AcDbText
 10
313.99853313112635
 20
1093.472957760216
 30
0.0
 40
8.214451337848924
  1
PASS
 50
356.8951125879566
  7
PLAT
 72
1
 11
313.99853313112635
 21
1093.472957760216
 31
0.0
100
AcDbText
 73
2
  0
TEXT
  5
298
330
17
100
AcDbEntity
  8
PLAT-TEXT-MISC
100
AcDbText
 10
662.9723445547901
 20
1093.47511293418
 30
0.0
 40
8.185704454652374
  1
PASS
 50
356.9839674674089
  7
PLAT
 72
1
 11
662.9723445547901
 21
1093.47511293418
 31
0.0
100
AcDbText
 73
2
  0
TEXT
  5
299
330
17
100
AcDbEntity
  8
PLAT-TEXT-MISC
100
AcDbText
 10
1011.9714908913242
 20
1093.474424629075
 30
0.0
 40
8.2144513384684
  1
PASS
 50
356.89511258604125
  7
PLAT
 72
1
 11
1011.9714908913242
 21
1093.474424629075
 31
0.0
100
AcDbText
 73
2
  0
TEXT
  5
29A
330
17
100
AcDbEntity
  8
PLAT-TEXT-MISC
100
AcDbText
 10
1360.0
 20
1093.5
 30
0.0
 40
8.26319892894313
  1
PASS
 50
356.89511258607547
  7
PLAT
 72
1
 11
1360.0
 21
1093.5
 31
0.0
100
AcDbText
 73
2
  0
TEXT
  5
29B
330
17
100
AcDbEntity
  8
PLAT-TEXT-LOTNO
100
AcDbText
 10
53.486886332681706
 20
1090.6137615886305
 30
0.0
 40
9.900704368222382
  1
407
 50
6.575647281714737
  7
PLAT
 72
1
 11
53.486886332681706
 21
1090.6137615886305
 31
0.0
100
AcDbText
 73
2
  0
TEXT
  5
29C
330
17
100
AcDbEntity
  8
PLAT-TEXT-MISC
100
AcDbText
 10
402.45331968881635
 20
1090.7604638464804
 30
0.0
 40
9.641489121103401
  1
Lor
 50
10.160675539975728
  7
PLAT
 72
1
 11
402.45331968881635
 21
1090.7604638464804
 31
0.0
100
AcDbText
 73
2
  0
TEXT
  5
29D
330
17
100
AcDbEntity
  8
PLAT-TEXT-LOTNO
100
AcDbText
 10
750.9775574617443
 20
1090.682099258264
 30
0.0
 40
10.026842661315655
  1
107
 50
7.025899672525043
  7
PLAT
 72
1
 11
750.9775574617443
 21
1090.682099258264
 31
0.0
100
AcDbText
 73
2
  0
TEXT
  5
29E
330
17
100
AcDbEntity
  8
PLAT-TEXT-MISC
100
AcDbText
 10
1099.4942031633109
 20
1090.5759159625736
 30
0.0
 40
8.346608913947003
  1
LOT
 50
4.366552125031546
  7
PLAT
 72
1
 11
1099.4942031633109
 21
1090.5759159625736
 31
0.0
100
AcDbText
 73
2
  0
TEXT
  5
29F
330
17
100
AcDbEntity
  8
PLAT-TEXT-MISC
100
AcDbText
 10
256.0032548962655
 20
1056.4999788104026
 30
0.0
 40
9.585722105213591
  1
(NW Corner Return)
 50
359.62700582428175
  7
PLAT
 72
1
 11
256.0032548962655
 21
1056.4999788104026
 31
0.0
100
AcDbText
 73
2
  0
TEXT
  5
2A0
330
17
100
AcDbEntity
  8
PLAT-TEXT-MISC
100
AcDbText
 10
469.4982941011157
 20
1056.3748393791634
 30
0.0
 40
8.99991611884003
  1
Horn Avenue (108
 50
0.26075203672962743
  7
PLAT
 72
1
 11
469.4982941011157
 21
1056.3748393791634
 31
0.0
100
AcDbText
 73
2
  0
TEXT
  5
2A1
330
17
100
AcDbEntity
  8
PLAT-TEXT-UNASSOC
100
AcDbText
 10
855.01925402621
 20
1056.7610669123492
 30
0.0
 40
8.997251682923395
  1
(6.91
 50
1.492591002639358
  7
PLAT
 72
1
 11
855.01925402621
 21
1056.7610669123492
 31
0.0
100
AcDbText
 73
2
  0
TEXT
  5
2A2
330
17
100
AcDbEntity
  8
PLAT-TEXT-MISC
100
AcDbText
 10
942.5121989110369
 20
1056.3077222609209
 30
0.0
 40
10.092697204712733
  1
+ 82.57' Tangent)
 50
359.46553953749185
  7
PLAT
 72
1
 11
942.5121989110369
 21
1056.3077222609209
 31
0.0
100
AcDbText
 73
2
  0
TEXT
  5
2A3
330
17
100
AcDbEntity
  8
PLAT-TEXT-MISC
100
AcDbText
 10
1237.0
 20
1056.5
 30
0.0
 40
10.848484904996916
  1
(75.00' Frontage)
 50
358.62980369710436
  7
PLAT
 72
1
 11
1237.0
 21
1056.5
 31
0.0
100
AcDbText
 73
2
  0
TEXT
  5
2A4
330
17
100
AcDbEntity
  8
PLAT-TEXT-MISC
100
AcDbText
 10
56.4507522792976
 20
1055.3519709231339
 30
0.0
 40
8.60683355372785
  1
Cape
 50
357.5436531322493
  7
PLAT
 72
1
 11
56.4507522792976
 21
1055.3519709231339
 31
0.0
100
AcDbText
 73
2
  0
TEXT
  5
2A5
330
17
100
AcDbEntity
  8
PLAT-TEXT-MISC
100
AcDbText
 10
86.49465772967028
 20
1056.2807925796992
 30
0.0
 40
7.307766182062401
  1
Horn
 50
358.6039297179953
  7
PLAT
 72
1
 11
86.49465772967028
 21
1056.2807925796992
 31
0.0
100
AcDbText
 73
2
  0
TEXT
  5
2A6
330
17
100
AcDbEntity
  8
PLAT-TEXT-MISC
100
AcDbText
 10
117.55255658034912
 20
1056.477673093911
 30
0.0
 40
7.675747413495428
  1
Ave &
 50
358.784820028688
  7
PLAT
 72
1
 11
117.55255658034912
 21
1056.477673093911
 31
0.0
100
AcDbText
 73
2
  0
TEXT
  5
2A7
330
17
100
AcDbEntity
  8
PLAT-TEXT-MISC
100
AcDbText
 10
155.53108659429722
 20
1056.185974868783
 30
0.0
 40
7.24870444280152
  1
Avenue
 50
358.9436800740541
  7
PLAT
 72
1
 11
155.53108659429722
 21
1056.185974868783
 31
0.0
100
AcDbText
 73
2
  0
TEXT
  5
2A8
330
17
100
AcDbEntity
  8
PLAT-TEXT-LOWCONF
100
AcDbText
 10
189.48495129196908
 20
1056.018282738493
 30
0.0
 40
8.170813121527216
  1
RIN
 50
359.65257247355987
  7
PLAT
 72
1
 11
189.48495129196908
 21
1056.018282738493
 31
0.0
100
AcDbText
 73
2
  0
TEXT
  5
2A9
330
17
100
AcDbEntity
  8
PLAT-TEXT-MISC
100
AcDbText
 10
404.9943723871422
 20
1055.3701879491466
 30
0.0
 40
8.602597223176906
  1
Cape
 50
357.5176673177308
  7
PLAT
 72
1
 11
404.9943723871422
 21
1055.3701879491466
 31
0.0
100
AcDbText
 73
2
  0
TEXT
  5
2AA
330
17
100
AcDbEntity
  8
PLAT-TEXT-UNASSOC
100
AcDbText
 10
526.3526330920055
 20
1056.4912828019546
 30
0.0
 40
7.667310142243149
  1
.25
 50
3.385273772392395
  7
PLAT
 72
1
 11
526.3526330920055
 21
1056.4912828019546
 31
0.0
100
AcDbText
 73
2
  0
TEXT
  5
2AB
330
17
100
AcDbEntity
  8
PLAT-TEXT-MISC
100
AcDbText
 10
564.9507700387556
 20
1056.0695559846113
 30
0.0
 40
9.397634535843299
  1
Frontage)
 50
358.02889444336955
  7
PLAT
 72
1
 11
564.9507700387556
 21
1056.0695559846113
 31
0.0
100
AcDbText
 73
2
  0
TEXT
  5
2AC
330
17
100
AcDbEntity
  8
PLAT-TEXT-MISC
100
AcDbText
 10
789.4982112872896
 20
1055.4680610504806
 30
0.0
 40
9.14521890653506
  1
Cape Horn Avenue
 50
359.80733634397785
  7
PLAT
 72
1
 11
789.4982112872896
 21
1055.4680610504806
 31
0.0
100
AcDbText
 73
2
  0
TEXT
  5
2AD
330
17
100
AcDbEntity
  8
PLAT-TEXT-MISC
100
AcDbText
 10
883.2003906972598
 20
1055.9525250843224
 30
0.0
 40
7.398953344182168
  1
Arc
 50
355.32885833078257
  7
PLAT
 72
1
 11
883.2003906972598
 21
1055.9525250843224
 31
0.0
100
AcDbText
 73
2
  0
TEXT
  5
2AE
330
17
100
AcDbEntity
  8
PLAT-TEXT-MISC
100
AcDbText
 10
1102.4738821569324
 20
1055.3756053052239
 30
0.0
 40
8.579177229370144
  1
Cape
 50
357.60476771305815
  7
PLAT
 72
1
 11
1102.4738821569324
 21
1055.3756053052239
 31
0.0
100
AcDbText
 73
2
  0
TEXT
  5
2AF
330
17
100
AcDbEntity
  8
PLAT-TEXT-MISC
100
AcDbText
 10
1132.4798189827548
 20
1056.4178117663153
 30
0.0
 40
7.252039618892914
  1
Horn
 50
359.44469434082737
  7
PLAT
 72
1
 11
1132.4798189827548
 21
1056.4178117663153
 31
0.0
100
AcDbText
 73
2
  0
TEXT
  5
2B0
330
17
100
AcDbEntity
  8
PLAT-TEXT-MISC
100
AcDbText
 10
1168.5386987130669
 20
1056.2003285155513
 30
0.0
 40
7.246505286960954
  1
Avenue
 50
358.99240302655164
  7
PLAT
 72
1
 11
1168.5386987130669
 21
1056.2003285155513
 31
0.0
100
AcDbText
 73
2
  0
TEXT
  5
2B1
330
17
100
AcDbEntity
  8
PLAT-TEXT-MISC
100
AcDbText
 10
76.478966399093
 20
1019.440841354932
 30
0.0
 40
7.8956639488577665
  1
NET AREA
 50
358.86232513014545
  7
PLAT
 72
1
 11
76.478966399093
 21
1019.440841354932
 31
0.0
100
AcDbText
 73
2
  0
TEXT
  5
2B2
330
17
100
AcDbEntity
  8
PLAT-TEXT-MISC
100
AcDbText
 10
216.53377656213274
 20
1019.499619666399
 30
0.0
 40
7.635345910876849
  1
ACREAGE
 50
359.3548606539291
  7
PLAT
 72
1
 11
216.53377656213274
 21
1019.499619666399
 31
0.0
100
AcDbText
 73
2
  0
TEXT
  5
2B3
330
17
100
AcDbEntity
  8
PLAT-TEXT-MISC
100
AcDbText
 10
412.0045407638547
 20
1020.5208904675155
 30
0.0
 40
9.22803521413597
  1
NET
 50
14.301959131836611
  7
PLAT
 72
1
 11
412.0045407638547
 21
1020.5208904675155
 31
0.0
100
AcDbText
 73
2
  0
TEXT
  5
2B4
330
17
100
AcDbEntity
  8
PLAT-TEXT-MISC
100
AcDbText
 10
436.5853861019049
 20
1019.6175274132279
 30
0.0
 40
7.303669413461207
  1
AREA
 50
357.6908850195813
  7
PLAT
 72
1
 11
436.5853861019049
 21
1019.6175274132279
 31
0.0
100
AcDbText
 73
2
  0
TEXT
  5
2B5
330
17
100
AcDbEntity
  8
PLAT-TEXT-MISC
100
AcDbText
 10
565.5
 20
1019.5
 30
0.0
 40
7.2000000000011015
  1
ACREAGE
 50
1.9895196601282805e-12
  7
PLAT
 72
1
 11
565.5
 21
1019.5
 31
0.0
100
AcDbText
 73
2
  0
TEXT
  5
2B6
330
17
100
AcDbEntity
  8
PLAT-TEXT-MISC
100
AcDbText
 10
760.5276525453371
 20
1020.37660192863
 30
0.0
 40
9.184499143698865
  1
NET
 50
13.955025005274592
  7
PLAT
 72
1
 11
760.5276525453371
 21
1020.37660192863
 31
0.0
100
AcDbText
 73
2
  0
TEXT
  5
2B7
330
17
100
AcDbEntity
  8
PLAT-TEXT-MISC
100
AcDbText
 10
785.5478822665301
 20
1019.52254073517
 30
0.0
 40
7.560350807409588
  1
AREA
 50
358.6438149963721
  7
PLAT
 72
1
 11
785.5478822665301
 21
1019.52254073517
 31
0.0
100
AcDbText
 73
2
  0
TEXT
  5
2B8
330
17
100
AcDbEntity
  8
PLAT-TEXT-LOWCONF
100
AcDbText
 10
921.4188734888405
 20
1018.8070515487109
 30
0.0
 40
8.3084376214403
  1
‘REAGE
 50
353.3225294032372
  7
PLAT
 72
1
 11
921.4188734888405
 21
1018.8070515487109
 31
0.0
100
AcDbText
 73
2
  0
TEXT
  5
2B9
330
17
100
AcDbEntity
  8
PLAT-TEXT-LOWCONF
100
AcDbText
 10
931.5130696832435
 20
1022.6212161033843
 30
0.0
 40
1.8615355805734988
  1
ne
 50
1.9761682910578884
  7
PLAT
 72
1
 11
931.5130696832435
 21
1022.6212161033843
 31
0.0
100
AcDbText
 73
2
  0
TEXT
  5
2BA
330
17
100
AcDbEntity
  8
PLAT-TEXT-MISC
100
AcDbText
 10
1122.499963445201
 20
1019.4999634478731
 30
0.0
 40
7.201414614802398
  1
NET AREA
 50
359.9979056408531
  7
PLAT
 72
1
 11
1122.499963445201
 21
1019.4999634478731
 31
0.0
100
AcDbText
 73
2
  0
TEXT
  5
2BB
330
17
100
AcDbEntity
  8
PLAT-TEXT-MISC
100
AcDbText
 10
1267.0043364549683
 20
1019.6040304406351
 30
0.0
 40
8.281554668183432
  1
CREAGE
 50
357.6130370300605
  7
PLAT
 72
1
 11
1267.0043364549683
 21
1019.6040304406351
 31
0.0
100
AcDbText
 73
2
  0
TEXT
  5
2BC
330
17
100
AcDbEntity
  8
PLAT-TEXT-AREA
100
AcDbText
 10
896.3680283810298
 20
1018.4356831864586
 30
0.0
 40
3.7140902728328875
  1
Ac
 50
19.07479051685152
  7
PLAT
 72
1
 11
896.3680283810298
 21
1018.4356831864586
 31
0.0
100
AcDbText
 73
2
  0
TEXT
  5
2BD
330
17
100
AcDbEntity
  8
PLAT-TEXT-MISC
100
AcDbText
 10
1246.8960073730375
 20
1017.6189823180202
 30
0.0
 40
4.135994952939671
  1
ind
 50
344.7338647106287
  7
PLAT
 72
1
 11
1246.8960073730375
 21
1017.6189823180202
 31
0.0
100
AcDbText
 73
2
  0
TEXT
  5
2BE
330
17
100
AcDbEntity
  8
PLAT-TEXT-LOWCONF
100
AcDbText
 10
60.055350287326064
 20
1001.8139222838051
 30
0.0
 40
9.553386359629517
  1
a
 50
80.00047459795718
  7
PLAT
 72
1
 11
60.055350287326064
 21
1001.8139222838051
 31
0.0
100
AcDbText
 73
2
  0
TEXT
  5
2BF
330
17
100
AcDbEntity
  8
PLAT-TEXT-LOTNO
100
AcDbText
 10
84.50711939699056
 20
1002.0840756277232
 30
0.0
 40
10.40587237121656
  1
193
 50
355.1598267470838
  7
PLAT
 72
1
 11
84.50711939699056
 21
1002.0840756277232
 31
0.0
100
AcDbText
 73
2
  0
TEXT
  5
2C0
330
17
100
AcDbEntity
  8
PLAT-TEXT-AREA
100
AcDbText
 10
110.0275336272141
 20
1002.3929736288662
 30
0.0
 40
9.442581865154636
  1
SF
 50
14.427080002634796
  7
PLAT
 72
1
 11
110.0275336272141
 21
1002.3929736288662
 31
0.0
100
AcDbText
 73
2
  0
TEXT
  5
2C1
330
17
100
AcDbEntity
  8
PLAT-TEXT-LOTNO
100
AcDbText
 10
197.5
 20
1002.0
 30
0.0
 40
9.0
  1
6
  7
PLAT
 72
1
 11
197.5
 21
1002.0
 31
0.0
100
AcDbText
 73
2
  0
TEXT
  5
2C2
330
17
100
AcDbEntity
  8
PLAT-TEXT-LOWCONF
100
AcDbText
 10
222.56695196976625
 20
1002.0240035691174
 30
0.0
 40
8.563755520878738
  1
2707
 50
1.2887845805317966
  7
PLAT
 72
1
 11
222.56695196976625
 21
1002.0240035691174
 31
0.0
100
AcDbText
 73
2
  0
TEXT
  5
2C3
330
17
100
AcDbEntity
  8
PLAT-TEXT-AREA
100
AcDbText
 10
251.45247429592473
 20
1001.9409933386653
 30
0.0
 40
9.022892297133152
  1
AC
 50
6.15100701803226
  7
PLAT
 72
1
 11
251.45247429592473
 21
1001.9409933386653
 31
0.0
100
AcDbText
 73
2
  0
TEXT
  5
2C4
330
17
100
AcDbEntity
  8
PLAT-TEXT-LOTNO
100
AcDbText
 10
404.5
 20
1002.0
 30
0.0
 40
9.0
  1
9
  7
PLAT
 72
1
 11
404.5
 21
1002.0
 31
0.0
100
AcDbText
 73
2
  0
TEXT
  5
2C5
330
17
100
AcDbEntity
  8
PLAT-TEXT-LOTNO
100
AcDbText
 10
426.53027890750224
 20
1001.9730114776537
 30
0.0
 40
9.904617677990903
  1
633
 50
3.2883986021356577
  7
PLAT
 72
1
 11
426.53027890750224
 21
1001.9730114776537
 31
0.0
100
AcDbText
 73
2
  0
TEXT
  5
2C6
330
17
100
AcDbEntity
  8
PLAT-TEXT-AREA
100
AcDbText
 10
452.03336544623113
 20
1002.3564827575294
 30
0.0
 40
9.339575410913103
  1
SF
 50
13.087856868667814
  7
PLAT
 72
1
 11
452.03336544623113
 21
1002.3564827575294
 31
0.0
100
AcDbText
 73
2
  0
TEXT
  5
2C7
330
17
100
AcDbEntity
  8
PLAT-TEXT-MISC
100
AcDbText
 10
570.5
 20
1004.5
 30
0.0
 40
3.6000000000007555
  1
ANAA
 50
1.9895196601282805e-12
  7
PLAT
 72
1
 11
570.5
 21
1004.5
 31
0.0
100
AcDbText
 73
2
  0
TEXT
  5
2C8
330
17
100
AcDbEntity
  8
PLAT-TEXT-AREA
100
AcDbText
 10
600.0
 20
1002.0
 30
0.0
 40
8.100000000000316
  1
AC
 50
1.9895196601282805e-12
  7
PLAT
 72
1
 11
600.0
 21
1002.0
 31
0.0
100
AcDbText
 73
2
  0
TEXT
  5
2C9
330
17
100
AcDbEntity
  8
PLAT-TEXT-LOTNO
100
AcDbText
 10
753.5
 20
1002.0
 30
0.0
 40
9.0
  1
8
  7
PLAT
 72
1
 11
753.5
 21
1002.0
 31
0.0
100
AcDbText
 73
2
  0
TEXT
  5
2CA
330
17
100
AcDbEntity
  8
PLAT-TEXT-LOTNO
100
AcDbText
 10
775.4914157295474
 20
1002.0922528089186
 30
0.0
 40
10.355358982067262
  1
287
 50
5.316155106352426
  7
PLAT
 72
1
 11
775.4914157295474
 21
1002.0922528089186
 31
0.0
100
AcDbText
 73
2
  0
TEXT
  5
2CB
330
17
100
AcDbEntity
  8
PLAT-TEXT-AREA
100
AcDbText
 10
800.9056462613727
 20
1002.4240340189908
 30
0.0
 40
9.491968548853583
  1
SF
 50
12.544767635700566
  7
PLAT
 72
1
 11
800.9056462613727
 21
1002.4240340189908
 31
0.0
100
AcDbText
 73
2
  0
TEXT
  5
2CC
330
17
100
AcDbEntity
  8
PLAT-TEXT-MISC
100
AcDbText
 10
913.4609947370992
 20
1001.9939827860433
 30
0.0
 40
8.501414269075843
  1
8.1982
 50
0.639597916764103
  7
PLAT
 72
1
 11
913.4609947370992
 21
1001.9939827860433
 31
0.0
100
AcDbText
 73
2
  0
TEXT
  5
2CD
330
17
100
AcDbEntity
  8
PLAT-TEXT-AREA
100
AcDbText
 10
948.9369934907546
 20
1001.9143986775191
 30
0.0
 40
9.23575120014968
  1
AC
 50
8.645222960528486
  7
PLAT
 72
1
 11
948.9369934907546
 21
1001.9143986775191
 31
0.0
100
AcDbText
 73
2
  0
TEXT
  5
2CE
330
17
100
AcDbEntity
  8
PLAT-TEXT-LOTNO
100
AcDbText
 10
1102.5
 20
1002.0
 30
0.0
 40
9.0
  1
7
  7
PLAT
 72
1
 11
1102.5
 21
1002.0
 31
0.0
100
AcDbText
 73
2
  0
TEXT
  5
2CF
330
17
100
AcDbEntity
  8
PLAT-TEXT-LOWCONF
100
AcDbText
 10
1124.496939692235
 20
1002.0030232961585
 30
0.0
 40
8.198422964423882
  1
566
 50
0.3485734299335945
  7
PLAT
 72
1
 11
1124.496939692235
 21
1002.0030232961585
 31
0.0
100
AcDbText
 73
2
  0
TEXT
  5
2D0
330
17
100
AcDbEntity
  8
PLAT-TEXT-AREA
100
AcDbText
 10
1149.027533627214
 20
1002.3929736288662
 30
0.0
 40
9.442581865154636
  1
SF
 50
14.427080002634796
  7
PLAT
 72
1
 11
1149.027533627214
 21
1002.3929736288662
 31
0.0
100
AcDbText
 73
2
  0
TEXT
  5
2D1
330
17
100
AcDbEntity
  8
PLAT-TEXT-MISC
100
AcDbText
 10
1261.5071286485454
 20
1001.993069062504
 30
0.0
 40
8.605483345188336
  1
8.1722
 50
0.8056611367451865
  7
PLAT
 72
1
 11
1261.5071286485454
 21
1001.993069062504
 31
0.0
100
AcDbText
 73
2
  0
TEXT
  5
2D2
330
17
100
AcDbEntity
  8
PLAT-TEXT-AREA
100
AcDbText
 10
1297.9371576665287
 20
1001.9147108812076
 30
0.0
 40
9.232295291571075
  1
AC
 50
8.616641055464697
  7
PLAT
 72
1
 11
1297.9371576665287
 21
1001.9147108812076
 31
0.0
100
AcDbText
 73
2
  0
TEXT
  5
2D3
330
17
100
AcDbEntity
  8
PLAT-TEXT-LOWCONF
100
AcDbText
 10
70.0
 20
997.5
 30
0.0
 40
3.6
  1
a
  7
PLAT
 72
1
 11
70.0
 21
997.5
 31
0.0
100
AcDbText
 73
2
  0
TEXT
  5
2D4
330
17
100
AcDbEntity
  8
PLAT-TEXT-LOWCONF
100
AcDbText
 10
412.0
 20
997.5
 30
0.0
 40
4.0
  1
‘9
  7
PLAT
 72
1
 11
412.0
 21
997.5
 31
0.0
100
AcDbText
 73
2
  0
TEXT
  5
2D5
330
17
100
AcDbEntity
  8
PLAT-TEXT-LOWCONF
100
AcDbText
 10
760.5
 20
997.5
 30
0.0
 40
3.6
  1
a
  7
PLAT
 72
1
 11
760.5
 21
997.5
 31
0.0
100
AcDbText
 73
2
  0
TEXT
  5
2D6
330
17
100
AcDbEntity
  8
PLAT-TEXT-LOWCONF
100
AcDbText
 10
1109.0
 20
997.5
 30
0.0
 40
3.6
  1
a
  7
PLAT
 72
1
 11
1109.0
 21
997.5
 31
0.0
100
AcDbText
 73
2
  0
TEXT
  5
2D7
330
17
100
AcDbEntity
  8
PLAT-TEXT-MISC
100
AcDbText
 10
79.99999322604674
 20
976.4981596384137
 30
0.0
 40
7.368903662024945
  1
PERIMETER
 50
359.78910819187075
  7
PLAT
 72
1
 11
79.99999322604674
 21
976.4981596384137
 31
0.0
100
AcDbText
 73
2
  0
TEXT
  5
2D8
330
17
100
AcDbEntity
  8
PLAT-TEXT-MISC
100
AcDbText
 10
205.44846817313862
 20
976.3411737021236
 30
0.0
 40
7.801412347045438
  1
MISC
 50
8.589189220502533
  7
PLAT
 72
1
 11
205.44846817313862
 21
976.3411737021236
 31
0.0
100
AcDbText
 73
2
  0
TEXT
  5
2D9
330
17
100
AcDbEntity
  8
PLAT-TEXT-LOWCONF
100
AcDbText
 10
231.0
 20
976.5
 30
0.0
 40
7.843550663865254
  1
3801
 50
1.8723256595712883
  7
PLAT
 72
1
 11
231.0
 21
976.5
 31
0.0
100
AcDbText
 73
2
  0
TEXT
  5
2DA
330
17
100
AcDbEntity
  8
PLAT-TEXT-MISC
100
AcDbText
 10
428.5053741248231
 20
976.5164209016996
 30
0.0
 40
7.421188427369806
  1
PERIMETER
 50
0.3130522063801209
  7
PLAT
 72
1
 11
428.5053741248231
 21
976.5164209016996
 31
0.0
100
AcDbText
 73
2
  0
TEXT
  5
2DB
330
17
100
AcDbEntity
  8
PLAT-TEXT-MISC
100
AcDbText
 10
567.5
 20
976.5
 30
0.0
 40
7.200000000001481
  1
MISCLOSE
 50
1.9895196601282805e-12
  7
PLAT
 72
1
 11
567.5
 21
976.5
 31
0.0
100
AcDbText
 73
2
  0
TEXT
  5
2DC
330
17
100
AcDbEntity
  8
PLAT-TEXT-MISC
100
AcDbText
 10
763.9507031336335
 20
976.504908549789
 30
0.0
 40
8.239077664317309
  1
PERIM
 50
354.31373117472924
  7
PLAT
 72
1
 11
763.9507031336335
 21
976.504908549789
 31
0.0
100
AcDbText
 73
2
  0
TEXT
  5
2DD
330
17
100
AcDbEntity
  8
PLAT-TEXT-LOWCONF
100
AcDbText
 10
792.4991056593088
 20
976.4999984003043
 30
0.0
 40
7.2337960541126884
  1
lETER
 50
0.10248411268577229
  7
PLAT
 72
1
 11
792.4991056593088
 21
976.4999984003043
 31
0.0
100
AcDbText
 73
2
  0
TEXT
  5
2DE
330
17
100
AcDbEntity
  8
PLAT-TEXT-MISC
100
AcDbText
 10
916.4601787931493
 20
975.7816059851693
 30
0.0
 40
8.236381314491247
  1
MISCLOSE
 50
356.8272917762925
  7
PLAT
 72
1
 11
916.4601787931493
 21
975.7816059851693
 31
0.0
100
AcDbText
 73
2
  0
TEXT
  5
2DF
330
17
100
AcDbEntity
  8
PLAT-TEXT-MISC
100
AcDbText
 10
932.5077290109166
 20
979.5518757217287
 30
0.0
 40
1.939549914032408
  1
nee
 50
0.9881093780165315
  7
PLAT
 72
1
 11
932.5077290109166
 21
979.5518757217287
 31
0.0
100
AcDbText
 73
2
  0
TEXT
  5
2E0
330
17
100
AcDbEntity
  8
PLAT-TEXT-MISC
100
AcDbText
 10
1125.9982241324205
 20
976.5069991857056
 30
0.0
 40
7.351277195502932
  1
PERIMETER
 50
0.2006892792509234
  7
PLAT
 72
1
 11
1125.9982241324205
 21
976.5069991857056
 31
0.0
100
AcDbText
 73
2
  0
TEXT
  5
2E1
330
17
100
AcDbEntity
  8
PLAT-TEXT-MISC
100
AcDbText
 10
1252.307823165379
 20
977.9780286276684
 30
0.0
 40
8.145458816146009
  1
Misc
 50
11.433997016914077
  7
PLAT
 72
1
 11
1252.307823165379
 21
977.9780286276684
 31
0.0
100
AcDbText
 73
2
  0
TEXT
  5
2E2
330
17
100
AcDbEntity
  8
PLAT-TEXT-MISC
100
AcDbText
 10
1271.135327623464
 20
975.5678567476957
 30
0.0
 40
8.52672668691977
  1
ISCLOSE
 50
5.398026394862541
  7
PLAT
 72
1
 11
1271.135327623464
 21
975.5678567476957
 31
0.0
100
AcDbText
 73
2
  0
TEXT
  5
2E3
330
17
100
AcDbEntity
  8
PLAT-TEXT-UNASSOC
100
AcDbText
 10
74.5
 20
959.0
 30
0.0
 40
8.491947995335721
  1
432.19
 50
0.7139547579306509
  7
PLAT
 72
1
 11
74.5
 21
959.0
 31
0.0
100
AcDbText
 73
2
  0
TEXT
  5
2E4
330
17
100
AcDbEntity
  8
PLAT-TEXT-LOWCONF
100
AcDbText
 10
110.1956444372637
 20
958.9740326333583
 30
0.0
 40
9.983039128259009
  1
43
 50
352.43947345996116
  7
PLAT
 72
1
 11
110.1956444372637
 21
958.9740326333583
 31
0.0
100
AcDbText
 73
2
  0
TEXT
  5
2E5
330
17
100
AcDbEntity
  8
PLAT-TEXT-LOWCONF
100
AcDbText
 10
215.5
 20
959.0
 30
0.0
 40
8.382439209121788
  1
6.6666
 50
0.4614281354801619
  7
PLAT
 72
1
 11
215.5
 21
959.0
 31
0.0
100
AcDbText
 73
2
  0
TEXT
  5
2E6
330
17
100
AcDbEntity
  8
PLAT-TEXT-LOWCONF
100
AcDbText
 10
252.16739993337626
 20
958.8558690691307
 30
0.0
 40
9.919978378026707
  1
+3
 50
352.9616975200824
  7
PLAT
 72
1
 11
252.16739993337626
 21
958.8558690691307
 31
0.0
100
AcDbText
 73
2
  0
TEXT
  5
2E7
330
17
100
AcDbEntity
  8
PLAT-TEXT-LOWCONF
100
AcDbText
 10
414.61333988746526
 20
958.9484632586959
 30
0.0
 40
9.685053088874103
  1
493.
 50
357.3496580787815
  7
PLAT
 72
1
 11
414.61333988746526
 21
958.9484632586959
 31
0.0
100
AcDbText
 73
2
  0
TEXT
  5
2E8
330
17
100
AcDbEntity
  8
PLAT-TEXT-LOTNO
100
AcDbText
 10
437.2409927953686
 20
959.0735961259429
 30
0.0
 40
9.8503430962833
  1
29
 50
5.6720704138205065
  7
PLAT
 72
1
 11
437.2409927953686
 21
959.0735961259429
 31
0.0
100
AcDbText
 73
2
  0
TEXT
  5
2E9
330
17
100
AcDbEntity
  8
PLAT-TEXT-LOWCONF
100
AcDbText
 10
459.3248706065913
 20
958.792700456677
 30
0.0
 40
10.46486822218013
  1
44
 50
345.893050345092
  7
PLAT
 72
1
 11
459.3248706065913
 21
958.792700456677
 31
0.0
100
AcDbText
 73
2
  0
TEXT
  5
2EA
330
17
100
AcDbEntity
  8
PLAT-TEXT-LOTNO
100
AcDbText
 10
546.5
 20
959.0
 30
0.0
 40
9.0
  1
8
  7
PLAT
 72
1
 11
546.5
 21
959.0
 31
0.0
100
AcDbText
 73
2
  0
TEXT
  5
2EB
330
17
100
AcDbEntity
  8
PLAT-TEXT-LOWCONF
100
AcDbText
 10
568.9749130370833
 20
958.9320338377952
 30
0.0
 40
8.702792197766165
  1
- 6666
 50
1.5418218377396897
  7
PLAT
 72
1
 11
568.9749130370833
 21
958.9320338377952
 31
0.0
100
AcDbText
 73
2
  0
TEXT
  5
2EC
330
17
100
AcDbEntity
  8
PLAT-TEXT-LOWCONF
100
AcDbText
 10
600.0734241289035
 20
958.9963972784615
 30
0.0
 40
8.444208095606339
  1
ft
 50
357.19090547514327
  7
PLAT
 72
1
 11
600.0734241289035
 21
958.9963972784615
 31
0.0
100
AcDbText
 73
2
  0
TEXT
  5
2ED
330
17
100
AcDbEntity
  8
PLAT-TEXT-LOTNO
100
AcDbText
 10
760.9581935521655
 20
959.1013714454409
 30
0.0
 40
10.159707750302617
  1
369
 50
3.9767192899350334
  7
PLAT
 72
1
 11
760.9581935521655
 21
959.1013714454409
 31
0.0
100
AcDbText
 73
2
  0
TEXT
  5
2EE
330
17
100
AcDbEntity
  8
PLAT-TEXT-LOWCONF
100
AcDbText
 10
783.5606103427507
 20
958.2294593330207
 30
0.0
 40
9.499868636509605
  1
89%%d
 50
12.62769889744709
  7
PLAT
 72
1
 11
783.5606103427507
 21
958.2294593330207
 31
0.0
100
AcDbText
 73
2
  0
TEXT
  5
2EF
330
17
100
AcDbEntity
  8
PLAT-TEXT-LOWCONF
100
AcDbText
 10
807.6708612652188
 20
958.9192352317671
 30
0.0
 40
9.898860783020059
  1
33
 50
353.1352179337657
  7
PLAT
 72
1
 11
807.6708612652188
 21
958.9192352317671
 31
0.0
100
AcDbText
 73
2
  0
TEXT
  5
2F0
330
17
100
AcDbEntity
  8
PLAT-TEXT-MISC
100
AcDbText
 10
913.0
 20
959.0
 30
0.0
 40
8.435074124229672
  1
6.6668
 50
0.5619439239050052
  7
PLAT
 72
1
 11
913.0
 21
959.0
 31
0.0
100
AcDbText
 73
2
  0
TEXT
  5
2F1
330
17
100
AcDbEntity
  8
PLAT-TEXT-LOWCONF
100
AcDbText
 10
949.0734241289035
 20
958.9963972784615
 30
0.0
 40
9.382453439562598
  1
43
 50
357.19090547514327
  7
PLAT
 72
1
 11
949.0734241289035
 21
958.9963972784615
 31
0.0
100
AcDbText
 73
2
  0
TEXT
  5
2F2
330
17
100
AcDbEntity
  8
PLAT-TEXT-LOTNO
100
AcDbText
 10
1109.4999293079663
 20
959.0059448313218
 30
0.0
 40
9.213463502012045
  1
358
 50
0.6812917063939494
  7
PLAT
 72
1
 11
1109.4999293079663
 21
959.0059448313218
 31
0.0
100
AcDbText
 73
2
  0
TEXT
  5
2F3
330
17
100
AcDbEntity
  8
PLAT-TEXT-LOWCONF
100
AcDbText
 10
1135.3402163413198
 20
958.7759702182052
 30
0.0
 40
10.53337223844246
  1
+3
 50
345.07035966191887
  7
PLAT
 72
1
 11
1135.3402163413198
 21
958.7759702182052
 31
0.0
100
AcDbText
 73
2
  0
TEXT
  5
2F4
330
17
100
AcDbEntity
  8
PLAT-TEXT-LOWCONF
100
AcDbText
 10
1261.5104991890184
 20
959.000110245124
 30
0.0
 40
8.468144956690454
  1
8.8088
 50
0.6016034356103432
  7
PLAT
 72
1
 11
1261.5104991890184
 21
959.000110245124
 31
0.0
100
AcDbText
 73
2
  0
TEXT
  5
2F5
330
17
100
AcDbEntity
  8
PLAT-TEXT-LOTNO
100
AcDbText
 10
1298.3413507878956
 20
958.7746944307455
 30
0.0
 40
10.538444314367219
  1
43
 50
345.00849503586767
  7
PLAT
 72
1
 11
1298.3413507878956
 21
958.7746944307455
 31
0.0
100
AcDbText
 73
2
  0
TEXT
  5
2F6
330
17
100
AcDbEntity
  8
PLAT-TEXT-LOWCONF
100
AcDbText
 10
90.0
 20
910.0
 30
0.0
 40
6.3
  1
{e
 50
90.0
  7
PLAT
 72
1
 11
90.0
 21
910.0
 31
0.0
100
AcDbText
 73
2
  0
TEXT
  5
2F7
330
17
100
AcDbEntity
  8
PLAT-TEXT-LOWCONF
100
AcDbText
 10
439.0
 20
910.0
 30
0.0
 40
6.3
  1
{e
 50
90.0
  7
PLAT
 72
1
 11
439.0
 21
910.0
 31
0.0
100
AcDbText
 73
2
  0
TEXT
  5
2F8
330
17
100
AcDbEntity
  8
PLAT-TEXT-LOWCONF
100
AcDbText
 10
788.0
 20
910.0
 30
0.0
 40
6.3
  1
{e
 50
90.0
  7
PLAT
 72
1
 11
788.0
 21
910.0
 31
0.0
100
AcDbText
 73
2
  0
TEXT
  5
2F9
330
17
100
AcDbEntity
  8
PLAT-TEXT-LOWCONF
100
AcDbText
 10
1136.0
 20
910.0
 30
0.0
 40
6.3
  1
{e
 50
90.0
  7
PLAT
 72
1
 11
1136.0
 21
910.0
 31
0.0
100
AcDbText
 73
2
  0
TEXT
  5
2FA
330
17
100
AcDbEntity
  8
PLAT-TEXT-MISC
100
AcDbText
 10
123.49873049074267
 20
908.5000004604726
 30
0.0
 40
7.2127309506780115
  1
Lot DXF
 50
359.979217848893
  7
PLAT
 72
1
 11
123.49873049074267
 21
908.5000004604726
 31
0.0
100
AcDbText
 73
2
  0
TEXT
  5
2FB
330
17
100
AcDbEntity
  8
PLAT-TEXT-MISC
100
AcDbText
 10
273.50897150108466
 20
908.411310104917
 30
0.0
 40
7.527504674462285
  1
Checksheet
 50
359.43596308187085
  7
PLAT
 72
1
 11
273.50897150108466
 21
908.411310104917
 31
0.0
100
AcDbText
 73
2
  0
TEXT
  5
2FC
330
17
100
AcDbEntity
  8
PLAT-TEXT-MISC
100
AcDbText
 10
472.49873049074114
 20
908.5000004604724
 30
0.0
 40
7.212730950693728
  1
Lot DXF
 50
359.97921784886734
  7
PLAT
 72
1
 11
472.49873049074114
 21
908.5000004604724
 31
0.0
100
AcDbText
 73
2
  0
TEXT
  5
2FD
330
17
100
AcDbEntity
  8
PLAT-TEXT-MISC
100
AcDbText
 10
622.5047383215875
 20
908.3908284560036
 30
0.0
 40
7.603229537885481
  1
Checksheet
 50
359.3053921115897
  7
PLAT
 72
1
 11
622.5047383215875
 21
908.3908284560036
 31
0.0
100
AcDbText
 73
2
  0
TEXT
  5
2FE
330
17
100
AcDbEntity
  8
PLAT-TEXT-MISC
100
AcDbText
 10
808.5
 20
908.5
 30
0.0
 40
7.2
  1
Lot
  7
PLAT
 72
1
 11
808.5
 21
908.5
 31
0.0
100
AcDbText
 73
2
  0
TEXT
  5
2FF
330
17
100
AcDbEntity
  8
PLAT-TEXT-MISC
100
AcDbText
 10
830.4994559246044
 20
908.5000001973456
 30
0.0
 40
7.206202045492484
  1
DXF
 50
359.9792178489075
  7
PLAT
 72
1
 11
830.4994559246044
 21
908.5000001973456
 31
0.0
100
AcDbText
 73
2
  0
TEXT
  5
300
330
17
100
AcDbEntity
  8
PLAT-TEXT-MISC
100
AcDbText
 10
971.5036124655857
 20
908.4178348206688
 30
0.0
 40
7.495435717198828
  1
Checksheet
 50
359.5046514445108
  7
PLAT
 72
1
 11
971.5036124655857
 21
908.4178348206688
 31
0.0
100
AcDbText
 73
2
  0
TEXT
  5
301
330
17
100
AcDbEntity
  8
PLAT-TEXT-MISC
100
AcDbText
 10
1169.4994599086451
 20
908.5000001944659
 30
0.0
 40
7.212637730145398
  1
Lot DXF
 50
359.9793700280926
  7
PLAT
 72
1
 11
1169.4994599086451
 21
908.5000001944659
 31
0.0
100
AcDbText
 73
2
  0
TEXT
  5
302
330
17
100
AcDbEntity
  8
PLAT-TEXT-MISC
100
AcDbText
 10
1320.0080971528587
 20
908.4207850524765
 30
0.0
 40
7.500491020992099
  1
Checksheet
 50
359.49616826908834
  7
PLAT
 72
1
 11
1320.0080971528587
 21
908.4207850524765
 31
0.0
100
AcDbText
 73
2
  0
TEXT
  5
303
330
17
100
AcDbEntity
  8
PLAT-TEXT-LOTNO
100
AcDbText
 10
82.48627313677707
 20
821.4182992972028
 30
0.0
 40
14.4
  1
31
 50
350.462583204469
  7
PLAT
 72
1
 11
82.48627313677707
 21
821.4182992972028
 31
0.0
100
AcDbText
 73
2
  0
TEXT
  5
304
330
17
100
AcDbEntity
  8
PLAT-TEXT-LOTNO
100
AcDbText
 10
430.9432084089955
 20
821.4093149457406
 30
0.0
 40
14.4
  1
26
 50
354.50816068750305
  7
PLAT
 72
1
 11
430.9432084089955
 21
821.4093149457406
 31
0.0
100
AcDbText
 73
2
  0
TEXT
  5
305
330
17
100
AcDbEntity
  8
PLAT-TEXT-LOTNO
100
AcDbText
 10
779.4987625615635
 20
821.5000030625265
 30
0.0
 40
14.046982991691984
  1
25
 50
359.8581994213321
  7
PLAT
 72
1
 11
779.4987625615635
 21
821.5000030625265
 31
0.0
100
AcDbText
 73
2
  0
TEXT
  5
306
330
17
100
AcDbEntity
  8
PLAT-TEXT-LOTNO
100
AcDbText
 10
1128.0621723844222
 20
821.4637331154922
 30
0.0
 40
14.4
  1
24
 50
356.3088476153163
  7
PLAT
 72
1
 11
1128.0621723844222
 21
821.4637331154922
 31
0.0
100
AcDbText
 73
2
  0
TEXT
  5
307
330
17
100
AcDbEntity
  8
PLAT-TEXT-MISC
100
AcDbText
 10
313.9983367899334
 20
821.4712104399896
 30
0.0
 40
8.279572925476213
  1
PASS
 50
356.6936239135659
  7
PLAT
 72
1
 11
313.9983367899334
 21
821.4712104399896
 31
0.0
100
AcDbText
 73
2
  0
TEXT
  5
308
330
17
100
AcDbEntity
  8
PLAT-TEXT-MISC
100
AcDbText
 10
662.9704633875014
 20
821.473601926976
 30
0.0
 40
8.24893428085763
  1
PASS
 50
356.78845607000096
  7
PLAT
 72
1
 11
662.9704633875014
 21
821.473601926976
 31
0.0
100
AcDbText
 73
2
  0
TEXT
  5
309
330
17
100
AcDbEntity
  8
PLAT-TEXT-MISC
100
AcDbText
 10
1011.9695472298945
 20
821.4728736500335
 30
0.0
 40
8.279572926432145
  1
PASS
 50
356.6936239106061
  7
PLAT
 72
1
 11
1011.9695472298945
 21
821.4728736500335
 31
0.0
100
AcDbText
 73
2
  0
TEXT
  5
30A
330
17
100
AcDbEntity
  8
PLAT-TEXT-MISC
100
AcDbText
 10
1360.0
 20
821.5
 30
0.0
 40
8.331480539523083
  1
PASS
 50
356.6936239110599
  7
PLAT
 72
1
 11
1360.0
 21
821.5
 31
0.0
100
AcDbText
 73
2
  0
TEXT
  5
30B
330
17
100
AcDbEntity
  8
PLAT-TEXT-LOTNO
100
AcDbText
 10
53.486886332681706
 20
818.6137615886305
 30
0.0
 40
9.900704368222382
  1
407
 50
6.575647281714737
  7
PLAT
 72
1
 11
53.486886332681706
 21
818.6137615886305
 31
0.0
100
AcDbText
 73
2
  0
TEXT
  5
30C
330
17
100
AcDbEntity
  8
PLAT-TEXT-MISC
100
AcDbText
 10
402.45331968881635
 20
818.7604638464804
 30
0.0
 40
9.641489121103401
  1
Lor
 50
10.160675539975728
  7
PLAT
 72
1
 11
402.45331968881635
 21
818.7604638464804
 31
0.0
100
AcDbText
 73
2
  0
TEXT
  5
30D
330
17
100
AcDbEntity
  8
PLAT-TEXT-LOTNO
100
AcDbText
 10
750.9775574617443
 20
818.6820992582641
 30
0.0
 40
10.026842661315655
  1
107
 50
7.025899672525043
  7
PLAT
 72
1
 11
750.9775574617443
 21
818.6820992582641
 31
0.0
100
AcDbText
 73
2
  0
TEXT
  5
30E
330
17
100
AcDbEntity
  8
PLAT-TEXT-MISC
100
AcDbText
 10
1099.4942031633109
 20
818.5759159625736
 30
0.0
 40
8.346608913947003
  1
LoT
 50
4.366552125031546
  7
PLAT
 72
1
 11
1099.4942031633109
 21
818.5759159625736
 31
0.0
100
AcDbText
 73
2
  0
TEXT
  5
30F
330
17
100
AcDbEntity
  8
PLAT-TEXT-UNASSOC
100
AcDbText
 10
162.44828882625382
 20
784.105605848569
 30
0.0
 40
8.996983936322291
  1
75.99
 50
358.43638851806077
  7
PLAT
 72
1
 11
162.44828882625382
 21
784.105605848569
 31
0.0
100
AcDbText
 73
2
  0
TEXT
  5
310
330
17
100
AcDbEntity
  8
PLAT-TEXT-MISC
100
AcDbText
 10
544.9978580249383
 20
784.2860950359502
 30
0.0
 40
9.242751350682301
  1
Salvadore Ave & Avenue R/W (SW Corner Return)
 50
0.1561208524601625
  7
PLAT
 72
1
 11
544.9978580249383
 21
784.2860950359502
 31
0.0
100
AcDbText
 73
2
  0
TEXT
  5
311
330
17
100
AcDbEntity
  8
PLAT-TEXT-MISC
100
AcDbText
 10
906.0109405501607
 20
784.010481437808
 30
0.0
 40
9.698936974539267
  1
(66.18' Frontage)
 50
358.7722346894568
  7
PLAT
 72
1
 11
906.0109405501607
 21
784.010481437808
 31
0.0
100
AcDbText
 73
2
  0
TEXT
  5
312
330
17
100
AcDbEntity
  8
PLAT-TEXT-LOWCONF
100
AcDbText
 10
1219.0058633900853
 20
784.4151825661038
 30
0.0
 40
9.999102639568065
  1
(55
 50
359.19089768821834
  7
PLAT
 72
1
 11
1219.0058633900853
 21
784.4151825661038
 31
0.0
100
AcDbText
 73
2
  0
TEXT
  5
313
330
17
100
AcDbEntity
  8
PLAT-TEXT-MISC
100
AcDbText
 10
1313.4988814569701
 20
784.4598637388126
 30
0.0
 40
10.19737156353831
  1
Frontage)
 50
358.40365771129495
  7
PLAT
 72
1
 11
1313.4988814569701
 21
784.4598637388126
 31
0.0
100
AcDbText
 73
2
  0
TEXT
  5
314
330
17
100
AcDbEntity
  8
PLAT-TEXT-MISC
100
AcDbText
 10
56.4507522792976
 20
783.3519709231339
 30
0.0
 40
8.60683355372785
  1
Cape
 50
357.5436531322493
  7
PLAT
 72
1
 11
56.4507522792976
 21
783.3519709231339
 31
0.0
100
AcDbText
 73
2
  0
TEXT
  5
315
330
17
100
AcDbEntity
  8
PLAT-TEXT-LOWCONF
100
AcDbText
 10
86.49465772967028
 20
784.2807925796992
 30
0.0
 40
7.307766182062401
  1
rorn
 50
358.6039297179953
  7
PLAT
 72
1
 11
86.49465772967028
 21
784.2807925796992
 31
0.0
100
AcDbText
 73
2
  0
TEXT
  5
316
330
17
100
AcDbEntity
  8
PLAT-TEXT-MISC
100
AcDbText
 10
122.53061599792659
 20
784.191802497769
 30
0.0
 40
7.247821681531444
  1
Avenue
 50
358.96325013341186
  7
PLAT
 72
1
 11
122.53061599792659
 21
784.191802497769
 31
0.0
100
AcDbText
 73
2
  0
TEXT
  5
317
330
17
100
AcDbEntity
  8
PLAT-TEXT-MISC
100
AcDbText
 10
226.00301719405587
 20
783.7247330572773
 30
0.0
 40
9.364492005544895
  1
Frontage to P.R.
 50
0.6279924535251098
  7
PLAT
 72
1
 11
226.00301719405587
 21
783.7247330572773
 31
0.0
100
AcDbText
 73
2
  0
TEXT
  5
318
330
17
100
AcDbEntity
  8
PLAT-TEXT-MISC
100
AcDbText
 10
401.508427428056
 20
784.1913742201373
 30
0.0
 40
7.312683492894535
  1
San
 50
357.4785302667658
  7
PLAT
 72
1
 11
401.508427428056
 21
784.1913742201373
 31
0.0
100
AcDbText
 73
2
  0
TEXT
  5
319
330
17
100
AcDbEntity
  8
PLAT-TEXT-LOWCONF
100
AcDbText
 10
418.0
 20
786.5
 30
0.0
 40
3.6
  1
S
  7
PLAT
 72
1
 11
418.0
 21
786.5
 31
0.0
100
AcDbText
 73
2
  0
TEXT
  5
31A
330
17
100
AcDbEntity
  8
PLAT-TEXT-MISC
100
AcDbText
 10
799.0015862384147
 20
784.4405900050001
 30
0.0
 40
7.462416397609679
  1
San Salvadore Avenue
 50
359.7937212084842
  7
PLAT
 72
1
 11
799.0015862384147
 21
784.4405900050001
 31
0.0
100
AcDbText
 73
2
  0
TEXT
  5
31B
330
17
100
AcDbEntity
  8
PLAT-TEXT-MISC
100
AcDbText
 10
1098.4290046771368
 20
784.258318800566
 30
0.0
 40
7.304740020198228
  1
San
 50
357.6657716400126
  7
PLAT
 72
1
 11
1098.4290046771368
 21
784.258318800566
 31
0.0
100
AcDbText
 73
2
  0
TEXT
  5
31C
330
17
100
AcDbEntity
  8
PLAT-TEXT-MISC
100
AcDbText
 10
1159.5018393207995
 20
784.4292981419501
 30
0.0
 40
7.423590162101364
  1
Salvadore Avenue
 50
359.75451868096445
  7
PLAT
 72
1
 11
1159.5018393207995
 21
784.4292981419501
 31
0.0
100
AcDbText
 73
2
  0
TEXT
  5
31D
330
17
100
AcDbEntity
  8
PLAT-TEXT-LOWCONF
100
AcDbText
 10
1238.4966398966596
 20
784.5819079751075
 30
0.0
 40
7.526711922894122
  1
192
 50
2.349122328845624
  7
PLAT
 72
1
 11
1238.4966398966596
 21
784.5819079751075
 31
0.0
100
AcDbText
 73
2
  0
TEXT
  5
31E
330
17
100
AcDbEntity
  8
PLAT-TEXT-LOWCONF
100
AcDbText
 10
1264.0
 20
784.5
 30
0.0
 40
8.0
  1
8
  7
PLAT
 72
1
 11
1264.0
 21
784.5
 31
0.0
100
AcDbText
 73
2
  0
TEXT
  5
31F
330
17
100
AcDbEntity
  8
PLAT-TEXT-LOWCONF
100
AcDbText
 10
1276.0784871749668
 20
784.3181117077734
 30
0.0
 40
9.180494265072438
  1
lp
 50
23.340828932974205
  7
PLAT
 72
1
 11
1276.0784871749668
 21
784.3181117077734
 31
0.0
100
AcDbText
 73
2
  0
TEXT
  5
320
330
17
100
AcDbEntity
  8
PLAT-TEXT-MISC
100
AcDbText
 10
76.478966399093
 20
747.440841354932
 30
0.0
 40
7.8956639488577665
  1
NET AREA
 50
358.86232513014545
  7
PLAT
 72
1
 11
76.478966399093
 21
747.440841354932
 31
0.0
100
AcDbText
 73
2
  0
TEXT
  5
321
330
17
100
AcDbEntity
  8
PLAT-TEXT-MISC
100
AcDbText
 10
216.53377656213274
 20
747.499619666399
 30
0.0
 40
7.635345910876849
  1
ACREAGE
 50
359.3548606539291
  7
PLAT
 72
1
 11
216.53377656213274
 21
747.499619666399
 31
0.0
100
AcDbText
 73
2
  0
TEXT
  5
322
330
17
100
AcDbEntity
  8
PLAT-TEXT-MISC
100
AcDbText
 10
412.0045407638547
 20
748.5208904675155
 30
0.0
 40
9.22803521413597
  1
NET
 50
14.301959131836611
  7
PLAT
 72
1
 11
412.0045407638547
 21
748.5208904675155
 31
0.0
100
AcDbText
 73
2
  0
TEXT
  5
323
330
17
100
AcDbEntity
  8
PLAT-TEXT-MISC
100
AcDbText
 10
436.5853861019049
 20
747.6175274132279
 30
0.0
 40
7.303669413461207
  1
AREA
 50
357.6908850195813
  7
PLAT
 72
1
 11
436.5853861019049
 21
747.6175274132279
 31
0.0
100
AcDbText
 73
2
  0
TEXT
  5
324
330
17
100
AcDbEntity
  8
PLAT-TEXT-MISC
100
AcDbText
 10
565.5067681560637
 20
747.4507896787907
 30
0.0
 40
7.587680309332759
  1
ACREAGE
 50
0.7060449042564301
  7
PLAT
 72
1
 11
565.5067681560637
 21
747.4507896787907
 31
0.0
100
AcDbText
 73
2
  0
TEXT
  5
325
330
17
100
AcDbEntity
  8
PLAT-TEXT-LOWCONF
100
AcDbText
 10
760.5276525453371
 20
748.37660192863
 30
0.0
 40
10.204999048554294
  1
2 &
 50
283.9550250052746
  7
PLAT
 72
1
 11
760.5276525453371
 21
748.37660192863
 31
0.0
100
AcDbText
 73
2
  0
TEXT
  5
326
330
17
100
AcDbEntity
  8
PLAT-TEXT-MISC
100
AcDbText
 10
785.5478822665301
 20
747.52254073517
 30
0.0
 40
7.560350807409588
  1
AREA
 50
358.6438149963721
  7
PLAT
 72
1
 11
785.5478822665301
 21
747.52254073517
 31
0.0
100
AcDbText
 73
2
  0
TEXT
  5
327
330
17
100
AcDbEntity
  8
PLAT-TEXT-LOWCONF
100
AcDbText
 10
921.4188734888405
 20
746.8070515487109
 30
0.0
 40
8.3084376214403
  1
‘REAGE
 50
353.3225294032372
  7
PLAT
 72
1
 11
921.4188734888405
 21
746.8070515487109
 31
0.0
100
AcDbText
 73
2
  0
TEXT
  5
328
330
17
100
AcDbEntity
  8
PLAT-TEXT-LOWCONF
100
AcDbText
 10
931.5130696832435
 20
750.6212161033843
 30
0.0
 40
1.8615355805734988
  1
ne
 50
1.9761682910578884
  7
PLAT
 72
1
 11
931.5130696832435
 21
750.6212161033843
 31
0.0
100
AcDbText
 73
2
  0
TEXT
  5
329
330
17
100
AcDbEntity
  8
PLAT-TEXT-MISC
100
AcDbText
 10
1122.499963445201
 20
747.4999634478731
 30
0.0
 40
7.201414614802398
  1
NET AREA
 50
359.9979056408531
  7
PLAT
 72
1
 11
1122.499963445201
 21
747.4999634478731
 31
0.0
100
AcDbText
 73
2
  0
TEXT
  5
32A
330
17
100
AcDbEntity
  8
PLAT-TEXT-MISC
100
AcDbText
 10
1267.004401295332
 20
747.6048039451991
 30
0.0
 40
8.289569524662307
  1
CREAGE
 50
357.59524743543545
  7
PLAT
 72
1
 11
1267.004401295332
 21
747.6048039451991
 31
0.0
100
AcDbText
 73
2
  0
TEXT
  5
32B
330
17
100
AcDbEntity
  8
PLAT-TEXT-AREA
100
AcDbText
 10
896.3680283810298
 20
746.4356831864586
 30
0.0
 40
3.7140902728328875
  1
Ac
 50
19.07479051685152
  7
PLAT
 72
1
 11
896.3680283810298
 21
746.4356831864586
 31
0.0
100
AcDbText
 73
2
  0
TEXT
  5
32C
330
17
100
AcDbEntity
  8
PLAT-TEXT-MISC
100
AcDbText
 10
1246.8960073730375
 20
745.6189823180202
 30
0.0
 40
4.135994952939671
  1
ind
 50
344.7338647106287
  7
PLAT
 72
1
 11
1246.8960073730375
 21
745.6189823180202
 31
0.0
100
AcDbText
 73
2
  0
TEXT
  5
32D
330
17
100
AcDbEntity
  8
PLAT-TEXT-LOTNO
100
AcDbText
 10
56.5
 20
730.0
 30
0.0
 40
9.0
  1
7
  7
PLAT
 72
1
 11
56.5
 21
730.0
 31
0.0
100
AcDbText
 73
2
  0
TEXT
  5
32E
330
17
100
AcDbEntity
  8
PLAT-TEXT-LOWCONF
100
AcDbText
 10
77.99286429829908
 20
730.0000509208317
 30
0.0
 40
8.215417993522179
  1
$88
 50
359.5911405289353
  7
PLAT
 72
1
 11
77.99286429829908
 21
730.0000509208317
 31
0.0
100
AcDbText
 73
2
  0
TEXT
  5
32F
330
17
100
AcDbEntity
  8
PLAT-TEXT-AREA
100
AcDbText
 10
103.0328296554743
 20
730.3603527548819
 30
0.0
 40
9.350683606472543
  1
SF
 50
13.229431863705429
  7
PLAT
 72
1
 11
103.0328296554743
 21
730.3603527548819
 31
0.0
100
AcDbText
 73
2
  0
TEXT
  5
330
330
17
100
AcDbEntity
  8
PLAT-TEXT-LOTNO
100
AcDbText
 10
197.5
 20
730.0
 30
0.0
 40
9.0
  1
6
  7
PLAT
 72
1
 11
197.5
 21
730.0
 31
0.0
100
AcDbText
 73
2
  0
TEXT
  5
331
330
17
100
AcDbEntity
  8
PLAT-TEXT-LOWCONF
100
AcDbText
 10
219.98630077205826
 20
729.8698542171041
 30
0.0
 40
8.927884571874493
  1
‘4722
 50
2.121239280384202
  7
PLAT
 72
1
 11
219.98630077205826
 21
729.8698542171041
 31
0.0
100
AcDbText
 73
2
  0
TEXT
  5
332
330
17
100
AcDbEntity
  8
PLAT-TEXT-AREA
100
AcDbText
 10
251.45247429592473
 20
729.9409933386653
 30
0.0
 40
9.022892297133152
  1
AC
 50
6.15100701803226
  7
PLAT
 72
1
 11
251.45247429592473
 21
729.9409933386653
 31
0.0
100
AcDbText
 73
2
  0
TEXT
  5
333
330
17
100
AcDbEntity
  8
PLAT-TEXT-LOTNO
100
AcDbText
 10
409.01107461131267
 20
729.9884115083798
 30
0.0
 40
9.247302425260122
  1
12
 50
358.7010548192161
  7
PLAT
 72
1
 11
409.01107461131267
 21
729.9884115083798
 31
0.0
100
AcDbText
 73
2
  0
TEXT
  5
334
330
17
100
AcDbEntity
  8
PLAT-TEXT-LOTNO
100
AcDbText
 10
433.5305256537048
 20
729.9728159252081
 30
0.0
 40
9.795911982265618
  1
449
 50
3.313909634533843
  7
PLAT
 72
1
 11
433.5305256537048
 21
729.9728159252081
 31
0.0
100
AcDbText
 73
2
  0
TEXT
  5
335
330
17
100
AcDbEntity
  8
PLAT-TEXT-AREA
100
AcDbText
 10
459.03282965547425
 20
730.3603527548819
 30
0.0
 40
9.350683606472543
  1
SF
 50
13.229431863705429
  7
PLAT
 72
1
 11
459.03282965547425
 21
730.3603527548819
 31
0.0
100
AcDbText
 73
2
  0
TEXT
  5
336
330
17
100
AcDbEntity
  8
PLAT-TEXT-MISC
100
AcDbText
 10
564.5
 20
730.0
 30
0.0
 40
8.320053601576474
  1
6.2858
 50
0.3594399731391036
  7
PLAT
 72
1
 11
564.5
 21
730.0
 31
0.0
100
AcDbText
 73
2
  0
TEXT
  5
337
330
17
100
AcDbEntity
  8
PLAT-TEXT-AREA
100
AcDbText
 10
600.020279636428
 20
729.8590447845083
 30
0.0
 40
9.308278666051137
  1
AC
 50
8.1871291717664
  7
PLAT
 72
1
 11
600.020279636428
 21
729.8590447845083
 31
0.0
100
AcDbText
 73
2
  0
TEXT
  5
338
330
17
100
AcDbEntity
  8
PLAT-TEXT-LOTNO
100
AcDbText
 10
753.5
 20
730.0
 30
0.0
 40
9.0
  1
8
  7
PLAT
 72
1
 11
753.5
 21
730.0
 31
0.0
100
AcDbText
 73
2
  0
TEXT
  5
339
330
17
100
AcDbEntity
  8
PLAT-TEXT-LOTNO
100
AcDbText
 10
775.4976505279142
 20
729.9658061990438
 30
0.0
 40
10.077963613642833
  1
361
 50
356.0693580628206
  7
PLAT
 72
1
 11
775.4976505279142
 21
729.9658061990438
 31
0.0
100
AcDbText
 73
2
  0
TEXT
  5
33A
330
17
100
AcDbEntity
  8
PLAT-TEXT-AREA
100
AcDbText
 10
800.9056462613727
 20
730.4240340189908
 30
0.0
 40
9.491968548853583
  1
SF
 50
12.544767635700566
  7
PLAT
 72
1
 11
800.9056462613727
 21
730.4240340189908
 31
0.0
100
AcDbText
 73
2
  0
TEXT
  5
33B
330
17
100
AcDbEntity
  8
PLAT-TEXT-LOWCONF
100
AcDbText
 10
913.4998277987688
 20
729.9998279173001
 30
0.0
 40
8.11177408442041
  1
8.1966
 50
359.98027398224815
  7
PLAT
 72
1
 11
913.4998277987688
 21
729.9998279173001
 31
0.0
100
AcDbText
 73
2
  0
TEXT
  5
33C
330
17
100
AcDbEntity
  8
PLAT-TEXT-AREA
100
AcDbText
 10
948.9369934907546
 20
729.9143986775191
 30
0.0
 40
9.23575120014968
  1
AC
 50
8.645222960528486
  7
PLAT
 72
1
 11
948.9369934907546
 21
729.9143986775191
 31
0.0
100
AcDbText
 73
2
  0
TEXT
  5
33D
330
17
100
AcDbEntity
  8
PLAT-TEXT-LOTNO
100
AcDbText
 10
1102.5
 20
730.0
 30
0.0
 40
9.0
  1
8
  7
PLAT
 72
1
 11
1102.5
 21
730.0
 31
0.0
100
AcDbText
 73
2
  0
TEXT
  5
33E
330
17
100
AcDbEntity
  8
PLAT-TEXT-LOTNO
100
AcDbText
 10
1124.0091292405002
 20
730.0001667416698
 30
0.0
 40
9.327373427221776
  1
338
 50
1.0463665425262434
  7
PLAT
 72
1
 11
1124.0091292405002
 21
730.0001667416698
 31
0.0
100
AcDbText
 73
2
  0
TEXT
  5
33F
330
17
100
AcDbEntity
  8
PLAT-TEXT-AREA
100
AcDbText
 10
1149.027533627214
 20
730.3929736288662
 30
0.0
 40
9.442581865154636
  1
SF
 50
14.427080002634796
  7
PLAT
 72
1
 11
1149.027533627214
 21
730.3929736288662
 31
0.0
100
AcDbText
 73
2
  0
TEXT
  5
340
330
17
100
AcDbEntity
  8
PLAT-TEXT-LOTNO
100
AcDbText
 10
1243.5
 20
730.0
 30
0.0
 40
9.0
  1
6
  7
PLAT
 72
1
 11
1243.5
 21
730.0
 31
0.0
100
AcDbText
 73
2
  0
TEXT
  5
341
330
17
100
AcDbEntity
  8
PLAT-TEXT-MISC
100
AcDbText
 10
1265.9860425248849
 20
729.8659914910058
 30
0.0
 40
8.952208176739408
  1
1.1912
 50
2.183977191984468
  7
PLAT
 72
1
 11
1265.9860425248849
 21
729.8659914910058
 31
0.0
100
AcDbText
 73
2
  0
TEXT
  5
342
330
17
100
AcDbEntity
  8
PLAT-TEXT-AREA
100
AcDbText
 10
1297.9371576665287
 20
729.9147108812076
 30
0.0
 40
9.232295291571075
  1
AC
 50
8.616641055464697
  7
PLAT
 72
1
 11
1297.9371576665287
 21
729.9147108812076
 31
0.0
100
AcDbText
 73
2
  0
TEXT
  5
343
330
17
100
AcDbEntity
  8
PLAT-TEXT-LOWCONF
100
AcDbText
 10
419.0
 20
725.5
 30
0.0
 40
3.6
  1
a
  7
PLAT
 72
1
 11
419.0
 21
725.5
 31
0.0
100
AcDbText
 73
2
  0
TEXT
  5
344
330
17
100
AcDbEntity
  8
PLAT-TEXT-LOWCONF
100
AcDbText
 10
760.5
 20
725.5
 30
0.0
 40
3.6
  1
a
  7
PLAT
 72
1
 11
760.5
 21
725.5
 31
0.0
100
AcDbText
 73
2
  0
TEXT
  5
345
330
17
100
AcDbEntity
  8
PLAT-TEXT-LOWCONF
100
AcDbText
 10
1109.0
 20
725.5
 30
0.0
 40
3.6
  1
a
  7
PLAT
 72
1
 11
1109.0
 21
725.5
 31
0.0
100
AcDbText
 73
2
  0
TEXT
  5
346
330
17
100
AcDbEntity
  8
PLAT-TEXT-MISC
100
AcDbText
 10
79.99999322604674
 20
704.4981596384137
 30
0.0
 40
7.368903662024945
  1
PERIMETER
 50
359.78910819187075
  7
PLAT
 72
1
 11
79.99999322604674
 21
704.4981596384137
 31
0.0
100
AcDbText
 73
2
  0
TEXT
  5
347
330
17
100
AcDbEntity
  8
PLAT-TEXT-MISC
100
AcDbText
 10
205.44846817313862
 20
704.3411737021236
 30
0.0
 40
7.801412347045438
  1
MISC
 50
8.589189220502533
  7
PLAT
 72
1
 11
205.44846817313862
 21
704.3411737021236
 31
0.0
100
AcDbText
 73
2
  0
TEXT
  5
348
330
17
100
AcDbEntity
  8
PLAT-TEXT-LOWCONF
100
AcDbText
 10
231.0
 20
704.5
 30
0.0
 40
7.843550663865254
  1
3801
 50
1.8723256595712883
  7
PLAT
 72
1
 11
231.0
 21
704.5
 31
0.0
100
AcDbText
 73
2
  0
TEXT
  5
349
330
17
100
AcDbEntity
  8
PLAT-TEXT-MISC
100
AcDbText
 10
428.5053741248231
 20
704.5164209016996
 30
0.0
 40
7.421188427369806
  1
PERIMETER
 50
0.3130522063801209
  7
PLAT
 72
1
 11
428.5053741248231
 21
704.5164209016996
 31
0.0
100
AcDbText
 73
2
  0
TEXT
  5
34A
330
17
100
AcDbEntity
  8
PLAT-TEXT-MISC
100
AcDbText
 10
567.5
 20
704.5
 30
0.0
 40
7.422113794858953
  1
MISCLOSE
 50
359.6990254902396
  7
PLAT
 72
1
 11
567.5
 21
704.5
 31
0.0
100
AcDbText
 73
2
  0
TEXT
  5
34B
330
17
100
AcDbEntity
  8
PLAT-TEXT-MISC
100
AcDbText
 10
763.9507031336335
 20
704.504908549789
 30
0.0
 40
8.239077664317309
  1
PERIM
 50
354.31373117472924
  7
PLAT
 72
1
 11
763.9507031336335
 21
704.504908549789
 31
0.0
100
AcDbText
 73
2
  0
TEXT
  5
34C
330
17
100
AcDbEntity
  8
PLAT-TEXT-LOWCONF
100
AcDbText
 10
792.4991056593088
 20
704.4999984003043
 30
0.0
 40
7.2337960541126884
  1
\ETER
 50
0.10248411268577229
  7
PLAT
 72
1
 11
792.4991056593088
 21
704.4999984003043
 31
0.0
100
AcDbText
 73
2
  0
TEXT
  5
34D
330
17
100
AcDbEntity
  8
PLAT-TEXT-MISC
100
AcDbText
 10
916.4601787931493
 20
703.7816059851693
 30
0.0
 40
8.236381314491247
  1
MISCLOSE
 50
356.8272917762925
  7
PLAT
 72
1
 11
916.4601787931493
 21
703.7816059851693
 31
0.0
100
AcDbText
 73
2
  0
TEXT
  5
34E
330
17
100
AcDbEntity
  8
PLAT-TEXT-LOWCONF
100
AcDbText
 10
932.5077290109166
 20
707.5518757217287
 30
0.0
 40
1.939549914032408
  1
ner
 50
0.9881093780165315
  7
PLAT
 72
1
 11
932.5077290109166
 21
707.5518757217287
 31
0.0
100
AcDbText
 73
2
  0
TEXT
  5
34F
330
17
100
AcDbEntity
  8
PLAT-TEXT-MISC
100
AcDbText
 10
1125.9982241324205
 20
704.5069991857056
 30
0.0
 40
7.351277195502932
  1
PERIMETER
 50
0.2006892792509234
  7
PLAT
 72
1
 11
1125.9982241324205
 21
704.5069991857056
 31
0.0
100
AcDbText
 73
2
  0
TEXT
  5
350
330
17
100
AcDbEntity
  8
PLAT-TEXT-MISC
100
AcDbText
 10
1252.307823165379
 20
705.9780286276684
 30
0.0
 40
8.145458816146009
  1
Misc
 50
11.433997016914077
  7
PLAT
 72
1
 11
1252.307823165379
 21
705.9780286276684
 31
0.0
100
AcDbText
 73
2
  0
TEXT
  5
351
330
17
100
AcDbEntity
  8
PLAT-TEXT-MISC
100
AcDbText
 10
1271.135327623464
 20
703.5678567476957
 30
0.0
 40
8.52672668691977
  1
ISCLOSE
 50
5.398026394862541
  7
PLAT
 72
1
 11
1271.135327623464
 21
703.5678567476957
 31
0.0
100
AcDbText
 73
2
  0
TEXT
  5
352
330
17
100
AcDbEntity
  8
PLAT-TEXT-LOTNO
100
AcDbText
 10
63.49335397153425
 20
687.0000883550019
 30
0.0
 40
9.225278064372588
  1
358
 50
359.2383315050337
  7
PLAT
 72
1
 11
63.49335397153425
 21
687.0000883550019
 31
0.0
100
AcDbText
 73
2
  0
TEXT
  5
353
330
17
100
AcDbEntity
  8
PLAT-TEXT-LOWCONF
100
AcDbText
 10
88.5
 20
687.0
 30
0.0
 40
8.1
  1
ft
  7
PLAT
 72
1
 11
88.5
 21
687.0
 31
0.0
100
AcDbText
 73
2
  0
TEXT
  5
354
330
17
100
AcDbEntity
  8
PLAT-TEXT-LOWCONF
100
AcDbText
 10
215.5
 20
687.0
 30
0.0
 40
8.382439209121788
  1
6.6666
 50
0.4614281354801619
  7
PLAT
 72
1
 11
215.5
 21
687.0
 31
0.0
100
AcDbText
 73
2
  0
TEXT
  5
355
330
17
100
AcDbEntity
  8
PLAT-TEXT-LOWCONF
100
AcDbText
 10
252.16739993337626
 20
686.8558690691307
 30
0.0
 40
9.919978378026707
  1
+3
 50
352.9616975200824
  7
PLAT
 72
1
 11
252.16739993337626
 21
686.8558690691307
 31
0.0
100
AcDbText
 73
2
  0
TEXT
  5
356
330
17
100
AcDbEntity
  8
PLAT-TEXT-LOTNO
100
AcDbText
 10
412.0269226224237
 20
686.9303766184439
 30
0.0
 40
9.79366979064904
  1
432
 50
2.7060082177117692
  7
PLAT
 72
1
 11
412.0269226224237
 21
686.9303766184439
 31
0.0
100
AcDbText
 73
2
  0
TEXT
  5
357
330
17
100
AcDbEntity
  8
PLAT-TEXT-LOTNO
100
AcDbText
 10
437.16414411085356
 20
687.124520765627
 30
0.0
 40
10.52150724040969
  1
67
 50
10.619133969316067
  7
PLAT
 72
1
 11
437.16414411085356
 21
687.124520765627
 31
0.0
100
AcDbText
 73
2
  0
TEXT
  5
358
330
17
100
AcDbEntity
  8
PLAT-TEXT-LOWCONF
100
AcDbText
 10
459.3248706065913
 20
686.792700456677
 30
0.0
 40
10.46486822218013
  1
44
 50
345.893050345092
  7
PLAT
 72
1
 11
459.3248706065913
 21
686.792700456677
 31
0.0
100
AcDbText
 73
2
  0
TEXT
  5
359
330
17
100
AcDbEntity
  8
PLAT-TEXT-LOTNO
100
AcDbText
 10
546.5
 20
687.0
 30
0.0
 40
9.0
  1
8
  7
PLAT
 72
1
 11
546.5
 21
687.0
 31
0.0
100
AcDbText
 73
2
  0
TEXT
  5
35A
330
17
100
AcDbEntity
  8
PLAT-TEXT-LOWCONF
100
AcDbText
 10
568.9749130370833
 20
686.9320338377952
 30
0.0
 40
8.702792197766165
  1
-8888
 50
1.5418218377396897
  7
PLAT
 72
1
 11
568.9749130370833
 21
686.9320338377952
 31
0.0
100
AcDbText
 73
2
  0
TEXT
  5
35B
330
17
100
AcDbEntity
  8
PLAT-TEXT-LOWCONF
100
AcDbText
 10
600.0734241289035
 20
686.9963972784615
 30
0.0
 40
9.382453439562598
  1
33
 50
357.19090547514327
  7
PLAT
 72
1
 11
600.0734241289035
 21
686.9963972784615
 31
0.0
100
AcDbText
 73
2
  0
TEXT
  5
35C
330
17
100
AcDbEntity
  8
PLAT-TEXT-UNASSOC
100
AcDbText
 10
771.4941626479578
 20
687.0059769492445
 30
0.0
 40
8.524841968345438
  1
376.53
 50
359.32302739487824
  7
PLAT
 72
1
 11
771.4941626479578
 21
687.0059769492445
 31
0.0
100
AcDbText
 73
2
  0
TEXT
  5
35D
330
17
100
AcDbEntity
  8
PLAT-TEXT-LOWCONF
100
AcDbText
 10
807.6708612652188
 20
686.9192352317671
 30
0.0
 40
9.898860783020059
  1
33
 50
353.1352179337657
  7
PLAT
 72
1
 11
807.6708612652188
 21
686.9192352317671
 31
0.0
100
AcDbText
 73
2
  0
TEXT
  5
35E
330
17
100
AcDbEntity
  8
PLAT-TEXT-MISC
100
AcDbText
 10
913.0
 20
687.0
 30
0.0
 40
8.435074124229672
  1
6.6668
 50
0.5619439239050052
  7
PLAT
 72
1
 11
913.0
 21
687.0
 31
0.0
100
AcDbText
 73
2
  0
TEXT
  5
35F
330
17
100
AcDbEntity
  8
PLAT-TEXT-LOWCONF
100
AcDbText
 10
949.0734241289035
 20
686.9963972784615
 30
0.0
 40
9.382453439562598
  1
43
 50
357.19090547514327
  7
PLAT
 72
1
 11
949.0734241289035
 21
686.9963972784615
 31
0.0
100
AcDbText
 73
2
  0
TEXT
  5
360
330
17
100
AcDbEntity
  8
PLAT-TEXT-LOTNO
100
AcDbText
 10
1109.4950730585906
 20
687.0700190449645
 30
0.0
 40
10.173534871978628
  1
369
 50
4.025025176262375
  7
PLAT
 72
1
 11
1109.4950730585906
 21
687.0700190449645
 31
0.0
100
AcDbText
 73
2
  0
TEXT
  5
361
330
17
100
AcDbEntity
  8
PLAT-TEXT-LOWCONF
100
AcDbText
 10
1131.8035344568564
 20
686.6857386036224
 30
0.0
 40
10.219599191763287
  1
'.36
 50
6.647585718662526
  7
PLAT
 72
1
 11
1131.8035344568564
 21
686.6857386036224
 31
0.0
100
AcDbText
 73
2
  0
TEXT
  5
362
330
17
100
AcDbEntity
  8
PLAT-TEXT-LOWCONF
100
AcDbText
 10
1156.4219683560764
 20
686.9783609104586
 30
0.0
 40
9.399213709959955
  1
44
 50
357.06436898719755
  7
PLAT
 72
1
 11
1156.4219683560764
 21
686.9783609104586
 31
0.0
100
AcDbText
 73
2
  0
TEXT
  5
363
330
17
100
AcDbEntity
  8
PLAT-TEXT-LOWCONF
100
AcDbText
 10
1261.5104991890184
 20
687.000110245124
 30
0.0
 40
8.468144956690454
  1
8.8088
 50
0.6016034356103432
  7
PLAT
 72
1
 11
1261.5104991890184
 21
687.000110245124
 31
0.0
100
AcDbText
 73
2
  0
TEXT
  5
364
330
17
100
AcDbEntity
  8
PLAT-TEXT-LOTNO
100
AcDbText
 10
1298.3413507878956
 20
686.7746944307455
 30
0.0
 40
10.538444314367219
  1
43
 50
345.00849503586767
  7
PLAT
 72
1
 11
1298.3413507878956
 21
686.7746944307455
 31
0.0
100
AcDbText
 73
2
  0
TEXT
  5
365
330
17
100
AcDbEntity
  8
PLAT-TEXT-LOWCONF
100
AcDbText
 10
90.0
 20
638.0
 30
0.0
 40
6.3
  1
{e
 50
90.0
  7
PLAT
 72
1
 11
90.0
 21
638.0
 31
0.0
100
AcDbText
 73
2
  0
TEXT
  5
366
330
17
100
AcDbEntity
  8
PLAT-TEXT-LOWCONF
100
AcDbText
 10
439.0
 20
638.0
 30
0.0
 40
6.3
  1
{e
 50
90.0
  7
PLAT
 72
1
 11
439.0
 21
638.0
 31
0.0
100
AcDbText
 73
2
  0
TEXT
  5
367
330
17
100
AcDbEntity
  8
PLAT-TEXT-LOWCONF
100
AcDbText
 10
788.0
 20
638.0
 30
0.0
 40
6.3
  1
{e
 50
90.0
  7
PLAT
 72
1
 11
788.0
 21
638.0
 31
0.0
100
AcDbText
 73
2
  0
TEXT
  5
368
330
17
100
AcDbEntity
  8
PLAT-TEXT-LOWCONF
100
AcDbText
 10
1136.0
 20
638.0
 30
0.0
 40
6.3
  1
{e
 50
90.0
  7
PLAT
 72
1
 11
1136.0
 21
638.0
 31
0.0
100
AcDbText
 73
2
  0
TEXT
  5
369
330
17
100
AcDbEntity
  8
PLAT-TEXT-MISC
100
AcDbText
 10
123.49873049074301
 20
636.5000004604726
 30
0.0
 40
7.212730950675295
  1
Lot DXF
 50
359.9792178488974
  7
PLAT
 72
1
 11
123.49873049074301
 21
636.5000004604726
 31
0.0
100
AcDbText
 73
2
  0
TEXT
  5
36A
330
17
100
AcDbEntity
  8
PLAT-TEXT-MISC
100
AcDbText
 10
273.50897150108466
 20
636.411310104917
 30
0.0
 40
7.527504674462285
  1
Checksheet
 50
359.43596308187085
  7
PLAT
 72
1
 11
273.50897150108466
 21
636.411310104917
 31
0.0
100
AcDbText
 73
2
  0
TEXT
  5
36B
330
17
100
AcDbEntity
  8
PLAT-TEXT-MISC
100
AcDbText
 10
472.49873049074085
 20
636.5000004604726
 30
0.0
 40
7.212730950696657
  1
Lot OXF
 50
359.97921784886256
  7
PLAT
 72
1
 11
472.49873049074085
 21
636.5000004604726
 31
0.0
100
AcDbText
 73
2
  0
TEXT
  5
36C
330
17
100
AcDbEntity
  8
PLAT-TEXT-MISC
100
AcDbText
 10
622.5047383215875
 20
636.3908284560036
 30
0.0
 40
7.603229537885481
  1
Checksheet
 50
359.3053921115897
  7
PLAT
 72
1
 11
622.5047383215875
 21
636.3908284560036
 31
0.0
100
AcDbText
 73
2
  0
TEXT
  5
36D
330
17
100
AcDbEntity
  8
PLAT-TEXT-MISC
100
AcDbText
 10
830.4994559246037
 20
636.5000001973453
 30
0.0
 40
7.206202045500714
  1
DXF
 50
359.97921784887995
  7
PLAT
 72
1
 11
830.4994559246037
 21
636.5000001973453
 31
0.0
100
AcDbText
 73
2
  0
TEXT
  5
36E
330
17
100
AcDbEntity
  8
PLAT-TEXT-MISC
100
AcDbText
 10
971.5036124655857
 20
636.4178348206688
 30
0.0
 40
7.495435717198828
  1
Checksheet
 50
359.5046514445108
  7
PLAT
 72
1
 11
971.5036124655857
 21
636.4178348206688
 31
0.0
100
AcDbText
 73
2
  0
TEXT
  5
36F
330
17
100
AcDbEntity
  8
PLAT-TEXT-MISC
100
AcDbText
 10
1169.499459908644
 20
636.5000001944659
 30
0.0
 40
7.212637730169723
  1
Lot DXF
 50
359.97937002805287
  7
PLAT
 72
1
 11
1169.499459908644
 21
636.5000001944659
 31
0.0
100
AcDbText
 73
2
  0
TEXT
  5
370
330
17
100
AcDbEntity
  8
PLAT-TEXT-MISC
100
AcDbText
 10
1320.0080971528587
 20
636.4207850524765
 30
0.0
 40
7.500491020992099
  1
Checksheet
 50
359.49616826908834
  7
PLAT
 72
1
 11
1320.0080971528587
 21
636.4207850524765
 31
0.0
100
AcDbText
 73
2
  0
TEXT
  5
371
330
17
100
AcDbEntity
  8
PLAT-TEXT-LOWCONF
100
AcDbText
 10
90.0
 20
633.5
 30
0.0
 40
4.0
  1
4
  7
PLAT
 72
1
 11
90.0
 21
633.5
 31
0.0
100
AcDbText
 73
2
  0
TEXT
  5
372
330
17
100
AcDbEntity
  8
PLAT-TEXT-LOWCONF
100
AcDbText
 10
439.0
 20
633.5
 30
0.0
 40
4.0
  1
4
  7
PLAT
 72
1
 11
439.0
 21
633.5
 31
0.0
100
AcDbText
 73
2
  0
TEXT
  5
373
330
17
100
AcDbEntity
  8
PLAT-TEXT-LOWCONF
100
AcDbText
 10
788.0
 20
633.5
 30
0.0
 40
3.6
  1
ora)
  7
PLAT
 72
1
 11
788.0
 21
633.5
 31
0.0
100
AcDbText
 73
2
  0
TEXT
  5
374
330
17
100
AcDbEntity
  8
PLAT-TEXT-LOWCONF
100
AcDbText
 10
1136.0
 20
633.5
 30
0.0
 40
3.6
  1
ra)
  7
PLAT
 72
1
 11
1136.0
 21
633.5
 31
0.0
100
AcDbText
 73
2
  0
TEXT
  5
375
330
17
100
AcDbEntity
  8
PLAT-TEXT-LOTNO
100
AcDbText
 10
82.0
 20
549.5
 30
0.0
 40
14.4
  1
23
 50
4.08509489176646
  7
PLAT
 72
1
 11
82.0
 21
549.5
 31
0.0
100
AcDbText
 73
2
  0
TEXT
  5
376
330
17
100
AcDbEntity
  8
PLAT-TEXT-MISC
100
AcDbText
 10
313.9983367899333
 20
549.4712104399896
 30
0.0
 40
8.279572925481657
  1
PASS
 50
356.693623913549
  7
PLAT
 72
1
 11
313.9983367899333
 21
549.4712104399896
 31
0.0
100
AcDbText
 73
2
  0
TEXT
  5
377
330
17
100
AcDbEntity
  8
PLAT-TEXT-LOTNO
100
AcDbText
 10
53.486886332681706
 20
546.613761588631
 30
0.0
 40
9.900704368222382
  1
407
 50
6.575647281714737
  7
PLAT
 72
1
 11
53.486886332681706
 21
546.613761588631
 31
0.0
100
AcDbText
 73
2
  0
TEXT
  5
378
330
17
100
AcDbEntity
  8
PLAT-TEXT-LOWCONF
100
AcDbText
 10
46.0
 20
515.5
 30
0.0
 40
3.6
  1
S
  7
PLAT
 72
1
 11
46.0
 21
515.5
 31
0.0
100
AcDbText
 73
2
  0
TEXT
  5
379
330
17
100
AcDbEntity
  8
PLAT-TEXT-LOWCONF
100
AcDbText
 10
91.99921939092326
 20
513.4209793491336
 30
0.0
 40
7.484180850766087
  1
Salvadore
 50
359.4340194584308
  7
PLAT
 72
1
 11
91.99921939092326
 21
513.4209793491336
 31
0.0
100
AcDbText
 73
2
  0
TEXT
  5
37A
330
17
100
AcDbEntity
  8
PLAT-TEXT-MISC
100
AcDbText
 10
141.53108659429722
 20
513.1859748687834
 30
0.0
 40
7.24870444280152
  1
Avenue
 50
358.9436800740541
  7
PLAT
 72
1
 11
141.53108659429722
 21
513.1859748687834
 31
0.0
100
AcDbText
 73
2
  0
TEXT
  5
37B
330
17
100
AcDbEntity
  8
PLAT-TEXT-UNASSOC
100
AcDbText
 10
181.46137453255824
 20
513.1007907078042
 30
0.0
 40
8.996915469774569
  1
(75.00'
 50
358.4187395132103
  7
PLAT
 72
1
 11
181.46137453255824
 21
513.1007907078042
 31
0.0
100
AcDbText
 73
2
  0
TEXT
  5
37C
330
17
100
AcDbEntity
  8
PLAT-TEXT-MISC
100
AcDbText
 10
263.99943920479234
 20
512.5409486143813
 30
0.0
 40
9.034517355875419
  1
Frontage to Matchline)
 50
0.05939785444252266
  7
PLAT
 72
1
 11
263.99943920479234
 21
512.5409486143813
 31
0.0
100
AcDbText
 73
2
  0
TEXT
  5
37D
330
17
100
AcDbEntity
  8
PLAT-TEXT-MISC
100
AcDbText
 10
52.69484805760885
 20
511.8533805350753
 30
0.0
 40
6.693401284909662
  1
San
 50
9.644293500307924
  7
PLAT
 72
1
 11
52.69484805760885
 21
511.8533805350753
 31
0.0
100
AcDbText
 73
2
  0
TEXT
  5
37E
330
17
100
AcDbEntity
  8
PLAT-TEXT-MISC
100
AcDbText
 10
76.478966399093
 20
475.4408413549322
 30
0.0
 40
7.8956639488577665
  1
NET AREA
 50
358.86232513014545
  7
PLAT
 72
1
 11
76.478966399093
 21
475.4408413549322
 31
0.0
100
AcDbText
 73
2
  0
TEXT
  5
37F
330
17
100
AcDbEntity
  8
PLAT-TEXT-MISC
100
AcDbText
 10
216.53377656213274
 20
475.4996196663992
 30
0.0
 40
7.635345910876849
  1
ACREAGE
 50
359.3548606539291
  7
PLAT
 72
1
 11
216.53377656213274
 21
475.4996196663992
 31
0.0
100
AcDbText
 73
2
  0
TEXT
  5
380
330
17
100
AcDbEntity
  8
PLAT-TEXT-LOTNO
100
AcDbText
 10
56.5
 20
458.0
 30
0.0
 40
9.0
  1
7
  7
PLAT
 72
1
 11
56.5
 21
458.0
 31
0.0
100
AcDbText
 73
2
  0
TEXT
  5
381
330
17
100
AcDbEntity
  8
PLAT-TEXT-LOTNO
100
AcDbText
 10
78.0
 20
458.0
 30
0.0
 40
9.745411458352013
  1
499
 50
3.100062231869231
  7
PLAT
 72
1
 11
78.0
 21
458.0
 31
0.0
100
AcDbText
 73
2
  0
TEXT
  5
382
330
17
100
AcDbEntity
  8
PLAT-TEXT-AREA
100
AcDbText
 10
103.0328296554743
 20
458.3603527548821
 30
0.0
 40
9.350683606472543
  1
SF
 50
13.229431863705429
  7
PLAT
 72
1
 11
103.0328296554743
 21
458.3603527548821
 31
0.0
100
AcDbText
 73
2
  0
TEXT
  5
383
330
17
100
AcDbEntity
  8
PLAT-TEXT-LOTNO
100
AcDbText
 10
197.5
 20
458.0
 30
0.0
 40
9.0
  1
6
  7
PLAT
 72
1
 11
197.5
 21
458.0
 31
0.0
100
AcDbText
 73
2
  0
TEXT
  5
384
330
17
100
AcDbEntity
  8
PLAT-TEXT-UNASSOC
100
AcDbText
 10
219.98630077205826
 20
457.86985421710415
 30
0.0
 40
8.927884571874495
  1
',1722
 50
2.121239280384202
  7
PLAT
 72
1
 11
219.98630077205826
 21
457.86985421710415
 31
0.0
100
AcDbText
 73
2
  0
TEXT
  5
385
330
17
100
AcDbEntity
  8
PLAT-TEXT-AREA
100
AcDbText
 10
251.45247429592473
 20
457.9409933386655
 30
0.0
 40
9.022892297133152
  1
AC
 50
6.15100701803226
  7
PLAT
 72
1
 11
251.45247429592473
 21
457.9409933386655
 31
0.0
100
AcDbText
 73
2
  0
TEXT
  5
386
330
17
100
AcDbEntity
  8
PLAT-TEXT-MISC
100
AcDbText
 10
79.99999322604674
 20
432.4981596384132
 30
0.0
 40
7.368903662024945
  1
PERIMETER
 50
359.78910819187075
  7
PLAT
 72
1
 11
79.99999322604674
 21
432.4981596384132
 31
0.0
100
AcDbText
 73
2
  0
TEXT
  5
387
330
17
100
AcDbEntity
  8
PLAT-TEXT-MISC
100
AcDbText
 10
205.44846817313862
 20
432.3411737021238
 30
0.0
 40
7.801412347045438
  1
MISC
 50
8.589189220502533
  7
PLAT
 72
1
 11
205.44846817313862
 21
432.3411737021238
 31
0.0
100
AcDbText
 73
2
  0
TEXT
  5
388
330
17
100
AcDbEntity
  8
PLAT-TEXT-LOWCONF
100
AcDbText
 10
231.0
 20
432.5
 30
0.0
 40
7.843550663865254
  1
3801
 50
1.8723256595712883
  7
PLAT
 72
1
 11
231.0
 21
432.5
 31
0.0
100
AcDbText
 73
2
  0
TEXT
  5
389
330
17
100
AcDbEntity
  8
PLAT-TEXT-LOTNO
100
AcDbText
 10
63.49768836168664
 20
416.0480238965688
 30
0.0
 40
9.808099595667255
  1
349
 50
2.755814864413253
  7
PLAT
 72
1
 11
63.49768836168664
 21
416.0480238965688
 31
0.0
100
AcDbText
 73
2
  0
TEXT
  5
38A
330
17
100
AcDbEntity
  8
PLAT-TEXT-LOTNO
100
AcDbText
 10
88.93039419532886
 20
416.009885377463
 30
0.0
 40
10.32660735059072
  1
86
 50
351.91694000305114
  7
PLAT
 72
1
 11
88.93039419532886
 21
416.009885377463
 31
0.0
100
AcDbText
 73
2
  0
TEXT
  5
38B
330
17
100
AcDbEntity
  8
PLAT-TEXT-LOWCONF
100
AcDbText
 10
110.1956444372637
 20
415.97403263335855
 30
0.0
 40
9.983039128259009
  1
43
 50
352.43947345996116
  7
PLAT
 72
1
 11
110.1956444372637
 21
415.97403263335855
 31
0.0
100
AcDbText
 73
2
  0
TEXT
  5
38C
330
17
100
AcDbEntity
  8
PLAT-TEXT-LOWCONF
100
AcDbText
 10
215.5
 20
416.0
 30
0.0
 40
8.382439209121788
  1
6.6666
 50
0.4614281354801619
  7
PLAT
 72
1
 11
215.5
 21
416.0
 31
0.0
100
AcDbText
 73
2
  0
TEXT
  5
38D
330
17
100
AcDbEntity
  8
PLAT-TEXT-LOWCONF
100
AcDbText
 10
252.16739993337626
 20
415.8558690691307
 30
0.0
 40
9.919978378026707
  1
+3
 50
352.9616975200824
  7
PLAT
 72
1
 11
252.16739993337626
 21
415.8558690691307
 31
0.0
100
AcDbText
 73
2
  0
TEXT
  5
38E
330
17
100
AcDbEntity
  8
PLAT-TEXT-LOWCONF
100
AcDbText
 10
90.0
 20
366.0
 30
0.0
 40
6.3
  1
{e
 50
90.0
  7
PLAT
 72
1
 11
90.0
 21
366.0
 31
0.0
100
AcDbText
 73
2
  0
TEXT
  5
38F
330
17
100
AcDbEntity
  8
PLAT-TEXT-MISC
100
AcDbText
 10
123.49872549716804
 20
365.50000046410196
 30
0.0
 40
7.212781025841926
  1
Lot DXF
 50
359.97913610294125
  7
PLAT
 72
1
 11
123.49872549716804
 21
365.50000046410196
 31
0.0
100
AcDbText
 73
2
  0
TEXT
  5
390
330
17
100
AcDbEntity
  8
PLAT-TEXT-MISC
100
AcDbText
 10
273.50897150108466
 20
364.41131010491654
 30
0.0
 40
7.527504674462285
  1
Checksheet
 50
359.43596308187085
  7
PLAT
 72
1
 11
273.50897150108466
 21
364.41131010491654
 31
0.0
100
AcDbText
 73
2
  0
TEXT
  5
391
330
17
100
AcDbEntity
  8
PLAT-TEXT-MISC
100
AcDbText
 10
129.99635288131856
 20
278.85337450378984
 30
0.0
 40
10.44807880889643
  1
Full Cadastral Traverse
 50
359.6768418609785
  7
PLAT
 72
1
 11
129.99635288131856
 21
278.85337450378984
 31
0.0
100
AcDbText
 73
2
  0
TEXT
  5
392
330
17
100
AcDbEntity
  8
PLAT-TEXT-MISC
100
AcDbText
 10
275.98772039099055
 20
277.93083879723736
 30
0.0
 40
12.56822020019276
  1
& Closure Ledger
 50
359.3419712250834
  7
PLAT
 72
1
 11
275.98772039099055
 21
277.93083879723736
 31
0.0
100
AcDbText
 73
2
  0
TEXT
  5
393
330
17
100
AcDbEntity
  8
PLAT-TEXT-MISC
100
AcDbText
 10
1208.4949986755846
 20
279.3776114384418
 30
0.0
 40
8.480898840010399
  1
Florida
 50
357.65994933045323
  7
PLAT
 72
1
 11
1208.4949986755846
 21
279.3776114384418
 31
0.0
100
AcDbText
 73
2
  0
TEXT
  5
394
330
17
100
AcDbEntity
  8
PLAT-TEXT-LOWCONF
100
AcDbText
 10
1240.0
 20
279.5
 30
0.0
 40
7.2
  1
a
  7
PLAT
 72
1
 11
1240.0
 21
279.5
 31
0.0
100
AcDbText
 73
2
  0
TEXT
  5
395
330
17
100
AcDbEntity
  8
PLAT-TEXT-LOWCONF
100
AcDbText
 10
1251.1431367906307
 20
277.53209536567465
 30
0.0
 40
8.296001011109258
  1
“4
 50
39.86079073596977
  7
PLAT
 72
1
 11
1251.1431367906307
 21
277.53209536567465
 31
0.0
100
AcDbText
 73
2
  0
TEXT
  5
396
330
17
100
AcDbEntity
  8
PLAT-TEXT-LOWCONF
100
AcDbText
 10
1266.8127981420523
 20
278.03297671377413
 30
0.0
 40
6.929609727818477
  1
eo
 50
51.01817155353427
  7
PLAT
 72
1
 11
1266.8127981420523
 21
278.03297671377413
 31
0.0
100
AcDbText
 73
2
  0
TEXT
  5
397
330
17
100
AcDbEntity
  8
PLAT-TEXT-MISC
100
AcDbText
 10
1296.999083715689
 20
279.53025631725586
 30
0.0
 40
7.9054354534645555
  1
5J-17
 50
1.7346190146716367
  7
PLAT
 72
1
 11
1296.999083715689
 21
279.53025631725586
 31
0.0
100
AcDbText
 73
2
  0
TEXT
  5
398
330
17
100
AcDbEntity
  8
PLAT-TEXT-MISC
100
AcDbText
 10
1347.0057600086755
 20
279.4692414208389
 30
0.0
 40
7.718725130320721
  1
Standards
 50
359.29672105239484
  7
PLAT
 72
1
 11
1347.0057600086755
 21
279.4692414208389
 31
0.0
100
AcDbText
 73
2
  0
TEXT
  5
399
330
17
100
AcDbEntity
  8
PLAT-TEXT-LOTNO
100
AcDbText
 10
53.45887684192451
 20
231.74493595690137
 30
0.0
 40
10.552596438230161
  1
407
 50
9.530701831667784
  7
PLAT
 72
1
 11
53.45887684192451
 21
231.74493595690137
 31
0.0
100
AcDbText
 73
2
  0
TEXT
  5
39A
330
17
100
AcDbEntity
  8
PLAT-TEXT-LOWCONF
100
AcDbText
 10
72.91109162025487
 20
231.57532919251162
 30
0.0
 40
8.47058989088338
  1
2
 50
94.72647318231407
  7
PLAT
 72
1
 11
72.91109162025487
 21
231.57532919251162
 31
0.0
100
AcDbText
 73
2
  0
TEXT
  5
39B
330
17
100
AcDbEntity
  8
PLAT-TEXT-MISC
100
AcDbText
 10
178.5
 20
231.5
 30
0.0
 40
7.50965906738108
  1
FRONTAGE
 50
359.654018586411
  7
PLAT
 72
1
 11
178.5
 21
231.5
 31
0.0
100
AcDbText
 73
2
  0
TEXT
  5
39C
330
17
100
AcDbEntity
  8
PLAT-TEXT-MISC
100
AcDbText
 10
241.00015164795735
 20
231.4996969337776
 30
0.0
 40
7.214730962275812
  1
CORRIDOR
 50
0.017367048592802803
  7
PLAT
 72
1
 11
241.00015164795735
 21
231.4996969337776
 31
0.0
100
AcDbText
 73
2
  0
TEXT
  5
39D
330
17
100
AcDbEntity
  8
PLAT-TEXT-MISC
100
AcDbText
 10
534.9999994005702
 20
231.49945253813166
 30
0.0
 40
7.2581367088731605
  1
PERIMETER
 50
359.937265440846
  7
PLAT
 72
1
 11
534.9999994005702
 21
231.49945253813166
 31
0.0
100
AcDbText
 73
2
  0
TEXT
  5
39E
330
17
100
AcDbEntity
  8
PLAT-TEXT-MISC
100
AcDbText
 10
658.0
 20
231.5
 30
0.0
 40
7.409276722207695
  1
LINEAR MISCLOSE
 50
0.13596032271948388
  7
PLAT
 72
1
 11
658.0
 21
231.5
 31
0.0
100
AcDbText
 73
2
  0
TEXT
  5
39F
330
17
100
AcDbEntity
  8
PLAT-TEXT-MISC
100
AcDbText
 10
805.5000002242077
 20
231.49966518093834
 30
0.0
 40
7.262676729839693
  1
SURVEY PRECISION
 50
0.03836744970806194
  7
PLAT
 72
1
 11
805.5000002242077
 21
231.49966518093834
 31
0.0
100
AcDbText
 73
2
  0
TEXT
  5
3A0
330
17
100
AcDbEntity
  8
PLAT-TEXT-MISC
100
AcDbText
 10
951.5067342026682
 20
231.49996976640023
 30
0.0
 40
7.567627680365009
  1
COMPUTED AREA
 50
359.7427689493551
  7
PLAT
 72
1
 11
951.5067342026682
 21
231.49996976640023
 31
0.0
100
AcDbText
 73
2
  0
TEXT
  5
3A1
330
17
100
AcDbEntity
  8
PLAT-TEXT-AREA
100
AcDbText
 10
1061.495904560849
 20
231.49163565181334
 30
0.0
 40
7.432186839802562
  1
ACRES
 50
0.47727610934578024
  7
PLAT
 72
1
 11
1061.495904560849
 21
231.49163565181334
 31
0.0
100
AcDbText
 73
2
  0
TEXT
  5
3A2
330
17
100
AcDbEntity
  8
PLAT-TEXT-LOWCONF
100
AcDbText
 10
1147.0
 20
231.5
 30
0.0
 40
7.2
  1
F.
  7
PLAT
 72
1
 11
1147.0
 21
231.5
 31
0.0
100
AcDbText
 73
2
  0
TEXT
  5
3A3
330
17
100
AcDbEntity
  8
PLAT-TEXT-LOWCONF
100
AcDbText
 10
1162.4763552767342
 20
231.4456941588187
 30
0.0
 40
7.810983515463924
  1
AS
 50
3.036777599506763
  7
PLAT
 72
1
 11
1162.4763552767342
 21
231.4456941588187
 31
0.0
100
AcDbText
 73
2
  0
TEXT
  5
3A4
330
17
100
AcDbEntity
  8
PLAT-TEXT-MISC
100
AcDbText
 10
1201.5
 20
231.5
 30
0.0
 40
7.544274321510251
  1
STATUS
 50
359.4375163264783
  7
PLAT
 72
1
 11
1201.5
 21
231.5
 31
0.0
100
AcDbText
 73
2
  0
TEXT
  5
3A5
330
17
100
AcDbEntity
  8
PLAT-TEXT-MISC
100
AcDbText
 10
1310.9981091352392
 20
231.49812332976035
 30
0.0
 40
7.43392087114008
  1
DOWNLOADS
 50
359.7841341025671
  7
PLAT
 72
1
 11
1310.9981091352392
 21
231.49812332976035
 31
0.0
100
AcDbText
 73
2
  0
TEXT
  5
3A6
330
17
100
AcDbEntity
  8
PLAT-TEXT-MISC
100
AcDbText
 10
376.48876631496466
 20
182.99634845794753
 30
0.0
 40
10.986991169407702
  1
(NW Corner Return)
 50
359.5719548390322
  7
PLAT
 72
1
 11
376.48876631496466
 21
182.99634845794753
 31
0.0
100
AcDbText
 73
2
  0
TEXT
  5
3A7
330
17
100
AcDbEntity
  8
PLAT-TEXT-MISC
100
AcDbText
 10
799.000001162722
 20
183.0049998522809
 30
0.0
 40
11.690162789027369
  1
EXACT (0.000 ft)
 50
359.9866757932917
  7
PLAT
 72
1
 11
799.000001162722
 21
183.0049998522809
 31
0.0
100
AcDbText
 73
2
  0
TEXT
  5
3A8
330
17
100
AcDbEntity
  8
PLAT-TEXT-MISC
100
AcDbText
 10
74.99996060664364
 20
183.00768690332052
 30
0.0
 40
8.372025406133133
  1
BIk9-Lot27
 50
0.29362321934689817
  7
PLAT
 72
1
 11
74.99996060664364
 21
183.00768690332052
 31
0.0
100
AcDbText
 73
2
  0
TEXT
  5
3A9
330
17
100
AcDbEntity
  8
PLAT-TEXT-MISC
100
AcDbText
 10
163.88454182830583
 20
181.2964626730486
 30
0.0
 40
10.31551344011056
  1
Cape
 50
357.0006307905478
  7
PLAT
 72
1
 11
163.88454182830583
 21
181.2964626730486
 31
0.0
100
AcDbText
 73
2
  0
TEXT
  5
3AA
330
17
100
AcDbEntity
  8
PLAT-TEXT-MISC
100
AcDbText
 10
195.4988663625777
 20
182.89622972304824
 30
0.0
 40
8.158559127997307
  1
Horn
 50
359.37409768983065
  7
PLAT
 72
1
 11
195.4988663625777
 21
182.89622972304824
 31
0.0
100
AcDbText
 73
2
  0
TEXT
  5
3AB
330
17
100
AcDbEntity
  8
PLAT-TEXT-MISC
100
AcDbText
 10
265.0019882977478
 20
182.72513392153905
 30
0.0
 40
9.886744227830647
  1
Ave & Avenue RIN
 50
0.4144530421485797
  7
PLAT
 72
1
 11
265.0019882977478
 21
182.72513392153905
 31
0.0
100
AcDbText
 73
2
  0
TEXT
  5
3AC
330
17
100
AcDbEntity
  8
PLAT-TEXT-UNASSOC
100
AcDbText
 10
528.4808093814603
 20
182.99025024487491
 30
0.0
 40
8.353988602729302
  1
432.19 ft
 50
0.3677037917235566
  7
PLAT
 72
1
 11
528.4808093814603
 21
182.99025024487491
 31
0.0
100
AcDbText
 73
2
  0
TEXT
  5
3AD
330
17
100
AcDbEntity
  8
PLAT-TEXT-MISC
100
AcDbText
 10
637.4939252354529
 20
182.9937739013144
 30
0.0
 40
8.719465599555367
  1
0.00000 ft
 50
0.7048586618125796
  7
PLAT
 72
1
 11
637.4939252354529
 21
182.9937739013144
 31
0.0
100
AcDbText
 73
2
  0
TEXT
  5
3AE
330
17
100
AcDbEntity
  8
PLAT-TEXT-AREA
100
AcDbText
 10
928.9891074911429
 20
183.00737705099164
 30
0.0
 40
8.41505458610416
  1
11,793 SF
 50
359.5818879054598
  7
PLAT
 72
1
 11
928.9891074911429
 21
183.00737705099164
 31
0.0
100
AcDbText
 73
2
  0
TEXT
  5
3AF
330
17
100
AcDbEntity
  8
PLAT-TEXT-AREA
100
AcDbText
 10
1072.0017458809846
 20
183.00173377284727
 30
0.0
 40
8.265936903225294
  1
0.2707 AC
 50
359.8006289119094
  7
PLAT
 72
1
 11
1072.0017458809846
 21
183.00173377284727
 31
0.0
100
AcDbText
 73
2
  0
TEXT
  5
3B0
330
17
100
AcDbEntity
  8
PLAT-TEXT-LOWCONF
100
AcDbText
 10
1203.0
 20
182.5
 30
0.0
 40
9.384271471511337
  1
(83-17)
 50
0.7207330994532413
  7
PLAT
 72
1
 11
1203.0
 21
182.5
 31
0.0
100
AcDbText
 73
2
  0
TEXT
  5
3B1
330
17
100
AcDbEntity
  8
PLAT-TEXT-MISC
100
AcDbText
 10
1295.92543455877
 20
183.5037158751693
 30
0.0
 40
7.9984979189435785
  1
DXF
 50
357.1470968187683
  7
PLAT
 72
1
 11
1295.92543455877
 21
183.5037158751693
 31
0.0
100
AcDbText
 73
2
  0
TEXT
  5
3B2
330
17
100
AcDbEntity
  8
PLAT-TEXT-MISC
100
AcDbText
 10
1350.5055908467557
 20
183.21886435931174
 30
0.0
 40
7.2668939878811365
  1
Sheet
 50
358.5367088769563
  7
PLAT
 72
1
 11
1350.5055908467557
 21
183.21886435931174
 31
0.0
100
AcDbText
 73
2
  0
TEXT
  5
3B3
330
17
100
AcDbEntity
  8
PLAT-TEXT-MISC
100
AcDbText
 10
1163.9660865172832
 20
182.47016680495653
 30
0.0
 40
8.39441170365119
  1
PASS
 50
356.3376165906113
  7
PLAT
 72
1
 11
1163.9660865172832
 21
182.47016680495653
 31
0.0
100
AcDbText
 73
2
  0
TEXT
  5
3B4
330
17
100
AcDbEntity
  8
PLAT-TEXT-LOWCONF
100
AcDbText
 10
914.5
 20
178.5
 30
0.0
 40
3.6
  1
= a
 50
90.0
  7
PLAT
 72
1
 11
914.5
 21
178.5
 31
0.0
100
AcDbText
 73
2
  0
TEXT
  5
3B5
330
17
100
AcDbEntity
  8
PLAT-TEXT-MISC
100
AcDbText
 10
309.49556185677324
 20
128.7607995985186
 30
0.0
 40
11.915186881101823
  1
(108.25' Frontage)
 50
358.9370515246928
  7
PLAT
 72
1
 11
309.49556185677324
 21
128.7607995985186
 31
0.0
100
AcDbText
 73
2
  0
TEXT
  5
3B6
330
17
100
AcDbEntity
  8
PLAT-TEXT-MISC
100
AcDbText
 10
799.000001162722
 20
129.0049998522809
 30
0.0
 40
11.690162789027369
  1
EXACT (0.000 ft)
 50
359.9866757932917
  7
PLAT
 72
1
 11
799.000001162722
 21
129.0049998522809
 31
0.0
100
AcDbText
 73
2
  0
TEXT
  5
3B7
330
17
100
AcDbEntity
  8
PLAT-TEXT-MISC
100
AcDbText
 10
75.49854551297096
 20
128.99854973178162
 30
0.0
 40
8.17972802178046
  1
BIk9-Lot28
 50
359.9167847748747
  7
PLAT
 72
1
 11
75.49854551297096
 21
128.99854973178162
 31
0.0
100
AcDbText
 73
2
  0
TEXT
  5
3B8
330
17
100
AcDbEntity
  8
PLAT-TEXT-MISC
100
AcDbText
 10
163.88454182830583
 20
127.29646267304861
 30
0.0
 40
10.31551344011056
  1
Cape
 50
357.0006307905478
  7
PLAT
 72
1
 11
163.88454182830583
 21
127.29646267304861
 31
0.0
100
AcDbText
 73
2
  0
TEXT
  5
3B9
330
17
100
AcDbEntity
  8
PLAT-TEXT-MISC
100
AcDbText
 10
195.4988663625777
 20
128.89622972304824
 30
0.0
 40
8.158559127997307
  1
Horn
 50
359.37409768983065
  7
PLAT
 72
1
 11
195.4988663625777
 21
128.89622972304824
 31
0.0
100
AcDbText
 73
2
  0
TEXT
  5
3BA
330
17
100
AcDbEntity
  8
PLAT-TEXT-MISC
100
AcDbText
 10
234.02515253355568
 20
128.56071768420088
 30
0.0
 40
8.161983026014058
  1
Avenue
 50
358.6416140548651
  7
PLAT
 72
1
 11
234.02515253355568
 21
128.56071768420088
 31
0.0
100
AcDbText
 73
2
  0
TEXT
  5
3BB
330
17
100
AcDbEntity
  8
PLAT-TEXT-UNASSOC
100
AcDbText
 10
530.0000168605699
 20
128.99497102689475
 30
0.0
 40
8.241777373122945
  1
403.29 ft
 50
0.19209406227361114
  7
PLAT
 72
1
 11
530.0000168605699
 21
128.99497102689475
 31
0.0
100
AcDbText
 73
2
  0
TEXT
  5
3BC
330
17
100
AcDbEntity
  8
PLAT-TEXT-MISC
100
AcDbText
 10
637.4939252354529
 20
128.9937739013144
 30
0.0
 40
8.719465599555367
  1
0.00000 ft
 50
0.7048586618125796
  7
PLAT
 72
1
 11
637.4939252354529
 21
128.9937739013144
 31
0.0
100
AcDbText
 73
2
  0
TEXT
  5
3BD
330
17
100
AcDbEntity
  8
PLAT-TEXT-AREA
100
AcDbText
 10
928.0362421232879
 20
129.01511361445228
 30
0.0
 40
8.65048953268114
  1
9,633 SF
 50
0.8356009734305303
  7
PLAT
 72
1
 11
928.0362421232879
 21
129.01511361445228
 31
0.0
100
AcDbText
 73
2
  0
TEXT
  5
3BE
330
17
100
AcDbEntity
  8
PLAT-TEXT-AREA
100
AcDbText
 10
1070.5
 20
129.0
 30
0.0
 40
8.174464798030414
  1
0.2211 AC
 50
359.90324016012016
  7
PLAT
 72
1
 11
1070.5
 21
129.0
 31
0.0
100
AcDbText
 73
2
  0
TEXT
  5
3BF
330
17
100
AcDbEntity
  8
PLAT-TEXT-LOWCONF
100
AcDbText
 10
1203.0
 20
128.5
 30
0.0
 40
9.384271471511337
  1
(83-17)
 50
0.7207330994532413
  7
PLAT
 72
1
 11
1203.0
 21
128.5
 31
0.0
100
AcDbText
 73
2
  0
TEXT
  5
3C0
330
17
100
AcDbEntity
  8
PLAT-TEXT-MISC
100
AcDbText
 10
1295.9311295103912
 20
129.50316879038064
 30
0.0
 40
7.937930206924924
  1
DXF
 50
357.3656299103704
  7
PLAT
 72
1
 11
1295.9311295103912
 21
129.50316879038064
 31
0.0
100
AcDbText
 73
2
  0
TEXT
  5
3C1
330
17
100
AcDbEntity
  8
PLAT-TEXT-MISC
100
AcDbText
 10
1163.9660865172832
 20
128.47016680495653
 30
0.0
 40
8.39441170365119
  1
PASS
 50
356.3376165906113
  7
PLAT
 72
1
 11
1163.9660865172832
 21
128.47016680495653
 31
0.0
100
AcDbText
 73
2
  0
TEXT
  5
3C2
330
17
100
AcDbEntity
  8
PLAT-TEXT-MISC
100
AcDbText
 10
1350.5040692268476
 20
128.109441971078
 30
0.0
 40
7.262530380272567
  1
Sheet
 50
357.87063253549474
  7
PLAT
 72
1
 11
1350.5040692268476
 21
128.109441971078
 31
0.0
100
AcDbText
 73
2
  0
TEXT
  5
3C3
330
17
100
AcDbEntity
  8
PLAT-TEXT-LOWCONF
100
AcDbText
 10
911.5
 20
124.5
 30
0.0
 40
3.6
  1
x
 50
90.0
  7
PLAT
 72
1
 11
911.5
 21
124.5
 31
0.0
100
AcDbText
 73
2
  0
TEXT
  5
3C4
330
17
100
AcDbEntity
  8
PLAT-TEXT-UNASSOC
100
AcDbText
 10
273.45147214769514
 20
75.04421769527971
 30
0.0
 40
10.851249356103065
  1
(6.91'
 50
2.660788127080025
  7
PLAT
 72
1
 11
273.45147214769514
 21
75.04421769527971
 31
0.0
100
AcDbText
 73
2
  0
TEXT
  5
3C5
330
17
100
AcDbEntity
  8
PLAT-TEXT-MISC
100
AcDbText
 10
388.9868772859061
 20
73.05371380788938
 30
0.0
 40
11.815712717444969
  1
Tangent)
 50
359.69264883076477
  7
PLAT
 72
1
 11
388.9868772859061
 21
73.05371380788938
 31
0.0
100
AcDbText
 73
2
  0
TEXT
  5
3C6
330
17
100
AcDbEntity
  8
PLAT-TEXT-MISC
100
AcDbText
 10
799.000001162722
 20
74.00499985228089
 30
0.0
 40
11.690162789027369
  1
EXACT (0.000 ft)
 50
359.9866757932917
  7
PLAT
 72
1
 11
799.000001162722
 21
74.00499985228089
 31
0.0
100
AcDbText
 73
2
  0
TEXT
  5
3C7
330
17
100
AcDbEntity
  8
PLAT-TEXT-MISC
100
AcDbText
 10
75.49956238306925
 20
74.00029156027676
 30
0.0
 40
8.116013360056085
  1
BIk9-Lot29
 50
0.016712486510698454
  7
PLAT
 72
1
 11
75.49956238306925
 21
74.00029156027676
 31
0.0
100
AcDbText
 73
2
  0
TEXT
  5
3C8
330
17
100
AcDbEntity
  8
PLAT-TEXT-MISC
100
AcDbText
 10
163.88454182830583
 20
72.29646267304861
 30
0.0
 40
10.31551344011056
  1
Cape
 50
357.0006307905478
  7
PLAT
 72
1
 11
163.88454182830583
 21
72.29646267304861
 31
0.0
100
AcDbText
 73
2
  0
TEXT
  5
3C9
330
17
100
AcDbEntity
  8
PLAT-TEXT-MISC
100
AcDbText
 10
195.4988663625777
 20
73.89622972304824
 30
0.0
 40
8.158559127997307
  1
Horn
 50
359.37409768983065
  7
PLAT
 72
1
 11
195.4988663625777
 21
73.89622972304824
 31
0.0
100
AcDbText
 73
2
  0
TEXT
  5
3CA
330
17
100
AcDbEntity
  8
PLAT-TEXT-MISC
100
AcDbText
 10
234.02515253355568
 20
73.56071768420088
 30
0.0
 40
8.161983026014058
  1
Avenue
 50
358.6416140548651
  7
PLAT
 72
1
 11
234.02515253355568
 21
73.56071768420088
 31
0.0
100
AcDbText
 73
2
  0
TEXT
  5
3CB
330
17
100
AcDbEntity
  8
PLAT-TEXT-MISC
100
AcDbText
 10
301.6546678207476
 20
73.42520598337978
 30
0.0
 40
8.293093423712916
  1
Arc
 50
355.4068180324033
  7
PLAT
 72
1
 11
301.6546678207476
 21
73.42520598337978
 31
0.0
100
AcDbText
 73
2
  0
TEXT
  5
3CC
330
17
100
AcDbEntity
  8
PLAT-TEXT-LOWCONF
100
AcDbText
 10
343.0166722342242
 20
74.10667710913685
 30
0.0
 40
9.04641835449286
  1
8257
 50
2.427209750390034
  7
PLAT
 72
1
 11
343.0166722342242
 21
74.10667710913685
 31
0.0
100
AcDbText
 73
2
  0
TEXT
  5
3CD
330
17
100
AcDbEntity
  8
PLAT-TEXT-UNASSOC
100
AcDbText
 10
529.4966876010274
 20
73.99664311976358
 30
0.0
 40
8.387959135528662
  1
369.68 ft
 50
0.3821328829786239
  7
PLAT
 72
1
 11
529.4966876010274
 21
73.99664311976358
 31
0.0
100
AcDbText
 73
2
  0
TEXT
  5
3CE
330
17
100
AcDbEntity
  8
PLAT-TEXT-MISC
100
AcDbText
 10
637.4939252354529
 20
73.9937739013144
 30
0.0
 40
8.719465599555367
  1
0.00000 ft
 50
0.7048586618125796
  7
PLAT
 72
1
 11
637.4939252354529
 21
73.9937739013144
 31
0.0
100
AcDbText
 73
2
  0
TEXT
  5
3CF
330
17
100
AcDbEntity
  8
PLAT-TEXT-AREA
100
AcDbText
 10
928.0083041721979
 20
74.02644959756844
 30
0.0
 40
8.777431469823592
  1
8,287 SF
 50
1.0046348926187534
  7
PLAT
 72
1
 11
928.0083041721979
 21
74.02644959756844
 31
0.0
100
AcDbText
 73
2
  0
TEXT
  5
3D0
330
17
100
AcDbEntity
  8
PLAT-TEXT-AREA
100
AcDbText
 10
1071.5
 20
74.0
 30
0.0
 40
8.415665441956618
  1
0.1902 AC
 50
359.60574713252925
  7
PLAT
 72
1
 11
1071.5
 21
74.0
 31
0.0
100
AcDbText
 73
2
  0
TEXT
  5
3D1
330
17
100
AcDbEntity
  8
PLAT-TEXT-MISC
100
AcDbText
 10
1163.9660865172832
 20
73.47016680495653
 30
0.0
 40
8.39441170365119
  1
PASS
 50
356.3376165906113
  7
PLAT
 72
1
 11
1163.9660865172832
 21
73.47016680495653
 31
0.0
100
AcDbText
 73
2
  0
TEXT
  5
3D2
330
17
100
AcDbEntity
  8
PLAT-TEXT-LOWCONF
100
AcDbText
 10
1203.0
 20
73.5
 30
0.0
 40
9.384271471511337
  1
(83-17)
 50
0.7207330994532413
  7
PLAT
 72
1
 11
1203.0
 21
73.5
 31
0.0
100
AcDbText
 73
2
  0
TEXT
  5
3D3
330
17
100
AcDbEntity
  8
PLAT-TEXT-MISC
100
AcDbText
 10
1295.9311295104044
 20
74.50316879037973
 30
0.0
 40
7.937930206783099
  1
DXF
 50
357.36562991088164
  7
PLAT
 72
1
 11
1295.9311295104044
 21
74.50316879037973
 31
0.0
100
AcDbText
 73
2
  0
TEXT
  5
3D4
330
17
100
AcDbEntity
  8
PLAT-TEXT-MISC
100
AcDbText
 10
1350.5055908467557
 20
73.21886435931174
 30
0.0
 40
7.2668939878811365
  1
Sheet
 50
358.5367088769563
  7
PLAT
 72
1
 11
1350.5055908467557
 21
73.21886435931174
 31
0.0
100
AcDbText
 73
2
  0
TEXT
  5
3D5
330
17
100
AcDbEntity
  8
PLAT-TEXT-MISC
100
AcDbText
 10
306.4959547080907
 20
18.803672934504903
 30
0.0
 40
11.938733819143929
  1
(75.00' Frontage)
 50
358.81959545515326
  7
PLAT
 72
1
 11
306.4959547080907
 21
18.803672934504903
 31
0.0
100
AcDbText
 73
2
  0
TEXT
  5
3D6
330
17
100
AcDbEntity
  8
PLAT-TEXT-MISC
100
AcDbText
 10
799.000001162722
 20
19.00499985228089
 30
0.0
 40
11.690162789027369
  1
EXACT (0.000 ft)
 50
359.9866757932917
  7
PLAT
 72
1
 11
799.000001162722
 21
19.00499985228089
 31
0.0
100
AcDbText
 73
2
  0
TEXT
  5
3D7
330
17
100
AcDbEntity
  8
PLAT-TEXT-MISC
100
AcDbText
 10
75.49879570334167
 20
18.99879859704106
 30
0.0
 40
8.166031293604805
  1
BIk9-Lot30
 50
359.9310817161016
  7
PLAT
 72
1
 11
75.49879570334167
 21
18.99879859704106
 31
0.0
100
AcDbText
 73
2
  0
TEXT
  5
3D8
330
17
100
AcDbEntity
  8
PLAT-TEXT-MISC
100
AcDbText
 10
163.88454182830583
 20
17.29646267304861
 30
0.0
 40
10.31551344011056
  1
Cape
 50
357.0006307905478
  7
PLAT
 72
1
 11
163.88454182830583
 21
17.29646267304861
 31
0.0
100
AcDbText
 73
2
  0
TEXT
  5
3D9
330
17
100
AcDbEntity
  8
PLAT-TEXT-MISC
100
AcDbText
 10
195.4988663625777
 20
18.896229723048236
 30
0.0
 40
8.158559127997307
  1
Horn
 50
359.37409768983065
  7
PLAT
 72
1
 11
195.4988663625777
 21
18.896229723048236
 31
0.0
100
AcDbText
 73
2
  0
TEXT
  5
3DA
330
17
100
AcDbEntity
  8
PLAT-TEXT-MISC
100
AcDbText
 10
234.02515253355568
 20
18.56071768420088
 30
0.0
 40
8.161983026014058
  1
Avenue
 50
358.6416140548651
  7
PLAT
 72
1
 11
234.02515253355568
 21
18.56071768420088
 31
0.0
100
AcDbText
 73
2
  0
TEXT
  5
3DB
330
17
100
AcDbEntity
  8
PLAT-TEXT-LOWCONF
100
AcDbText
 10
520.9543601621627
 20
18.9928703584269
 30
0.0
 40
8.463911639651164
  1
350 ft
 50
0.7486167564537141
  7
PLAT
 72
1
 11
520.9543601621627
 21
18.9928703584269
 31
0.0
100
AcDbText
 73
2
  0
TEXT
  5
3DC
330
17
100
AcDbEntity
  8
PLAT-TEXT-MISC
100
AcDbText
 10
637.4939252354529
 20
18.9937739013144
 30
0.0
 40
8.719465599555367
  1
0.00000 ft
 50
0.7048586618125796
  7
PLAT
 72
1
 11
637.4939252354529
 21
18.9937739013144
 31
0.0
100
AcDbText
 73
2
  0
TEXT
  5
3DD
330
17
100
AcDbEntity
  8
PLAT-TEXT-AREA
100
AcDbText
 10
927.4858662069399
 20
19.001817490977828
 30
0.0
 40
8.246305354379373
  1
7,500 SF
 50
359.7974571406455
  7
PLAT
 72
1
 11
927.4858662069399
 21
19.001817490977828
 31
0.0
100
AcDbText
 73
2
  0
TEXT
  5
3DE
330
17
100
AcDbEntity
  8
PLAT-TEXT-AREA
100
AcDbText
 10
1071.0
 20
19.0
 30
0.0
 40
8.453749457692124
  1
0.1722 AC
 50
359.5493039364213
  7
PLAT
 72
1
 11
1071.0
 21
19.0
 31
0.0
100
AcDbText
 73
2
  0
TEXT
  5
3DF
330
17
100
AcDbEntity
  8
PLAT-TEXT-LOWCONF
100
AcDbText
 10
1203.0
 20
18.5
 30
0.0
 40
9.384271471511337
  1
(83-17)
 50
0.7207330994532413
  7
PLAT
 72
1
 11
1203.0
 21
18.5
 31
0.0
100
AcDbText
 73
2
  0
TEXT
  5
3E0
330
17
100
AcDbEntity
  8
PLAT-TEXT-MISC
100
AcDbText
 10
1295.9311295103878
 20
19.503168790381096
 30
0.0
 40
7.93793020695934
  1
DXF
 50
357.3656299102463
  7
PLAT
 72
1
 11
1295.9311295103878
 21
19.503168790381096
 31
0.0
100
AcDbText
 73
2
  0
TEXT
  5
3E1
330
17
100
AcDbEntity
  8
PLAT-TEXT-MISC
100
AcDbText
 10
1163.9660865172832
 20
18.470166804956534
 30
0.0
 40
8.39441170365119
  1
PASS
 50
356.3376165906113
  7
PLAT
 72
1
 11
1163.9660865172832
 21
18.470166804956534
 31
0.0
100
AcDbText
 73
2
  0
TEXT
  5
3E2
330
17
100
AcDbEntity
  8
PLAT-TEXT-MISC
100
AcDbText
 10
1350.5055908467557
 20
18.218864359311738
 30
0.0
 40
7.2668939878811365
  1
Sheet
 50
358.5367088769563
  7
PLAT
 72
1
 11
1350.5055908467557
 21
18.218864359311738
 31
0.0
100
AcDbText
 73
2
  0
TEXT
  5
3E3
330
17
100
AcDbEntity
  8
PLAT-TEXT-LOWCONF
100
AcDbText
 10
1430.271283926011
 20
10.718415602165805
 30
0.0
 40
14.4
  1
4|
 50
356.94224821685725
  7
PLAT
 72
1
 11
1430.271283926011
 21
10.718415602165805
 31
0.0
100
AcDbText
 73
2
  0
TEXT
  5
3E4
330
17
100
AcDbEntity
  8
PLAT-TEXT-LOWCONF
100
AcDbText
 10
909.5
 20
14.5
 30
0.0
 40
3.6
  1
rf
  7
PLAT
 72
1
 11
909.5
 21
14.5
 31
0.0
100
AcDbText
 73
2
  0
ENDSEC
  0
SECTION
  2
OBJECTS
  0
DICTIONARY
  5
A
330
0
100
AcDbDictionary
281
1
  3
ACAD_COLOR
350
B
  3
ACAD_GROUP
350
C
  3
ACAD_LAYOUT
350
D
  3
ACAD_MATERIAL
350
E
  3
ACAD_MLEADERSTYLE
350
F
  3
ACAD_MLINESTYLE
350
10
  3
ACAD_PLOTSETTINGS
350
11
  3
ACAD_PLOTSTYLENAME
350
12
  3
ACAD_SCALELIST
350
14
  3
ACAD_TABLESTYLE
350
15
  3
ACAD_VISUALSTYLE
350
16
  3
EZDXF_META
350
2D
  0
DICTIONARY
  5
B
330
A
100
AcDbDictionary
281
1
  0
DICTIONARY
  5
C
330
A
100
AcDbDictionary
281
1
  0
DICTIONARY
  5
D
330
A
100
AcDbDictionary
281
1
  3
Model
350
1A
  3
Layout1
350
1E
  0
DICTIONARY
  5
E
330
A
100
AcDbDictionary
281
1
  3
ByBlock
350
1F
  3
ByLayer
350
20
  3
Global
350
21
  0
DICTIONARY
  5
F
330
A
100
AcDbDictionary
281
1
  3
Standard
350
2C
  0
DICTIONARY
  5
10
330
A
100
AcDbDictionary
281
1
  3
Standard
350
22
  0
DICTIONARY
  5
11
330
A
100
AcDbDictionary
281
1
  0
ACDBDICTIONARYWDFLT
  5
12
330
A
100
AcDbDictionary
281
1
  3
Normal
350
13
100
AcDbDictionaryWithDefault
340
13
  0
ACDBPLACEHOLDER
  5
13
330
12
  0
DICTIONARY
  5
14
330
A
100
AcDbDictionary
281
1
  0
DICTIONARY
  5
15
330
A
100
AcDbDictionary
281
1
  0
DICTIONARY
  5
16
330
A
100
AcDbDictionary
281
1
  3
2dWireframe
350
5A
  3
Basic
350
5B
  3
Brighten
350
5C
  3
ColorChange
350
5D
  3
Conceptual
350
5E
  3
Dim
350
5F
  3
EdgeColorOff
350
60
  3
Facepattern
350
61
  3
Flat
350
62
  3
FlatWithEdges
350
63
  3
Gouraud
350
64
  3
GouraudWithEdges
350
65
  3
Hidden
350
66
  3
JitterOff
350
67
  3
Linepattern
350
68
  3
Modeling
350
69
  3
OverhangOff
350
6A
  3
Realistic
350
6B
  3
Shaded
350
6C
  3
Shaded with edges
350
6D
  3
Shades of Gray
350
6E
  3
Sketchy
350
6F
  3
Thicken
350
70
  3
Wireframe
350
71
  3
X-Ray
350
72
  0
LAYOUT
  5
1A
330
D
100
AcDbPlotSettings
  1

  4
A3
  6

 40
7.5
 41
20.0
 42
7.5
 43
20.0
 44
420.0
 45
297.0
 46
0.0
 47
0.0
 48
0.0
 49
0.0
140
0.0
141
0.0
142
1.0
143
1.0
 70
1024
 72
1
 73
0
 74
5
  7

 75
16
 76
0
 77
2
 78
300
147
1.0
148
0.0
149
0.0
100
AcDbLayout
  1
Model
 70
1
 71
0
 10
0.0
 20
0.0
 11
420.0
 21
297.0
 12
0.0
 22
0.0
 32
0.0
 14
1e+20
 24
1e+20
 34
1e+20
 15
-1e+20
 25
-1e+20
 35
-1e+20
146
0.0
 13
0.0
 23
0.0
 33
0.0
 16
1.0
 26
0.0
 36
0.0
 17
0.0
 27
1.0
 37
0.0
 76
1
330
17
  0
LAYOUT
  5
1E
330
D
100
AcDbPlotSettings
  1

  4
A3
  6

 40
7.5
 41
20.0
 42
7.5
 43
20.0
 44
420.0
 45
297.0
 46
0.0
 47
0.0
 48
0.0
 49
0.0
140
0.0
141
0.0
142
1.0
143
1.0
 70
0
 72
1
 73
0
 74
5
  7

 75
16
 76
0
 77
2
 78
300
147
1.0
148
0.0
149
0.0
100
AcDbLayout
  1
Layout1
 70
1
 71
1
 10
0.0
 20
0.0
 11
420.0
 21
297.0
 12
0.0
 22
0.0
 32
0.0
 14
1e+20
 24
1e+20
 34
1e+20
 15
-1e+20
 25
-1e+20
 35
-1e+20
146
0.0
 13
0.0
 23
0.0
 33
0.0
 16
1.0
 26
0.0
 36
0.0
 17
0.0
 27
1.0
 37
0.0
 76
1
330
1B
  0
MATERIAL
  5
1F
102
{ACAD_REACTORS
330
E
102
}
330
E
100
AcDbMaterial
  1
ByBlock
  2

 70
0
 40
1.0
 71
1
 41
1.0
 91
-1023410177
 42
1.0
 72
1
  3

 73
1
 74
1
 75
1
 44
0.5
 73
0
 45
1.0
 46
1.0
 77
1
  4

 78
1
 79
1
170
1
 48
1.0
171
1
  6

172
1
173
1
174
1
140
1.0
141
1.0
175
1
  7

176
1
177
1
178
1
143
1.0
179
1
  8

270
1
271
1
272
1
145
1.0
146
1.0
273
1
  9

274
1
275
1
276
1
 42
1.0
 72
1
  3

 73
1
 74
1
 75
1
 94
63
  0
MATERIAL
  5
20
102
{ACAD_REACTORS
330
E
102
}
330
E
100
AcDbMaterial
  1
ByLayer
  2

 70
0
 40
1.0
 71
1
 41
1.0
 91
-1023410177
 42
1.0
 72
1
  3

 73
1
 74
1
 75
1
 44
0.5
 73
0
 45
1.0
 46
1.0
 77
1
  4

 78
1
 79
1
170
1
 48
1.0
171
1
  6

172
1
173
1
174
1
140
1.0
141
1.0
175
1
  7

176
1
177
1
178
1
143
1.0
179
1
  8

270
1
271
1
272
1
145
1.0
146
1.0
273
1
  9

274
1
275
1
276
1
 42
1.0
 72
1
  3

 73
1
 74
1
 75
1
 94
63
  0
MATERIAL
  5
21
102
{ACAD_REACTORS
330
E
102
}
330
E
100
AcDbMaterial
  1
Global
  2

 70
0
 40
1.0
 71
1
 41
1.0
 91
-1023410177
 42
1.0
 72
1
  3

 73
1
 74
1
 75
1
 44
0.5
 73
0
 45
1.0
 46
1.0
 77
1
  4

 78
1
 79
1
170
1
 48
1.0
171
1
  6

172
1
173
1
174
1
140
1.0
141
1.0
175
1
  7

176
1
177
1
178
1
143
1.0
179
1
  8

270
1
271
1
272
1
145
1.0
146
1.0
273
1
  9

274
1
275
1
276
1
 42
1.0
 72
1
  3

 73
1
 74
1
 75
1
 94
63
  0
MLINESTYLE
  5
22
102
{ACAD_REACTORS
330
10
102
}
330
10
100
AcDbMlineStyle
  2
Standard
 70
0
  3

 62
256
 51
90.0
 52
90.0
 71
2
 49
0.5
 62
256
  6
BYLAYER
 49
-0.5
 62
256
  6
BYLAYER
  0
MLEADERSTYLE
  5
2C
102
{ACAD_REACTORS
330
F
102
}
330
F
100
AcDbMLeaderStyle
179
2
170
2
171
1
172
0
 90
2
 40
0.0
 41
0.0
173
1
 91
-1056964608
 92
-2
290
1
 42
2.0
291
1
 43
8.0
  3
Standard
 44
4.0
300

342
29
174
1
175
1
176
0
178
1
 93
-1056964608
 45
4.0
292
0
297
0
 46
4.0
 94
-1056964608
 47
1.0
 49
1.0
140
1.0
294
1
141
0.0
177
0
142
1.0
295
0
296
0
143
3.75
271
0
272
9
273
9
  0
DICTIONARY
  5
2D
330
A
100
AcDbDictionary
280
1
281
1
  3
CREATED_BY_EZDXF
350
2E
  3
WRITTEN_BY_EZDXF
350
3E7
  0
DICTIONARYVAR
  5
2E
330
2D
100
DictionaryVariables
280
0
  1
1.4.4 @ 2026-09-24T07:01:10.510469+00:00
  0
VISUALSTYLE
  5
5A
102
{ACAD_REACTORS
330
16
102
}
330
16
100
AcDbVisualStyle
  2
2dWireframe
 70
4
 90
0
 40
0.6
 62
7
290
0
291
0
  0
VISUALSTYLE
  5
5B
102
{ACAD_REACTORS
330
16
102
}
330
16
100
AcDbVisualStyle
  2
Basic
 70
7
 90
1
 40
0.6
 62
7
290
0
291
1
  0
VISUALSTYLE
  5
5C
102
{ACAD_REACTORS
330
16
102
}
330
16
100
AcDbVisualStyle
  2
Brighten
 70
12
 90
2
 40
0.6
 62
7
290
0
291
1
  0
VISUALSTYLE
  5
5D
102
{ACAD_REACTORS
330
16
102
}
330
16
100
AcDbVisualStyle
  2
ColorChange
 70
16
 90
2
 40
0.6
 62
8
290
0
291
1
  0
VISUALSTYLE
  5
5E
102
{ACAD_REACTORS
330
16
102
}
330
16
100
AcDbVisualStyle
  2
Conceptual
 70
9
 90
3
 40
0.6
 62
7
290
0
291
0
  0
VISUALSTYLE
  5
5F
102
{ACAD_REACTORS
330
16
102
}
330
16
100
AcDbVisualStyle
  2
Dim
 70
11
 90
2
 40
0.6
 62
7
290
0
291
1
  0
VISUALSTYLE
  5
60
102
{ACAD_REACTORS
330
16
102
}
330
16
100
AcDbVisualStyle
  2
EdgeColorOff
 70
22
 90
2
 40
0.6
 62
7
290
0
291
1
  0
VISUALSTYLE
  5
61
102
{ACAD_REACTORS
330
16
102
}
330
16
100
AcDbVisualStyle
  2
Facepattern
 70
15
 90
2
 40
0.6
 62
7
290
0
291
1
  0
VISUALSTYLE
  5
62
102
{ACAD_REACTORS
330
16
102
}
330
16
100
AcDbVisualStyle
  2
Flat
 70
0
 90
2
 40
0.6
 62
7
290
0
291
1
  0
VISUALSTYLE
  5
63
102
{ACAD_REACTORS
330
16
102
}
330
16
100
AcDbVisualStyle
  2
FlatWithEdges
 70
1
 90
2
 40
0.6
 62
7
290
0
291
1
  0
VISUALSTYLE
  5
64
102
{ACAD_REACTORS
330
16
102
}
330
16
100
AcDbVisualStyle
  2
Gouraud
 70
2
 90
2
 40
0.6
 62
7
290
0
291
1
  0
VISUALSTYLE
  5
65
102
{ACAD_REACTORS
330
16
102
}
330
16
100
AcDbVisualStyle
  2
GouraudWithEdges
 70
3
 90
2
 40
0.6
 62
7
290
0
291
1
  0
VISUALSTYLE
  5
66
102
{ACAD_REACTORS
330
16
102
}
330
16
100
AcDbVisualStyle
  2
Hidden
 70
6
 90
1
 40
0.6
 62
7
290
0
291
0
  0
VISUALSTYLE
  5
67
102
{ACAD_REACTORS
330
16
102
}
330
16
100
AcDbVisualStyle
  2
JitterOff
 70
20
 90
2
 40
0.6
 62
7
290
0
291
1
  0
VISUALSTYLE
  5
68
102
{ACAD_REACTORS
330
16
102
}
330
16
100
AcDbVisualStyle
  2
Linepattern
 70
14
 90
2
 40
0.6
 62
7
290
0
291
1
  0
VISUALSTYLE
  5
69
102
{ACAD_REACTORS
330
16
102
}
330
16
100
AcDbVisualStyle
  2
Modeling
 70
10
 90
2
 40
0.6
 62
7
290
0
291
0
  0
VISUALSTYLE
  5
6A
102
{ACAD_REACTORS
330
16
102
}
330
16
100
AcDbVisualStyle
  2
OverhangOff
 70
21
 90
2
 40
0.6
 62
7
290
0
291
1
  0
VISUALSTYLE
  5
6B
102
{ACAD_REACTORS
330
16
102
}
330
16
100
AcDbVisualStyle
  2
Realistic
 70
8
 90
2
 40
0.6
 62
7
290
0
291
0
  0
VISUALSTYLE
  5
6C
102
{ACAD_REACTORS
330
16
102
}
330
16
100
AcDbVisualStyle
  2
Shaded
 70
27
 90
2
 40
0.6
 62
7
290
0
291
0
  0
VISUALSTYLE
  5
6D
102
{ACAD_REACTORS
330
16
102
}
330
16
100
AcDbVisualStyle
  2
Shaded with edges
 70
26
 90
2
 40
0.6
 62
7
290
0
291
0
  0
VISUALSTYLE
  5
6E
102
{ACAD_REACTORS
330
16
102
}
330
16
100
AcDbVisualStyle
  2
Shades of Gray
 70
23
 90
2
 40
0.6
 62
7
290
0
291
0
  0
VISUALSTYLE
  5
6F
102
{ACAD_REACTORS
330
16
102
}
330
16
100
AcDbVisualStyle
  2
Sketchy
 70
24
 90
1
 40
0.6
 62
7
290
0
291
0
  0
VISUALSTYLE
  5
70
102
{ACAD_REACTORS
330
16
102
}
330
16
100
AcDbVisualStyle
  2
Thicken
 70
13
 90
2
 40
0.6
 62
7
290
0
291
1
  0
VISUALSTYLE
  5
71
102
{ACAD_REACTORS
330
16
102
}
330
16
100
AcDbVisualStyle
  2
Wireframe
 70
5
 90
0
 40
0.6
 62
7
290
0
291
0
  0
VISUALSTYLE
  5
72
102
{ACAD_REACTORS
330
16
102
}
330
16
100
AcDbVisualStyle
  2
X-Ray
 70
25
 90
2
 40
0.5
 62
7
290
0
291
0
  0
DICTIONARYVAR
  5
3E7
330
2D
100
DictionaryVariables
280
0
  1
1.4.4 @ 2026-09-24T07:01:10.547218+00:00
  0
ENDSEC
  0
EOF
